seqnames	start	end	width	strand
chr2	108769250	108769365	116	*
chr2	144404666	144405042	377	*
chr2	162034954	162035428	475	*
chr2	173197888	173198967	1080	*
chr2	205553182	205553406	225	*
chr2	224768838	224768971	134	*
chr2	225698313	225698544	232	*
chr2	236162744	236163194	451	*
chr3	11582149	11582365	217	*
chr3	42217216	42217347	132	*
chr4	17878057	17878253	197	*
chr5	72899796	72900570	775	*
chr6	9933001	9933572	572	*
chr7	27110476	27110976	501	*
chr7	70134166	70134603	438	*
chr7	102169997	102170555	559	*
chr7	115941873	115942493	621	*
chr8	84705833	84706067	235	*
chr1	111167076	111167285	210	*
chr9	17394915	17395587	673	*
chr9	35352188	35352312	125	*
chr10	21929033	21929517	485	*
chr10	49388883	49389417	535	*
chr10	49500140	49500963	824	*
chr10	95949956	95950110	155	*
chr10	95968720	95968911	192	*
chr10	102352319	102352566	248	*
chr11	16097418	16097927	510	*
chr11	46076636	46076882	247	*
chr1	171589302	171589612	311	*
chr11	84720260	84720477	218	*
chr11	113807947	113808070	124	*
chr12	3200920	3201266	347	*
chr12	23895777	23896356	580	*
chr12	31432018	31432168	151	*
chr12	85244401	85244949	549	*
chr12	102480259	102480816	558	*
chr13	51110887	51110998	112	*
chr13	99015422	99015667	246	*
chr14	24048680	24048816	137	*
chr14	35688186	35689175	990	*
chr1	204537325	204537589	265	*
chr14	67021692	67021973	282	*
chr14	76197548	76197991	444	*
chr15	67747738	67748755	1018	*
chr16	53692119	53692806	688	*
chr17	40295604	40295808	205	*
chr1	219958858	219959022	165	*
chr1	9715846	9715996	151	*
chr1	26863228	26863628	401	*
chr2	12740323	12740796	474	*
chr1	26863651	26863948	298	*
chr2	14634337	14634694	358	*
chr2	15275480	15275820	341	*
chr1	26884152	26884293	142	*
chr2	15374606	15374723	118	*
chr2	15379599	15379710	112	*
chr2	15402163	15402304	142	*
chr2	15417521	15417714	194	*
chr2	15461684	15461793	110	*
chr2	15597361	15597475	115	*
chr2	15606147	15606267	121	*
chr1	26913405	26913523	119	*
chr1	26913573	26913737	165	*
chr1	26942871	26943067	197	*
chr1	26945565	26945691	127	*
chr2	16565643	16565769	127	*
chr2	17510837	17510961	125	*
chr2	17670420	17670577	158	*
chr1	27006084	27006209	126	*
chr2	17700205	17700381	177	*
chr2	17714943	17715067	125	*
chr2	17738214	17738331	118	*
chr2	17764894	17765075	182	*
chr2	17931114	17931970	857	*
chr2	17932137	17932490	354	*
chr2	18555192	18555810	619	*
chr2	18563827	18564122	296	*
chr2	18582857	18583011	155	*
chr2	18584086	18584258	173	*
chr1	27109521	27109645	125	*
chr1	27113824	27114304	481	*
chr2	19353139	19353360	222	*
chr1	27283335	27283454	120	*
chr1	27294511	27294634	124	*
chr2	19914032	19914279	248	*
chr2	19933397	19933514	118	*
chr2	19936214	19936372	159	*
chr1	27297921	27298114	194	*
chr2	19975524	19975672	149	*
chr2	20000437	20000540	104	*
chr2	20034315	20034419	105	*
chr1	27301262	27301466	205	*
chr2	20254860	20254991	132	*
chr1	27303618	27303797	180	*
chr2	20258217	20258384	168	*
chr2	20260333	20260468	136	*
chr2	20263184	20263487	304	*
chr2	20297548	20297692	145	*
chr2	20308312	20308587	276	*
chr2	20312225	20312440	216	*
chr2	20318531	20318650	120	*
chr2	20447462	20448057	596	*
chr2	21006162	21006344	183	*
chr2	21007308	21007816	509	*
chr2	21010623	21010723	101	*
chr2	21027865	21028051	187	*
chr2	21033296	21033408	113	*
chr2	21035578	21035703	126	*
chr2	21040933	21041085	153	*
chr1	27360239	27360370	132	*
chr2	21042359	21042484	126	*
chr2	21137497	21138086	590	*
chr2	21138333	21138537	205	*
chr1	9719919	9720019	101	*
chr2	21142907	21143110	204	*
chr2	23642333	23642856	524	*
chr2	23691649	23691881	233	*
chr2	23693266	23693530	265	*
chr1	27393921	27394058	138	*
chr2	23696330	23696516	187	*
chr2	23703183	23703384	202	*
chr2	23706479	23706664	186	*
chr2	23762207	23762384	178	*
chr2	23765503	23765636	134	*
chr2	23782864	23783036	173	*
chr2	23798133	23798337	205	*
chr2	23810310	23810507	198	*
chr2	23864804	23864928	125	*
chr2	23869661	23869766	106	*
chr2	24068315	24068462	148	*
chr2	24209812	24210035	224	*
chr2	24217901	24218016	116	*
chr2	24252342	24252515	174	*
chr1	27415981	27416112	132	*
chr2	24261100	24261256	157	*
chr2	24261555	24261745	191	*
chr2	24275710	24275861	152	*
chr2	24298660	24298817	158	*
chr2	24301962	24302104	143	*
chr2	24665746	24665917	172	*
chr1	27418919	27419100	182	*
chr2	24705083	24705236	154	*
chr1	27428720	27428986	267	*
chr2	24820721	24820850	130	*
chr2	24821515	24821642	128	*
chr2	24839868	24840032	165	*
chr2	24841255	24841389	135	*
chr2	25121671	25121799	129	*
chr1	27547255	27547505	251	*
chr2	25129989	25130115	127	*
chr2	25137338	25137504	167	*
chr2	25234280	25234422	143	*
chr1	27547531	27548845	1315	*
chr2	25235705	25235830	126	*
chr2	25240299	25240461	163	*
chr2	25241556	25241709	154	*
chr2	25246157	25246312	156	*
chr2	25247587	25247752	166	*
chr2	25274935	25275089	155	*
chr2	25282613	25282714	102	*
chr2	25388197	25388363	167	*
chr2	25531466	25531600	135	*
chr2	25596081	25596265	185	*
chr2	25607228	25607332	105	*
chr2	25742918	25743062	145	*
chr2	25753530	25753641	112	*
chr2	25759480	25759647	168	*
chr2	25799381	25799538	158	*
chr2	25806223	25806340	118	*
chr2	25929300	25929479	180	*
chr2	25951807	25951907	101	*
chr2	25954262	25954388	127	*
chr2	25955536	25955663	128	*
chr2	25980368	25980558	191	*
chr2	25980673	25981067	395	*
chr2	25981151	25981761	611	*
chr2	26034609	26034739	131	*
chr2	26109756	26109911	156	*
chr1	27550008	27550376	369	*
chr2	26127847	26127956	110	*
chr2	26204060	26204199	140	*
chr2	26209774	26209894	121	*
chr2	26230187	26230309	123	*
chr2	26232155	26232281	127	*
chr2	26279992	26280119	128	*
chr2	26375034	26375182	149	*
chr2	26384956	26385144	189	*
chr2	26421285	26421404	120	*
chr2	26440373	26440520	148	*
chr2	26444713	26444886	174	*
chr2	26458053	26458226	174	*
chr2	26460642	26460750	109	*
chr2	26461694	26461939	246	*
chr2	26464867	26465032	166	*
chr2	26465670	26465843	174	*
chr2	26480201	26480314	114	*
chr2	26727665	26728192	528	*
chr2	26778039	26778419	381	*
chr2	26924885	26925049	165	*
chr2	26941947	26942094	148	*
chr2	26944654	26944828	175	*
chr2	27023329	27023483	155	*
chr2	27024074	27024301	228	*
chr2	27037075	27037183	109	*
chr1	27615687	27615847	161	*
chr2	27053890	27054023	134	*
chr2	27054628	27054813	186	*
chr2	27055069	27055258	190	*
chr2	27055680	27055790	111	*
chr2	27057293	27057441	149	*
chr2	27058394	27058525	132	*
chr1	27616852	27616961	110	*
chr2	27133115	27133224	110	*
chr2	27205388	27205511	124	*
chr1	9721442	9721590	149	*
chr2	27207256	27207447	192	*
chr2	27222514	27222653	140	*
chr2	27223560	27223753	194	*
chr2	27226541	27226651	111	*
chr2	27257903	27258073	171	*
chr2	27384673	27384813	141	*
chr2	27384997	27385107	111	*
chr2	27385741	27385881	141	*
chr2	27433669	27433800	132	*
chr2	27435131	27435243	113	*
chr2	27439764	27439903	140	*
chr2	27445294	27445452	159	*
chr2	27447510	27447636	127	*
chr2	27447807	27447926	120	*
chr1	27801673	27801821	149	*
chr2	27448913	27449034	122	*
chr2	27453382	27453516	135	*
chr2	27453979	27454165	187	*
chr2	27457837	27457978	142	*
chr2	27461266	27461397	132	*
chr2	27462697	27462796	100	*
chr2	27485014	27485133	120	*
chr2	27485357	27485506	150	*
chr2	27600687	27600820	134	*
chr2	27603137	27603313	177	*
chr2	27607915	27608042	128	*
chr2	27638882	27639033	152	*
chr2	27657340	27657676	337	*
chr2	27665107	27665300	194	*
chr2	27675529	27675697	169	*
chr2	27677756	27677930	175	*
chr2	27779401	27779512	112	*
chr2	28129266	28129377	112	*
chr2	28237200	28237305	106	*
chr2	28244758	28244878	121	*
chr2	28338448	28338606	159	*
chr2	28408757	28408871	115	*
chr1	27838695	27838858	164	*
chr2	28776844	28776988	145	*
chr2	28778807	28779048	242	*
chr2	28793857	28794002	146	*
chr1	27840993	27841238	246	*
chr2	28815982	28816260	279	*
chr2	28819014	28819114	101	*
chr2	28822296	28822422	127	*
chr2	28829146	28829324	179	*
chr2	28914066	28914214	149	*
chr2	28917891	28917998	108	*
chr1	9721972	9722158	187	*
chr1	27843184	27843335	152	*
chr2	28924984	28925151	168	*
chr2	29024232	29024379	148	*
chr2	29145223	29145370	148	*
chr2	29163828	29163959	132	*
chr2	29196767	29196866	100	*
chr1	27907179	27907288	110	*
chr2	29197536	29197679	144	*
chr2	29207166	29207275	110	*
chr2	29227571	29227674	104	*
chr2	29383729	29383861	133	*
chr2	29532000	29532126	127	*
chr1	27955953	27956084	132	*
chr2	30156622	30156800	179	*
chr2	30158617	30158844	228	*
chr2	30234398	30234511	114	*
chr2	30533113	30533326	214	*
chr2	30562143	30562292	150	*
chr2	30568053	30568180	128	*
chr1	27978370	27978482	113	*
chr1	27988532	27988661	130	*
chr2	31234622	31234852	231	*
chr2	31244272	31244455	184	*
chr2	31266174	31266352	179	*
chr2	31266429	31266704	276	*
chr2	31342177	31342299	123	*
chr1	28010944	28011088	145	*
chr2	31365971	31366111	141	*
chr2	31368539	31368663	125	*
chr2	31386409	31386562	154	*
chr2	31398571	31398701	131	*
chr2	31403034	31403165	132	*
chr1	9723123	9723297	175	*
chr1	28013107	28013297	191	*
chr2	31891985	31892148	164	*
chr2	31920788	31920913	126	*
chr2	32024174	32024273	100	*
chr2	32029591	32029738	148	*
chr2	32087475	32087580	106	*
chr2	32089509	32089610	102	*
chr2	32114635	32114828	194	*
chr2	32115697	32115841	145	*
chr2	32116097	32116217	121	*
chr2	32220207	32220713	507	*
chr1	28150111	28150210	100	*
chr2	32429143	32429298	156	*
chr2	32430863	32431092	230	*
chr2	32433633	32433809	177	*
chr2	32435440	32435597	158	*
chr2	32463181	32463467	287	*
chr1	28150617	28150996	380	*
chr2	32464490	32464827	338	*
chr2	32467892	32468113	222	*
chr2	32468435	32468792	358	*
chr2	32469357	32469617	261	*
chr2	32471012	32471155	144	*
chr1	28201247	28201374	128	*
chr2	32485638	32485765	128	*
chr2	32490023	32490157	135	*
chr2	32499545	32500118	574	*
chr2	32501704	32501893	190	*
chr2	32503039	32503238	200	*
chr2	32507978	32508262	285	*
chr2	32509732	32509998	267	*
chr2	32510524	32510636	113	*
chr2	32512930	32513160	231	*
chr2	32518815	32518952	138	*
chr2	32524886	32525022	137	*
chr2	32543236	32543550	315	*
chr2	32545641	32545865	225	*
chr2	32547848	32548017	170	*
chr1	28237849	28237977	129	*
chr2	32599737	32599904	168	*
chr2	32607453	32607645	193	*
chr2	32633873	32634008	136	*
chr2	32672261	32672390	130	*
chr2	32702805	32702922	118	*
chr2	32733826	32733926	101	*
chr2	32786980	32787151	172	*
chr1	28272282	28272468	187	*
chr2	33134726	33134966	241	*
chr1	9723976	9724095	120	*
chr2	33257207	33257516	310	*
chr2	33274958	33275094	137	*
chr2	33280031	33280164	134	*
chr2	33300444	33300579	136	*
chr2	33309428	33309559	132	*
chr2	33365328	33365508	181	*
chr1	28274823	28275017	195	*
chr2	33515086	33515209	124	*
chr2	33516534	33516653	120	*
chr2	33521945	33522109	165	*
chr2	33524429	33524551	123	*
chr2	33527135	33527418	284	*
chr2	33543505	33543633	129	*
chr2	33549595	33549760	166	*
chr2	33588329	33588554	226	*
chr2	36464465	36464665	201	*
chr2	36499217	36499354	138	*
chr2	36513547	36513768	222	*
chr2	36517324	36517546	223	*
chr2	36522065	36522331	267	*
chr2	36537439	36537547	109	*
chr2	36743086	36743261	176	*
chr2	36801297	36801410	114	*
chr2	36808470	36808990	521	*
chr1	9724274	9724423	150	*
chr2	36849163	36849628	466	*
chr2	36861126	36861255	130	*
chr2	36869549	36869746	198	*
chr1	28553639	28553740	102	*
chr2	36899518	36899660	143	*
chr2	36925102	36925209	108	*
chr2	36981491	36981800	310	*
chr2	36990643	36990802	160	*
chr2	37000582	37000825	244	*
chr2	37002303	37002578	276	*
chr2	37003537	37003687	151	*
chr1	28560630	28560736	107	*
chr2	37007047	37007306	260	*
chr2	37008606	37008850	245	*
chr2	37020650	37020846	197	*
chr2	37028672	37028876	205	*
chr2	37049646	37049844	199	*
chr2	37057314	37057488	175	*
chr1	28567289	28567419	131	*
chr2	37061937	37062053	117	*
chr2	37070251	37070401	151	*
chr2	37211860	37211984	125	*
chr2	37227539	37228493	955	*
chr2	37241559	37241666	108	*
chr2	37247454	37247631	178	*
chr2	37253181	37253352	172	*
chr2	37256658	37256936	279	*
chr2	37260221	37260386	166	*
chr2	37274416	37274731	316	*
chr2	37279744	37279948	205	*
chr2	37286175	37286361	187	*
chr2	37289353	37289515	163	*
chr2	37293128	37293296	169	*
chr2	37372680	37372827	148	*
chr2	37646133	37646587	455	*
chr1	28621911	28622176	266	*
chr2	38070742	38071313	572	*
chr2	38295857	38296153	297	*
chr2	38296310	38296622	313	*
chr2	38298142	38298482	341	*
chr1	28742387	28743989	1603	*
chr2	38318883	38319022	140	*
chr2	38569126	38569336	211	*
chr2	38573206	38573434	229	*
chr2	38582067	38582197	131	*
chr2	38681277	38681491	215	*
chr2	38729553	38729667	115	*
chr2	38731733	38731912	180	*
chr2	38806557	38806696	140	*
chr2	38815518	38815657	140	*
chr1	9724801	9724938	138	*
chr2	38822987	38823272	286	*
chr2	38826514	38826695	182	*
chr2	38828335	38828438	104	*
chr2	38837827	38837962	136	*
chr2	38855049	38855255	207	*
chr2	38861103	38861357	255	*
chr2	38881424	38881583	160	*
chr2	38929703	38929835	133	*
chr1	28987762	28987909	148	*
chr2	38937424	38937564	141	*
chr2	38956895	38957052	158	*
chr2	38965994	38966149	156	*
chr2	39006405	39006513	109	*
chr2	39007028	39007195	168	*
chr2	39010578	39010716	139	*
chr2	39012123	39012347	225	*
chr2	39024043	39024142	100	*
chr2	39051137	39051286	150	*
chr1	29018222	29018446	225	*
chr2	39058670	39058821	152	*
chr2	39225837	39225971	135	*
chr2	39260595	39260779	185	*
chr2	39265202	39265309	108	*
chr2	39704068	39704201	134	*
chr2	39716992	39717254	263	*
chr1	29035815	29035925	111	*
chr2	40115253	40115632	380	*
chr2	40177624	40177909	286	*
chr2	40178265	40178548	284	*
chr2	42053236	42053366	131	*
chr2	42054034	42054309	276	*
chr2	42057218	42057398	181	*
chr2	42245502	42245691	190	*
chr1	9726906	9727046	141	*
chr2	42303303	42303448	146	*
chr2	42329732	42329883	152	*
chr2	42351219	42351360	142	*
chr2	42443932	42444596	665	*
chr2	42656197	42656306	110	*
chr1	29064966	29065164	199	*
chr2	42707899	42708057	159	*
chr2	43556435	43556557	123	*
chr2	43560230	43560387	158	*
chr2	43692512	43692669	158	*
chr2	43699784	43700039	256	*
chr2	43731488	43731606	119	*
chr2	43740943	43741048	106	*
chr2	43742739	43742920	182	*
chr2	43753617	43753764	148	*
chr1	29097782	29097940	159	*
chr2	43758896	43759034	139	*
chr2	43827977	43828118	142	*
chr2	43851581	43851822	242	*
chr2	43852597	43852873	277	*
chr2	43875315	43875416	102	*
chr2	43899216	43899354	139	*
chr2	43918253	43918401	149	*
chr2	43943680	43944507	828	*
chr1	29159372	29159520	149	*
chr2	43975088	43975219	132	*
chr2	43979823	43979950	128	*
chr2	44201180	44202051	872	*
chr2	44217966	44218084	119	*
chr2	44230373	44230591	219	*
chr2	44275724	44275967	244	*
chr2	44280714	44280898	185	*
chr2	44299966	44300096	131	*
chr2	44301000	44301128	129	*
chr2	44326708	44326933	226	*
chr1	29160366	29160523	158	*
chr2	44338348	44338538	191	*
chr2	44339147	44339368	222	*
chr2	44343795	44343934	140	*
chr2	44372698	44372909	212	*
chr1	29194022	29194153	132	*
chr1	29206757	29206907	151	*
chr1	29258503	29258777	275	*
chr2	45008539	45009013	475	*
chr2	45418359	45418543	185	*
chr2	45419783	45419901	119	*
chr2	45546727	45546844	118	*
chr2	45551120	45551284	165	*
chr2	45553620	45553733	114	*
chr2	45574622	45574729	108	*
chr2	45976426	45976591	166	*
chr2	45984560	45984685	126	*
chr1	29279454	29279662	209	*
chr2	46010339	46010520	182	*
chr2	46151038	46151235	198	*
chr2	46184731	46184881	151	*
chr2	46360883	46361097	215	*
chr2	46369824	46369939	116	*
chr2	46384506	46384661	156	*
chr1	29282674	29282954	281	*
chr2	46512503	46512713	211	*
chr2	46576549	46576658	110	*
chr2	46580925	46581084	160	*
chr2	46581428	46581602	175	*
chr2	46759607	46760141	535	*
chr2	47021855	47021983	129	*
chr2	47029221	47029389	169	*
chr2	47073736	47073923	188	*
chr2	47162283	47162395	113	*
chr2	47162516	47162665	150	*
chr2	47373897	47374053	157	*
chr2	47408399	47408557	159	*
chr2	47410089	47410377	289	*
chr2	47414264	47414420	157	*
chr2	47463029	47463159	131	*
chr2	47470954	47471066	113	*
chr2	47476366	47476574	209	*
chr2	47478348	47478520	173	*
chr2	47480694	47480876	183	*
chr2	47521026	47521149	124	*
chr2	47521230	47521811	582	*
chr2	47790924	47791128	205	*
chr2	47799811	47799916	106	*
chr2	47800172	47801084	913	*
chr2	47806450	47806652	203	*
chr2	47806910	47808272	1363	*
chr2	47808323	47808429	107	*
chr2	47809594	47809709	116	*
chr2	47810314	47810436	123	*
chr2	47818953	47819057	105	*
chr2	47823140	47823361	222	*
chr2	47832959	47833079	121	*
chr2	47834574	47834713	140	*
chr2	47834771	47834877	107	*
chr2	48346171	48346756	586	*
chr2	48454593	48454746	154	*
chr2	48459751	48459923	173	*
chr2	48465486	48465647	162	*
chr2	48486629	48486762	134	*
chr2	48511338	48511470	133	*
chr2	48581433	48581835	403	*
chr2	48581857	48582280	424	*
chr2	48582315	48582570	256	*
chr2	48679333	48679442	110	*
chr2	48687841	48688770	930	*
chr2	48962815	48963832	1018	*
chr2	49921909	49922253	345	*
chr2	50053372	50053783	412	*
chr2	50091318	50091497	180	*
chr2	50236780	50236982	203	*
chr2	50472285	50472502	218	*
chr2	50497327	50497717	391	*
chr1	9731201	9731388	188	*
chr2	50531215	50531433	219	*
chr2	50538248	50538638	391	*
chr2	50552583	50553044	462	*
chr2	50620013	50620252	240	*
chr2	50623276	50623617	342	*
chr1	30715152	30715312	161	*
chr1	30715904	30716327	424	*
chr2	53714378	53714587	210	*
chr2	53716560	53716745	186	*
chr2	53729415	53729576	162	*
chr2	53774134	53774525	392	*
chr2	53801395	53801623	229	*
chr2	53812946	53813076	131	*
chr2	53854110	53854641	532	*
chr2	53866080	53866226	147	*
chr2	53866744	53866889	146	*
chr2	53874335	53874497	163	*
chr2	53875624	53875757	134	*
chr2	53885687	53885786	100	*
chr2	53890099	53890210	112	*
chr2	53893668	53893809	142	*
chr2	53895577	53895708	132	*
chr1	30873192	30873380	189	*
chr2	53906594	53906698	105	*
chr2	53923316	53923421	106	*
chr2	53931830	53932103	274	*
chr2	53932662	53932766	105	*
chr2	53937385	53937542	158	*
chr2	53948415	53948540	126	*
chr2	53949137	53949296	160	*
chr2	54138636	54138754	119	*
chr2	54813224	54813398	175	*
chr2	54816785	54816889	105	*
chr2	54829340	54829481	142	*
chr2	54853637	54853859	223	*
chr2	54879526	54879647	122	*
chr2	54892452	54892659	208	*
chr1	30936640	30936841	202	*
chr2	54895270	54895404	135	*
chr2	54952592	54952697	106	*
chr1	30942003	30942125	123	*
chr2	54953981	54954159	179	*
chr2	54957787	54958004	218	*
chr2	54960217	54960339	123	*
chr2	54962520	54962716	197	*
chr2	54963984	54964161	178	*
chr2	54964563	54964735	173	*
chr2	54968665	54968770	106	*
chr1	30945342	30945526	185	*
chr2	54987483	54987728	246	*
chr2	55025081	55025193	113	*
chr2	55025901	55026035	135	*
chr2	55027325	55027592	268	*
chr2	55028140	55028259	120	*
chr2	55175787	55175951	165	*
chr2	55180504	55180721	218	*
chr2	55181565	55181732	168	*
chr2	55217806	55218000	195	*
chr2	55244025	55244235	211	*
chr2	55246332	55246463	132	*
chr2	55295568	55295780	213	*
chr1	30953712	30953984	273	*
chr2	55296252	55296536	285	*
chr1	30964669	30964919	251	*
chr2	55317561	55317848	288	*
chr2	55336680	55336839	160	*
chr2	55344365	55344517	153	*
chr2	55346172	55346335	164	*
chr1	30965977	30966289	313	*
chr2	55418810	55418926	117	*
chr2	55519801	55519920	120	*
chr2	55523719	55523832	114	*
chr1	30967162	30967315	154	*
chr2	55564899	55565071	173	*
chr2	55568188	55568374	187	*
chr2	55579676	55579787	112	*
chr2	55581559	55581701	143	*
chr2	55585044	55585169	126	*
chr2	55588873	55588977	105	*
chr2	55598410	55599045	636	*
chr1	30980053	30980217	165	*
chr2	55867074	55867242	169	*
chr2	55870713	55870920	208	*
chr2	55877741	55877867	127	*
chr2	55917660	55917770	111	*
chr2	56192470	56193329	860	*
chr1	31005842	31006041	200	*
chr1	31183812	31184016	205	*
chr2	58123009	58123268	260	*
chr2	58161517	58161646	130	*
chr2	58165722	58165890	169	*
chr1	31289248	31289423	176	*
chr1	31291908	31292009	102	*
chr1	31293214	31293350	137	*
chr1	31337173	31337281	109	*
chr1	31346629	31346742	114	*
chr1	31433085	31433187	103	*
chr1	31434058	31434199	142	*
chr1	31585751	31585881	131	*
chr1	31620841	31621090	250	*
chr1	31621474	31621596	123	*
chr1	9734946	9735177	232	*
chr1	31623635	31623753	119	*
chr1	31624995	31625123	129	*
chr1	31630613	31630846	234	*
chr1	31658483	31658583	101	*
chr1	31696976	31697091	116	*
chr2	60452562	60452727	166	*
chr2	60460388	60462461	2074	*
chr1	31699819	31699941	123	*
chr1	31728180	31728281	102	*
chr2	60760113	60760303	191	*
chr2	60768775	60768896	122	*
chr2	60779635	60779780	146	*
chr2	60781883	60782008	126	*
chr2	60786945	60787067	123	*
chr2	60791756	60791885	130	*
chr2	60894391	60894550	160	*
chr1	31732969	31733146	178	*
chr2	60916875	60917023	149	*
chr2	60918189	60918298	110	*
chr2	60918392	60918611	220	*
chr2	60948035	60948187	153	*
chr2	60952994	60953118	125	*
chr2	60960384	60960520	137	*
chr2	61006552	61006652	101	*
chr2	61045733	61045854	122	*
chr2	61048644	61048771	128	*
chr2	61071604	61071795	192	*
chr2	61073442	61073569	128	*
chr2	61083152	61083317	166	*
chr2	61092459	61092592	134	*
chr2	61188902	61189076	175	*
chr2	61190266	61190420	155	*
chr2	61192879	61192996	118	*
chr2	61203128	61203277	150	*
chr2	61204251	61204383	133	*
chr2	61206011	61206136	126	*
chr2	61211770	61211935	166	*
chr2	61214054	61214709	656	*
chr2	61220304	61220473	170	*
chr1	9735882	9736044	163	*
chr2	61223054	61223173	120	*
chr2	61227063	61227219	157	*
chr2	61257198	61257351	154	*
chr2	61288673	61288890	218	*
chr2	61295164	61295291	128	*
chr2	61311533	61311693	161	*
chr1	31739924	31740027	104	*
chr2	61314583	61314751	169	*
chr2	61317651	61317769	119	*
chr2	61319170	61319339	170	*
chr2	61339338	61339486	149	*
chr1	31740345	31740544	200	*
chr2	61347867	61348482	616	*
chr2	61348753	61348896	144	*
chr2	61380164	61380370	207	*
chr2	61394837	61395004	168	*
chr2	61482955	61483093	139	*
chr2	61488586	61488772	187	*
chr2	61492030	61492174	145	*
chr2	61492319	61492490	172	*
chr2	61493890	61494093	204	*
chr2	61495452	61495615	164	*
chr2	61496876	61497008	133	*
chr2	61498671	61498794	124	*
chr2	61499707	61499905	199	*
chr2	61526413	61526532	120	*
chr2	61838530	61838708	179	*
chr2	61872079	61872321	243	*
chr2	61872455	61872596	142	*
chr2	61873193	61873299	107	*
chr2	61877388	61877520	133	*
chr2	61880286	61880397	112	*
chr2	62000699	62000987	289	*
chr2	62222576	62223212	637	*
chr2	62826078	62826269	192	*
chr2	62831007	62831163	157	*
chr2	62859158	62859294	137	*
chr2	62942513	62942902	390	*
chr2	62948253	62948744	492	*
chr1	31918965	31919090	126	*
chr2	62993789	62994681	893	*
chr2	63045063	63045186	124	*
chr2	63404144	63404668	525	*
chr2	63492852	63492977	126	*
chr2	63595420	63595521	102	*
chr2	63605279	63605398	120	*
chr2	63606834	63606990	157	*
chr2	63883958	63884096	139	*
chr2	63885579	63885890	312	*
chr2	63886330	63886543	214	*
chr2	63890079	63890185	107	*
chr2	63899469	63899587	119	*
chr2	63912335	63912441	107	*
chr2	63912536	63912664	129	*
chr2	63914179	63914303	125	*
chr2	63921203	63921345	143	*
chr2	63933666	63934026	361	*
chr2	63942463	63942563	101	*
chr2	63947366	63947499	134	*
chr2	63949034	63949169	136	*
chr2	63962055	63962454	400	*
chr2	63981643	63981910	268	*
chr2	63983860	63984014	155	*
chr2	64094579	64095270	692	*
chr2	64096121	64096315	195	*
chr2	64096395	64096612	218	*
chr2	64104698	64104832	135	*
chr2	64108235	64108385	151	*
chr2	64456281	64456471	191	*
chr2	64458273	64458448	176	*
chr1	9741092	9741258	167	*
chr2	65010595	65010769	175	*
chr2	65018069	65018271	203	*
chr2	65018543	65018686	144	*
chr2	65077866	65077969	104	*
chr2	65090976	65091079	104	*
chr2	65097965	65098070	106	*
chr2	65239850	65239978	129	*
chr2	65246522	65246747	226	*
chr2	65265041	65265181	141	*
chr2	65313501	65314171	671	*
chr2	65334599	65334779	181	*
chr1	32162359	32162530	172	*
chr2	66439832	66439987	156	*
chr1	32169880	32170066	187	*
chr1	32170705	32170915	211	*
chr1	32194063	32194165	103	*
chr1	32194900	32195028	129	*
chr1	32209115	32209283	169	*
chr1	32226169	32226326	158	*
chr1	32228495	32228616	122	*
chr2	67403481	67403582	102	*
chr1	32275318	32275425	108	*
chr1	32275566	32275674	109	*
chr2	68137296	68137440	145	*
chr2	68138735	68138859	125	*
chr2	68141692	68141798	107	*
chr2	68157259	68157444	186	*
chr2	68158378	68158534	157	*
chr2	68380717	68380906	190	*
chr2	68388378	68388497	120	*
chr2	68395678	68395816	139	*
chr2	68464213	68464374	162	*
chr1	32279835	32279996	162	*
chr2	68645962	68646311	350	*
chr2	68654878	68655576	699	*
chr2	68817870	68817997	128	*
chr2	68865631	68866008	378	*
chr1	32280077	32280215	139	*
chr2	68871023	68871226	204	*
chr2	69338438	69338567	130	*
chr1	32285512	32285712	201	*
chr2	69348169	69348337	169	*
chr2	69350074	69350181	108	*
chr2	69475866	69475991	126	*
chr1	32302614	32302739	126	*
chr2	69529999	69530142	144	*
chr2	69843132	69843266	135	*
chr2	69869737	69869866	130	*
chr2	69935349	69935467	119	*
chr2	69937232	69937399	168	*
chr2	70087859	70088334	476	*
chr1	32326937	32327080	144	*
chr1	32327534	32327684	151	*
chr2	70275512	70275630	119	*
chr2	70688019	70688125	107	*
chr2	70706220	70706380	161	*
chr2	70921096	70921288	193	*
chr2	70932765	70932897	133	*
chr1	32330579	32330691	113	*
chr2	70988910	70989032	123	*
chr2	71348671	71349118	448	*
chr2	71349348	71349543	196	*
chr1	32330766	32330912	147	*
chr2	71350101	71350283	183	*
chr2	71422689	71422903	215	*
chr2	71427037	71427232	196	*
chr2	71433163	71433287	125	*
chr2	71520787	71520910	124	*
chr2	71526218	71526331	114	*
chr2	71528295	71528406	112	*
chr2	71551034	71551160	127	*
chr2	71553001	71553193	193	*
chr2	71564055	71564218	164	*
chr2	71567951	71568087	137	*
chr2	71664266	71664441	176	*
chr2	71669603	71669751	149	*
chr2	71680999	71681115	117	*
chr2	72132268	72132622	355	*
chr2	72492314	72492435	122	*
chr2	72513126	72513255	130	*
chr2	72741299	72741487	189	*
chr2	72933783	72933956	174	*
chr2	72961125	72961252	128	*
chr2	73075566	73075709	144	*
chr1	32368443	32368556	114	*
chr2	73265341	73265503	163	*
chr2	73266511	73266685	175	*
chr2	73859252	73859372	121	*
chr2	74087827	74088041	215	*
chr2	74093526	74093671	146	*
chr2	74099273	74099586	314	*
chr2	74100409	74100693	285	*
chr2	74101683	74102202	520	*
chr1	32386772	32386911	140	*
chr2	74172580	74172755	176	*
chr2	74208566	74208726	161	*
chr2	74211739	74211869	131	*
chr2	74214077	74214185	109	*
chr2	74224868	74224997	130	*
chr1	32470610	32471016	407	*
chr2	74232467	74232650	184	*
chr2	74233400	74233565	166	*
chr2	74239330	74239533	204	*
chr2	74247032	74247312	281	*
chr2	74250353	74250520	168	*
chr2	74264142	74264302	161	*
chr2	74361500	74361639	140	*
chr2	74367694	74367866	173	*
chr2	74370617	74370827	211	*
chr1	32592929	32593438	510	*
chr2	75654734	75654877	144	*
chr2	75655062	75655266	205	*
chr2	77518068	77518679	612	*
chr2	77518706	77519894	1189	*
chr2	79651550	79651663	114	*
chr1	32651911	32652063	153	*
chr2	79744385	79744585	201	*
chr2	79909589	79909803	215	*
chr1	32668732	32668862	131	*
chr2	80302672	80303896	1225	*
chr2	80419447	80419607	161	*
chr2	80544977	80545079	103	*
chr1	32668960	32669138	179	*
chr2	80581704	80581825	122	*
chr2	80589301	80589487	187	*
chr2	80604056	80604183	128	*
chr2	80647583	80647885	303	*
chr1	32669231	32669359	129	*
chr2	84425410	84425606	197	*
chr2	84431503	84431661	159	*
chr2	84441241	84441465	225	*
chr2	84443280	84443403	124	*
chr1	32672789	32672906	118	*
chr2	84449643	84449754	112	*
chr2	84544231	84544510	280	*
chr2	84577255	84577412	158	*
chr2	84579519	84579686	168	*
chr2	84616884	84616987	104	*
chr1	32684252	32684385	134	*
chr2	84624900	84625066	167	*
chr2	84653317	84653877	561	*
chr2	84659021	84659182	162	*
chr2	84685324	84685476	153	*
chr2	85027874	85028062	189	*
chr2	85035008	85035159	152	*
chr1	32769671	32769791	121	*
chr2	85309041	85309330	290	*
chr2	85351677	85351845	169	*
chr2	85371084	85371215	132	*
chr2	85371437	85371567	131	*
chr2	85377348	85377475	128	*
chr2	85390136	85390267	132	*
chr2	85541253	85541380	128	*
chr2	85542555	85542751	197	*
chr2	85542894	85543049	156	*
chr2	85543643	85543885	243	*
chr2	85551809	85551983	175	*
chr2	85552411	85552575	165	*
chr2	85552934	85553079	146	*
chr2	85555477	85555593	117	*
chr2	85558438	85558606	169	*
chr2	85558909	85559078	170	*
chr2	85640973	85641123	151	*
chr1	32775982	32776094	113	*
chr2	85846370	85846566	197	*
chr2	86028589	86028713	125	*
chr2	86039323	86039465	143	*
chr2	86040390	86040563	174	*
chr2	86044136	86044307	172	*
chr2	86047163	86047265	103	*
chr2	86065270	86065467	198	*
chr2	86070013	86070274	262	*
chr2	86077857	86077983	127	*
chr2	86080858	86080980	123	*
chr2	86098609	86098766	158	*
chr2	86117050	86117163	114	*
chr2	86146063	86146201	139	*
chr2	86151294	86151523	230	*
chr1	32781045	32781148	104	*
chr2	86166506	86166646	141	*
chr2	86179428	86179633	206	*
chr2	86216904	86217112	209	*
chr2	86477874	86478033	160	*
chr2	86482564	86482698	135	*
chr2	86485727	86485864	138	*
chr2	86489518	86489661	144	*
chr2	86491136	86491279	144	*
chr2	86507477	86507596	120	*
chr2	86510354	86510482	129	*
chr2	86529213	86529403	191	*
chr2	86604475	86605428	954	*
chr2	86612156	86612276	121	*
chr2	86740924	86741073	150	*
chr2	86765025	86765198	174	*
chr2	86765856	86766026	171	*
chr2	86771556	86771717	162	*
chr1	32810906	32811058	153	*
chr2	88067880	88068004	125	*
chr2	88084313	88084498	186	*
chr2	88087860	88088078	219	*
chr2	88091010	88091146	137	*
chr2	88110351	88110512	162	*
chr2	88126171	88126347	177	*
chr1	32864658	32864798	141	*
chr2	88557766	88557942	177	*
chr1	32868879	32869015	137	*
chr2	88562283	88562396	114	*
chr2	88570872	88571044	173	*
chr2	88574660	88574947	288	*
chr2	88575252	88575461	210	*
chr2	88576550	88576715	166	*
chr1	32888899	32889278	380	*
chr2	95087367	95087583	217	*
chr2	95108172	95108400	229	*
chr1	32893517	32893633	117	*
chr2	95109913	95110050	138	*
chr2	95281251	95281367	117	*
chr2	95374293	95374424	132	*
chr2	96114959	96115060	102	*
chr2	96115707	96116089	383	*
chr2	96193232	96193354	123	*
chr2	96253808	96254117	310	*
chr2	96254829	96255000	172	*
chr2	96284356	96284587	232	*
chr2	96290324	96290516	193	*
chr2	96290681	96290817	137	*
chr1	32898123	32898297	175	*
chr2	96291749	96291902	154	*
chr2	96292970	96293097	128	*
chr2	96295483	96295663	181	*
chr2	96296928	96297072	145	*
chr2	96298279	96298422	144	*
chr2	96298597	96298705	109	*
chr2	96303155	96303334	180	*
chr2	96631309	96631501	193	*
chr2	96711859	96712029	171	*
chr2	96734406	96734528	123	*
chr2	96737944	96738069	126	*
chr1	32938394	32938533	140	*
chr2	96863986	96864153	168	*
chr2	96864232	96864383	152	*
chr2	97656859	97656963	105	*
chr2	97659350	97659479	130	*
chr2	97725090	97725210	121	*
chr2	97732881	97733014	134	*
chr2	97734553	97734715	163	*
chr2	97735246	97735461	216	*
chr2	97762046	97762203	158	*
chr2	97766475	97766608	134	*
chr2	97792382	97792546	165	*
chr2	97792751	97792896	146	*
chr2	97793390	97793556	167	*
chr2	97797362	97797518	157	*
chr2	97805546	97805705	160	*
chr2	97812635	97812765	131	*
chr2	97814229	97814392	164	*
chr2	97834769	97834927	159	*
chr2	98389674	98389776	103	*
chr2	98395915	98397180	1266	*
chr2	98555551	98555653	103	*
chr2	98609793	98610045	253	*
chr2	98625721	98625849	129	*
chr2	98645421	98645551	131	*
chr2	98656347	98656467	121	*
chr2	98663035	98663185	151	*
chr2	98675033	98675178	146	*
chr2	99108826	99108951	126	*
chr2	99319623	99319810	188	*
chr2	99361451	99361736	286	*
chr2	99390542	99390710	169	*
chr2	99396758	99396904	147	*
chr2	99398742	99398914	173	*
chr2	99399301	99399442	142	*
chr2	99410691	99410869	179	*
chr2	99412728	99412957	230	*
chr2	99429834	99429956	123	*
chr2	99438596	99439003	408	*
chr2	99449332	99449514	183	*
chr2	99462494	99462629	136	*
chr2	99551489	99551602	114	*
chr2	99558871	99558971	101	*
chr2	99593304	99593490	187	*
chr2	100007327	100007465	139	*
chr2	100393240	100393788	549	*
chr2	100406571	100406681	111	*
chr1	33147178	33147729	552	*
chr2	101257788	101257960	173	*
chr2	101262533	101262698	166	*
chr2	101294927	101295183	257	*
chr2	101839817	101839997	181	*
chr2	101859616	101859758	143	*
chr1	33165469	33165572	104	*
chr2	101863744	101864084	341	*
chr2	101869619	101869803	185	*
chr2	101877001	101877149	149	*
chr2	101882541	101882691	151	*
chr2	101885184	101885291	108	*
chr2	101887086	101887239	154	*
chr2	101888794	101888938	145	*
chr2	102176454	102176665	212	*
chr1	33324865	33325022	158	*
chr2	102451761	102452000	240	*
chr2	102503446	102503714	269	*
chr2	102508077	102508283	207	*
chr2	102683254	102683482	229	*
chr2	102701066	102701237	172	*
chr1	33331346	33331464	119	*
chr1	33519518	33519680	163	*
chr1	33533045	33533244	200	*
chr1	33533790	33533910	121	*
chr1	33540520	33540701	182	*
chr1	33541128	33541313	186	*
chr2	105241956	105242571	616	*
chr2	105267414	105267562	149	*
chr1	9871181	9871280	100	*
chr2	105339573	105339755	183	*
chr2	105367568	105367742	175	*
chr1	33567567	33567768	202	*
chr2	106096712	106096824	113	*
chr2	106112644	106112768	125	*
chr2	106830061	106830242	182	*
chr2	106834044	106834189	146	*
chr2	108006047	108006205	159	*
chr2	108010222	108010851	630	*
chr2	108471591	108471728	138	*
chr2	108475750	108475854	105	*
chr2	108482281	108482455	175	*
chr2	108484144	108484316	173	*
chr2	108487693	108487824	132	*
chr2	108492644	108492795	152	*
chr2	108496967	108497111	145	*
chr2	108659602	108659768	167	*
chr2	108675874	108676032	159	*
chr2	108680926	108681126	201	*
chr2	108683881	108683999	119	*
chr2	108731320	108731475	156	*
chr2	108735528	108735764	237	*
chr2	108748912	108749027	116	*
chr2	108763987	108764468	482	*
chr2	108782526	108782867	342	*
chr2	108896950	108897231	282	*
chr1	9932800	9932900	101	*
chr2	108910945	108911076	132	*
chr2	108929195	108929378	184	*
chr2	109553081	109553223	143	*
chr2	109567810	109567978	169	*
chr1	33626483	33626583	101	*
chr2	110160123	110160257	135	*
chr1	33646645	33646849	205	*
chr2	111794228	111794329	102	*
chr1	33652314	33652464	151	*
chr2	111818833	111818951	119	*
chr2	111821237	111821467	231	*
chr2	111847719	111847858	140	*
chr1	33657943	33658139	197	*
chr2	111850771	111850912	142	*
chr2	111863673	111863897	225	*
chr2	111864800	111864953	154	*
chr2	111878808	111878978	171	*
chr2	111880611	111880852	242	*
chr2	111947390	111947518	129	*
chr2	112019423	112019527	105	*
chr2	112081333	112081523	191	*
chr2	112089623	112089722	100	*
chr2	112159664	112159811	148	*
chr1	33692924	33693065	142	*
chr2	112185198	112185346	149	*
chr2	112234118	112234249	132	*
chr2	112303227	112303354	128	*
chr2	112317217	112317341	125	*
chr2	112322643	112322908	266	*
chr2	112331367	112331686	320	*
chr2	112331973	112332076	104	*
chr1	33700510	33700676	167	*
chr2	112494141	112494255	115	*
chr2	112502906	112503185	280	*
chr2	112547009	112547185	177	*
chr2	112550864	112551004	141	*
chr2	112559278	112559531	254	*
chr2	112567962	112568139	178	*
chr2	112568743	112568906	164	*
chr2	112573560	112573683	124	*
chr2	112574837	112575731	895	*
chr2	112646895	112647168	274	*
chr2	112647318	112647467	150	*
chr2	112652694	112652805	112	*
chr2	112660385	112660577	193	*
chr1	33716283	33716503	221	*
chr2	113244425	113244629	205	*
chr2	113729394	113729512	119	*
chr2	113916878	113917012	135	*
chr2	113957353	113957512	160	*
chr2	115746071	115746189	119	*
chr1	33724511	33724707	197	*
chr2	115836155	115836263	109	*
chr2	117821860	117822058	199	*
chr2	117824938	117825107	170	*
chr2	118103194	118103322	129	*
chr1	33739138	33739336	199	*
chr2	118842939	118843257	319	*
chr2	119245818	119245991	174	*
chr2	119247740	119248209	470	*
chr1	33743274	33743396	123	*
chr2	119862533	119862649	117	*
chr2	119877434	119877547	114	*
chr1	33743423	33743612	190	*
chr2	119920059	119920250	192	*
chr2	119955155	119955330	176	*
chr1	33772559	33772711	153	*
chr2	119960801	119960959	159	*
chr2	119962614	119962749	136	*
chr2	119965495	119965656	162	*
chr2	119967831	119967979	149	*
chr1	33792418	33792522	105	*
chr2	120042000	120042118	119	*
chr2	120091550	120091664	115	*
chr2	120289578	120289760	183	*
chr2	120349097	120349874	778	*
chr1	33810734	33810876	143	*
chr1	33819708	33819848	141	*
chr1	33820464	33820606	143	*
chr2	121234089	121234196	108	*
chr2	121242357	121242471	115	*
chr2	121248977	121249089	113	*
chr2	121347035	121347156	122	*
chr1	33918089	33918314	226	*
chr2	121397134	121397291	158	*
chr2	121458835	121458977	143	*
chr1	34032588	34032717	130	*
chr2	121459975	121460127	153	*
chr2	121515659	121515785	127	*
chr2	121605783	121605895	113	*
chr2	121732090	121732207	118	*
chr1	10072026	10072219	194	*
chr2	124763669	124763806	138	*
chr2	124763970	124764152	183	*
chr2	127257596	127257729	134	*
chr2	127280445	127280638	194	*
chr2	127286698	127286815	118	*
chr2	127288655	127288843	189	*
chr2	127292605	127292741	137	*
chr1	34757812	34757975	164	*
chr2	127307501	127307807	307	*
chr2	127317620	127317766	147	*
chr2	127318162	127318348	187	*
chr2	127323897	127323996	100	*
chr1	34794214	34794318	105	*
chr2	127326682	127326819	138	*
chr2	127335866	127335986	121	*
chr2	127338929	127339052	124	*
chr2	127706320	127706557	238	*
chr2	127717148	127717270	123	*
chr1	34794345	34794542	198	*
chr2	127719541	127720374	834	*
chr2	127721833	127721990	158	*
chr2	127722585	127722732	148	*
chr2	127722953	127723056	104	*
chr2	127725057	127725221	165	*
chr2	127726641	127726786	146	*
chr2	127764194	127764993	800	*
chr2	127765170	127765282	113	*
chr2	127768182	127768308	127	*
chr2	127864935	127865234	300	*
chr2	127866893	127866999	107	*
chr2	127870733	127870950	218	*
chr2	127949864	127950006	143	*
chr2	127950153	127950413	261	*
chr2	127954983	127955357	375	*
chr2	127977978	127978098	121	*
chr2	127993182	127993310	129	*
chr2	127999736	127999851	116	*
chr2	128010266	128010396	131	*
chr1	10095459	10095600	142	*
chr1	34867046	34867193	148	*
chr2	128013027	128013162	136	*
chr2	128107931	128108074	144	*
chr1	34867530	34867629	100	*
chr2	128129027	128129189	163	*
chr2	128138713	128138861	149	*
chr2	128152772	128152917	146	*
chr2	128161136	128161274	139	*
chr2	128173778	128173945	168	*
chr2	128180888	128181077	190	*
chr2	128183670	128183796	127	*
chr2	128268562	128268879	318	*
chr2	132417161	132417473	313	*
chr2	132646044	132646276	233	*
chr2	132860489	132860616	128	*
chr1	35011887	35012008	122	*
chr2	134318636	134318743	108	*
chr2	134338257	134338425	169	*
chr2	134341579	134341775	197	*
chr1	35012427	35012598	172	*
chr2	134448634	134448849	216	*
chr2	134458024	134458184	161	*
chr2	134466108	134466235	128	*
chr2	134550560	134550685	126	*
chr2	134867577	134867680	104	*
chr2	134872462	134872646	185	*
chr2	134936829	134936975	147	*
chr1	10102946	10103097	152	*
chr1	35358908	35359451	544	*
chr2	134986845	134986956	112	*
chr2	135120809	135120923	115	*
chr2	135150366	135150509	144	*
chr2	135162549	135162657	109	*
chr2	135162984	135163108	125	*
chr1	35361596	35361793	198	*
chr2	135207432	135207655	224	*
chr2	135219071	135219180	110	*
chr2	135268958	135269144	187	*
chr2	135271765	135271889	125	*
chr2	135315355	135315543	189	*
chr2	135349981	135350232	252	*
chr2	135602491	135602712	222	*
chr2	135604794	135605021	228	*
chr2	135622649	135622750	102	*
chr2	135631844	135632007	164	*
chr2	135645376	135645538	163	*
chr1	35398859	35399049	191	*
chr2	135680159	135680336	178	*
chr2	135723926	135724455	530	*
chr1	35588328	35588555	228	*
chr2	135754133	135754283	151	*
chr2	135776240	135776354	115	*
chr2	135789566	135789803	238	*
chr2	135790655	135790883	229	*
chr1	35589928	35590055	128	*
chr2	135800605	135800786	182	*
chr2	135803925	135804135	211	*
chr2	135804764	135805059	296	*
chr2	135807123	135807403	281	*
chr2	135808520	135809734	1215	*
chr2	135812391	135812558	168	*
chr2	135812589	135812975	387	*
chr2	135817338	135817622	285	*
chr2	135817663	135817987	325	*
chr2	135848087	135848190	104	*
chr2	135851400	135851566	167	*
chr2	135852784	135852919	136	*
chr2	135856768	135856887	120	*
chr1	35594390	35594676	287	*
chr2	136114868	136115372	505	*
chr1	35603266	35603385	120	*
chr2	136115402	136115912	511	*
chr1	10105505	10105750	246	*
chr2	137056402	137057235	834	*
chr2	137160261	137160374	114	*
chr2	137232896	137233136	241	*
chr2	137450822	137451028	207	*
chr2	137676507	137676799	293	*
chr2	138013903	138014130	228	*
chr2	138550897	138551060	164	*
chr2	138552539	138552689	151	*
chr2	138560803	138560932	130	*
chr2	138564690	138564869	180	*
chr2	138568915	138569527	613	*
chr2	138670920	138671622	703	*
chr2	140232673	140233341	669	*
chr2	140239437	140239558	122	*
chr2	140270233	140270349	117	*
chr2	140274418	140274600	183	*
chr2	140314932	140315102	171	*
chr2	140323888	140324058	171	*
chr2	140335609	140335846	238	*
chr2	140350788	140351086	299	*
chr2	140356339	140356512	174	*
chr2	140364656	140364796	141	*
chr1	35736913	35737078	166	*
chr2	140442498	140442642	145	*
chr2	140450562	140450673	112	*
chr2	140456451	140456617	167	*
chr1	35738453	35738592	140	*
chr2	140509923	140510060	138	*
chr2	140516884	140517032	149	*
chr1	35739134	35739259	126	*
chr2	140601447	140601641	195	*
chr2	140700244	140700632	389	*
chr2	140702411	140702559	149	*
chr1	35739358	35739534	177	*
chr2	140715969	140716112	144	*
chr2	140813652	140813834	183	*
chr2	140850097	140850334	238	*
chr2	140886136	140886357	222	*
chr2	140902933	140903182	250	*
chr2	140907874	140908093	220	*
chr2	140922962	140923148	187	*
chr2	140989528	140989659	132	*
chr2	141062045	141062287	243	*
chr2	141188411	141188604	194	*
chr2	141810270	141810432	163	*
chr1	35753742	35753938	197	*
chr2	142918618	142918736	119	*
chr2	142956167	142956284	118	*
chr1	35760339	35760453	115	*
chr2	143155471	143155669	199	*
chr1	35761090	35761212	123	*
chr1	35822855	35822989	135	*
chr2	143519248	143519380	133	*
chr1	35825311	35825495	185	*
chr2	143556382	143556513	132	*
chr1	35825665	35825820	156	*
chr1	35825925	35826064	140	*
chr2	143703415	143703531	117	*
chr1	35831425	35831578	154	*
chr2	143767974	143768383	410	*
chr1	35831810	35831938	129	*
chr1	35832435	35832585	151	*
chr1	35835828	35835998	171	*
chr2	144145566	144145805	240	*
chr1	35850155	35850261	107	*
chr2	144388295	144390057	1763	*
chr2	144398296	144400282	1987	*
chr1	35850845	35851058	214	*
chr2	144403554	144404320	767	*
chr2	144424794	144424922	129	*
chr2	144429763	144430046	284	*
chr1	35893672	35893814	143	*
chr1	35894035	35894173	139	*
chr1	35895120	35895274	155	*
chr1	35901472	35901600	129	*
chr1	35901946	35902077	132	*
chr1	35902202	35902345	144	*
chr1	35917591	35917732	142	*
chr1	10130709	10130819	111	*
chr1	35918319	35918426	108	*
chr1	35919048	35919259	212	*
chr1	35919492	35919695	204	*
chr2	147896285	147896515	231	*
chr2	147915186	147915338	153	*
chr1	10132366	10132487	122	*
chr2	147922970	147923116	147	*
chr2	147926029	147926166	138	*
chr2	147935517	147935711	195	*
chr2	147938293	147938395	103	*
chr1	36013611	36013757	147	*
chr2	147948048	147948226	179	*
chr2	147952368	147952530	163	*
chr2	148468327	148469368	1042	*
chr2	148469408	148469624	217	*
chr2	148483096	148484181	1086	*
chr1	36013913	36014057	145	*
chr2	148489779	148490597	819	*
chr2	148690206	148690406	201	*
chr2	148753910	148754137	228	*
chr1	36027103	36027306	204	*
chr2	148762657	148762810	154	*
chr2	148764948	148765152	205	*
chr2	148781636	148781784	149	*
chr2	148784662	148785006	345	*
chr2	148875647	148875748	102	*
chr2	148946885	148947027	143	*
chr2	148949833	148949952	120	*
chr2	148961969	148962122	154	*
chr1	36036158	36036273	116	*
chr2	148998398	148998514	117	*
chr2	149007956	149008072	117	*
chr1	36039788	36039986	199	*
chr2	149449041	149449151	111	*
chr2	149569976	149570171	196	*
chr2	149575707	149575850	144	*
chr2	149582119	149582286	168	*
chr1	36040304	36040445	142	*
chr2	150469986	150470241	256	*
chr2	150474870	150474986	117	*
chr1	36043445	36043553	109	*
chr2	151370005	151370251	247	*
chr2	151428777	151428926	150	*
chr2	151433075	151433232	158	*
chr2	151441888	151441998	111	*
chr2	151443513	151443712	200	*
chr2	151445315	151445449	135	*
chr1	36055631	36056088	458	*
chr2	151473962	151474075	114	*
chr2	151474846	151475069	224	*
chr2	151489966	151490085	120	*
chr2	151492112	151492287	176	*
chr2	151493735	151493873	139	*
chr2	151499292	151499404	113	*
chr2	151502787	151502912	126	*
chr2	151503343	151503454	112	*
chr2	151507996	151508111	116	*
chr1	36084920	36085082	163	*
chr2	151513573	151513692	120	*
chr2	151514313	151514458	146	*
chr2	151514806	151514948	143	*
chr2	151516454	151516566	113	*
chr2	151518278	151518440	163	*
chr2	151519653	151519772	120	*
chr2	151525155	151525275	121	*
chr1	36085834	36086046	213	*
chr2	151525952	151526071	120	*
chr2	151526908	151527034	127	*
chr2	151527478	151527606	129	*
chr2	151529204	151529328	125	*
chr2	151530988	151531114	127	*
chr2	151531786	151531898	113	*
chr2	151533435	151533585	151	*
chr2	151537130	151537267	138	*
chr1	36086702	36086852	151	*
chr2	151537866	151537988	123	*
chr2	151547422	151547547	126	*
chr2	151547623	151547742	120	*
chr2	151549630	151549749	120	*
chr2	151551738	151551855	118	*
chr2	151553823	151554036	214	*
chr2	151560586	151560706	121	*
chr2	151560997	151561120	124	*
chr2	151563601	151563726	126	*
chr2	151563809	151563941	133	*
chr2	151565495	151565614	120	*
chr2	151567161	151567483	323	*
chr2	151570075	151570395	321	*
chr2	151575689	151575798	110	*
chr1	36087436	36087584	149	*
chr2	151655268	151655377	110	*
chr2	151655815	151656037	223	*
chr2	151656149	151656475	327	*
chr2	151662121	151662344	224	*
chr2	151663538	151663861	324	*
chr1	36091616	36091828	213	*
chr2	151665326	151665541	216	*
chr2	151666083	151666403	321	*
chr2	151667799	151667939	141	*
chr2	151671013	151671237	225	*
chr2	151679715	151679837	123	*
chr1	10137065	10137207	143	*
chr1	36091908	36092099	192	*
chr2	151684772	151684982	211	*
chr2	151694310	151694441	132	*
chr2	151694514	151694632	119	*
chr2	151697538	151697661	124	*
chr1	36093094	36093364	271	*
chr2	151710433	151710532	100	*
chr2	151723376	151723500	125	*
chr2	151806799	151806984	186	*
chr2	151814166	151814327	162	*
chr1	36097569	36097958	390	*
chr2	151880796	151880934	139	*
chr2	152120548	152120827	280	*
chr2	152521933	152522037	105	*
chr2	152618846	152619051	206	*
chr2	152625423	152625566	144	*
chr2	152628290	152628541	252	*
chr2	152631986	152632140	155	*
chr2	152659088	152659195	108	*
chr2	152659266	152659383	118	*
chr2	152663878	152664039	162	*
chr2	152670228	152670400	173	*
chr2	152671272	152671381	110	*
chr2	152676400	152676567	168	*
chr2	152679348	152679487	140	*
chr2	153478235	153478468	234	*
chr1	36137201	36137327	127	*
chr2	154241971	154242197	227	*
chr2	154395968	154396153	186	*
chr2	154408972	154409087	116	*
chr2	154438588	154438737	150	*
chr2	154698895	154699482	588	*
chr2	154854695	154855346	652	*
chr1	36139718	36139821	104	*
chr1	36140063	36140170	108	*
chr1	36172462	36172630	169	*
chr1	36173361	36173484	124	*
chr1	36282531	36282705	175	*
chr1	36286362	36286838	477	*
chr2	156326145	156326481	337	*
chr2	156326716	156327048	333	*
chr2	156328401	156328539	139	*
chr2	156329782	156330205	424	*
chr1	36289200	36289769	570	*
chr2	156578883	156579010	128	*
chr2	156579066	156579167	102	*
chr2	156579669	156579794	126	*
chr1	36293846	36294382	537	*
chr1	36341777	36341975	199	*
chr2	157284258	157284453	196	*
chr2	157311197	157311349	153	*
chr2	157538534	157538716	183	*
chr2	157542701	157542875	175	*
chr2	157587182	157587439	258	*
chr2	157738435	157738572	138	*
chr2	157760868	157761079	212	*
chr2	157778123	157778333	211	*
chr1	36355313	36355438	126	*
chr2	157780335	157780611	277	*
chr2	158172105	158172272	168	*
chr1	10149180	10149288	109	*
chr2	158220590	158220715	126	*
chr2	158533147	158533322	176	*
chr2	158624870	158625439	570	*
chr2	158634049	158634296	248	*
chr1	36438752	36438919	168	*
chr2	158642476	158642702	227	*
chr2	158666411	158666569	159	*
chr2	158669717	158669921	205	*
chr1	36456185	36456381	197	*
chr2	159149123	159149274	152	*
chr2	159163265	159163552	288	*
chr2	159176339	159176522	184	*
chr2	159178538	159179166	629	*
chr2	159194255	159194498	244	*
chr2	159217492	159217632	141	*
chr2	159219682	159219873	192	*
chr2	159224230	159224371	142	*
chr2	159229576	159229763	188	*
chr2	159230554	159230667	114	*
chr2	159336877	159337826	950	*
chr2	159348672	159348866	195	*
chr2	159349004	159349283	280	*
chr2	159385150	159385375	226	*
chr2	159386349	159386613	265	*
chr2	159389340	159389507	168	*
chr2	159395763	159395866	104	*
chr2	159412332	159412585	254	*
chr2	159427810	159428189	380	*
chr2	159430918	159431169	252	*
chr2	159432751	159433374	624	*
chr2	159438298	159438707	410	*
chr2	159453589	159453860	272	*
chr2	159729022	159729179	158	*
chr2	159747802	159748012	211	*
chr2	159748052	159748908	857	*
chr2	159752400	159752576	177	*
chr2	159759217	159759370	154	*
chr2	159762878	159762999	122	*
chr2	159780874	159781023	150	*
chr2	159816800	159817019	220	*
chr2	159819795	159819931	137	*
chr2	159872447	159872603	157	*
chr2	159875440	159875649	210	*
chr2	159878319	159878499	181	*
chr2	159881076	159881251	176	*
chr1	36804985	36805240	256	*
chr2	159890210	159890401	192	*
chr2	159983912	159984084	173	*
chr1	36806099	36806331	233	*
chr2	160020099	160020271	173	*
chr2	160022660	160022855	196	*
chr2	160032953	160033137	185	*
chr2	160112073	160112202	130	*
chr2	160123789	160123905	117	*
chr1	36817052	36817280	229	*
chr2	160278541	160278660	120	*
chr2	160284768	160284885	118	*
chr2	160300642	160300750	109	*
chr1	36819733	36819857	125	*
chr1	36825598	36825829	232	*
chr2	161367782	161367911	130	*
chr2	161371149	161371331	183	*
chr2	161395068	161395206	139	*
chr2	161417674	161417835	162	*
chr2	161418189	161418330	142	*
chr2	161804437	161804601	165	*
chr2	161882352	161882452	101	*
chr2	161903984	161904203	220	*
chr2	161904773	161904915	143	*
chr2	161950684	161950850	167	*
chr2	161956972	161957242	271	*
chr2	161976722	161976889	168	*
chr1	36880628	36880894	267	*
chr2	162011788	162011994	207	*
chr2	162172803	162173009	207	*
chr2	162188164	162188368	205	*
chr2	162198750	162198898	149	*
chr2	162203021	162203155	135	*
chr2	162217978	162218148	171	*
chr2	162224463	162224567	105	*
chr2	162268081	162268289	209	*
chr2	162272223	162272389	167	*
chr2	162273792	162273951	160	*
chr2	162277553	162277700	148	*
chr2	162278200	162278342	143	*
chr2	162279986	162280118	133	*
chr2	162282413	162282582	170	*
chr2	162384792	162384972	181	*
chr1	10171122	10171334	213	*
chr2	162400182	162400466	285	*
chr2	162423320	162423560	241	*
chr2	162435191	162435623	433	*
chr2	162504438	162504666	229	*
chr2	162536919	162537102	184	*
chr2	162836524	162836799	276	*
chr2	163608535	163611832	3298	*
chr1	37509449	37509548	100	*
chr1	37540155	37540422	268	*
chr1	37559319	37559498	180	*
chr1	37561552	37561737	186	*
chr1	37566886	37567010	125	*
chr2	164493032	164493187	156	*
chr2	164494406	164494531	126	*
chr2	164497372	164497503	132	*
chr2	164508451	164508639	189	*
chr2	164521976	164522126	151	*
chr2	164619675	164619828	154	*
chr1	37574675	37574826	152	*
chr2	164695160	164695279	120	*
chr2	164704945	164705089	145	*
chr2	164727964	164728202	239	*
chr2	164911631	164911750	120	*
chr2	164945588	164945739	152	*
chr2	164954626	164954751	126	*
chr1	10179414	10179566	153	*
chr1	37576425	37576559	135	*
chr2	165090353	165091354	1002	*
chr2	165092247	165092528	282	*
chr2	165095502	165095639	138	*
chr2	165097351	165097526	176	*
chr2	165100297	165100453	157	*
chr2	165112852	165113062	211	*
chr2	165127618	165128103	486	*
chr2	165129933	165130299	367	*
chr2	165140664	165141001	338	*
chr2	165154449	165154660	212	*
chr2	165155757	165155905	149	*
chr2	165163587	165163924	338	*
chr2	165170418	165170560	143	*
chr2	165176127	165176440	314	*
chr2	165295770	165296105	336	*
chr2	165309090	165309483	394	*
chr2	165313619	165313766	148	*
chr2	165313900	165314111	212	*
chr2	165331268	165331574	307	*
chr2	165344539	165344915	377	*
chr2	165374683	165374823	141	*
chr2	165386736	165387025	290	*
chr2	165388613	165390437	1825	*
chr1	37857243	37857664	422	*
chr2	165594954	165595219	266	*
chr2	165657735	165658022	288	*
chr2	165676310	165676612	303	*
chr2	165678685	165680302	1618	*
chr2	165748781	165748909	129	*
chr2	165749739	165749906	168	*
chr2	165754926	165755072	147	*
chr2	165757041	165757257	217	*
chr2	165759333	165759572	240	*
chr2	165764879	165765060	182	*
chr2	165770167	165770655	489	*
chr1	37864307	37864426	120	*
chr2	165890474	165890651	178	*
chr2	165901717	165901912	196	*
chr2	165915197	165915445	249	*
chr2	165917248	165917494	247	*
chr2	165949391	165949510	120	*
chr2	166073351	166073681	331	*
chr2	166198862	166199919	1058	*
chr2	166226555	166226724	170	*
chr2	166228836	166228974	139	*
chr2	166238085	166238273	189	*
chr2	166272741	166272877	137	*
chr2	166276957	166277345	389	*
chr2	166284425	166284830	406	*
chr2	166288434	166288648	215	*
chr2	166303167	166303304	138	*
chr1	37878182	37878326	145	*
chr2	166423257	166423396	140	*
chr1	37882805	37882926	122	*
chr2	167241750	167241912	163	*
chr2	167244435	167245266	832	*
chr2	167245935	167246479	545	*
chr2	167250202	167250522	321	*
chr2	167250871	167250977	107	*
chr2	167254021	167254171	151	*
chr1	37886883	37887006	124	*
chr2	167868902	167869137	236	*
chr2	167869161	167870042	882	*
chr1	37888237	37888347	111	*
chr2	168167293	168167425	133	*
chr2	168547592	168547704	113	*
chr2	168714999	168715138	140	*
chr1	37969349	37969466	118	*
chr2	168717862	168717984	123	*
chr2	168765578	168765753	176	*
chr2	168902443	168902559	117	*
chr2	168906648	168906783	136	*
chr2	168907554	168907889	336	*
chr1	37969571	37969737	167	*
chr2	168927149	168927382	234	*
chr2	168932372	168932547	176	*
chr2	168935224	168935440	217	*
chr2	168944600	168944780	181	*
chr2	168957959	168958115	157	*
chr2	168970040	168970219	180	*
chr2	168971844	168972053	210	*
chr2	169013266	169013522	257	*
chr2	169081669	169081904	236	*
chr2	169083306	169083595	290	*
chr2	169139241	169139378	138	*
chr1	37987571	37987681	111	*
chr2	169152795	169152968	174	*
chr1	37997418	37997562	145	*
chr2	169185493	169186056	564	*
chr2	169202751	169202955	205	*
chr2	169225301	169225482	182	*
chr2	169231711	169231844	134	*
chr2	169499463	169499623	161	*
chr2	169509773	169510891	1119	*
chr2	169514565	169514739	175	*
chr2	169514848	169514967	120	*
chr2	169518181	169518380	200	*
chr2	169520859	169521046	188	*
chr2	169525582	169525704	123	*
chr2	169606037	169606152	116	*
chr2	169614567	169614749	183	*
chr1	10267377	10267560	184	*
chr2	169650322	169650475	154	*
chr2	169674570	169674784	215	*
chr2	169735011	169736233	1223	*
chr2	169741383	169741537	155	*
chr2	169749408	169749737	330	*
chr2	169805663	169805844	182	*
chr2	169806782	169806895	114	*
chr2	169806961	169807077	117	*
chr2	169810267	169810425	159	*
chr2	169810855	169811046	192	*
chr2	169821089	169821297	209	*
chr2	169821937	169822064	128	*
chr2	169824486	169824595	110	*
chr2	169872212	169872380	169	*
chr2	169896501	169896749	249	*
chr2	169905108	169905298	191	*
chr2	169906020	169906169	150	*
chr2	169924065	169924191	127	*
chr2	169925597	169925752	156	*
chr2	169926836	169926977	142	*
chr2	169927298	169927413	116	*
chr2	169946283	169946398	116	*
chr2	169949603	169950072	470	*
chr2	169986643	169986808	166	*
chr2	169994320	169994469	150	*
chr2	170008794	170008946	153	*
chr2	170055446	170055608	163	*
chr2	170391517	170391628	112	*
chr2	170400169	170400328	160	*
chr2	170498590	170498707	118	*
chr2	170830947	170831195	249	*
chr2	170844042	170844162	121	*
chr2	170847663	170847798	136	*
chr2	170949530	170949749	220	*
chr2	170950175	170950293	119	*
chr2	170951325	170951467	143	*
chr2	170954638	170954787	150	*
chr2	170996650	170996778	129	*
chr2	171006143	171006286	144	*
chr2	171014846	171015047	202	*
chr2	171028314	171028439	126	*
chr2	171046146	171046365	220	*
chr2	171326039	171326161	123	*
chr2	171330464	171330731	268	*
chr2	171435070	171435190	121	*
chr2	171458352	171458480	129	*
chr2	171692773	171692899	127	*
chr2	171707080	171707381	302	*
chr2	171725918	171726085	168	*
chr2	171726787	171726921	135	*
chr2	171728302	171728421	120	*
chr2	171728715	171728855	141	*
chr2	171729702	171729874	173	*
chr2	171744043	171744194	152	*
chr2	171787565	171787664	100	*
chr2	171813334	171813509	176	*
chr2	171826756	171826912	157	*
chr1	10277971	10278137	167	*
chr2	171855829	171855967	139	*
chr2	171946705	171946804	100	*
chr2	171976144	171976311	168	*
chr2	171979245	171979366	122	*
chr2	171983183	171983440	258	*
chr2	172065591	172065772	182	*
chr1	38839553	38839706	154	*
chr2	172085667	172086002	336	*
chr1	38845935	38846089	155	*
chr2	172470936	172471119	184	*
chr2	172474043	172474163	121	*
chr1	38851609	38851771	163	*
chr2	172474912	172475126	215	*
chr2	172476385	172476515	131	*
chr2	172479639	172479744	106	*
chr1	38852367	38852491	125	*
chr2	172558706	172558854	149	*
chr2	172568729	172568831	103	*
chr2	172586276	172586394	119	*
chr2	172795022	172795173	152	*
chr1	38855704	38855910	207	*
chr2	172814271	172814429	159	*
chr2	172965556	172965689	134	*
chr2	172967248	172967449	202	*
chr2	172988180	172988296	117	*
chr2	173018654	173018808	155	*
chr2	173027067	173027265	199	*
chr1	38866876	38867011	136	*
chr2	173051624	173051767	144	*
chr1	38886507	38886695	189	*
chr2	173169786	173169921	136	*
chr2	173191027	173191184	158	*
chr2	173221042	173221542	501	*
chr1	38895963	38896081	119	*
chr2	173258687	173258828	142	*
chr1	38915557	38915713	157	*
chr2	173366281	173366437	157	*
chr1	39000969	39001108	140	*
chr2	173908516	173910270	1755	*
chr2	173913057	173913291	235	*
chr2	173954871	173956249	1379	*
chr2	174078956	174079140	185	*
chr1	39250011	39250112	102	*
chr2	174141814	174142020	207	*
chr2	174246709	174246828	120	*
chr2	174351506	174352023	518	*
chr2	174387680	174387787	108	*
chr2	174399914	174400106	193	*
chr1	10282295	10282539	245	*
chr2	174445074	174445197	124	*
chr2	174465778	174465918	141	*
chr2	174466537	174466639	103	*
chr2	174468905	174469078	174	*
chr2	174470384	174470571	188	*
chr2	174472960	174473379	420	*
chr2	174481489	174481873	385	*
chr1	39283406	39283522	117	*
chr2	174754216	174754419	204	*
chr1	39284064	39284189	126	*
chr2	174759486	174759648	163	*
chr2	174800111	174800298	188	*
chr1	39284325	39284433	109	*
chr2	174846874	174847177	304	*
chr2	174915037	174915181	145	*
chr2	175178156	175178412	257	*
chr2	175179053	175179211	159	*
chr1	39285081	39285212	132	*
chr1	39285294	39285396	103	*
chr1	39293456	39293625	170	*
chr2	175937401	175937536	136	*
chr2	176083347	176084240	894	*
chr1	39295785	39295885	101	*
chr2	176099791	176100031	241	*
chr2	176100514	176100759	246	*
chr2	176108891	176109155	265	*
chr1	39297618	39297756	139	*
chr2	176116676	176117586	911	*
chr2	176123922	176124171	250	*
chr2	176131301	176131612	312	*
chr2	176152605	176152837	233	*
chr2	176171498	176171769	272	*
chr1	39310263	39310430	168	*
chr2	176326810	176326913	104	*
chr2	176329295	176329431	137	*
chr1	39322606	39322717	112	*
chr1	39322908	39323010	103	*
chr2	177231430	177231596	167	*
chr2	177234002	177234286	285	*
chr2	177420243	177420362	120	*
chr2	177436752	177436889	138	*
chr2	177440935	177441043	109	*
chr2	177468406	177468525	120	*
chr2	177482038	177482190	153	*
chr2	177537786	177538196	411	*
chr2	177550773	177551368	596	*
chr2	177551655	177552295	641	*
chr2	177552367	177552586	220	*
chr2	177616705	177616908	204	*
chr2	177617593	177618242	650	*
chr2	177711539	177711893	355	*
chr2	177728009	177728190	182	*
chr2	177898038	177898205	168	*
chr2	178123519	178123661	143	*
chr2	178125970	178126195	226	*
chr2	178332867	178333046	180	*
chr2	178338965	178339099	135	*
chr2	178344178	178344381	204	*
chr2	178349222	178349392	171	*
chr2	178383021	178383280	260	*
chr2	178384028	178384179	152	*
chr2	178391067	178391221	155	*
chr2	178395435	178395765	331	*
chr2	178432097	178432261	165	*
chr2	178436140	178436345	206	*
chr2	178453397	178453622	226	*
chr2	178460977	178461276	300	*
chr2	178465768	178465933	166	*
chr2	178490637	178490822	186	*
chr2	178501044	178501178	135	*
chr2	178526136	178527311	1176	*
chr2	178528268	178528431	164	*
chr2	178528520	178529017	498	*
chr2	178530421	178530792	372	*
chr2	178530818	178532446	1629	*
chr2	178533589	178535868	2280	*
chr2	178535977	178536570	594	*
chr2	178536936	178537259	324	*
chr2	178537320	178537919	600	*
chr2	178538535	178538859	325	*
chr2	178539376	178539973	598	*
chr2	178540062	178540393	332	*
chr2	178541279	178541589	311	*
chr2	178542258	178542573	316	*
chr2	178542629	178542963	335	*
chr2	178543066	178543680	615	*
chr2	178543816	178544118	303	*
chr2	178545381	178545696	316	*
chr2	178545812	178546122	311	*
chr2	178546201	178546504	304	*
chr2	178546593	178546907	315	*
chr2	178546995	178547201	207	*
chr2	178547399	178549486	2088	*
chr1	39385401	39385932	532	*
chr2	178549562	178549886	325	*
chr2	178550958	178551264	307	*
chr2	178551624	178553409	1786	*
chr2	178553910	178554219	310	*
chr2	178554452	178554754	303	*
chr2	178556843	178557070	228	*
chr2	178557246	178557562	317	*
chr2	178557642	178558242	601	*
chr2	178642226	178642342	117	*
chr2	178693919	178694103	185	*
chr1	39387768	39388327	560	*
chr2	178702448	178702678	231	*
chr2	178704141	178704411	271	*
chr2	178704504	178704789	286	*
chr2	178706449	178706755	307	*
chr2	178709552	178709866	315	*
chr2	178710630	178710924	295	*
chr2	178711056	178711360	305	*
chr2	178711938	178712235	298	*
chr2	178713891	178714192	302	*
chr2	178714981	178715266	286	*
chr2	178715487	178715778	292	*
chr2	178721841	178722078	238	*
chr2	178722654	178722940	287	*
chr2	178723412	178723701	290	*
chr2	178724254	178724544	291	*
chr2	178725761	178726055	295	*
chr2	178727580	178727896	317	*
chr2	178728208	178728421	214	*
chr2	178728489	178728786	298	*
chr2	178729283	178729390	108	*
chr2	178729657	178729960	304	*
chr2	178730089	178730381	293	*
chr2	178731298	178731592	295	*
chr2	178731687	178731800	114	*
chr2	178731825	178731984	160	*
chr2	178732432	178732755	324	*
chr2	178732831	178733125	295	*
chr2	178733232	178733539	308	*
chr2	178733602	178733904	303	*
chr2	178734700	178734998	299	*
chr2	178735506	178736086	581	*
chr2	178738074	178738362	289	*
chr2	178746131	178746306	176	*
chr2	178746345	178746912	568	*
chr2	178751450	178751910	461	*
chr2	178757500	178757971	472	*
chr2	178758979	178759175	197	*
chr2	178764165	178764315	151	*
chr2	178764508	178764813	306	*
chr2	178766376	178766584	209	*
chr1	39422728	39422905	178	*
chr2	178769673	178769941	269	*
chr2	178770406	178770684	279	*
chr2	178771315	178771483	169	*
chr2	178773104	178773375	272	*
chr2	178773447	178773750	304	*
chr2	178773833	178774121	289	*
chr2	178774201	178774478	278	*
chr2	178774919	178775150	232	*
chr2	178775351	178777055	1705	*
chr2	178777144	178777325	182	*
chr2	178777418	178777587	170	*
chr2	178778869	178779127	259	*
chr2	178779997	178780230	234	*
chr2	178781118	178781274	157	*
chr2	178782209	178782441	233	*
chr1	39427437	39427619	183	*
chr2	178785622	178785767	146	*
chr2	178800392	178800686	295	*
chr2	178802135	178802343	209	*
chr2	178804524	178804680	157	*
chr2	178853436	178853626	191	*
chr1	10303879	10304203	325	*
chr1	39429825	39430070	246	*
chr2	178905308	178905514	207	*
chr2	178961227	178961492	266	*
chr2	178975025	178975183	159	*
chr1	39430689	39430912	224	*
chr2	178978482	178978678	197	*
chr2	179047279	179047419	141	*
chr2	179112719	179112848	130	*
chr2	179116666	179116808	143	*
chr1	39432532	39432657	126	*
chr2	179123685	179123839	155	*
chr2	179124358	179124564	207	*
chr2	179191772	179191892	121	*
chr2	179446523	179446651	129	*
chr2	179518520	179518672	153	*
chr1	39434412	39434638	227	*
chr2	179544818	179544983	166	*
chr2	179981747	179981967	221	*
chr2	181057684	181057831	148	*
chr2	181060642	181060819	178	*
chr2	181062785	181063448	664	*
chr1	39437772	39438010	239	*
chr2	181485870	181485995	126	*
chr2	181493321	181493421	101	*
chr1	39441001	39441130	130	*
chr1	10304540	10304646	107	*
chr2	181573743	181573895	153	*
chr2	181677779	181678846	1068	*
chr2	182186460	182186591	132	*
chr1	39442144	39442318	175	*
chr2	182230001	182230161	161	*
chr2	182740259	182740392	134	*
chr2	182743595	182743717	123	*
chr2	182751656	182751791	136	*
chr2	182754997	182755110	114	*
chr1	39442706	39442808	103	*
chr2	182866070	182866452	383	*
chr2	182928111	182928231	121	*
chr2	182952400	182952505	106	*
chr2	182952789	182952925	137	*
chr1	39443442	39443578	137	*
chr2	182953104	182953335	232	*
chr2	182956454	182956601	148	*
chr2	182967206	182967364	159	*
chr2	182982816	182982930	115	*
chr2	182983281	182983395	115	*
chr2	182989025	182989213	189	*
chr2	182995696	182995840	145	*
chr2	183078924	183079165	242	*
chr2	183087034	183087187	154	*
chr2	183095425	183095610	186	*
chr2	183128271	183128459	189	*
chr2	183151514	183151655	142	*
chr2	183158280	183158417	138	*
chr1	39447428	39447590	163	*
chr2	184933583	184933739	157	*
chr2	184936651	184936827	177	*
chr1	39448031	39448154	124	*
chr2	186495220	186495338	119	*
chr1	39451049	39451197	149	*
chr2	186659036	186659178	143	*
chr1	39452678	39452816	139	*
chr2	186668744	186668924	181	*
chr2	186747089	186747252	164	*
chr2	186837303	186837557	255	*
chr2	187346197	187346403	207	*
chr2	188541172	188541330	159	*
chr2	188994722	188994837	116	*
chr2	188996396	188996502	107	*
chr1	39461880	39462040	161	*
chr1	39468612	39468737	126	*
chr2	189010645	189010895	251	*
chr2	189011620	189011914	295	*
chr2	189036591	189036806	216	*
chr2	189041582	189041696	115	*
chr2	189057314	189057436	123	*
chr2	189066386	189066527	142	*
chr2	189068011	189068125	115	*
chr2	189068780	189068904	125	*
chr1	39479792	39480011	220	*
chr2	189563736	189564151	416	*
chr2	189565351	189565604	254	*
chr2	189575157	189575325	169	*
chr2	189666191	189666578	388	*
chr2	189667087	189667203	117	*
chr2	189667339	189667598	260	*
chr2	189667762	189667949	188	*
chr2	189676527	189677097	571	*
chr2	189689525	189689974	450	*
chr2	189692226	189692420	195	*
chr2	189694975	189695166	192	*
chr2	189719679	189719782	104	*
chr2	189741335	189741453	119	*
chr2	189755170	189755562	393	*
chr2	190057257	190057657	401	*
chr2	190296801	190296956	156	*
chr2	190360115	190360309	195	*
chr2	190436825	190437212	388	*
chr2	190497433	190497673	241	*
chr2	190921103	190921208	106	*
chr2	190931539	190931645	107	*
chr2	190982382	190982529	148	*
chr2	190983640	190983742	103	*
chr2	191008958	191009120	163	*
chr2	191032953	191033162	210	*
chr2	191033906	191034010	105	*
chr2	191039197	191039303	107	*
chr2	191276889	191277036	148	*
chr2	191296098	191296233	136	*
chr2	191360621	191360735	115	*
chr2	191385881	191386086	206	*
chr2	191387215	191387453	239	*
chr2	191423835	191423962	128	*
chr2	191678971	191679137	167	*
chr2	191846438	191846793	356	*
chr2	191956251	191956399	149	*
chr2	191999056	191999217	162	*
chr2	192191856	192192006	151	*
chr2	195794339	195794509	171	*
chr2	195816627	195816964	338	*
chr1	39567749	39567848	100	*
chr2	195858482	195858795	314	*
chr2	195861713	195861956	244	*
chr2	195864267	195865024	758	*
chr2	195923589	195923813	225	*
chr2	195934583	195934794	212	*
chr2	195960256	195960947	692	*
chr2	195972224	195972468	245	*
chr2	195987063	195987198	136	*
chr2	196000699	196000890	192	*
chr2	196001670	196001875	206	*
chr2	196026755	196026947	193	*
chr2	196139614	196139801	188	*
chr1	39572389	39572589	201	*
chr2	196220036	196220167	132	*
chr2	196222206	196222363	158	*
chr2	196225767	196225893	127	*
chr2	196228097	196228266	170	*
chr2	196253916	196254049	134	*
chr2	196271190	196271296	107	*
chr2	196278522	196278664	143	*
chr2	196292560	196292769	210	*
chr2	196306482	196306614	133	*
chr2	196307928	196308089	162	*
chr2	196322474	196322626	153	*
chr2	196324976	196325156	181	*
chr1	39659169	39659488	320	*
chr2	196776422	196776635	214	*
chr2	196785438	196785599	162	*
chr2	196789877	196790070	194	*
chr2	197001741	197001841	101	*
chr1	10324756	10324903	148	*
chr2	197083356	197083511	156	*
chr2	197121326	197121550	225	*
chr2	197409766	197410017	252	*
chr2	197423802	197423976	175	*
chr2	197470063	197470176	114	*
chr2	197490189	197490298	110	*
chr2	197493322	197493472	151	*
chr2	197497136	197497394	259	*
chr2	197498674	197498852	179	*
chr1	39682536	39682735	200	*
chr2	197771836	197771991	156	*
chr2	197778968	197779084	117	*
chr2	197781710	197781876	167	*
chr2	198083755	198085229	1475	*
chr2	198085261	198086236	976	*
chr2	198103816	198103939	124	*
chr2	198146777	198146962	186	*
chr1	39683934	39684155	222	*
chr1	39763085	39763205	121	*
chr1	39844529	39844647	119	*
chr1	39850119	39850263	145	*
chr1	39852726	39852845	120	*
chr2	199328731	199328913	183	*
chr2	199381666	199381828	163	*
chr1	39857269	39857418	150	*
chr2	199925056	199925312	257	*
chr2	199925494	199925886	393	*
chr2	199961779	199961935	157	*
chr2	200620632	200620826	195	*
chr2	200642683	200642804	122	*
chr2	200656840	200656940	101	*
chr1	39958698	39958830	133	*
chr2	200818753	200818904	152	*
chr2	200819964	200820121	158	*
chr2	200821174	200821308	135	*
chr1	39968332	39968483	152	*
chr2	200882339	200882444	106	*
chr2	200897073	200897219	147	*
chr2	200920987	200921141	155	*
chr2	200925832	200925934	103	*
chr2	200926762	200926916	155	*
chr2	200981265	200981884	620	*
chr2	200988260	200988424	165	*
chr2	200997440	200997565	126	*
chr1	10334517	10334643	127	*
chr2	201085443	201085617	175	*
chr2	201395308	201395453	146	*
chr2	201398137	201398356	220	*
chr2	201477583	201477793	211	*
chr2	201478080	201478194	115	*
chr2	201629211	201629426	216	*
chr2	201632044	201632212	169	*
chr2	201680833	201681037	205	*
chr2	201704452	201704618	167	*
chr2	201718071	201718212	142	*
chr2	201724292	201724461	170	*
chr2	201725354	201725460	107	*
chr1	40069679	40069795	117	*
chr2	201726660	201726870	211	*
chr2	201744254	201744445	192	*
chr2	201754498	201754674	177	*
chr1	40070157	40070288	132	*
chr2	201761353	201761750	398	*
chr2	201767226	201767411	186	*
chr2	201807851	201807957	107	*
chr2	201822806	201822917	112	*
chr2	201833838	201833979	142	*
chr2	201847373	201847491	119	*
chr1	40070833	40070985	153	*
chr2	201880007	201880169	163	*
chr2	201890783	201890897	115	*
chr2	202034753	202035147	395	*
chr2	202035269	202036375	1107	*
chr2	202194261	202194364	104	*
chr2	202291112	202291273	162	*
chr2	202297377	202297518	142	*
chr2	202467512	202467694	183	*
chr2	202518854	202519065	212	*
chr2	202530783	202530961	179	*
chr2	202559674	202560505	832	*
chr1	10337058	10337205	148	*
chr1	40189042	40189216	175	*
chr2	202726235	202726366	132	*
chr2	202755532	202755689	158	*
chr2	202759230	202759360	131	*
chr2	202765428	202765787	360	*
chr2	202883604	202883755	152	*
chr2	202884194	202884321	128	*
chr2	202884389	202884543	155	*
chr2	203041752	203041866	115	*
chr1	40202396	40202620	225	*
chr2	203107598	203108191	594	*
chr2	203122236	203122356	121	*
chr2	203126818	203126934	117	*
chr2	203130303	203130483	181	*
chr1	40222564	40222717	154	*
chr2	203144594	203144920	327	*
chr2	203145009	203145164	156	*
chr2	203151463	203151594	132	*
chr2	203157697	203157832	136	*
chr2	203171926	203172028	103	*
chr1	40235790	40236259	470	*
chr2	203188465	203188595	131	*
chr2	203199318	203199477	160	*
chr2	203202678	203202784	107	*
chr2	203208631	203208762	132	*
chr2	203210956	203211110	155	*
chr2	203217206	203217384	179	*
chr1	40236308	40236570	263	*
chr2	203246752	203246936	185	*
chr2	203251961	203252111	151	*
chr2	203266493	203266687	195	*
chr2	203394658	203394894	237	*
chr1	40236659	40237178	520	*
chr1	40237533	40237659	127	*
chr2	203455435	203455594	160	*
chr2	203470188	203470366	179	*
chr2	203491208	203491330	123	*
chr1	40238006	40238364	359	*
chr1	6254550	6254887	338	*
chr1	40238556	40239120	565	*
chr1	40239344	40239489	146	*
chr2	204686179	204686286	108	*
chr1	40240265	40240372	108	*
chr2	204965137	204965330	194	*
chr2	205118904	205119071	168	*
chr2	205121573	205121749	177	*
chr2	205121850	205121961	112	*
chr2	205124307	205124471	165	*
chr2	205158755	205158911	157	*
chr2	205172209	205172389	181	*
chr1	40258300	40258399	100	*
chr2	205301438	205301704	267	*
chr1	40260833	40260990	158	*
chr1	40292443	40292665	223	*
chr2	205723762	205723944	183	*
chr2	205727889	205728050	162	*
chr1	40406734	40406872	139	*
chr2	205740517	205740665	149	*
chr2	205745735	205745895	161	*
chr2	205752805	205752981	177	*
chr2	205763818	205763941	124	*
chr1	40416173	40416344	172	*
chr2	206004323	206005396	1074	*
chr2	206005437	206005546	110	*
chr2	206056192	206056951	760	*
chr2	206062794	206063067	274	*
chr2	206126707	206126846	140	*
chr2	206127793	206127974	182	*
chr2	206141934	206142071	138	*
chr1	40626571	40626731	161	*
chr2	206144889	206145029	141	*
chr2	206146900	206147091	192	*
chr2	206147527	206147665	139	*
chr2	206149810	206149932	123	*
chr2	206160591	206160708	118	*
chr2	206161344	206161468	125	*
chr2	206176313	206177108	796	*
chr2	206445305	206445529	225	*
chr2	206562198	206562298	101	*
chr2	206594713	206594909	197	*
chr2	206694760	206694885	126	*
chr2	206749017	206749116	100	*
chr2	206755268	206755384	117	*
chr1	40749563	40749689	127	*
chr2	207088452	207088610	159	*
chr2	207123767	207123924	158	*
chr1	40753141	40753250	110	*
chr2	207123961	207124293	333	*
chr2	207165462	207165645	184	*
chr2	207560223	207560380	158	*
chr1	40758119	40758296	178	*
chr2	207575256	207575459	204	*
chr2	207747035	207747240	206	*
chr1	40762886	40763051	166	*
chr2	207750952	207751125	174	*
chr2	207767461	207767866	406	*
chr2	207767904	207768157	254	*
chr1	40766593	40766709	117	*
chr2	207977262	207977592	331	*
chr1	40770705	40770828	124	*
chr2	208001479	208001642	164	*
chr2	208121719	208121837	119	*
chr2	208142657	208142900	244	*
chr2	208241991	208242163	173	*
chr2	208276707	208276834	128	*
chr2	208277535	208277714	180	*
chr2	208285724	208285937	214	*
chr2	208298636	208298782	147	*
chr2	208300931	208301100	170	*
chr2	208304169	208304326	158	*
chr2	208304688	208305056	369	*
chr2	208314292	208314427	136	*
chr2	208324140	208324289	150	*
chr2	208325253	208325534	282	*
chr2	208325827	208326337	511	*
chr2	208328177	208328286	110	*
chr2	208333309	208333498	190	*
chr2	208335294	208335424	131	*
chr2	208335772	208335912	141	*
chr2	208336044	208336205	162	*
chr2	208339409	208339558	150	*
chr2	208340005	208340173	169	*
chr2	208346039	208346141	103	*
chr2	208352651	208352787	137	*
chr2	208353896	208354165	270	*
chr2	208437755	208437883	129	*
chr1	40820163	40820262	100	*
chr2	208481062	208481170	109	*
chr2	208489006	208489152	147	*
chr2	209653166	209653436	271	*
chr2	209694054	209694504	451	*
chr2	209723574	209723694	121	*
chr2	209730170	209730533	364	*
chr2	209813567	209813845	279	*
chr2	209816903	209817125	223	*
chr2	209817810	209817950	141	*
chr2	209829230	209829386	157	*
chr2	209839210	209839442	233	*
chr2	209849449	209849632	184	*
chr2	209877951	209878181	231	*
chr2	209880950	209881099	150	*
chr1	40983276	40983461	186	*
chr2	209904759	209904970	212	*
chr2	209913799	209913943	145	*
chr2	209918530	209918668	139	*
chr2	209933820	209934008	189	*
chr2	209939470	209939655	186	*
chr2	209941218	209941491	274	*
chr2	209943370	209943520	151	*
chr2	209945049	209945197	149	*
chr2	209945843	209945944	102	*
chr2	209954098	209954278	181	*
chr1	40987370	40987478	109	*
chr2	209967436	209967642	207	*
chr2	209970780	209971071	292	*
chr2	209976103	209976303	201	*
chr2	209976897	209977082	186	*
chr2	209978515	209978714	200	*
chr2	209982184	209982322	139	*
chr1	10352629	10352741	113	*
chr2	209993302	209993431	130	*
chr2	210015964	210016132	169	*
chr2	210019661	210019795	135	*
chr1	40997392	40997528	137	*
chr2	210025098	210025227	130	*
chr2	210028841	210028959	119	*
chr2	210029800	210029930	131	*
chr2	210203327	210203446	120	*
chr2	210216342	210216515	174	*
chr2	210294232	210294428	197	*
chr2	210440593	210440751	159	*
chr1	41009439	41009591	153	*
chr2	210471956	210472077	122	*
chr2	210573289	210573412	124	*
chr2	210576343	210576493	151	*
chr2	210582593	210582713	121	*
chr2	210588055	210588155	101	*
chr2	210590087	210590237	151	*
chr2	210590797	210590911	115	*
chr2	210591829	210591972	144	*
chr1	41017232	41017359	128	*
chr2	210599366	210599567	202	*
chr2	210600544	210600716	173	*
chr2	210605100	210605252	153	*
chr2	210606716	210606946	231	*
chr2	210608359	210608564	206	*
chr1	41017672	41018000	329	*
chr2	210637695	210637846	152	*
chr2	210642478	210642667	190	*
chr2	210647860	210648060	201	*
chr2	210660480	210660657	178	*
chr2	210676993	210677146	154	*
chr1	41046466	41046600	135	*
chr1	41048685	41048892	208	*
chr2	211420435	211420616	182	*
chr2	211422005	211422106	102	*
chr1	41113281	41113528	248	*
chr2	211619170	211619296	127	*
chr2	211679047	211679186	140	*
chr1	41142919	41143126	208	*
chr2	211701960	211702168	209	*
chr2	211712044	211712189	146	*
chr2	211725068	211725199	132	*
chr2	211788010	211788175	166	*
chr2	211947418	211947623	206	*
chr1	41524722	41524933	212	*
chr1	41579732	41580064	333	*
chr2	213007165	213008102	938	*
chr2	213021983	213022142	160	*
chr2	213297257	213297359	103	*
chr2	213340155	213340274	120	*
chr2	214410191	214410309	119	*
chr2	214414134	214414588	455	*
chr2	214575656	214575843	188	*
chr2	214728688	214729013	326	*
chr2	214745061	214745172	112	*
chr2	214934073	214934228	156	*
chr2	214944993	214945135	143	*
chr2	214953852	214954000	149	*
chr2	214954022	214954122	101	*
chr2	214955198	214955363	166	*
chr2	214958271	214958488	218	*
chr2	214966846	214966955	110	*
chr1	41583341	41583463	123	*
chr2	214975779	214975996	218	*
chr2	214982184	214982392	209	*
chr2	215000699	215000960	262	*
chr2	215007724	215007848	125	*
chr2	215010329	215010488	160	*
chr2	215015488	215015591	104	*
chr2	215064103	215064226	124	*
chr2	215325974	215326153	180	*
chr2	215326819	215326981	163	*
chr2	215332377	215332510	134	*
chr2	215338774	215338912	139	*
chr2	215346748	215346943	196	*
chr2	215349531	215349657	127	*
chr2	215365499	215365644	146	*
chr2	215372302	215372410	109	*
chr1	42404494	42404603	110	*
chr2	215380808	215381160	353	*
chr2	215386686	215386829	144	*
chr1	42409982	42410191	210	*
chr2	215388202	215388307	106	*
chr2	215392915	215393292	378	*
chr2	215394524	215394724	201	*
chr2	215404384	215404661	278	*
chr2	215406233	215406517	285	*
chr2	215407124	215407323	200	*
chr1	42414467	42414870	404	*
chr2	215409558	215409725	168	*
chr2	215419236	215419389	154	*
chr2	215424140	215424342	203	*
chr1	10365098	10365247	150	*
chr1	42738419	42738588	170	*
chr2	215945565	215945736	172	*
chr2	216065309	216065479	171	*
chr2	216127524	216127677	154	*
chr2	216148077	216148281	205	*
chr2	216259468	216259681	214	*
chr2	216277655	216277881	227	*
chr2	216283571	216283739	169	*
chr2	216499267	216499398	132	*
chr2	218239388	218239490	103	*
chr2	218249362	218249467	106	*
chr2	218249817	218249927	111	*
chr2	218266439	218266597	159	*
chr1	42927601	42927798	198	*
chr2	218344453	218344573	121	*
chr2	218558496	218558659	164	*
chr2	218594058	218594273	216	*
chr2	218622641	218622817	177	*
chr2	218638469	218638809	341	*
chr1	42929586	42929782	197	*
chr2	218644676	218645053	378	*
chr2	218660988	218661312	325	*
chr2	218745689	218745807	119	*
chr1	42930624	42930817	194	*
chr2	218809574	218809772	199	*
chr2	218882217	218882381	165	*
chr2	219003150	219003274	125	*
chr2	219057432	219057697	266	*
chr2	219060150	219060341	192	*
chr2	219147629	219147812	184	*
chr2	219181060	219181211	152	*
chr2	219213821	219213954	134	*
chr2	219222044	219222163	120	*
chr2	219223583	219223769	187	*
chr2	219223864	219224037	174	*
chr1	10365404	10365650	247	*
chr2	219224094	219224855	762	*
chr2	219225066	219225215	150	*
chr2	219294973	219295161	189	*
chr1	43181527	43181852	326	*
chr2	219386660	219386781	122	*
chr2	219386883	219386983	101	*
chr2	219418718	219419045	328	*
chr2	219471865	219471992	128	*
chr2	219490406	219490612	207	*
chr1	43185233	43185360	128	*
chr2	219501474	219501582	109	*
chr2	219504080	219504219	140	*
chr2	219531996	219532130	135	*
chr2	219632264	219632445	182	*
chr2	219635268	219635445	178	*
chr2	219636678	219636877	200	*
chr2	219640430	219640601	172	*
chr1	43215253	43215422	170	*
chr1	43219380	43219542	163	*
chr1	43222103	43222298	196	*
chr2	221425923	221426171	249	*
chr2	221426340	221426626	287	*
chr2	221429889	221430154	266	*
chr2	221434136	221434294	159	*
chr2	221442537	221443016	480	*
chr1	43224044	43224207	164	*
chr2	221501011	221501181	171	*
chr2	221563725	221564422	698	*
chr1	43234274	43234418	145	*
chr1	43234492	43234641	150	*
chr2	222221216	222221439	224	*
chr1	10374308	10374470	163	*
chr1	43307794	43307926	133	*
chr2	222295516	222295661	146	*
chr2	222558755	222558900	146	*
chr2	222624089	222624490	402	*
chr2	222633194	222633313	120	*
chr2	222634387	222634543	157	*
chr1	43313835	43313974	140	*
chr2	222918044	222918160	117	*
chr2	222924443	222924600	158	*
chr2	222930615	222930823	209	*
chr2	222933164	222933286	123	*
chr1	43317197	43317411	215	*
chr2	222941471	222941837	367	*
chr2	223052930	223053345	416	*
chr2	223598165	223598775	611	*
chr2	223775895	223776030	136	*
chr2	223777671	223777884	214	*
chr2	223959532	223959741	210	*
chr2	223963715	223963944	230	*
chr2	223977538	223977647	110	*
chr2	223984747	223984956	210	*
chr2	224401033	224401218	186	*
chr2	224401246	224401429	184	*
chr2	224481889	224482081	193	*
chr2	224495818	224495987	170	*
chr2	224503647	224503836	190	*
chr2	224505949	224506164	216	*
chr2	224506849	224507017	169	*
chr2	224511349	224511589	241	*
chr2	224513521	224513646	126	*
chr2	224514609	224514777	169	*
chr2	224535521	224535656	136	*
chr2	224557655	224557864	210	*
chr2	224774899	224775123	225	*
chr2	224778135	224778287	153	*
chr2	224787272	224787403	132	*
chr2	224792960	224793130	171	*
chr2	224794873	224795112	240	*
chr2	224796958	224797148	191	*
chr2	224823498	224823656	159	*
chr2	224830537	224830640	104	*
chr2	224841801	224841918	118	*
chr2	224852932	224853132	201	*
chr2	224856857	224856998	142	*
chr2	224874246	224874352	107	*
chr2	224885666	224885807	142	*
chr2	224886043	224886195	153	*
chr2	224896285	224896398	114	*
chr2	224916689	224916794	106	*
chr1	43361117	43361248	132	*
chr1	43362193	43362315	123	*
chr2	225581928	225583041	1114	*
chr1	43363918	43364139	222	*
chr1	43364319	43364463	145	*
chr2	226797256	226798296	1041	*
chr2	226798373	226798741	369	*
chr2	226864694	226865130	437	*
chr2	227007326	227007607	282	*
chr2	227008013	227008306	294	*
chr2	227010310	227010443	134	*
chr1	43365181	43365379	199	*
chr2	227270768	227270958	191	*
chr2	227273000	227273123	124	*
chr2	227280438	227280591	154	*
chr2	227294962	227295065	104	*
chr2	227342715	227342824	110	*
chr2	227352473	227352577	105	*
chr2	227356981	227357290	310	*
chr2	227491536	227491646	111	*
chr2	227519916	227520069	154	*
chr2	227531050	227531230	181	*
chr2	227533535	227533765	231	*
chr2	227550015	227550169	155	*
chr1	43387498	43387650	153	*
chr2	227695881	227696088	208	*
chr2	227698804	227698933	130	*
chr2	227921379	227921563	185	*
chr2	227981591	227981865	275	*
chr2	227990996	227991188	193	*
chr2	227993519	227993660	142	*
chr1	43403598	43403778	181	*
chr2	228016859	228017684	826	*
chr2	228021703	228021979	277	*
chr1	43404378	43404553	176	*
chr2	229366870	229367129	260	*
chr2	229388258	229388398	141	*
chr2	229477136	229477281	146	*
chr2	229512778	229512939	162	*
chr2	229778428	229778590	163	*
chr1	43420155	43420325	171	*
chr2	229787500	229787670	171	*
chr2	229789603	229789782	180	*
chr2	229792961	229793187	227	*
chr2	229803566	229803701	136	*
chr2	229805720	229805897	178	*
chr2	229813852	229814061	210	*
chr1	43421172	43421305	134	*
chr2	229818359	229818515	157	*
chr2	229840819	229840930	112	*
chr2	229858840	229859577	738	*
chr2	229879977	229880131	155	*
chr1	43422080	43422231	152	*
chr2	230045741	230046228	488	*
chr2	230793211	230793338	128	*
chr2	230798722	230798900	179	*
chr1	43424291	43424437	147	*
chr2	230876860	230876968	109	*
chr2	230877394	230877555	162	*
chr2	231062497	231062681	185	*
chr2	231066887	231067117	231	*
chr2	231072186	231072418	233	*
chr2	231077010	231077167	158	*
chr2	231080222	231080323	102	*
chr2	231082869	231082999	131	*
chr2	231083565	231083764	200	*
chr2	231085012	231085121	110	*
chr2	231108518	231109353	836	*
chr2	231123397	231123605	209	*
chr1	43425472	43425648	177	*
chr2	231153536	231153671	136	*
chr2	231161337	231161515	179	*
chr2	231165867	231166023	157	*
chr2	231235222	231235386	165	*
chr2	231258984	231259108	125	*
chr2	231331785	231331904	120	*
chr2	231344964	231345103	140	*
chr2	231397975	231398726	752	*
chr2	231398749	231398926	178	*
chr2	231528475	231528914	440	*
chr2	231796103	231796313	211	*
chr1	43430606	43430794	189	*
chr2	232136466	232136725	260	*
chr2	232163457	232163638	182	*
chr2	232249233	232249350	118	*
chr2	232263315	232263446	132	*
chr1	43431801	43431903	103	*
chr2	232480153	232480254	102	*
chr2	232480716	232480816	101	*
chr2	232481501	232481635	135	*
chr2	232482845	232482956	112	*
chr2	232483414	232483517	104	*
chr1	43437168	43437328	161	*
chr2	232483996	232484225	230	*
chr2	232486177	232486311	135	*
chr2	232523056	232523205	150	*
chr2	232526541	232526679	139	*
chr2	232528498	232528658	161	*
chr2	232542421	232542523	103	*
chr2	232557884	232558024	141	*
chr2	232564242	232564356	115	*
chr2	232574199	232574383	185	*
chr2	232662795	232662952	158	*
chr2	232768191	232768824	634	*
chr2	232770899	232771384	486	*
chr1	43438697	43438819	123	*
chr2	232791005	232791156	152	*
chr2	232812385	232812489	105	*
chr2	232879485	232879684	200	*
chr2	232883305	232883480	176	*
chr2	233032729	233032841	113	*
chr2	233122098	233122259	162	*
chr2	233130506	233130651	146	*
chr2	233256087	233256205	119	*
chr2	233289846	233289982	137	*
chr2	233290246	233290356	111	*
chr1	43442505	43442614	110	*
chr1	43443675	43443801	127	*
chr2	233468379	233468559	181	*
chr2	233485763	233485981	219	*
chr2	233533470	233533616	147	*
chr2	233540658	233540771	114	*
chr2	233549086	233549233	148	*
chr2	233551367	233551530	164	*
chr2	233938996	233939177	182	*
chr2	233942573	233942751	179	*
chr2	233963277	233963388	112	*
chr2	233969693	233969811	119	*
chr2	233970206	233970430	225	*
chr2	233983051	233983227	177	*
chr2	233985686	233985871	186	*
chr2	234496010	234496589	580	*
chr2	235883343	235883456	114	*
chr1	43450334	43450473	140	*
chr1	43569585	43569780	196	*
chr2	236120183	236120453	271	*
chr2	236580526	236581555	1030	*
chr2	237340829	237341097	269	*
chr2	237374468	237374610	143	*
chr2	237378863	237378984	122	*
chr2	237387573	237388308	736	*
chr2	237394569	237395237	669	*
chr2	238083238	238083359	122	*
chr2	238094418	238094524	107	*
chr2	238147832	238148025	194	*
chr1	43603608	43603722	115	*
chr2	238185179	238185295	117	*
chr2	238188125	238188277	153	*
chr2	238262186	238262287	102	*
chr2	238397459	238397558	100	*
chr1	10419628	10419747	120	*
chr2	238444409	238444653	245	*
chr2	239102773	239102899	127	*
chr2	241115286	241115414	129	*
chr2	241159209	241159350	142	*
chr2	241166335	241166446	112	*
chr1	43606811	43606973	163	*
chr2	241239599	241239817	219	*
chr2	241248241	241248350	110	*
chr2	241253388	241253499	112	*
chr1	43613616	43613720	105	*
chr2	241256182	241256404	223	*
chr2	241601891	241602003	113	*
chr2	241602968	241603082	115	*
chr2	241632909	241633303	395	*
chr2	241633886	241634077	192	*
chr2	241744705	241744881	177	*
chr1	43662989	43663094	106	*
chr3	1297864	1297996	133	*
chr3	1383291	1383412	122	*
chr1	43688912	43689097	186	*
chr3	2736212	2736347	136	*
chr3	2745479	2745704	226	*
chr3	2866746	2866954	209	*
chr3	2887038	2887229	192	*
chr3	2900661	2900826	166	*
chr1	43693986	43694108	123	*
chr3	3144581	3144692	112	*
chr3	3844679	3846954	2276	*
chr1	43949413	43950158	746	*
chr3	4667375	4667549	175	*
chr3	4706164	4706355	192	*
chr1	43956317	43956465	149	*
chr3	4733061	4733225	165	*
chr3	4775239	4775445	207	*
chr3	4846024	4846223	200	*
chr1	43957193	43957317	125	*
chr3	6861449	6861909	461	*
chr3	7298680	7298838	159	*
chr1	43957974	43958160	187	*
chr3	7578420	7579372	953	*
chr3	7680007	7680302	296	*
chr1	43958448	43958601	154	*
chr3	8537234	8537445	212	*
chr3	8565470	8565649	180	*
chr3	8567437	8567598	162	*
chr3	8753107	8753226	120	*
chr3	8767263	8767415	153	*
chr3	8767498	8768114	617	*
chr3	8935868	8936061	194	*
chr3	9374514	9374648	135	*
chr3	9428821	9429022	202	*
chr3	9441591	9441747	157	*
chr3	9442126	9442249	124	*
chr1	6451980	6452098	119	*
chr3	9447713	9447823	111	*
chr3	9448386	9448633	248	*
chr1	43967312	43967498	187	*
chr3	9475909	9476094	186	*
chr3	9552269	9552652	384	*
chr3	9712723	9712830	108	*
chr3	9718026	9718212	187	*
chr3	9718505	9718604	100	*
chr3	9734133	9734742	610	*
chr3	9738995	9739963	969	*
chr3	9740777	9740941	165	*
chr3	9741302	9741443	142	*
chr3	9743584	9743797	214	*
chr3	9744221	9744513	293	*
chr3	9745570	9745715	146	*
chr3	9746297	9746436	140	*
chr3	9747164	9747347	184	*
chr3	9760654	9760779	126	*
chr3	9762912	9763054	143	*
chr3	9780358	9780551	194	*
chr3	9787001	9787110	110	*
chr3	9787197	9787342	146	*
chr3	9892988	9893377	390	*
chr3	9943074	9943176	103	*
chr1	43985515	43985624	110	*
chr3	9986502	9986660	159	*
chr3	10039716	10039844	129	*
chr3	10065392	10065497	106	*
chr3	10087144	10087268	125	*
chr3	10088826	10088954	129	*
chr3	10104248	10104506	259	*
chr3	10115669	10115821	153	*
chr3	10149784	10149926	143	*
chr3	10177836	10178026	191	*
chr3	10270658	10270801	144	*
chr3	10270824	10271017	194	*
chr3	10301260	10301377	118	*
chr3	10304024	10304174	151	*
chr1	44214348	44214447	100	*
chr3	10311959	10312101	143	*
chr3	10312577	10312733	157	*
chr1	44214700	44214902	203	*
chr3	10358685	10358927	243	*
chr3	10359878	10360126	249	*
chr3	10371925	10372053	129	*
chr3	10375428	10375647	220	*
chr3	10378250	10378412	163	*
chr3	10402086	10402346	261	*
chr3	10816410	10816526	117	*
chr3	10819710	10819855	146	*
chr3	11017134	11017452	319	*
chr3	11018596	11018699	104	*
chr3	11022334	11022473	140	*
chr3	11025447	11025584	138	*
chr3	11025771	11025877	107	*
chr3	11259332	11259532	201	*
chr3	11259575	11259744	170	*
chr3	11260257	11260359	103	*
chr3	11260385	11260496	112	*
chr3	11315332	11315497	166	*
chr3	11332969	11333098	130	*
chr3	11347875	11348041	167	*
chr3	11362811	11362934	124	*
chr3	11809515	11809686	172	*
chr3	11839217	11839316	100	*
chr3	11844023	11844213	191	*
chr3	12145676	12145839	164	*
chr3	12162010	12162160	151	*
chr3	12392608	12392759	152	*
chr3	12405860	12406081	222	*
chr3	12416697	12417159	463	*
chr3	12433893	12434144	252	*
chr3	12519056	12519204	149	*
chr3	12581801	12581956	156	*
chr3	12590791	12590976	186	*
chr3	12599686	12599817	132	*
chr3	12600146	12600286	141	*
chr3	12606198	12606304	107	*
chr3	12608761	12608925	165	*
chr3	12611945	12612069	125	*
chr3	12817507	12817820	314	*
chr3	12825467	12825641	175	*
chr3	12831463	12831577	115	*
chr3	12915591	12915735	145	*
chr3	12920425	12920598	174	*
chr3	12924576	12924746	171	*
chr3	12935442	12936090	649	*
chr3	12936426	12936700	275	*
chr3	13360359	13360494	136	*
chr3	13371830	13372035	206	*
chr3	13373716	13373875	160	*
chr3	13386273	13386408	136	*
chr3	13397352	13397490	139	*
chr3	13399720	13399862	143	*
chr3	13570446	13570879	434	*
chr3	13637595	13637903	309	*
chr3	13818944	13819425	482	*
chr3	13854529	13854805	277	*
chr3	13874941	13875176	236	*
chr1	44339041	44339174	134	*
chr3	14129435	14129564	130	*
chr3	14131578	14131678	101	*
chr3	14134766	14134881	116	*
chr3	14141588	14141795	208	*
chr3	14148808	14148950	143	*
chr3	14165474	14165587	114	*
chr3	14472195	14472319	125	*
chr3	14511162	14511313	152	*
chr3	14524387	14524540	154	*
chr3	14926068	14926199	132	*
chr3	14932569	14932733	165	*
chr3	15013576	15013793	218	*
chr3	15020751	15020938	188	*
chr3	15042826	15043008	183	*
chr1	44412049	44412730	682	*
chr3	15065057	15065198	142	*
chr3	15073793	15073943	151	*
chr3	15077058	15077170	113	*
chr3	15078072	15078172	101	*
chr3	15084729	15084898	170	*
chr3	15090392	15090542	151	*
chr3	15095967	15096116	150	*
chr3	15212102	15212221	120	*
chr3	15232510	15232672	163	*
chr3	15240471	15240619	149	*
chr3	15256848	15256975	128	*
chr3	15258889	15259053	165	*
chr3	15429911	15430012	102	*
chr3	15456457	15456590	134	*
chr3	15564563	15564663	101	*
chr3	15568430	15568591	162	*
chr3	15574975	15575089	115	*
chr3	15579908	15580047	140	*
chr3	15585243	15585344	102	*
chr3	15601084	15601200	117	*
chr3	15644314	15644512	199	*
chr3	15645303	15645488	186	*
chr3	15677472	15677585	114	*
chr3	15685222	15685454	233	*
chr3	15690015	15690231	217	*
chr3	15720912	15721129	218	*
chr3	15724376	15724526	151	*
chr3	16195757	16195930	174	*
chr3	16200613	16200827	215	*
chr3	16370073	16370281	209	*
chr3	16433846	16434040	195	*
chr3	17009672	17012161	2490	*
chr3	17185104	17185214	111	*
chr3	17214202	17214392	191	*
chr3	17383664	17384028	365	*
chr3	18351969	18352206	238	*
chr3	18378164	18378362	199	*
chr3	18386397	18386614	218	*
chr3	18397136	18397342	207	*
chr3	19450104	19450310	207	*
chr3	19456762	19456988	227	*
chr1	44649658	44649774	117	*
chr3	19888441	19888653	213	*
chr3	19918224	19918421	198	*
chr3	19950841	19951067	227	*
chr3	19975595	19975753	159	*
chr3	19976045	19976174	130	*
chr3	19985874	19986030	157	*
chr3	20095261	20095413	153	*
chr3	20101281	20101469	189	*
chr1	44654956	44655125	170	*
chr3	20114879	20114992	114	*
chr3	20152315	20152527	213	*
chr3	21564557	21564747	191	*
chr1	44689800	44689914	115	*
chr3	23499589	23499746	158	*
chr3	23890498	23890885	388	*
chr3	23961961	23962109	149	*
chr3	23962396	23962612	217	*
chr3	23964960	23965167	208	*
chr3	23977221	23977504	284	*
chr3	24122821	24123128	308	*
chr3	24127495	24127766	272	*
chr3	24143496	24143708	213	*
chr3	24146670	24146825	156	*
chr1	44759203	44759350	148	*
chr1	44760278	44760488	211	*
chr1	44760590	44760707	118	*
chr3	25501172	25501334	163	*
chr3	25580544	25580725	182	*
chr3	25593500	25593709	210	*
chr3	25594518	25594680	163	*
chr3	25596416	25596629	214	*
chr3	25618414	25618513	100	*
chr3	25619855	25620065	211	*
chr3	25623511	25623748	238	*
chr3	25624294	25624447	154	*
chr3	25624677	25624807	131	*
chr3	25629032	25629148	117	*
chr3	25630019	25630170	152	*
chr3	25630310	25630471	162	*
chr3	25632692	25632796	105	*
chr3	25633835	25634017	183	*
chr3	25635931	25636172	242	*
chr1	44786459	44786699	241	*
chr3	25638161	25638314	154	*
chr3	25645298	25645508	211	*
chr3	25719470	25719638	169	*
chr3	25729129	25729305	177	*
chr3	25733870	25733983	114	*
chr3	25739694	25739801	108	*
chr3	25764211	25764318	108	*
chr3	25778571	25778695	125	*
chr3	25791529	25792001	473	*
chr3	25794085	25794491	407	*
chr3	26709628	26710452	825	*
chr3	27131877	27131993	117	*
chr3	27202422	27202562	141	*
chr3	27301688	27301841	154	*
chr3	27385888	27386025	138	*
chr3	27394515	27394781	267	*
chr3	27397674	27397799	126	*
chr3	27404825	27404985	161	*
chr3	27418481	27418634	154	*
chr3	27424033	27424155	123	*
chr3	27433883	27434106	224	*
chr3	27436386	27436550	165	*
chr3	27448647	27448800	154	*
chr3	27717069	27717817	749	*
chr3	27719357	27719492	136	*
chr3	28263289	28263406	118	*
chr3	28319506	28319634	129	*
chr3	28336766	28336887	122	*
chr1	44841842	44842058	217	*
chr3	29281617	29281762	146	*
chr1	44879816	44880014	199	*
chr3	29434713	29434921	209	*
chr1	44978313	44978462	150	*
chr1	44981016	44981180	165	*
chr3	30671681	30672442	762	*
chr3	30688381	30688516	136	*
chr1	45004242	45004380	139	*
chr3	30800886	30801090	205	*
chr3	30850830	30850954	125	*
chr3	31615067	31615206	140	*
chr3	31616916	31617077	162	*
chr3	31619662	31619835	174	*
chr1	45012912	45013024	113	*
chr3	31670794	31670985	192	*
chr3	31683628	31683791	164	*
chr3	31830035	31830243	209	*
chr3	32128074	32128258	185	*
chr1	45014734	45014841	108	*
chr3	32158874	32159111	238	*
chr3	32159563	32159680	118	*
chr3	32441889	32442018	130	*
chr3	32532982	32533099	118	*
chr3	32537002	32537119	118	*
chr3	32544867	32545116	250	*
chr3	32713225	32713374	150	*
chr3	32733420	32733551	132	*
chr3	32773449	32773611	163	*
chr3	32890358	32890778	421	*
chr3	32891038	32891182	145	*
chr3	32891635	32891811	177	*
chr3	32953504	32953883	380	*
chr1	45034310	45034471	162	*
chr3	33065460	33065567	108	*
chr3	33124441	33124585	145	*
chr3	33411567	33411700	134	*
chr3	33425588	33425748	161	*
chr1	45036034	45036305	272	*
chr3	33510553	33510766	214	*
chr3	33538780	33538949	170	*
chr3	33544696	33544843	148	*
chr3	33560799	33560985	187	*
chr3	33576166	33576292	127	*
chr3	33584745	33584931	187	*
chr3	33606578	33606761	184	*
chr3	33626984	33627091	108	*
chr3	33644765	33644905	141	*
chr1	45043214	45043407	194	*
chr3	33688268	33688375	108	*
chr3	33821935	33822085	151	*
chr3	33825185	33825343	159	*
chr3	33836042	33836269	228	*
chr1	45051069	45051255	187	*
chr3	33845417	33845593	177	*
chr3	33852486	33852738	253	*
chr3	33853865	33854018	154	*
chr3	33855163	33855265	103	*
chr1	45058604	45058761	158	*
chr1	45060097	45060249	153	*
chr1	45087877	45088240	364	*
chr3	35706881	35707162	282	*
chr3	35739314	35739579	266	*
chr3	35793688	35793958	271	*
chr3	36443361	36443466	106	*
chr3	36484966	36485065	100	*
chr3	36486120	36486254	135	*
chr3	36528846	36528991	146	*
chr3	36718005	36718180	176	*
chr3	36737203	36737516	314	*
chr3	36832174	36832376	203	*
chr3	36832855	36832991	137	*
chr3	36833593	36833876	284	*
chr3	36834759	36834909	151	*
chr3	36838369	36838506	138	*
chr3	36855323	36855776	454	*
chr3	36855841	36856166	326	*
chr3	36856392	36856688	297	*
chr3	36856795	36856922	128	*
chr3	36856972	36857245	274	*
chr3	37014430	37014550	121	*
chr3	37028781	37028937	157	*
chr3	37040184	37040296	113	*
chr3	37047517	37047684	168	*
chr3	37065806	37065945	140	*
chr3	37083633	37083808	176	*
chr3	37302183	37302339	157	*
chr3	37315418	37315602	185	*
chr3	37323581	37323978	398	*
chr3	37324686	37325115	430	*
chr3	37326211	37326481	271	*
chr1	45341120	45341220	101	*
chr3	37328955	37329092	138	*
chr3	37533311	37533472	162	*
chr3	37683869	37684019	151	*
chr3	37777391	37777521	131	*
chr3	37803821	37803947	127	*
chr1	45342382	45342645	264	*
chr3	38125560	38125719	160	*
chr3	38126506	38126702	197	*
chr3	38141126	38141287	162	*
chr3	38550909	38551154	246	*
chr3	38551186	38551550	365	*
chr3	38556434	38556580	147	*
chr3	38560314	38560430	117	*
chr3	38585893	38586044	152	*
chr3	38587397	38587576	180	*
chr3	38606667	38606770	104	*
chr3	38613716	38613874	159	*
chr3	38697914	38698107	194	*
chr3	38698178	38698526	349	*
chr3	38712331	38712447	117	*
chr3	38757016	38757119	104	*
chr1	45345048	45345229	182	*
chr3	38761248	38761385	138	*
chr3	38846986	38847242	257	*
chr3	38850472	38850595	124	*
chr3	38863189	38863301	113	*
chr3	38867314	38867419	106	*
chr1	45345258	45345365	108	*
chr3	38883229	38883328	100	*
chr3	38899970	38900075	106	*
chr3	38910064	38910167	104	*
chr3	39068757	39068863	107	*
chr3	39089224	39089325	102	*
chr3	39093872	39094071	200	*
chr3	39114583	39114744	162	*
chr3	39125060	39125166	107	*
chr3	39125398	39125534	137	*
chr3	39128714	39128835	122	*
chr3	39129070	39129185	116	*
chr3	39129211	39129314	104	*
chr3	39130246	39130360	115	*
chr3	39144135	39144253	119	*
chr3	39188232	39188340	109	*
chr3	39389493	39389593	101	*
chr3	39407621	39407741	121	*
chr1	45457558	45457785	228	*
chr3	40044047	40044277	231	*
chr3	40244444	40244612	169	*
chr3	40422985	40423127	143	*
chr3	40457888	40457996	109	*
chr1	45514504	45514639	136	*
chr3	41224519	41224757	239	*
chr3	41224939	41225211	273	*
chr3	41225332	41225577	246	*
chr3	41225645	41225863	219	*
chr3	41234134	41234303	170	*
chr1	45515650	45515809	160	*
chr3	41705050	41705160	111	*
chr3	41754358	41754497	140	*
chr1	45518937	45519052	116	*
chr3	41835859	41835958	100	*
chr3	42194800	42194946	147	*
chr3	42209765	42210083	319	*
chr1	45567980	45568181	202	*
chr3	42530776	42530935	160	*
chr3	42563516	42563692	177	*
chr3	42619018	42619132	115	*
chr1	45568483	45568686	204	*
chr3	42621415	42621582	168	*
chr3	42632599	42632825	227	*
chr3	42639476	42639754	279	*
chr3	42661482	42661637	156	*
chr3	42663794	42663944	151	*
chr3	42685643	42686222	580	*
chr3	42686537	42686772	236	*
chr3	42688608	42688721	114	*
chr3	42688866	42688982	117	*
chr3	42691880	42691993	114	*
chr3	42693641	42693820	180	*
chr3	42735703	42735915	213	*
chr3	42747255	42747365	111	*
chr1	45618102	45618251	150	*
chr3	43079688	43080576	889	*
chr3	43080598	43081287	690	*
chr3	43303194	43303801	608	*
chr3	43332167	43332316	150	*
chr3	43340285	43340502	218	*
chr3	43576687	43576800	114	*
chr3	43576822	43577256	435	*
chr3	43598523	43598671	149	*
chr3	43702206	43702594	389	*
chr3	43711707	43711869	163	*
chr3	44287384	44287547	164	*
chr3	44309818	44309994	177	*
chr3	44323082	44323301	220	*
chr3	44331780	44332011	232	*
chr3	44784843	44784947	105	*
chr3	44829959	44830083	125	*
chr3	44838271	44838423	153	*
chr3	44841072	44841241	170	*
chr3	44959123	44959466	344	*
chr3	44989138	44989247	110	*
chr1	45629571	45629680	110	*
chr3	45007415	45007579	165	*
chr3	45011232	45011339	108	*
chr3	45458740	45458892	153	*
chr3	45547347	45547530	184	*
chr3	45636148	45636255	108	*
chr3	45709496	45709651	156	*
chr3	45732051	45732156	106	*
chr3	45743524	45743764	241	*
chr3	45759027	45759130	104	*
chr3	45759854	45760023	170	*
chr3	45765533	45765744	212	*
chr3	45771212	45771452	241	*
chr3	45782080	45782226	147	*
chr3	45828437	45828617	181	*
chr3	45901419	45901624	206	*
chr3	45959388	45959544	157	*
chr3	46021541	46021645	105	*
chr3	46203547	46203722	176	*
chr3	46358383	46358524	142	*
chr3	46532768	46532903	136	*
chr3	47083715	47083923	209	*
chr3	47113897	47114017	121	*
chr3	47116618	47116764	147	*
chr3	47622202	47622346	145	*
chr3	47678195	47678317	123	*
chr3	47829021	47829138	118	*
chr3	47847426	47847541	116	*
chr3	47847778	47847958	181	*
chr3	48158945	48159087	143	*
chr3	48159346	48159457	112	*
chr3	48165634	48165736	103	*
chr3	48464924	48465087	164	*
chr3	48650887	48651078	192	*
chr3	48651357	48651482	126	*
chr3	48655039	48655206	168	*
chr3	48658885	48660495	1611	*
chr3	48689534	48689727	194	*
chr3	48692955	48693195	241	*
chr3	48765244	48765351	108	*
chr3	48927514	48927818	305	*
chr3	48968532	48968658	127	*
chr3	49005765	49005869	105	*
chr3	49024654	49024805	152	*
chr3	49024894	49025042	149	*
chr1	46028765	46028939	175	*
chr3	49025121	49025271	151	*
chr3	49025991	49026096	106	*
chr3	49026682	49026889	208	*
chr3	49027708	49027919	212	*
chr3	49030451	49030647	197	*
chr3	49032618	49032776	159	*
chr3	49033114	49033230	117	*
chr3	49044384	49044512	129	*
chr3	49046422	49046585	164	*
chr3	49056855	49057902	1048	*
chr3	49108960	49109065	106	*
chr3	49110439	49110607	169	*
chr3	49283984	49284138	155	*
chr3	49297863	49297967	105	*
chr3	49324891	49325041	151	*
chr3	49327681	49327827	147	*
chr1	46030126	46030240	115	*
chr3	49359868	49360385	518	*
chr3	49368420	49368554	135	*
chr3	49418966	49419154	189	*
chr3	49419258	49419403	146	*
chr3	49420209	49420344	136	*
chr3	49426248	49426347	100	*
chr3	49531049	49531906	858	*
chr3	49531934	49532670	737	*
chr3	49532735	49533200	466	*
chr3	49653313	49653527	215	*
chr3	49654426	49654906	481	*
chr3	49656842	49657001	160	*
chr3	49660476	49660919	444	*
chr1	46032170	46032407	238	*
chr3	49676374	49676520	147	*
chr1	46032596	46032720	125	*
chr3	49715573	49715715	143	*
chr3	49715819	49716012	194	*
chr3	49717951	49718190	240	*
chr3	49727420	49727662	243	*
chr3	49732784	49732980	197	*
chr3	49738210	49738425	216	*
chr1	46034742	46035039	298	*
chr3	49841820	49841942	123	*
chr3	49861434	49861580	147	*
chr3	49891192	49891309	118	*
chr3	49909248	49909402	155	*
chr3	49910239	49910572	334	*
chr3	49910608	49910887	280	*
chr3	49911524	49911714	191	*
chr3	49913217	49913346	130	*
chr3	49967395	49968107	713	*
chr3	50058404	50058568	165	*
chr3	50065031	50065131	101	*
chr3	50066395	50066505	111	*
chr3	50093720	50093880	161	*
chr3	50102797	50103171	375	*
chr3	50105547	50105713	167	*
chr3	50113381	50113546	166	*
chr3	50113948	50114103	156	*
chr3	50117071	50117177	107	*
chr1	46043674	46043874	201	*
chr3	50253022	50253190	169	*
chr3	50296886	50297070	185	*
chr3	50319567	50319889	323	*
chr3	50326353	50326478	126	*
chr3	50331557	50331739	183	*
chr3	50348679	50348785	107	*
chr3	50348872	50349012	141	*
chr3	50353238	50353744	507	*
chr3	50358210	50358847	638	*
chr3	50358869	50359062	194	*
chr1	46061925	46062073	149	*
chr3	50560959	50561067	109	*
chr3	50617660	50617790	131	*
chr3	50644390	50644539	150	*
chr3	50646138	50646268	131	*
chr3	50933975	50934084	110	*
chr3	51064433	51064603	171	*
chr3	51090228	51090388	161	*
chr3	51214109	51214252	144	*
chr1	46066908	46067104	197	*
chr3	51227265	51227451	187	*
chr3	51260154	51260328	175	*
chr3	51270813	51271010	198	*
chr3	51333156	51333256	101	*
chr3	51341231	51341387	157	*
chr3	51350281	51350397	117	*
chr3	51356087	51356257	171	*
chr3	51357959	51358084	126	*
chr3	51360500	51360635	136	*
chr3	51381047	51381558	512	*
chr3	51392576	51393264	689	*
chr3	51393287	51394073	787	*
chr3	51413278	51413388	111	*
chr1	46189452	46189569	118	*
chr3	51418674	51418878	205	*
chr3	51419729	51420999	1271	*
chr3	51427367	51427552	186	*
chr3	51429256	51429471	216	*
chr3	51433101	51433272	172	*
chr3	51441380	51441609	230	*
chr3	51443762	51443909	148	*
chr3	51463111	51463229	119	*
chr3	51633571	51633764	194	*
chr3	51633896	51634042	147	*
chr3	51645022	51645235	214	*
chr3	51646282	51646486	205	*
chr3	51662669	51663430	762	*
chr3	51709047	51709435	389	*
chr3	51712471	51713092	622	*
chr3	51713133	51713317	185	*
chr3	51715363	51716142	780	*
chr3	51935587	51935693	107	*
chr3	51936252	51936351	100	*
chr3	51936426	51936557	132	*
chr3	52050813	52051130	318	*
chr3	52053935	52054377	443	*
chr3	52229658	52229785	128	*
chr3	52231442	52231542	101	*
chr3	52258529	52258684	156	*
chr1	46195806	46195926	121	*
chr3	52290580	52290726	147	*
chr3	52290958	52291113	156	*
chr3	52332138	52332305	168	*
chr3	52349225	52349416	192	*
chr3	52352549	52352710	162	*
chr3	52360309	52360426	118	*
chr1	46259954	46260104	151	*
chr3	52378640	52378785	146	*
chr3	52383384	52383596	213	*
chr3	52383858	52384003	146	*
chr3	52388165	52388339	175	*
chr1	46261259	46261384	126	*
chr3	52391440	52391590	151	*
chr3	52392827	52393029	203	*
chr3	52393332	52393488	157	*
chr3	52395545	52395680	136	*
chr3	52400323	52400446	124	*
chr3	52402776	52402884	109	*
chr1	46274535	46274722	188	*
chr3	52404451	52404588	138	*
chr3	52407169	52407318	150	*
chr3	52407955	52408079	125	*
chr3	52408466	52408609	144	*
chr3	52440371	52440524	154	*
chr3	52440929	52441050	122	*
chr1	46278865	46279093	229	*
chr3	52451739	52451861	123	*
chr3	52458654	52458850	197	*
chr3	52476438	52476602	165	*
chr3	52509208	52509327	120	*
chr3	52516041	52516242	202	*
chr3	52524467	52524733	267	*
chr3	52527833	52527933	101	*
chr3	52528178	52528314	137	*
chr3	52547748	52548248	501	*
chr3	52550418	52550643	226	*
chr3	52561761	52561980	220	*
chr3	52563278	52563497	220	*
chr3	52564045	52564236	192	*
chr3	52576538	52576700	163	*
chr3	52587347	52587512	166	*
chr3	52603512	52603734	223	*
chr3	52609308	52609962	655	*
chr3	52617260	52617543	284	*
chr3	52628891	52629045	155	*
chr3	52634599	52634829	231	*
chr1	46286240	46286504	265	*
chr3	52641949	52642060	112	*
chr3	52658193	52658319	127	*
chr3	52668493	52668654	162	*
chr3	52679568	52679760	193	*
chr3	52681679	52681847	169	*
chr3	52687243	52687386	144	*
chr3	52695414	52695589	176	*
chr3	52737584	52737721	138	*
chr3	52763464	52763626	163	*
chr3	52766174	52766369	196	*
chr3	52796736	52796846	111	*
chr3	52802332	52802471	140	*
chr3	52802676	52802810	135	*
chr3	52824840	52824961	122	*
chr3	52826789	52826952	164	*
chr3	52833611	52833733	123	*
chr3	52849788	52849915	128	*
chr3	52905136	52905279	144	*
chr3	52906110	52906242	133	*
chr3	52910991	52911187	197	*
chr3	52912534	52912649	116	*
chr3	52943350	52943595	246	*
chr3	52954312	52954413	102	*
chr3	53092433	53092620	188	*
chr3	53179574	53179780	207	*
chr3	53183450	53183583	134	*
chr3	53184872	53184976	105	*
chr3	53186165	53186342	178	*
chr3	53189055	53189248	194	*
chr3	53189868	53190004	137	*
chr3	53229275	53229442	168	*
chr3	53230451	53230624	174	*
chr3	53240247	53240351	105	*
chr3	53342139	53342282	144	*
chr3	53347377	53347530	154	*
chr3	53497179	53497436	258	*
chr3	53665651	53665818	168	*
chr3	53666328	53666540	213	*
chr3	53673636	53673831	196	*
chr3	53702638	53702787	150	*
chr3	53730440	53730559	120	*
chr3	53749266	53749475	210	*
chr3	53770092	53770557	466	*
chr3	53801049	53801429	381	*
chr3	53820472	53820611	140	*
chr1	46507004	46507172	169	*
chr3	53877209	53877389	181	*
chr3	53877644	53877757	114	*
chr3	53879934	53880111	178	*
chr1	46510420	46510656	237	*
chr1	46510933	46511047	115	*
chr3	54887957	54888058	102	*
chr1	46512039	46512218	180	*
chr1	46512246	46512494	249	*
chr3	55470089	55470552	464	*
chr1	46583226	46583331	106	*
chr1	46609997	46610207	211	*
chr1	46612899	46613321	423	*
chr3	55888381	55888556	176	*
chr3	55992055	55992270	216	*
chr1	46643190	46643304	115	*
chr3	56080812	56080988	177	*
chr3	56139504	56139687	184	*
chr1	46645158	46645264	107	*
chr3	56434348	56435060	713	*
chr3	56566947	56567054	108	*
chr3	56613582	56613755	174	*
chr3	56624824	56625014	191	*
chr3	56627034	56627152	119	*
chr3	56627577	56627750	174	*
chr1	46696545	46696651	107	*
chr3	56633041	56633200	160	*
chr3	56633525	56633753	229	*
chr3	56660725	56660826	102	*
chr3	56660910	56661023	114	*
chr3	56666255	56666392	138	*
chr3	56668394	56668520	127	*
chr3	56673573	56673734	162	*
chr1	46707904	46708055	152	*
chr3	56745199	56745489	291	*
chr3	57098387	57098542	156	*
chr3	57105855	57106016	162	*
chr3	57110187	57110313	127	*
chr3	57114686	57114822	137	*
chr3	57198384	57198497	114	*
chr3	57296832	57296986	155	*
chr3	57309146	57309265	120	*
chr1	47219952	47220177	226	*
chr3	57352080	57352230	151	*
chr3	57357172	57357350	179	*
chr3	57363592	57363801	210	*
chr3	57366723	57366935	213	*
chr3	57375366	57375534	169	*
chr3	57386439	57386605	167	*
chr3	57391867	57392067	201	*
chr1	47251136	47251315	180	*
chr3	57403305	57403503	199	*
chr3	57404964	57405149	186	*
chr3	57405768	57405984	217	*
chr3	57413737	57413918	182	*
chr3	57415425	57415575	151	*
chr3	57428631	57428823	193	*
chr3	57433364	57433510	147	*
chr3	57433642	57433832	191	*
chr3	57444690	57444821	132	*
chr3	57445168	57445423	256	*
chr3	57446534	57446696	163	*
chr3	57454773	57454908	136	*
chr3	57458094	57458221	128	*
chr1	47251738	47251928	191	*
chr3	57504015	57504206	192	*
chr3	57507640	57507840	201	*
chr3	57556752	57556861	110	*
chr3	57559560	57560005	446	*
chr3	57571324	57572318	995	*
chr3	57575541	57575675	135	*
chr3	57628214	57628347	134	*
chr3	57630711	57630830	120	*
chr3	57641645	57641752	108	*
chr3	57661444	57661554	111	*
chr3	57831373	57831546	174	*
chr3	57864546	57864720	175	*
chr3	58008566	58008861	296	*
chr3	58094833	58094956	124	*
chr3	58098709	58098914	206	*
chr3	58102164	58102347	184	*
chr3	58108456	58108576	121	*
chr3	58118866	58118996	131	*
chr1	47302232	47302354	123	*
chr3	58130739	58130913	175	*
chr3	58132805	58132935	131	*
chr3	58138280	58138534	255	*
chr3	58142645	58142758	114	*
chr3	58145919	58146050	132	*
chr3	58146818	58146998	181	*
chr3	58148646	58148854	209	*
chr3	58149848	58150004	157	*
chr3	58153370	58153646	277	*
chr3	58155958	58156132	175	*
chr3	58168436	58168662	227	*
chr3	58169587	58169797	211	*
chr3	58170573	58170762	190	*
chr3	58197819	58197981	163	*
chr3	58270930	58271070	141	*
chr3	58293586	58293765	180	*
chr3	58317724	58318104	381	*
chr3	58382512	58382705	194	*
chr3	58394977	58395105	129	*
chr3	58428469	58428616	148	*
chr3	58430123	58430240	118	*
chr3	58431873	58431987	115	*
chr3	58500943	58501632	690	*
chr3	58508890	58509035	146	*
chr3	58526462	58526590	129	*
chr3	58884542	58884682	141	*
chr1	47801471	47801621	151	*
chr1	47994029	47994599	571	*
chr1	48232024	48232154	131	*
chr3	62003346	62003503	158	*
chr1	48235724	48235834	111	*
chr3	62262796	62262902	107	*
chr3	62269032	62269171	140	*
chr3	62277549	62277684	136	*
chr3	62281561	62281712	152	*
chr3	62293145	62293659	515	*
chr3	62333252	62333359	108	*
chr3	62371531	62371669	139	*
chr1	48452992	48453138	147	*
chr3	62466215	62466458	244	*
chr3	62491267	62491511	245	*
chr1	48586996	48587178	183	*
chr1	48590828	48590988	161	*
chr3	62549894	62550118	225	*
chr3	62585178	62585329	152	*
chr3	62753436	62753775	340	*
chr3	63556540	63556748	209	*
chr1	48653335	48653461	127	*
chr3	63831678	63831872	195	*
chr3	63838368	63838501	134	*
chr3	63839654	63839775	122	*
chr3	63988057	63988329	273	*
chr3	63990174	63990379	206	*
chr3	64018815	64019039	225	*
chr3	64147453	64147704	252	*
chr3	64163009	64163132	124	*
chr3	64541314	64541421	108	*
chr3	64546752	64546954	203	*
chr3	64568363	64568551	189	*
chr3	64594246	64594441	196	*
chr3	64615316	64615486	171	*
chr3	64621112	64621247	136	*
chr3	64622418	64622589	172	*
chr3	64631802	64631935	134	*
chr3	65375735	65376111	377	*
chr3	65381874	65382072	199	*
chr3	65383523	65383631	109	*
chr3	65429517	65430143	627	*
chr3	65430694	65430884	191	*
chr3	65437151	65437250	100	*
chr3	65621965	65622093	129	*
chr3	66037993	66038114	122	*
chr1	10639852	10640064	213	*
chr3	66362744	66363064	321	*
chr3	66382980	66383405	426	*
chr3	66385979	66386305	327	*
chr3	66394035	66394210	176	*
chr3	67003183	67004314	1132	*
chr3	67007919	67008403	485	*
chr3	67498130	67498298	169	*
chr3	67508779	67508931	153	*
chr3	67520479	67520637	159	*
chr3	67529082	67529198	117	*
chr1	50193783	50193931	149	*
chr3	68752858	68753020	163	*
chr1	50195558	50195789	232	*
chr3	69004374	69004484	111	*
chr3	69025558	69025714	157	*
chr3	69029811	69030011	201	*
chr3	69033544	69033715	172	*
chr3	69038838	69039011	174	*
chr3	69039550	69039695	146	*
chr3	69047608	69048023	416	*
chr3	69048297	69048568	272	*
chr3	69056607	69056721	115	*
chr3	69061809	69061929	121	*
chr3	69062978	69063139	162	*
chr3	69067919	69068026	108	*
chr3	69071529	69071629	101	*
chr3	69075425	69075536	112	*
chr3	69101837	69102062	226	*
chr3	69119039	69119731	693	*
chr3	69122087	69122376	290	*
chr3	69181336	69181628	293	*
chr3	69193649	69193878	230	*
chr1	50441246	50441532	287	*
chr3	69937813	69938053	241	*
chr3	70196928	70197195	268	*
chr1	50535364	50535464	101	*
chr3	70970342	70970838	497	*
chr3	71046939	71047102	164	*
chr3	71052505	71052938	434	*
chr1	50705713	50706100	388	*
chr1	10644915	10645091	177	*
chr3	72792909	72793040	132	*
chr3	72832363	72832501	139	*
chr1	50744674	50744789	116	*
chr3	72842275	72842413	139	*
chr3	72922194	72922341	148	*
chr3	72967543	72967725	183	*
chr3	73047181	73047365	185	*
chr1	50787995	50788208	214	*
chr3	73059029	73059133	105	*
chr3	73065382	73065599	218	*
chr1	51271148	51271332	185	*
chr3	73383839	73383973	135	*
chr3	73602333	73602481	149	*
chr3	74266475	74266654	180	*
chr3	74369187	74369379	193	*
chr3	74369883	74369996	114	*
chr3	76310679	76311433	755	*
chr1	10646126	10646343	218	*
chr1	51361164	51361365	202	*
chr1	51421783	51421974	192	*
chr3	77481095	77481223	129	*
chr3	77546307	77546468	162	*
chr3	77563165	77563334	170	*
chr3	77564948	77565123	176	*
chr3	77601993	77602497	505	*
chr1	10647793	10648001	209	*
chr3	77617506	77617777	272	*
chr3	77632442	77632689	248	*
chr1	51446955	51447108	154	*
chr3	77634864	77635048	185	*
chr3	77642630	77642971	342	*
chr3	77644696	77644910	215	*
chr1	51463668	51463795	128	*
chr3	78606731	78607021	291	*
chr3	78617643	78618044	402	*
chr3	78631156	78631308	153	*
chr3	78635771	78636146	376	*
chr3	78651730	78651935	206	*
chr3	78688645	78688787	143	*
chr3	78717759	78717885	127	*
chr3	78938593	78938936	344	*
chr1	10650461	10650776	316	*
chr1	51761864	51761974	111	*
chr1	51787353	51787491	139	*
chr3	81536906	81537101	196	*
chr3	81593905	81594029	125	*
chr3	81648847	81649006	160	*
chr3	81670839	81670959	121	*
chr3	81705435	81705624	190	*
chr1	51811992	51812105	114	*
chr1	51814690	51814816	127	*
chr3	85935763	85935874	112	*
chr1	51825282	51825390	109	*
chr1	51834014	51834175	162	*
chr1	51933313	51933444	132	*
chr3	86978521	86978706	186	*
chr1	51937289	51937424	136	*
chr3	87240693	87240801	109	*
chr3	87245712	87245913	202	*
chr3	87249873	87249987	115	*
chr3	87253402	87253513	112	*
chr3	87259894	87260106	213	*
chr3	87264283	87264515	233	*
chr1	51976885	51977119	235	*
chr3	87990750	87991460	711	*
chr3	87991581	87991849	269	*
chr3	88055473	88055980	508	*
chr3	88086255	88086409	155	*
chr1	52083336	52083546	211	*
chr1	52233167	52233278	112	*
chr3	89209852	89210526	675	*
chr1	52238823	52239069	247	*
chr3	89341748	89342096	349	*
chr3	89395827	89395967	141	*
chr1	52239374	52239601	228	*
chr3	89450165	89450374	210	*
chr3	89472462	89472624	163	*
chr1	52268451	52268641	191	*
chr3	94003656	94003915	260	*
chr3	94014400	94015164	765	*
chr3	94035329	94035441	113	*
chr3	94049403	94049528	126	*
chr1	52274452	52274589	138	*
chr3	94064435	94064548	114	*
chr3	94084253	94084454	202	*
chr3	94126209	94126336	128	*
chr3	94126362	94126466	105	*
chr3	96987323	96987995	673	*
chr3	97226248	97226427	180	*
chr3	97243934	97244293	360	*
chr1	52293439	52293683	245	*
chr3	97532352	97532549	198	*
chr3	97592581	97592755	175	*
chr3	97735910	97736127	218	*
chr3	97747421	97747577	157	*
chr3	97748585	97749138	554	*
chr3	97768096	97768236	141	*
chr1	52332758	52332923	166	*
chr3	97787986	97788123	138	*
chr3	97888339	97888460	122	*
chr3	98516663	98516793	131	*
chr3	98585435	98585661	227	*
chr3	98590627	98590752	126	*
chr3	98591007	98591158	152	*
chr3	98800575	98800718	144	*
chr3	98811191	98811328	138	*
chr3	99790824	99791012	189	*
chr3	99794228	99796135	1908	*
chr3	99848912	99849823	912	*
chr3	99849847	99851078	1232	*
chr1	52353533	52353652	120	*
chr3	100162299	100162435	137	*
chr3	100290576	100290747	172	*
chr1	52354835	52354942	108	*
chr3	100311789	100311893	105	*
chr3	100339811	100339940	130	*
chr3	100365396	100365723	328	*
chr3	100381609	100381766	158	*
chr3	100386215	100386348	134	*
chr3	100748136	100748537	402	*
chr3	100750495	100750612	118	*
chr3	100770738	100770845	108	*
chr1	52373181	52373377	197	*
chr3	100886134	100886330	197	*
chr3	100993297	100993546	250	*
chr3	101232776	101232931	156	*
chr3	101257523	101257655	133	*
chr3	101304141	101304319	179	*
chr3	101337503	101337634	132	*
chr1	52383423	52383572	150	*
chr3	101340089	101340217	129	*
chr3	101417566	101417806	241	*
chr3	101565549	101565931	383	*
chr3	101651176	101651685	510	*
chr3	101652777	101652941	165	*
chr3	101665605	101665810	206	*
chr3	101671972	101672216	245	*
chr3	101676603	101676916	314	*
chr3	101682769	101682909	141	*
chr1	52384548	52384723	176	*
chr3	101726592	101726742	151	*
chr3	101727380	101727545	166	*
chr3	101801425	101801991	567	*
chr3	101821399	101821941	543	*
chr1	52385155	52385263	109	*
chr3	101854574	101854685	112	*
chr3	101855059	101855212	154	*
chr3	101855731	101855907	177	*
chr3	101857290	101857464	175	*
chr3	101859306	101859523	218	*
chr3	102438478	102438601	124	*
chr3	102456185	102456380	196	*
chr3	102468962	102469143	182	*
chr1	10653802	10654221	420	*
chr1	52413877	52413995	119	*
chr3	105520066	105520174	109	*
chr3	105524283	105524515	233	*
chr3	105539963	105540109	147	*
chr3	105541629	105541771	143	*
chr3	105547384	105547543	160	*
chr1	52414760	52414861	102	*
chr3	105550122	105550265	144	*
chr3	105552450	105552590	141	*
chr3	105670228	105670358	131	*
chr3	105678426	105678579	154	*
chr3	105681477	105681615	139	*
chr3	105693488	105693594	107	*
chr1	52431009	52431392	384	*
chr3	105751457	105751621	165	*
chr3	105776390	105776545	156	*
chr3	107716603	107716852	250	*
chr3	107728762	107728965	204	*
chr3	107774717	107774862	146	*
chr3	107805367	107806117	751	*
chr3	108191519	108191645	127	*
chr3	108218532	108218668	137	*
chr3	108222106	108222232	127	*
chr3	111112028	111112377	350	*
chr3	111118648	111118958	311	*
chr3	111133503	111134226	724	*
chr3	111144881	111145042	162	*
chr3	111707924	111708388	465	*
chr3	111713883	111714133	251	*
chr1	52458324	52458451	128	*
chr3	111919069	111919218	150	*
chr3	111939473	111939632	160	*
chr3	111969688	111969914	227	*
chr3	111981775	111981970	196	*
chr1	52461131	52461230	100	*
chr3	111986957	111987056	100	*
chr3	111991381	111991708	328	*
chr3	111999419	111999607	189	*
chr3	112041917	112042055	139	*
chr3	112050667	112050786	120	*
chr3	112057013	112057137	125	*
chr3	112063522	112063640	119	*
chr3	112080912	112081085	174	*
chr3	112113025	112113150	126	*
chr1	10654417	10654594	178	*
chr1	52465066	52465188	123	*
chr3	112199325	112199485	161	*
chr3	112536473	112536611	139	*
chr3	112548530	112548642	113	*
chr3	112580797	112580967	171	*
chr3	112581002	112581246	245	*
chr3	112605397	112605766	370	*
chr3	112630110	112630271	162	*
chr3	112639064	112639516	453	*
chr3	112993024	112993128	105	*
chr3	112995132	112995271	140	*
chr3	112996890	112996997	108	*
chr3	112999437	112999568	132	*
chr3	113011255	113011408	154	*
chr3	113272408	113272707	300	*
chr3	113278671	113278788	118	*
chr3	113281028	113281155	128	*
chr3	113303910	113304119	210	*
chr3	113401618	113401741	124	*
chr3	113409100	113409325	226	*
chr3	113499437	113499573	137	*
chr3	113566418	113566547	130	*
chr3	113611005	113611146	142	*
chr3	113626099	113626220	122	*
chr3	113654947	113655726	780	*
chr1	52481418	52481647	230	*
chr3	113657454	113657762	309	*
chr3	113661048	113661427	380	*
chr3	113784201	113784443	243	*
chr3	113786230	113786388	159	*
chr3	113789730	113789845	116	*
chr3	113794869	113795000	132	*
chr3	113805352	113805528	177	*
chr1	52488903	52489051	149	*
chr3	113875482	113875604	123	*
chr3	113915699	113915853	155	*
chr3	113958361	113958629	269	*
chr3	114065257	114065462	206	*
chr3	114076741	114076947	207	*
chr3	114079904	114080066	163	*
chr3	114085671	114085851	181	*
chr3	114128712	114128914	203	*
chr3	114139517	114139698	182	*
chr3	114147412	114147560	149	*
chr3	114171717	114171902	186	*
chr3	114350268	114350802	535	*
chr3	114350894	114351884	991	*
chr3	114380206	114380488	283	*
chr1	52525953	52526300	348	*
chr1	52606714	52606950	237	*
chr3	115810259	115810419	161	*
chr3	115834512	115834628	117	*
chr3	115842455	115842590	136	*
chr1	52687724	52688170	447	*
chr1	52756456	52756627	172	*
chr1	52771018	52771777	760	*
chr3	119226806	119226922	117	*
chr3	119368340	119368521	182	*
chr3	119382289	119382402	114	*
chr3	119383082	119383194	113	*
chr3	119393465	119393593	129	*
chr3	119415828	119416006	179	*
chr3	119416142	119416263	122	*
chr3	119436786	119436906	121	*
chr3	119587458	119587772	315	*
chr1	52796281	52796394	114	*
chr3	119618016	119618203	188	*
chr3	119648463	119648671	209	*
chr3	119726164	119726353	190	*
chr3	119730214	119730381	168	*
chr3	119733362	119733509	148	*
chr1	52801812	52801987	176	*
chr3	119743973	119744202	230	*
chr3	119747111	119747276	166	*
chr3	119814968	119815091	124	*
chr3	119905753	119905868	116	*
chr3	119912699	119912823	125	*
chr1	52813534	52813735	202	*
chr3	119947263	119947366	104	*
chr3	120173359	120173472	114	*
chr3	120186686	120186788	103	*
chr3	120335812	120335969	158	*
chr3	120646258	120646378	121	*
chr1	52816530	52816636	107	*
chr3	120650772	120650873	102	*
chr3	120670424	120670534	111	*
chr3	120709776	120709916	141	*
chr3	120954924	120955058	135	*
chr3	121114911	121115065	155	*
chr3	121157481	121157632	152	*
chr3	121205910	121206011	102	*
chr3	121381283	121381546	264	*
chr3	121621431	121621887	457	*
chr3	121622276	121622523	248	*
chr3	121622553	121623076	524	*
chr3	121623126	121623349	224	*
chr3	121631858	121631999	142	*
chr3	121693791	121694003	213	*
chr3	121694191	121694353	163	*
chr3	121716973	121717083	111	*
chr3	121788280	121788440	161	*
chr3	121826047	121826191	145	*
chr3	121913003	121913126	124	*
chr3	121915218	121915327	110	*
chr3	121939375	121939497	123	*
chr3	122001304	122001457	154	*
chr3	122005238	122005395	158	*
chr3	122006983	122007164	182	*
chr3	122257079	122257390	312	*
chr3	122261525	122262132	608	*
chr3	122275809	122276050	242	*
chr3	122282121	122282244	124	*
chr3	122283684	122284703	1020	*
chr3	122437166	122437304	139	*
chr3	122453868	122454025	158	*
chr3	122461222	122461321	100	*
chr3	122463932	122464059	128	*
chr3	122755257	122755435	179	*
chr3	122826876	122826997	122	*
chr3	122845761	122845881	121	*
chr1	52906516	52906620	105	*
chr3	122860064	122860204	141	*
chr3	122913853	122914003	151	*
chr3	122915437	122915624	188	*
chr1	52950753	52950891	139	*
chr3	122923614	122923766	153	*
chr3	122926386	122926680	295	*
chr3	123130445	123130621	177	*
chr3	123146093	123146264	172	*
chr3	123161332	123161461	130	*
chr3	123225101	123225303	203	*
chr3	123271558	123271722	165	*
chr1	52980390	52980546	157	*
chr3	123284603	123284747	145	*
chr3	123286680	123286811	132	*
chr3	123289746	123289956	211	*
chr3	123291101	123291380	280	*
chr3	123300115	123300306	192	*
chr3	123319672	123319851	180	*
chr3	123327616	123327766	151	*
chr3	123328639	123328808	170	*
chr3	123332558	123332682	125	*
chr3	123347777	123347939	163	*
chr3	123500509	123500711	203	*
chr3	123582207	123582333	127	*
chr3	123629470	123629639	170	*
chr3	123638065	123638197	133	*
chr3	123640283	123640506	224	*
chr3	123657124	123657431	308	*
chr3	123970036	123970225	190	*
chr3	123975373	123975542	170	*
chr3	123976859	123976986	128	*
chr3	123980359	123980495	137	*
chr1	53027972	53028074	103	*
chr3	124269100	124269259	160	*
chr3	124334263	124334497	235	*
chr3	124384825	124385041	217	*
chr3	124395133	124395306	174	*
chr1	53038918	53039051	134	*
chr3	124422809	124422981	173	*
chr3	124430653	124430785	133	*
chr3	124434226	124434530	305	*
chr3	124438887	124439039	153	*
chr3	124446158	124446278	121	*
chr3	124446761	124446892	132	*
chr3	124462504	124462639	136	*
chr3	124491321	124491429	109	*
chr3	124492738	124492884	147	*
chr3	124562841	124563093	253	*
chr3	124658418	124658523	106	*
chr1	53075851	53075976	126	*
chr3	124666438	124666608	171	*
chr3	124699884	124700039	156	*
chr3	124743911	124744081	171	*
chr3	124841380	124841561	182	*
chr3	124848294	124848571	278	*
chr3	124970653	124970792	140	*
chr3	125091437	125091563	127	*
chr3	125177739	125177977	239	*
chr3	125190370	125190469	100	*
chr1	53077683	53077805	123	*
chr3	125232252	125233653	1402	*
chr1	53089794	53089936	143	*
chr3	126505699	126505847	149	*
chr1	53092551	53092790	240	*
chr3	127017418	127017666	249	*
chr3	127020198	127020346	149	*
chr3	127573521	127573640	120	*
chr1	53210013	53210861	849	*
chr3	127579734	127579875	142	*
chr3	127604604	127604788	185	*
chr3	127604893	127605159	267	*
chr3	127606116	127606342	227	*
chr3	127606608	127606819	212	*
chr3	127608857	127609029	173	*
chr3	127615855	127615960	106	*
chr3	127616866	127617122	257	*
chr1	53210908	53211323	416	*
chr3	127617277	127617406	130	*
chr3	127619120	127619282	163	*
chr3	127621052	127621231	180	*
chr3	127668438	127668602	165	*
chr3	127671431	127671618	188	*
chr1	53213261	53213579	319	*
chr3	127679982	127680187	206	*
chr3	127680254	127680475	222	*
chr1	53227045	53227162	118	*
chr3	127923062	127923969	908	*
chr3	127927731	127928043	313	*
chr3	128060506	128060664	159	*
chr1	53258315	53258447	133	*
chr3	128097297	128097504	208	*
chr3	128112882	128113023	142	*
chr3	128341231	128341894	664	*
chr1	53262067	53262210	144	*
chr3	128620412	128620595	184	*
chr1	53266471	53266645	175	*
chr3	128622159	128622418	260	*
chr3	128626721	128626840	120	*
chr3	128631948	128632160	213	*
chr3	128637795	128638116	322	*
chr3	128904383	128904508	126	*
chr3	129265547	129265796	250	*
chr3	129267934	129268044	111	*
chr3	129268492	129268623	132	*
chr1	53271223	53271341	119	*
chr3	129272804	129272909	106	*
chr3	129301943	129302114	172	*
chr3	129506405	129506558	154	*
chr3	129507665	129507768	104	*
chr3	129514361	129514559	199	*
chr3	129528723	129529099	377	*
chr3	129561798	129561905	108	*
chr3	129565336	129565541	206	*
chr3	129567490	129567606	117	*
chr3	129570780	129570937	158	*
chr3	129574331	129574492	162	*
chr3	129583562	129583675	114	*
chr3	129670325	129670634	310	*
chr1	53459471	53459631	161	*
chr3	129670657	129671268	612	*
chr3	129827886	129828603	718	*
chr3	130469145	130469487	343	*
chr3	130680610	130680723	114	*
chr3	130681489	130681601	113	*
chr3	130733542	130734132	591	*
chr3	130735865	130736016	152	*
chr3	130744479	130745222	744	*
chr3	130930403	130930536	134	*
chr3	130963969	130964100	132	*
chr1	53524772	53524889	118	*
chr3	130967142	130967244	103	*
chr3	130979247	130979422	176	*
chr3	130996667	130996801	135	*
chr3	130997594	130997757	164	*
chr3	130998291	130998393	103	*
chr3	131080421	131080594	174	*
chr3	131471163	131471283	121	*
chr3	131542552	131542796	245	*
chr3	131549941	131550084	144	*
chr3	131669664	131669784	121	*
chr3	131905259	131905443	185	*
chr3	132434523	132434625	103	*
chr3	132446441	132446554	114	*
chr3	132447308	132447475	168	*
chr3	132454051	132454160	110	*
chr3	132456233	132456406	174	*
chr3	132456661	132456838	178	*
chr3	132461044	132461208	165	*
chr3	132467164	132467316	153	*
chr3	132474929	132475088	160	*
chr3	132477978	132478145	168	*
chr3	132482216	132482337	122	*
chr3	132483373	132483580	208	*
chr3	132490891	132491055	165	*
chr3	132492412	132492617	206	*
chr3	132496525	132496666	142	*
chr3	132499120	132499313	194	*
chr3	132500791	132500918	128	*
chr3	132502287	132502475	189	*
chr3	132503196	132503386	191	*
chr3	132511065	132511247	183	*
chr3	132514550	132514677	128	*
chr3	132526139	132526288	150	*
chr3	132561097	132561219	123	*
chr3	132575767	132575929	163	*
chr3	132601139	132601319	181	*
chr3	132618631	132618775	145	*
chr3	132641968	132642158	191	*
chr3	132668804	132668931	128	*
chr3	132670188	132670289	102	*
chr3	132670955	132671054	100	*
chr3	132671775	132671886	112	*
chr3	132672047	132672182	136	*
chr3	132675239	132675391	153	*
chr3	132684548	132684801	254	*
chr3	132686254	132686397	144	*
chr3	132688733	132688880	148	*
chr3	132700295	132700450	156	*
chr3	132715078	132715220	143	*
chr3	132718989	132719156	168	*
chr3	132719702	132719839	138	*
chr3	133229246	133229363	118	*
chr3	133586563	133586727	165	*
chr3	133608533	133608715	183	*
chr3	133618284	133618384	101	*
chr3	133639947	133640175	229	*
chr3	133819550	133819767	218	*
chr1	53767896	53768073	178	*
chr3	133841279	133841409	131	*
chr3	133942600	133942773	174	*
chr3	133954961	133955120	160	*
chr1	53772323	53772496	174	*
chr3	133979479	133979620	142	*
chr3	134175603	134175794	192	*
chr3	134195064	134195185	122	*
chr3	134202727	134202895	169	*
chr3	134211502	134211613	112	*
chr3	134222413	134222549	137	*
chr3	134545577	134545795	219	*
chr3	134561399	134561519	121	*
chr3	134603765	134604055	291	*
chr3	134608696	134608841	146	*
chr3	134610231	134610395	165	*
chr1	11082683	11082884	202	*
chr3	134951368	134952057	690	*
chr3	135106442	135106609	168	*
chr3	135132800	135132999	200	*
chr3	135154140	135154295	156	*
chr3	135165954	135166079	126	*
chr3	135179858	135179990	133	*
chr3	135192554	135192828	275	*
chr3	135201594	135201698	105	*
chr3	135248310	135248515	206	*
chr3	135249333	135249497	165	*
chr1	53866751	53866927	177	*
chr1	53871364	53871503	140	*
chr3	136002105	136002397	293	*
chr3	136082259	136082425	167	*
chr3	136090568	136090670	103	*
chr3	136103250	136103379	130	*
chr3	136150765	136152758	1994	*
chr3	136194967	136195144	178	*
chr3	136293750	136293869	120	*
chr3	136301010	136301116	107	*
chr1	53960352	53960479	128	*
chr3	136343826	136344020	195	*
chr3	136349137	136349379	243	*
chr3	136357714	136357864	151	*
chr3	136359143	136359305	163	*
chr3	136366940	136367100	161	*
chr3	136377651	136377767	117	*
chr3	136398741	136398840	100	*
chr3	136422404	136422653	250	*
chr1	53962294	53962412	119	*
chr3	136422765	136422869	105	*
chr3	136433550	136433685	136	*
chr3	136443278	136443410	133	*
chr3	136477283	136477414	132	*
chr3	136502623	136502787	165	*
chr3	136521207	136521427	221	*
chr3	136854456	136855706	1251	*
chr3	136927973	136928241	269	*
chr3	136945575	136946300	726	*
chr3	136948245	136948446	202	*
chr1	54068668	54068900	233	*
chr1	11087443	11087593	151	*
chr1	54096258	54096472	215	*
chr1	54133170	54133296	127	*
chr3	137764783	137765450	668	*
chr1	54136625	54136811	187	*
chr3	138010223	138010450	228	*
chr1	54144467	54144815	349	*
chr3	138124592	138124883	292	*
chr1	54179145	54179355	211	*
chr3	138223384	138223548	165	*
chr3	138241773	138241988	216	*
chr3	138245084	138245273	190	*
chr3	138264113	138264215	103	*
chr3	138274425	138274547	123	*
chr3	138290543	138290647	105	*
chr3	138372850	138373081	232	*
chr3	138656139	138656276	138	*
chr3	138657684	138657840	157	*
chr3	138663891	138664044	154	*
chr3	138665026	138665214	189	*
chr3	138684619	138684816	198	*
chr3	138690996	138691157	162	*
chr3	138707153	138707292	140	*
chr3	138714460	138714722	263	*
chr3	138737696	138737892	197	*
chr3	138755748	138755986	239	*
chr3	139373312	139373414	103	*
chr3	139374483	139374591	109	*
chr3	139375465	139375626	162	*
chr3	139383294	139383452	159	*
chr1	54757738	54757960	223	*
chr1	54758014	54758162	149	*
chr3	140678329	140678469	141	*
chr3	140973702	140974010	309	*
chr3	140976259	140976455	197	*
chr1	54758311	54758969	659	*
chr3	141287300	141287456	157	*
chr3	141292266	141292766	501	*
chr1	54781298	54781476	179	*
chr3	141442383	141442759	377	*
chr3	141445031	141445227	197	*
chr3	141445393	141445911	519	*
chr3	141512140	141512282	143	*
chr3	141570910	141571071	162	*
chr3	141572600	141572726	127	*
chr1	54852232	54852389	158	*
chr3	141573942	141574073	132	*
chr3	141576965	141577138	174	*
chr3	141586643	141586755	113	*
chr3	141607672	141607771	100	*
chr1	54853429	54853615	187	*
chr3	141952395	141952707	313	*
chr3	141959673	141959845	173	*
chr3	141978511	141978695	185	*
chr1	11108176	11108289	114	*
chr1	54854033	54854236	204	*
chr3	142177479	142177609	131	*
chr3	142181445	142181568	124	*
chr3	142312593	142312765	173	*
chr3	142356902	142357129	228	*
chr3	142365044	142365188	145	*
chr3	142370482	142370623	142	*
chr3	142371217	142371345	129	*
chr3	142375794	142375949	156	*
chr3	142376473	142376617	145	*
chr3	142380075	142380182	108	*
chr3	142384519	142384688	170	*
chr1	54871347	54871610	264	*
chr3	142403863	142404028	166	*
chr3	142418498	142418640	143	*
chr3	142425213	142425345	133	*
chr3	142426741	142426847	107	*
chr1	54875088	54875216	129	*
chr3	142457601	142457758	158	*
chr3	142458956	142459120	165	*
chr3	142461920	142462092	173	*
chr3	142465096	142465247	152	*
chr3	142469333	142469579	247	*
chr3	142496342	142496530	189	*
chr3	142497011	142497118	108	*
chr3	142503357	142503460	104	*
chr3	142505135	142505313	179	*
chr3	142512254	142512472	219	*
chr3	142513496	142513644	149	*
chr3	142515389	142515529	141	*
chr1	54883614	54883778	165	*
chr3	142523988	142524211	224	*
chr3	142536105	142536205	101	*
chr3	142538479	142538637	159	*
chr3	142540900	142541037	138	*
chr3	142542659	142542759	101	*
chr1	54999187	54999367	181	*
chr3	142553626	142553745	120	*
chr3	142553823	142553934	112	*
chr3	142562287	142562840	554	*
chr3	142562914	142563118	205	*
chr3	142678020	142678120	101	*
chr3	142684004	142684184	181	*
chr3	142689600	142689832	233	*
chr3	142711860	142712062	203	*
chr3	142736374	142736539	166	*
chr3	142748247	142748472	226	*
chr3	142777623	142777771	149	*
chr3	142784702	142785053	352	*
chr3	142804416	142804635	220	*
chr3	142805997	142806235	239	*
chr3	142829686	142829857	172	*
chr3	142887662	142887784	123	*
chr3	142962351	142962693	343	*
chr1	55083269	55083373	105	*
chr3	143021444	143021559	116	*
chr3	143032770	143032951	182	*
chr3	143033257	143033358	102	*
chr3	143035980	143036107	128	*
chr3	143056310	143056752	443	*
chr1	55085940	55086040	101	*
chr3	143121900	143122392	493	*
chr3	143268867	143269000	134	*
chr3	143552315	143552465	151	*
chr3	143693187	143693319	133	*
chr3	143848142	143848292	151	*
chr3	143985531	143985851	321	*
chr3	143989502	143989892	391	*
chr3	146070718	146070876	159	*
chr1	55096492	55096624	133	*
chr3	146071274	146071426	153	*
chr3	146072556	146072675	120	*
chr3	146076770	146076912	143	*
chr3	146085167	146085275	109	*
chr3	146091795	146091929	135	*
chr3	146589645	146589828	184	*
chr3	146591717	146591883	167	*
chr3	146593918	146594151	234	*
chr1	11114313	11114455	143	*
chr1	55107236	55107433	198	*
chr3	147388704	147388908	205	*
chr3	147391022	147391270	249	*
chr3	147395837	147396516	680	*
chr1	55124466	55124633	168	*
chr3	148741030	148741381	352	*
chr3	148741612	148742115	504	*
chr3	148859810	148860001	192	*
chr3	149009270	149009408	139	*
chr3	149026829	149026935	107	*
chr3	149032219	149032374	156	*
chr3	149041480	149041661	182	*
chr3	149046077	149046268	192	*
chr1	55141611	55141733	123	*
chr3	149048025	149048179	155	*
chr3	149068233	149068343	111	*
chr3	149071240	149071447	208	*
chr3	149074207	149074350	144	*
chr3	149153480	149153653	174	*
chr3	149160045	149160282	238	*
chr3	149162141	149162362	222	*
chr1	55142977	55143122	146	*
chr3	149167027	149167250	224	*
chr3	149179553	149179668	116	*
chr3	149185236	149185342	107	*
chr1	55145995	55146112	118	*
chr3	149202097	149202260	164	*
chr3	149207358	149207629	272	*
chr3	149210164	149210382	219	*
chr1	55146923	55147063	141	*
chr3	149656870	149657267	398	*
chr1	55148458	55148586	129	*
chr3	149767689	149768103	415	*
chr3	149780236	149780466	231	*
chr3	149911976	149912100	125	*
chr3	149921127	149921229	103	*
chr1	55154117	55154283	167	*
chr3	149968353	149968477	125	*
chr1	11121976	11122128	153	*
chr3	150544187	150544501	315	*
chr3	150567897	150568049	153	*
chr3	150568173	150568300	128	*
chr3	150571942	150572535	594	*
chr3	150627005	150627169	165	*
chr3	150742122	150742709	588	*
chr3	150762434	150762656	223	*
chr1	55156945	55157053	109	*
chr3	150927935	150928212	278	*
chr3	151086832	151087030	199	*
chr1	55158873	55159038	166	*
chr3	151337919	151338155	237	*
chr3	151338176	151338424	249	*
chr3	151338448	151338829	382	*
chr3	151355893	151356046	154	*
chr3	151360462	151360613	152	*
chr3	151364961	151365211	251	*
chr3	151367597	151367771	175	*
chr1	56511970	56512155	186	*
chr3	151384051	151384225	175	*
chr3	151387806	151388178	373	*
chr3	151448002	151448576	575	*
chr1	56524272	56524556	285	*
chr3	151448598	151448923	326	*
chr3	152445269	152445545	277	*
chr3	152455971	152456400	430	*
chr1	11126617	11126801	185	*
chr1	56674378	56674528	151	*
chr3	152835902	152836904	1003	*
chr3	154152770	154152938	169	*
chr3	154240353	154240586	234	*
chr3	154254718	154254830	113	*
chr3	154276743	154276904	162	*
chr3	154284810	154284998	189	*
chr3	154288863	154288966	104	*
chr3	154289701	154289828	128	*
chr3	154292546	154292702	157	*
chr3	154305088	154305192	105	*
chr3	154337700	154338302	603	*
chr3	154429337	154429521	185	*
chr3	155114969	155115165	197	*
chr3	155138089	155138241	153	*
chr1	56703969	56704480	512	*
chr3	155141974	155142136	163	*
chr3	155143416	155143583	168	*
chr3	155481474	155481579	106	*
chr3	155492726	155492855	130	*
chr3	155494139	155494252	114	*
chr3	155494336	155494520	185	*
chr3	155523892	155524009	118	*
chr3	155554069	155554218	150	*
chr3	155564912	155565124	213	*
chr3	155593928	155594195	268	*
chr3	155828194	155828389	196	*
chr3	155829685	155829912	228	*
chr3	155833464	155833588	125	*
chr3	155833854	155834047	194	*
chr3	155853220	155853790	571	*
chr1	56885923	56886150	228	*
chr3	155903836	155903963	128	*
chr3	155906116	155906265	150	*
chr3	155910668	155910879	212	*
chr3	155922185	155922301	117	*
chr3	155936332	155936521	190	*
chr3	156531397	156531503	107	*
chr3	156536651	156536876	226	*
chr3	156548903	156549005	103	*
chr3	156678307	156678620	314	*
chr3	156694013	156694190	178	*
chr3	156704682	156705201	520	*
chr3	156852761	156852991	231	*
chr3	157028211	157028408	198	*
chr3	157149831	157149980	150	*
chr3	157150053	157150174	122	*
chr3	157153016	157153333	318	*
chr3	157261133	157261394	262	*
chr3	157265520	157265665	146	*
chr3	157363597	157363788	192	*
chr1	57071011	57071114	104	*
chr3	157442364	157442974	611	*
chr3	157460178	157460369	192	*
chr3	157470309	157470552	244	*
chr1	57072277	57072416	140	*
chr1	57136537	57136657	121	*
chr3	158099854	158099960	107	*
chr3	158203060	158203260	201	*
chr1	11127621	11127809	189	*
chr1	58685149	58685252	104	*
chr3	158645622	158645783	162	*
chr3	158646149	158646299	151	*
chr3	158646733	158646949	217	*
chr3	158654531	158654641	111	*
chr1	59843429	59843601	173	*
chr3	158668990	158669144	155	*
chr3	158669422	158669600	179	*
chr3	158681995	158682161	167	*
chr3	158805353	158805481	129	*
chr3	158809174	158809293	120	*
chr3	158819647	158819753	107	*
chr3	158823420	158823530	111	*
chr1	59848325	59848519	195	*
chr1	59849071	59849187	117	*
chr1	59865874	59865978	105	*
chr3	159887706	159887914	209	*
chr3	160277301	160277497	197	*
chr3	160280656	160280815	160	*
chr3	160282457	160282619	163	*
chr3	160357486	160357617	132	*
chr3	160366040	160366156	117	*
chr3	160377425	160377568	144	*
chr3	160381502	160381742	241	*
chr1	11127998	11128128	131	*
chr3	160413464	160413621	158	*
chr3	160417701	160417970	270	*
chr3	160423423	160423653	231	*
chr3	160431025	160431210	186	*
chr3	160433010	160433216	207	*
chr3	160508101	160508273	173	*
chr3	160521771	160521933	163	*
chr3	160525997	160526110	114	*
chr3	160530851	160530952	102	*
chr3	161068802	161069154	353	*
chr3	161242496	161242657	162	*
chr3	161346093	161346323	231	*
chr3	165017964	165018069	106	*
chr3	165036384	165036497	114	*
chr3	165055191	165055310	120	*
chr3	165187899	165188175	277	*
chr3	165189038	165190886	1849	*
chr3	165830257	165830951	695	*
chr3	167467016	167467296	281	*
chr3	167536866	167537014	149	*
chr3	167554680	167554811	132	*
chr3	167602120	167602293	174	*
chr3	167604295	167604507	213	*
chr3	167621460	167621645	186	*
chr3	167720058	167720240	183	*
chr3	167789095	167789383	289	*
chr3	167790367	167790605	239	*
chr3	168040778	168040892	115	*
chr1	61088147	61088697	551	*
chr3	169088997	169089189	193	*
chr3	169092952	169093104	153	*
chr3	169100883	169100986	104	*
chr3	169101767	169102241	475	*
chr3	169107882	169108017	136	*
chr3	169115467	169116782	1316	*
chr3	169121043	169121284	242	*
chr3	169122545	169122738	194	*
chr3	169143620	169143851	232	*
chr3	169779139	169779566	428	*
chr3	169782464	169782648	185	*
chr3	169783468	169783568	101	*
chr3	169786443	169786693	251	*
chr3	169796206	169796378	173	*
chr3	169828757	169828937	181	*
chr3	169975590	169975719	130	*
chr3	169976942	169977054	113	*
chr3	169988229	169988365	137	*
chr3	170084129	170084343	215	*
chr3	170102796	170102943	148	*
chr3	170136411	170136693	283	*
chr3	170280217	170280408	192	*
chr3	170293363	170293511	149	*
chr3	170297283	170297402	120	*
chr3	170298990	170299116	127	*
chr3	170360398	170360508	111	*
chr3	170360707	170361434	728	*
chr3	170381225	170381345	121	*
chr3	170419071	170419291	221	*
chr3	170432507	170432757	251	*
chr3	170480284	170481171	888	*
chr3	170483309	170483543	235	*
chr3	170498661	170498897	237	*
chr3	170501104	170501365	262	*
chr3	170866382	170866532	151	*
chr3	170894281	170894425	145	*
chr3	170998188	170998407	220	*
chr3	171005278	171005493	216	*
chr3	171005938	171006112	175	*
chr3	171063792	171063966	175	*
chr3	171066180	171066342	163	*
chr3	171066552	171066763	212	*
chr3	171068842	171069008	167	*
chr3	171110699	171110879	181	*
chr3	171123593	171123712	120	*
chr3	171157456	171157666	211	*
chr3	171211113	171211244	132	*
chr3	171603078	171603322	245	*
chr3	171708745	171708846	102	*
chr3	171735488	171735642	155	*
chr3	172352788	172353093	306	*
chr3	172362610	172362847	238	*
chr3	172380955	172381100	146	*
chr3	172397156	172397665	510	*
chr3	172445270	172445470	201	*
chr3	172447615	172448338	724	*
chr3	172633474	172634074	601	*
chr3	173807642	173807838	197	*
chr1	11134346	11134468	123	*
chr3	174275309	174275668	360	*
chr3	174278857	174279671	815	*
chr3	174280471	174282286	1816	*
chr3	175096776	175096949	174	*
chr3	175096991	175097195	205	*
chr1	61359142	61359278	137	*
chr3	175233904	175234277	374	*
chr3	175627206	175627389	184	*
chr1	61383227	61383370	144	*
chr3	177032956	177033139	184	*
chr3	177034190	177034328	139	*
chr3	177047296	177047400	105	*
chr3	177064914	177065038	125	*
chr1	61404101	61404299	199	*
chr1	61406560	61406748	189	*
chr3	178825528	178825762	235	*
chr3	178842643	178842941	299	*
chr3	179024991	179025230	240	*
chr3	179027631	179027816	186	*
chr3	179199688	179199903	216	*
chr3	179210161	179210344	184	*
chr3	179219947	179220057	111	*
chr3	179224077	179224190	114	*
chr3	179224693	179224835	143	*
chr3	179229264	179229447	184	*
chr3	179234092	179234365	274	*
chr3	179329591	179329731	141	*
chr3	179333333	179334286	954	*
chr3	179377018	179377169	152	*
chr3	179378336	179378453	118	*
chr3	179378664	179378823	160	*
chr3	179386417	179386635	219	*
chr3	179573363	179573471	109	*
chr3	179576194	179576298	105	*
chr3	179598671	179598786	116	*
chr3	179719938	179720039	102	*
chr3	179740243	179740377	135	*
chr3	179745038	179745222	185	*
chr3	179752276	179752395	120	*
chr3	179754726	179754864	139	*
chr3	179784039	179784193	155	*
chr3	179807672	179807849	178	*
chr3	179809469	179809670	202	*
chr3	179819856	179819981	126	*
chr3	179875346	179875483	138	*
chr3	179898097	179898332	236	*
chr3	180603122	180603328	207	*
chr3	180604846	180605009	164	*
chr3	180606249	180606383	135	*
chr3	180607646	180607784	139	*
chr3	180608659	180608831	173	*
chr3	180619806	180619977	172	*
chr3	180631451	180631597	147	*
chr3	180648162	180648366	205	*
chr3	180660568	180660732	165	*
chr3	180935133	180935237	105	*
chr3	180948345	180948502	158	*
chr3	180948718	180948819	102	*
chr3	180949221	180949347	127	*
chr3	180957817	180957936	120	*
chr3	180970157	180970368	212	*
chr3	180975287	180975409	123	*
chr3	180976132	180977160	1029	*
chr3	181712570	181712760	191	*
chr1	61763011	61763184	174	*
chr3	182828113	182828214	102	*
chr3	182859160	182859361	202	*
chr3	182865454	182865599	146	*
chr3	182866259	182866446	188	*
chr3	182872355	182872534	180	*
chr3	182873809	182874016	208	*
chr1	61769281	61769426	146	*
chr3	182889409	182889546	138	*
chr3	182961204	182961370	167	*
chr3	182965530	182965782	253	*
chr3	183015435	183015579	145	*
chr3	183022407	183022560	154	*
chr1	61775200	61775340	141	*
chr3	183269795	183270193	399	*
chr3	183491926	183492231	306	*
chr3	183508054	183508517	464	*
chr3	183555359	183555621	263	*
chr3	183650323	183651284	962	*
chr3	183663456	183663644	189	*
chr3	183672268	183672488	221	*
chr3	183717637	183717752	116	*
chr3	183724415	183724538	124	*
chr3	183728676	183728855	180	*
chr3	183736707	183736833	127	*
chr3	183761505	183761616	112	*
chr3	183773627	183773798	172	*
chr3	183777540	183777704	165	*
chr3	183797916	183798052	137	*
chr3	183833486	183833595	110	*
chr3	183842293	183842441	149	*
chr3	183866615	183866791	177	*
chr3	183921300	183921415	116	*
chr3	183927327	183927445	119	*
chr3	183937896	183938064	169	*
chr3	183942722	183942918	197	*
chr3	183947319	183947520	202	*
chr3	183949751	183949891	141	*
chr3	183949968	183950129	162	*
chr3	183959730	183959832	103	*
chr3	183961509	183961664	156	*
chr3	183963382	183963590	209	*
chr3	183965376	183965510	135	*
chr3	183981721	183981888	168	*
chr3	183982444	183982638	195	*
chr1	61901280	61901462	183	*
chr3	183982769	183983024	256	*
chr3	183988569	183988729	161	*
chr3	184137618	184137812	195	*
chr3	184137896	184138080	185	*
chr3	184144083	184144230	148	*
chr3	184166824	184166997	174	*
chr3	184167549	184167722	174	*
chr3	184167896	184168070	175	*
chr3	184181059	184181228	170	*
chr3	184181916	184182049	134	*
chr3	184182757	184182870	114	*
chr3	184186500	184186660	161	*
chr3	184188146	184188411	266	*
chr3	184192798	184192901	104	*
chr1	11150122	11150228	107	*
chr3	184237219	184237394	176	*
chr3	184242563	184242679	117	*
chr3	184243786	184243999	214	*
chr3	184244599	184244741	143	*
chr3	184245196	184245346	151	*
chr1	62114050	62114249	200	*
chr3	184277250	184277470	221	*
chr3	184289435	184289539	105	*
chr3	184290252	184290364	113	*
chr3	184290555	184290672	118	*
chr3	184291034	184291235	202	*
chr3	184303306	184303468	163	*
chr3	184303638	184303754	117	*
chr3	184303931	184304079	149	*
chr3	184306052	184306155	104	*
chr1	62127970	62128088	119	*
chr3	184307609	184307710	102	*
chr3	184307888	184308019	132	*
chr3	184308703	184308890	188	*
chr3	184322818	184322960	143	*
chr3	184323778	184323982	205	*
chr3	184328629	184328761	133	*
chr3	184331470	184331611	142	*
chr3	184357360	184357489	130	*
chr3	184368175	184368294	120	*
chr3	184387371	184387473	103	*
chr3	184387928	184388038	111	*
chr3	184572501	184573186	686	*
chr3	184576865	184576971	107	*
chr3	184576992	184577136	145	*
chr3	184579684	184579936	253	*
chr3	184580726	184580884	159	*
chr3	184580969	184581177	209	*
chr3	184832685	184832831	147	*
chr3	184894701	184894929	229	*
chr3	184898549	184898660	112	*
chr3	184924860	184924989	130	*
chr3	184993963	184994065	103	*
chr3	184996329	184996507	179	*
chr3	185051870	185052009	140	*
chr3	185083007	185083566	560	*
chr3	185192262	185193277	1016	*
chr3	185229428	185229545	118	*
chr3	185235287	185235394	108	*
chr3	185428568	185429060	493	*
chr3	185447787	185447952	166	*
chr3	185449898	185450063	166	*
chr3	185451285	185451399	115	*
chr1	11157147	11157294	148	*
chr3	185473297	185473458	162	*
chr3	185482341	185482457	117	*
chr3	185494617	185494780	164	*
chr3	185495150	185495330	181	*
chr1	62271462	62271616	155	*
chr3	185524064	185524164	101	*
chr3	185675786	185675919	134	*
chr1	62274862	62275062	201	*
chr3	185925459	185925631	173	*
chr3	186048639	186048862	224	*
chr3	186057073	186057247	175	*
chr3	186079815	186079939	125	*
chr3	186081040	186081184	145	*
chr3	186188274	186188383	110	*
chr3	186251754	186251921	168	*
chr3	186268795	186268930	136	*
chr3	186275542	186275677	136	*
chr3	186279845	186279987	143	*
chr3	186554248	186554405	158	*
chr3	186554442	186554755	314	*
chr1	62442193	62442301	109	*
chr3	186564199	186564308	110	*
chr3	186581367	186581519	153	*
chr3	186584426	186584591	166	*
chr3	186585342	186585470	129	*
chr3	186792798	186792960	163	*
chr3	187220071	187220277	207	*
chr3	187235741	187236570	830	*
chr3	187243479	187243623	145	*
chr3	187256658	187256888	231	*
chr3	187285820	187286001	182	*
chr3	187724925	187725032	108	*
chr3	187725518	187725632	115	*
chr3	187726728	187726903	176	*
chr3	187728354	187728547	194	*
chr3	187729048	187729314	267	*
chr3	187729341	187729657	317	*
chr3	187729839	187730028	190	*
chr1	62475206	62475353	148	*
chr3	187731704	187731937	234	*
chr3	188406100	188406317	218	*
chr3	188609197	188609442	246	*
chr1	62475705	62475945	241	*
chr3	188872641	188872765	125	*
chr1	62477696	62477855	160	*
chr3	189867830	189867953	124	*
chr3	189868578	189868722	145	*
chr3	189886392	189886556	165	*
chr3	189889338	189889490	153	*
chr1	62488930	62489067	138	*
chr3	189890784	189890891	108	*
chr3	189963952	189964101	150	*
chr3	189971888	189972009	122	*
chr3	189972882	189972996	115	*
chr3	190308277	190308447	171	*
chr3	190321989	190322210	222	*
chr3	190388330	190388448	119	*
chr1	62492681	62492857	177	*
chr3	190402322	190402445	124	*
chr3	190604125	190604416	292	*
chr3	190644253	190644402	150	*
chr3	190645697	190645849	153	*
chr3	190655883	190656061	179	*
chr3	190656083	190656280	198	*
chr3	190855292	190855464	173	*
chr1	62494268	62494483	216	*
chr3	190857783	190857913	131	*
chr3	192144000	192144129	130	*
chr3	192170455	192170659	205	*
chr3	192798531	192799214	684	*
chr3	193314968	193315097	130	*
chr3	193324860	193325023	164	*
chr3	193343919	193344043	125	*
chr3	193351062	193351204	143	*
chr3	193442435	193442558	124	*
chr3	193489728	193489874	147	*
chr3	193625988	193626204	217	*
chr3	193635412	193635524	113	*
chr3	193643518	193643631	114	*
chr3	193643968	193644109	142	*
chr3	193662816	193662968	153	*
chr1	62505680	62505819	140	*
chr3	194137681	194137868	188	*
chr3	194425336	194425465	130	*
chr3	194427070	194427276	207	*
chr1	11192268	11192375	108	*
chr3	194431713	194431896	184	*
chr3	194433770	194433899	130	*
chr3	194446925	194447100	176	*
chr3	194447849	194448020	172	*
chr3	194454252	194454394	143	*
chr1	62510575	62510675	101	*
chr3	194648675	194648820	146	*
chr3	194650874	194651029	156	*
chr3	194651111	194651226	116	*
chr3	194658985	194659136	152	*
chr3	194666447	194666581	135	*
chr3	194670003	194670139	137	*
chr3	195069716	195070113	398	*
chr3	195156447	195156584	138	*
chr3	195226706	195226859	154	*
chr3	195285711	195285859	149	*
chr3	195297186	195297298	113	*
chr3	195301964	195302176	213	*
chr3	195333025	195333136	112	*
chr3	195529790	195529920	131	*
chr3	195879047	195879189	143	*
chr3	196062851	196062954	104	*
chr3	196229913	196230065	153	*
chr3	196239544	196239737	194	*
chr3	196241941	196242093	153	*
chr3	196248202	196248325	124	*
chr3	196356666	196356848	183	*
chr3	196362379	196362690	312	*
chr1	62529274	62529461	188	*
chr3	196371889	196372049	161	*
chr3	196707551	196707918	368	*
chr3	196782642	196782836	195	*
chr3	196801908	196802038	131	*
chr3	196812737	196812855	119	*
chr3	196814428	196814567	140	*
chr3	196818025	196818162	138	*
chr3	196886489	196886703	215	*
chr3	196899663	196899777	115	*
chr3	196923412	196923556	145	*
chr3	196930810	196931372	563	*
chr3	197017100	197017294	195	*
chr3	197044620	197044756	137	*
chr3	197065273	197065454	182	*
chr3	197065702	197065821	120	*
chr3	197115924	197116096	173	*
chr1	11193578	11193778	201	*
chr1	62543637	62543816	180	*
chr3	197138220	197138396	177	*
chr3	197194423	197194591	169	*
chr3	197511858	197512376	519	*
chr3	197514258	197514420	163	*
chr3	197675070	197675197	128	*
chr3	197675417	197675523	107	*
chr3	197676880	197677048	169	*
chr3	197681124	197681370	247	*
chr3	197683302	197683442	141	*
chr3	197693709	197693818	110	*
chr3	197694389	197694591	203	*
chr3	197718020	197718135	116	*
chr3	197768436	197768588	153	*
chr3	197814902	197815058	157	*
chr3	197847865	197848024	160	*
chr3	197880449	197880718	270	*
chr3	197883463	197883658	196	*
chr3	197954002	197954154	153	*
chr3	198021443	198021610	168	*
chr3	198035831	198036049	219	*
chr4	2933565	2933665	101	*
chr1	62597655	62598070	416	*
chr4	3223404	3223559	156	*
chr1	62602282	62602384	103	*
chr4	3228877	3229014	138	*
chr4	3238445	3238611	167	*
chr4	3238816	3238985	170	*
chr4	3239828	3240030	203	*
chr4	5836760	5836908	149	*
chr4	6372515	6372702	188	*
chr1	62618703	62618871	169	*
chr4	7006630	7006731	102	*
chr1	62631245	62631409	165	*
chr4	10083020	10083140	121	*
chr4	10084434	10084533	100	*
chr1	62648104	62648321	218	*
chr4	13604270	13604580	311	*
chr1	62816630	62816811	182	*
chr4	15052408	15052585	178	*
chr1	62819003	62819126	124	*
chr4	15058418	15058545	128	*
chr4	15435722	15435987	266	*
chr4	15442159	15442799	641	*
chr4	15563353	15563529	177	*
chr4	15589543	15589685	143	*
chr4	15625860	15625982	123	*
chr4	15627879	15628045	167	*
chr4	15640786	15640889	104	*
chr1	62834011	62834126	116	*
chr4	16176111	16176230	120	*
chr4	16511978	16512109	132	*
chr1	11199258	11199405	148	*
chr1	62863981	62864158	178	*
chr4	17490656	17490765	110	*
chr4	17515244	17515526	283	*
chr4	17522851	17523047	197	*
chr4	17814847	17815002	156	*
chr4	17883704	17884891	1188	*
chr4	17909089	17909351	263	*
chr4	20523747	20523910	164	*
chr4	20589638	20589743	106	*
chr4	20734624	20734737	114	*
chr4	20758797	20758925	129	*
chr4	21303792	21304017	226	*
chr4	22387906	22388958	1053	*
chr1	11204558	11204705	148	*
chr4	23813687	23814219	533	*
chr4	23824275	23824542	268	*
chr4	24537044	24537499	456	*
chr4	24540097	24540463	367	*
chr4	24576236	24576420	185	*
chr4	25003451	25004271	821	*
chr4	25144996	25145135	140	*
chr4	25156850	25156987	138	*
chr4	25252334	25252480	147	*
chr4	25255063	25255269	207	*
chr4	25351586	25351692	107	*
chr4	25413630	25413748	119	*
chr4	25674503	25674634	132	*
chr4	25767733	25767841	109	*
chr4	25790453	25790576	124	*
chr4	25833441	25833571	131	*
chr4	25847490	25847744	255	*
chr4	26420548	26420732	185	*
chr4	26489227	26489487	261	*
chr4	26742506	26742609	104	*
chr4	27002215	27002395	181	*
chr4	27002919	27003107	189	*
chr4	27022895	27022996	102	*
chr4	30723986	30724601	616	*
chr4	36121171	36121329	159	*
chr1	63411127	63411344	218	*
chr4	36229271	36229500	230	*
chr1	63411963	63412067	105	*
chr4	37430544	37430781	238	*
chr4	37438962	37439395	434	*
chr4	37444083	37447150	3068	*
chr4	37634882	37635126	245	*
chr4	38018348	38018447	100	*
chr1	11213394	11213568	175	*
chr4	38115707	38115957	251	*
chr4	38118028	38118198	171	*
chr4	38124959	38125134	176	*
chr4	38922758	38922896	139	*
chr4	39081101	39081241	141	*
chr4	39096689	39096882	194	*
chr4	39103285	39103516	232	*
chr4	39194542	39194665	124	*
chr4	39217977	39218111	135	*
chr4	39253897	39254035	139	*
chr4	39255846	39255968	123	*
chr4	39269974	39270104	131	*
chr4	39302734	39302878	145	*
chr4	39312746	39312944	199	*
chr4	39316910	39317027	118	*
chr4	39446572	39447480	909	*
chr4	39503872	39503987	116	*
chr4	39505234	39505372	139	*
chr4	39505615	39505754	140	*
chr1	11216142	11216249	108	*
chr4	39848847	39848973	127	*
chr4	39849516	39849656	141	*
chr1	63545910	63546066	157	*
chr4	39866857	39867020	164	*
chr4	39913605	39913728	124	*
chr4	40121157	40121277	121	*
chr4	40126180	40126337	158	*
chr4	40142671	40142865	195	*
chr4	40144630	40144803	174	*
chr1	63557112	63557252	141	*
chr4	40337208	40337369	162	*
chr4	40348880	40349420	541	*
chr4	40353977	40354153	177	*
chr4	40354351	40354513	163	*
chr4	40436434	40436666	233	*
chr4	40437765	40438836	1072	*
chr4	40774259	40774401	143	*
chr4	40821865	40822052	188	*
chr4	40830471	40830589	119	*
chr4	40935061	40935180	120	*
chr4	40944860	40945079	220	*
chr4	41646121	41646266	146	*
chr4	41646483	41646748	266	*
chr4	41747369	41747468	100	*
chr4	41939189	41939391	203	*
chr1	11228666	11228922	257	*
chr4	42117520	42117744	225	*
chr4	42119991	42120314	324	*
chr4	42400998	42401186	189	*
chr1	63636232	63636393	162	*
chr4	42414621	42414745	125	*
chr4	42485489	42485674	186	*
chr1	63638662	63638805	144	*
chr4	42626992	42627112	121	*
chr4	42893439	42893656	218	*
chr4	44174788	44175070	283	*
chr4	44680688	44680847	160	*
chr1	63651666	63651856	191	*
chr4	44690710	44690861	152	*
chr4	44722081	44722207	127	*
chr4	46312494	46312718	225	*
chr4	46386065	46386206	142	*
chr4	46928205	46928454	250	*
chr4	46965040	46965243	204	*
chr4	46971080	46971237	158	*
chr4	46977407	46977633	227	*
chr4	46992800	46992918	119	*
chr4	47161246	47161471	226	*
chr4	47425671	47426024	354	*
chr4	47568966	47569152	187	*
chr4	47661709	47661852	144	*
chr4	47894179	47894304	126	*
chr4	47936490	47937838	1349	*
chr4	48035559	48036042	484	*
chr4	48073930	48074055	126	*
chr4	48369845	48369997	153	*
chr4	48377893	48378064	172	*
chr1	64049688	64049983	296	*
chr4	48488423	48488917	495	*
chr4	48520926	48521182	257	*
chr4	48539965	48540070	106	*
chr4	48549471	48549626	156	*
chr4	48553213	48553389	177	*
chr1	64137357	64137502	146	*
chr1	11234141	11234268	128	*
chr4	48620635	48620789	155	*
chr1	64142398	64142655	258	*
chr4	51877755	51877860	106	*
chr4	51891758	51891858	101	*
chr4	51911065	51911177	113	*
chr4	52028725	52028930	206	*
chr4	52601854	52602062	209	*
chr4	52865329	52865805	477	*
chr4	53273824	53274009	186	*
chr4	53390519	53390634	116	*
chr4	53391002	53391149	148	*
chr4	53428025	53428187	163	*
chr1	64177425	64178999	1575	*
chr4	53557866	53557976	111	*
chr4	53573618	53573954	337	*
chr4	54101579	54101923	345	*
chr4	54267287	54267463	177	*
chr4	54287426	54287544	119	*
chr4	54703791	54703896	106	*
chr4	54731869	54732005	137	*
chr4	54736496	54736612	117	*
chr4	55087605	55087761	157	*
chr4	55089949	55090089	141	*
chr1	11237841	11238059	219	*
chr4	55094799	55094902	104	*
chr4	55556599	55556718	120	*
chr4	55831321	55831471	151	*
chr4	55837079	55837344	266	*
chr4	55864215	55864390	176	*
chr4	55871098	55871215	118	*
chr4	55877915	55878068	154	*
chr4	55953083	55953277	195	*
chr1	64629353	64629484	132	*
chr4	56011794	56011925	132	*
chr4	56019362	56019561	200	*
chr4	56313195	56313367	173	*
chr4	56315267	56315386	120	*
chr4	56327676	56327802	127	*
chr1	64632597	64632747	151	*
chr4	56406493	56406703	211	*
chr4	56441661	56441865	205	*
chr4	56446693	56446876	184	*
chr4	56448415	56448597	183	*
chr4	56469651	56469779	129	*
chr1	64647796	64648040	245	*
chr4	56483137	56483272	136	*
chr1	64652159	64652315	157	*
chr1	64658703	64658875	173	*
chr4	57010359	57010508	150	*
chr4	57017547	57017733	187	*
chr4	57025369	57025540	172	*
chr4	57030202	57030401	200	*
chr4	57032424	57032554	131	*
chr4	57033189	57033314	126	*
chr4	57040822	57040935	114	*
chr4	61676816	61676944	129	*
chr4	61732730	61733559	830	*
chr4	61946905	61947124	220	*
chr4	61979551	61979777	227	*
chr4	61983381	61983609	229	*
chr1	64671562	64671689	128	*
chr1	64673155	64673258	104	*
chr1	11240299	11240550	252	*
chr4	65335929	65336128	200	*
chr4	65351384	65351601	218	*
chr4	65490370	65490741	372	*
chr4	65601636	65602307	672	*
chr4	67638940	67639130	191	*
chr1	64679593	64679761	169	*
chr4	67740487	67740700	214	*
chr4	67744604	67744733	130	*
chr4	67753907	67754080	174	*
chr4	68068613	68068721	109	*
chr1	64681223	64681342	120	*
chr4	70722558	70722757	200	*
chr4	70762517	70762695	179	*
chr4	70768535	70768661	127	*
chr4	70788804	70788975	172	*
chr4	70793693	70793911	219	*
chr4	70806514	70806661	148	*
chr4	70825290	70825433	144	*
chr1	64691320	64691561	242	*
chr4	70958872	70959046	175	*
chr4	70969924	70970029	106	*
chr1	11243109	11243303	195	*
chr1	64777615	64778098	484	*
chr4	71453492	71453674	183	*
chr4	71547624	71547724	101	*
chr4	72290853	72291063	211	*
chr4	72309391	72309533	143	*
chr4	72339487	72339640	154	*
chr4	72548650	72548888	239	*
chr4	73090662	73091129	468	*
chr4	73091600	73091997	398	*
chr4	73098175	73098526	352	*
chr1	64845509	64845642	134	*
chr4	73115817	73115924	108	*
chr4	73124911	73125061	151	*
chr4	73161186	73161350	165	*
chr1	64866958	64867214	257	*
chr4	75646332	75646464	133	*
chr4	75655762	75655873	112	*
chr4	75774674	75774799	126	*
chr4	75787060	75787206	147	*
chr4	75790622	75790800	179	*
chr4	75799620	75799740	121	*
chr1	64873368	64873525	158	*
chr4	75800616	75800801	186	*
chr4	75873134	75873314	181	*
chr1	65190708	65190834	127	*
chr4	75891849	75891986	138	*
chr4	75969294	75969401	108	*
chr4	76130651	76130757	107	*
chr4	76351715	76351827	113	*
chr4	76362158	76362317	160	*
chr4	76367291	76367535	245	*
chr4	76367556	76367779	224	*
chr4	76369421	76369599	179	*
chr4	76371412	76371538	127	*
chr4	77005599	77005798	200	*
chr1	65366046	65366201	156	*
chr4	77011733	77011924	192	*
chr4	77014843	77015023	181	*
chr4	77048220	77048664	445	*
chr4	77055147	77055383	237	*
chr4	77055954	77056104	151	*
chr4	77066245	77066411	167	*
chr4	77159324	77159507	184	*
chr4	77160718	77160977	260	*
chr4	77161647	77161750	104	*
chr4	77164271	77164484	214	*
chr4	77720215	77720651	437	*
chr4	77726160	77726371	212	*
chr4	77728851	77729100	250	*
chr4	77742136	77742251	116	*
chr1	11247817	11248007	191	*
chr4	77883337	77883504	168	*
chr4	78369835	78369989	155	*
chr4	78464441	78464586	146	*
chr4	78482371	78482540	170	*
chr4	78488872	78489086	215	*
chr4	78508830	78509012	183	*
chr4	78511272	78511508	237	*
chr4	78521521	78521633	113	*
chr4	78526534	78526662	129	*
chr4	78536986	78537205	220	*
chr4	78540914	78541016	103	*
chr1	65412922	65413024	103	*
chr4	78859566	78859695	130	*
chr4	78887133	78887294	162	*
chr4	78923854	78923954	101	*
chr1	65429859	65430054	196	*
chr1	65605090	65605240	151	*
chr1	65608746	65608904	159	*
chr1	65609992	65610108	117	*
chr1	65619917	65620027	111	*
chr4	81169659	81169770	112	*
chr1	65621347	65621461	115	*
chr4	82355290	82355421	132	*
chr4	82356791	82356901	111	*
chr4	82358653	82358822	170	*
chr4	82428018	82428182	165	*
chr4	82447918	82448022	105	*
chr4	82490052	82490239	188	*
chr1	11255987	11256197	211	*
chr4	82854899	82855031	133	*
chr4	82856946	82857136	191	*
chr4	82867152	82867319	168	*
chr4	82870322	82870426	105	*
chr4	82927954	82928306	353	*
chr4	82930937	82931151	215	*
chr4	82939534	82939742	209	*
chr4	82946252	82946490	239	*
chr4	82984154	82984844	691	*
chr4	83045610	83045720	111	*
chr4	83049162	83049321	160	*
chr4	83056907	83057081	175	*
chr4	83273493	83273622	130	*
chr4	83278945	83279116	172	*
chr4	83427561	83427730	170	*
chr4	83439857	83440012	156	*
chr1	66247448	66247660	213	*
chr4	83598049	83598182	134	*
chr1	66332450	66332621	172	*
chr1	11256928	11257168	241	*
chr1	66361607	66361795	189	*
chr4	84609419	84609529	111	*
chr1	66363166	66363271	106	*
chr4	84677194	84677398	205	*
chr4	84690502	84690671	170	*
chr4	84692881	84693035	155	*
chr4	84702347	84702517	171	*
chr1	66363405	66363577	173	*
chr4	84705389	84705522	134	*
chr4	84737179	84737368	190	*
chr4	84753692	84753879	188	*
chr4	84780106	84780301	196	*
chr4	84794515	84794739	225	*
chr4	84796516	84796755	240	*
chr1	66367941	66368068	128	*
chr4	84801645	84801866	222	*
chr4	84826811	84826984	174	*
chr4	84829000	84829199	200	*
chr1	66368785	66368970	186	*
chr4	84831430	84831608	179	*
chr4	84849899	84850027	129	*
chr4	85570510	85570726	217	*
chr4	85994683	85995118	436	*
chr4	85995159	85995662	504	*
chr4	86101047	86101219	173	*
chr4	86159293	86159483	191	*
chr4	86701580	86701680	101	*
chr4	86722211	86722438	228	*
chr1	66635852	66636054	203	*
chr4	86734301	86734465	165	*
chr4	86734735	86734835	101	*
chr4	86750446	86750644	199	*
chr4	86764578	86764752	175	*
chr4	87183199	87183393	195	*
chr4	87195328	87195438	111	*
chr4	87451586	87451740	155	*
chr4	88038311	88038510	200	*
chr4	88046639	88046876	238	*
chr4	88056077	88056274	198	*
chr4	88067896	88068066	171	*
chr4	88074809	88074961	153	*
chr4	88118102	88118262	161	*
chr4	88704095	88704285	191	*
chr4	88728535	88728661	127	*
chr1	66729261	66729434	174	*
chr1	11285632	11286130	499	*
chr4	93084980	93085284	305	*
chr4	93455644	93455979	336	*
chr4	93769192	93769453	262	*
chr4	93772071	93772621	551	*
chr4	93829391	93829572	182	*
chr4	94226117	94226227	111	*
chr4	94252711	94253024	314	*
chr4	94264705	94264908	204	*
chr4	94270724	94270824	101	*
chr4	94276336	94276479	144	*
chr4	94277020	94277165	146	*
chr4	94278419	94278520	102	*
chr4	94280580	94280741	162	*
chr4	94281461	94281595	135	*
chr4	94283119	94283307	189	*
chr4	94586980	94587082	103	*
chr4	95114708	95114823	116	*
chr4	95115683	95115791	109	*
chr4	95129858	95130059	202	*
chr4	95154546	95154673	128	*
chr1	957142	957257	116	*
chr1	6588276	6588444	169	*
chr4	95169232	95169402	171	*
chr4	95182893	95183063	171	*
chr4	95185045	95185198	154	*
chr4	95301600	95301752	153	*
chr4	95335405	95335644	240	*
chr1	66972888	66972995	108	*
chr4	95840544	95840944	401	*
chr1	66976589	66976727	139	*
chr4	98420014	98420151	138	*
chr4	98481999	98482177	179	*
chr4	98887074	98887194	121	*
chr4	98901872	98901988	117	*
chr4	99085112	99085218	107	*
chr4	99600563	99600738	176	*
chr4	99612911	99613143	233	*
chr4	99621059	99621235	177	*
chr4	99840275	99840425	151	*
chr4	99866017	99866125	109	*
chr4	99948135	99948525	391	*
chr4	100187678	100188170	493	*
chr4	101093771	101093933	163	*
chr4	101099602	101099751	150	*
chr1	67047260	67047369	110	*
chr4	101108948	101109093	146	*
chr4	102267867	102268022	156	*
chr4	102537855	102537961	107	*
chr4	102799400	102799511	112	*
chr4	103719123	103719461	339	*
chr4	104490939	104491051	113	*
chr1	67420008	67420189	182	*
chr1	67424881	67425026	146	*
chr4	105275215	105275771	557	*
chr1	67425074	67425225	152	*
chr4	105630857	105631196	340	*
chr4	105648543	105648688	146	*
chr4	105667127	105667333	207	*
chr4	105677750	105677940	191	*
chr4	105717609	105717765	157	*
chr4	105717849	105718045	197	*
chr4	105834448	105834596	149	*
chr4	105897893	105898008	116	*
chr4	105911991	105912305	315	*
chr4	105938299	105938426	128	*
chr4	105967185	105967451	267	*
chr4	106193606	106193773	168	*
chr4	106235264	106235369	106	*
chr4	106244621	106244778	158	*
chr4	106308763	106308962	200	*
chr4	106327449	106327565	117	*
chr4	106336867	106337042	176	*
chr4	106347524	106347693	170	*
chr1	67705451	67705574	124	*
chr4	106925796	106925952	157	*
chr1	68126227	68126341	115	*
chr1	68145867	68146035	169	*
chr4	107895650	107896014	365	*
chr1	11502676	11502902	227	*
chr4	108048560	108048753	194	*
chr1	68150183	68150359	177	*
chr4	108089137	108089286	150	*
chr1	68153512	68153656	145	*
chr1	68155093	68155262	170	*
chr4	108622103	108622209	107	*
chr4	108752888	108753017	130	*
chr1	68193954	68194234	281	*
chr4	108819205	108819372	168	*
chr4	108834327	108834549	223	*
chr4	108838022	108838285	264	*
chr4	109510003	109510115	113	*
chr1	68429783	68429929	147	*
chr4	109521426	109521630	205	*
chr4	109525345	109525510	166	*
chr1	68431276	68431378	103	*
chr4	109940944	109941151	208	*
chr1	68438183	68438339	157	*
chr4	110553306	110553458	153	*
chr4	110618125	110618690	566	*
chr1	69792031	69792165	135	*
chr4	112262904	112263127	224	*
chr4	112268141	112268365	225	*
chr4	112646790	112646958	169	*
chr1	70011763	70011933	171	*
chr4	113199006	113199112	107	*
chr1	70012972	70013093	122	*
chr4	113264884	113265002	119	*
chr1	70018714	70018822	109	*
chr4	113336568	113336786	219	*
chr1	70021001	70021132	132	*
chr4	113345898	113346025	128	*
chr1	70036106	70036235	130	*
chr4	113759313	113759432	120	*
chr1	70036437	70036632	196	*
chr4	114833583	114833718	136	*
chr4	114852723	114852824	102	*
chr4	114870764	114870955	192	*
chr1	70038336	70039111	776	*
chr4	118703930	118704054	125	*
chr1	70039138	70039867	730	*
chr4	118752694	118752890	197	*
chr1	70053009	70053151	143	*
chr4	119164209	119164399	191	*
chr1	70076065	70076303	239	*
chr4	119542456	119542636	181	*
chr4	119562826	119562981	156	*
chr4	120060135	120060292	158	*
chr4	120061971	120062098	128	*
chr4	120065670	120065821	152	*
chr1	70121760	70122257	498	*
chr4	121802662	121802799	138	*
chr4	121802913	121803027	115	*
chr4	121809952	121810106	155	*
chr4	121818793	121818922	130	*
chr4	121820536	121820767	232	*
chr4	121852954	121853093	140	*
chr4	121854698	121854822	125	*
chr4	121899603	121899751	149	*
chr4	121932264	121933044	781	*
chr4	122186031	122186224	194	*
chr1	70148485	70148674	190	*
chr4	122196632	122196797	166	*
chr4	122199347	122199456	110	*
chr4	122200994	122201129	136	*
chr4	122207105	122207270	166	*
chr4	122210986	122211098	113	*
chr4	122224488	122224680	193	*
chr4	122226702	122226838	137	*
chr1	70155686	70155802	117	*
chr4	122247156	122247359	204	*
chr4	122249475	122249685	211	*
chr4	122254802	122254958	157	*
chr1	70175800	70175990	191	*
chr4	122271014	122271727	714	*
chr4	122281533	122281777	245	*
chr4	122286533	122286789	257	*
chr1	70178850	70178995	146	*
chr4	122305875	122306048	174	*
chr4	122316730	122316868	139	*
chr1	70184779	70184930	152	*
chr4	122331324	122331547	224	*
chr4	122333615	122333815	201	*
chr4	122336869	122337024	156	*
chr1	70189086	70189275	190	*
chr4	122348553	122348724	172	*
chr4	122349432	122349644	213	*
chr4	122349852	122350079	228	*
chr4	122353812	122354019	208	*
chr1	70228416	70228581	166	*
chr4	122356618	122356762	145	*
chr4	122429623	122429742	120	*
chr4	122938121	122938256	136	*
chr1	70231624	70232380	757	*
chr4	125316592	125317756	1165	*
chr4	125318090	125319246	1157	*
chr4	125319274	125320911	1638	*
chr4	125446291	125446547	257	*
chr4	125450107	125452813	2707	*
chr4	125468510	125468824	315	*
chr4	125477153	125477337	185	*
chr1	70244680	70244817	138	*
chr4	127801777	127801923	147	*
chr4	127807993	127808134	142	*
chr4	127811433	127811645	213	*
chr4	127885705	127886167	463	*
chr1	11525184	11525317	134	*
chr4	127989718	127989826	109	*
chr4	128200518	128200667	150	*
chr4	128848964	128849172	209	*
chr4	128852069	128852270	202	*
chr4	128855628	128855799	172	*
chr4	128861702	128861854	153	*
chr4	128861928	128862229	302	*
chr4	128867850	128867975	126	*
chr4	128942993	128943191	199	*
chr4	128999669	128999796	128	*
chr4	133151069	133151773	705	*
chr1	70274714	70274820	107	*
chr1	70292383	70292567	185	*
chr1	11526617	11526839	223	*
chr4	138185115	138185295	181	*
chr4	139044627	139045455	829	*
chr1	70417934	70418040	107	*
chr4	139351503	139351613	111	*
chr4	139360491	139360633	143	*
chr1	70421564	70421678	115	*
chr4	139370190	139370409	220	*
chr4	139376358	139376476	119	*
chr4	139378748	139378859	112	*
chr4	139386124	139386241	118	*
chr4	139511658	139511863	206	*
chr4	139520275	139520397	123	*
chr1	71012182	71012412	231	*
chr1	71066734	71066959	226	*
chr4	140152853	140153129	277	*
chr1	71069218	71069392	175	*
chr4	140380961	140381106	146	*
chr4	140400334	140400566	233	*
chr4	140401966	140402080	115	*
chr4	140535720	140535833	114	*
chr4	140543434	140543594	161	*
chr4	140622202	140622611	410	*
chr4	140639320	140639438	119	*
chr4	140661887	140662110	224	*
chr4	140670718	140670928	211	*
chr4	140911138	140911361	224	*
chr4	140925970	140926088	119	*
chr4	140967615	140967876	262	*
chr4	142108086	142108196	111	*
chr4	142173484	142173821	338	*
chr4	143187807	143187963	157	*
chr4	143195705	143195853	149	*
chr4	143197821	143197929	109	*
chr4	143214112	143214576	465	*
chr4	143214667	143214957	291	*
chr4	143220289	143220561	273	*
chr4	143538586	143538717	132	*
chr4	143540339	143540498	160	*
chr4	143543507	143543669	163	*
chr4	143543851	143543977	127	*
chr4	143544735	143544852	118	*
chr4	143547379	143547509	131	*
chr4	143549995	143550103	109	*
chr4	143553116	143553440	325	*
chr4	144659627	144659896	270	*
chr4	144737740	144738067	328	*
chr4	145081659	145081765	107	*
chr4	145117286	145117442	157	*
chr4	145119927	145120158	232	*
chr4	145146258	145146429	172	*
chr4	145546692	145546926	235	*
chr4	145761377	145761616	240	*
chr4	145885665	145885875	211	*
chr4	145885902	145886162	261	*
chr4	145892238	145892418	181	*
chr4	145902266	145903231	966	*
chr4	146187272	146187395	124	*
chr1	71935076	71935327	252	*
chr4	146509901	146510057	157	*
chr4	146639826	146640795	970	*
chr4	146903539	146903745	207	*
chr4	147535875	147536034	160	*
chr4	147632900	147632999	100	*
chr4	147638531	147638755	225	*
chr4	147660844	147660958	115	*
chr4	147668535	147668652	118	*
chr4	147680302	147680473	172	*
chr4	147879221	147879347	127	*
chr4	147946593	147946709	117	*
chr4	147965012	147965135	124	*
chr4	147966675	147966842	168	*
chr4	148023226	148023440	215	*
chr4	148152440	148152628	189	*
chr4	150079123	150079450	328	*
chr4	150193126	150193243	118	*
chr1	11534379	11534541	163	*
chr4	150349988	150350186	199	*
chr4	150490915	150491050	136	*
chr4	150582970	150584110	1141	*
chr4	150588043	150588197	155	*
chr4	150598925	150599983	1059	*
chr4	150683547	150683726	180	*
chr4	150848813	150849000	188	*
chr4	150849417	150849590	174	*
chr4	150867666	150867871	206	*
chr4	150868177	150868318	142	*
chr4	150871327	150871455	129	*
chr4	150893050	150893152	103	*
chr4	150914188	150914350	163	*
chr4	150916575	150916750	176	*
chr4	151099606	151099715	110	*
chr4	151100975	151101167	193	*
chr4	151102868	151103083	216	*
chr4	151104171	151104292	122	*
chr4	151165583	151165719	137	*
chr4	151586638	151586801	164	*
chr4	151588811	151588932	122	*
chr4	151656228	151656413	186	*
chr4	151688626	151688778	153	*
chr4	151716004	151716133	130	*
chr4	152328204	152328403	200	*
chr4	152411296	152411875	580	*
chr4	152872450	152872602	153	*
chr4	152882713	152882882	170	*
chr4	152888128	152888311	184	*
chr1	74182534	74182867	334	*
chr4	153315811	153316004	194	*
chr1	74199660	74199833	174	*
chr1	74204379	74204773	395	*
chr4	153636282	153636714	433	*
chr1	74204846	74205217	372	*
chr4	153788329	153788835	507	*
chr1	74205515	74205690	176	*
chr4	154328084	154328194	111	*
chr4	154542183	154542282	100	*
chr4	154544439	154544555	117	*
chr4	154569491	154569805	315	*
chr4	154584124	154584865	742	*
chr4	154588841	154588990	150	*
chr4	154606702	154606988	287	*
chr4	154797809	154798298	490	*
chr4	154798779	154799187	409	*
chr1	74492094	74492271	178	*
chr4	155774966	155775086	121	*
chr4	155793851	155794090	240	*
chr4	155799861	155800079	219	*
chr4	155802339	155802584	246	*
chr4	155829909	155830066	158	*
chr4	155905048	155905160	113	*
chr4	155918141	155918244	104	*
chr4	156850214	156850419	206	*
chr4	157220945	157221135	191	*
chr4	157303540	157303796	257	*
chr4	157333246	157333373	128	*
chr4	158217291	158217424	134	*
chr4	158646789	158647206	418	*
chr4	158682179	158682431	253	*
chr1	74620729	74620917	189	*
chr4	158698985	158699134	150	*
chr4	158703414	158703596	183	*
chr4	158708359	158708526	168	*
chr4	159241193	159241372	180	*
chr1	74710096	74710251	156	*
chr4	159314589	159314774	186	*
chr4	159323456	159323619	164	*
chr1	74719206	74719374	169	*
chr4	159345103	159345340	238	*
chr1	74752290	74752428	139	*
chr4	161385746	161386472	727	*
chr1	11719581	11719696	116	*
chr4	163140217	163140395	179	*
chr4	163148336	163148436	101	*
chr4	163325851	163326464	614	*
chr4	163515303	163515466	164	*
chr4	165085582	165085700	119	*
chr4	165219932	165220063	132	*
chr4	165228803	165228919	117	*
chr4	165467675	165467857	183	*
chr4	165995050	165995184	135	*
chr1	75140982	75141109	128	*
chr1	11790714	11790900	187	*
chr4	168898483	168898719	237	*
chr4	168915892	168916032	141	*
chr1	75148585	75148685	101	*
chr4	169006750	169006893	144	*
chr4	169120814	169121003	190	*
chr4	169155475	169155578	104	*
chr4	169268809	169269224	416	*
chr4	169588634	169588742	109	*
chr4	169687644	169687771	128	*
chr4	169692100	169692333	234	*
chr4	169697187	169697738	552	*
chr4	169713077	169713301	225	*
chr4	169729578	169729714	137	*
chr4	169991732	169992330	599	*
chr1	11791203	11791328	126	*
chr4	172809353	172809552	200	*
chr4	172813465	172813736	272	*
chr4	172882770	172882914	145	*
chr4	173373379	173373518	140	*
chr4	173377174	173377326	153	*
chr4	174237300	174237612	313	*
chr4	174262755	174263103	349	*
chr4	174643782	174644077	296	*
chr4	174728471	174728701	231	*
chr4	175701570	175701769	200	*
chr1	75789949	75790061	113	*
chr4	176141957	176142084	128	*
chr4	176327153	176327283	131	*
chr4	176711491	176711682	192	*
chr4	176727772	176727986	215	*
chr4	177341462	177341611	150	*
chr4	177433208	177433361	154	*
chr1	11793905	11794091	187	*
chr1	76412000	76412422	423	*
chr1	11794353	11794540	188	*
chr4	182688164	182688356	193	*
chr4	182754369	182755271	903	*
chr4	182792260	182793889	1630	*
chr4	182799587	182800352	766	*
chr4	182891329	182891482	154	*
chr4	183445526	183445685	160	*
chr4	183663865	183664074	210	*
chr4	183680109	183680273	165	*
chr4	184001312	184001481	170	*
chr4	184011149	184011428	280	*
chr4	184017083	184017284	202	*
chr4	185144762	185145256	495	*
chr4	185145752	185145904	153	*
chr4	185146799	185146967	169	*
chr4	185175780	185176059	280	*
chr4	185431975	185432208	234	*
chr4	185436257	185436365	109	*
chr4	185506520	185506657	138	*
chr1	11802884	11803067	184	*
chr4	185525018	185525178	161	*
chr1	77297830	77297969	140	*
chr4	186076722	186076951	230	*
chr4	186082873	186083792	920	*
chr4	186162840	186162956	117	*
chr1	77565564	77565787	224	*
chr4	186257237	186257368	132	*
chr4	186617704	186621778	4075	*
chr4	186636574	186636916	343	*
chr1	77581974	77582130	157	*
chr5	453368	454053	686	*
chr1	11822673	11822806	134	*
chr1	77631810	77632316	507	*
chr5	908353	908457	105	*
chr1	77632350	77633441	1092	*
chr1	77721826	77721979	154	*
chr1	77722022	77722199	178	*
chr1	77723325	77723455	131	*
chr5	5186050	5186256	207	*
chr5	5189974	5190132	159	*
chr5	5209087	5209252	166	*
chr5	5232366	5232519	154	*
chr5	5235008	5235190	183	*
chr5	5236963	5237109	147	*
chr5	6604133	6604279	147	*
chr5	6605271	6605410	140	*
chr5	6609825	6609924	100	*
chr1	77739262	77739419	158	*
chr5	6737508	6737639	132	*
chr5	6743709	6743842	134	*
chr5	7695750	7695866	117	*
chr5	7698242	7698379	138	*
chr5	7816863	7816985	123	*
chr1	77806971	77807105	135	*
chr5	9042897	9043024	128	*
chr5	9062882	9063073	192	*
chr5	9118996	9119148	153	*
chr5	9337708	9337815	108	*
chr5	10261558	10261750	193	*
chr5	10377795	10377900	106	*
chr5	10415481	10415671	191	*
chr5	10448270	10448384	115	*
chr5	10649833	10650084	252	*
chr5	11022762	11023013	252	*
chr5	13691984	13692130	147	*
chr5	13700636	13700874	239	*
chr5	13717313	13717524	212	*
chr5	13791988	13792145	158	*
chr5	13793511	13793738	228	*
chr5	13820343	13820502	160	*
chr5	13823259	13823372	114	*
chr5	13829508	13829706	199	*
chr5	13830595	13830777	183	*
chr5	13839352	13839533	182	*
chr1	77917553	77917774	222	*
chr5	13840901	13841133	233	*
chr5	13864394	13864639	246	*
chr5	13867802	13867994	193	*
chr5	13882902	13883096	195	*
chr5	13901248	13901576	329	*
chr5	13913740	13913960	221	*
chr5	13919174	13919354	181	*
chr5	13920475	13920619	145	*
chr5	14290704	14291230	527	*
chr5	14297069	14297270	202	*
chr1	77929354	77929508	155	*
chr1	77933266	77933479	214	*
chr5	14398878	14399077	200	*
chr5	14419776	14420026	251	*
chr1	77935814	77936047	234	*
chr5	14485067	14485250	184	*
chr5	14496877	14497019	143	*
chr5	14504390	14504599	210	*
chr5	14507878	14508491	614	*
chr5	14602181	14602335	155	*
chr5	14607323	14607464	142	*
chr1	77942447	77942830	384	*
chr5	14687505	14687651	147	*
chr5	14690037	14690313	277	*
chr5	14712870	14712976	107	*
chr5	14741822	14741928	107	*
chr5	15927871	15928505	635	*
chr5	15936448	15937189	742	*
chr5	16451657	16451764	108	*
chr5	16463106	16463272	167	*
chr5	16477659	16477790	132	*
chr5	16478845	16478990	146	*
chr5	16483342	16483481	140	*
chr5	16571991	16572104	114	*
chr5	16668272	16668471	200	*
chr5	16674851	16675154	304	*
chr5	16681306	16681506	201	*
chr5	16681869	16682016	148	*
chr5	16689822	16689922	101	*
chr5	16694368	16694616	249	*
chr5	16699447	16699576	130	*
chr5	16702991	16703164	174	*
chr5	16794642	16794836	195	*
chr5	16877604	16877714	111	*
chr5	19502986	19503112	127	*
chr5	19520653	19520798	146	*
chr5	19571576	19571848	273	*
chr1	77949150	77949469	320	*
chr5	21755584	21755850	267	*
chr5	21760553	21760677	125	*
chr5	21764975	21765101	127	*
chr1	77956569	77956710	142	*
chr5	21783333	21783552	220	*
chr5	21802162	21802422	261	*
chr5	21975082	21975387	306	*
chr5	22078442	22078895	454	*
chr1	77962764	77962941	178	*
chr5	24487659	24488155	497	*
chr5	24498393	24498521	129	*
chr5	24511402	24511506	105	*
chr5	24537374	24537684	311	*
chr5	24593255	24593358	104	*
chr5	26902470	26902731	262	*
chr1	11833519	11833643	125	*
chr5	31267474	31267707	234	*
chr5	31293960	31294262	303	*
chr5	31305173	31305432	260	*
chr5	31317667	31317927	261	*
chr5	31322799	31323327	529	*
chr5	31409051	31409161	111	*
chr5	31451528	31451632	105	*
chr5	31464234	31464345	112	*
chr5	31508619	31508777	159	*
chr5	31511030	31511178	149	*
chr5	31521118	31521221	104	*
chr5	31535734	31535896	163	*
chr5	31995561	31995720	160	*
chr5	32000137	32000277	141	*
chr1	78005078	78005324	247	*
chr5	32061000	32061136	137	*
chr5	32072158	32072258	101	*
chr5	32234957	32235132	176	*
chr1	78013049	78013625	577	*
chr5	32273982	32274087	106	*
chr1	78016008	78016248	241	*
chr5	32385482	32385660	179	*
chr5	32387537	32387710	174	*
chr1	78080670	78080864	195	*
chr5	32417646	32417806	161	*
chr5	32419816	32420108	293	*
chr5	33453287	33453415	129	*
chr1	78094986	78095138	153	*
chr5	33457251	33457406	156	*
chr5	33459698	33459864	167	*
chr1	78135583	78135732	150	*
chr5	33648818	33648969	152	*
chr5	33661913	33662048	136	*
chr5	33683857	33683975	119	*
chr5	34811765	34811956	192	*
chr5	34813511	34813663	153	*
chr5	34908767	34908951	185	*
chr5	34909253	34909358	106	*
chr5	34911551	34911815	265	*
chr5	34935708	34935838	131	*
chr5	34936139	34936268	130	*
chr5	34937324	34937632	309	*
chr1	78891520	78891694	175	*
chr5	35025757	35025858	102	*
chr5	35065960	35066105	146	*
chr5	35084465	35084625	161	*
chr5	35790022	35790168	147	*
chr5	35799961	35800100	140	*
chr5	35909858	35910077	220	*
chr5	36115009	36115124	116	*
chr5	36117730	36117918	189	*
chr5	36122277	36122466	190	*
chr5	36122845	36122963	119	*
chr5	36136299	36136525	227	*
chr5	36137268	36137443	176	*
chr5	36141101	36141203	103	*
chr5	36152766	36152923	158	*
chr5	36166516	36166638	123	*
chr5	36195143	36195285	143	*
chr5	36253642	36253791	150	*
chr5	36608425	36608614	190	*
chr5	36629446	36629590	145	*
chr5	36686063	36686268	206	*
chr5	36955460	36955644	185	*
chr5	36984665	36985109	445	*
chr5	37002654	37002768	115	*
chr5	37008616	37008724	109	*
chr5	37020451	37020678	228	*
chr5	37049109	37049307	199	*
chr5	37052352	37052573	222	*
chr5	37058885	37059170	286	*
chr5	37060830	37061025	196	*
chr5	37063787	37065865	2079	*
chr5	37138716	37138837	122	*
chr5	37183324	37183578	255	*
chr5	37195852	37195998	147	*
chr5	37198700	37198836	137	*
chr5	37226748	37226893	146	*
chr5	37230862	37231052	191	*
chr5	37239711	37239847	137	*
chr5	37294317	37294467	151	*
chr5	37298863	37298980	118	*
chr5	37299443	37299571	129	*
chr5	37301432	37301556	125	*
chr5	37302774	37302910	137	*
chr5	37305052	37305213	162	*
chr5	37307296	37307438	143	*
chr5	37309123	37309269	147	*
chr5	37310547	37310746	200	*
chr5	37314195	37314334	140	*
chr5	37317985	37318091	107	*
chr1	11834482	11834595	114	*
chr5	37331682	37331797	116	*
chr5	37337816	37337920	105	*
chr5	37342546	37342652	107	*
chr5	37348502	37348602	101	*
chr5	37443237	37443378	142	*
chr5	37702947	37703094	148	*
chr5	37724894	37725050	157	*
chr5	37815650	37816155	506	*
chr5	38352194	38352331	138	*
chr5	38418056	38418261	206	*
chr5	38482575	38482678	104	*
chr5	38484771	38484879	109	*
chr5	38949707	38950722	1016	*
chr5	38952189	38952437	249	*
chr5	38955593	38955717	125	*
chr5	38959189	38959323	135	*
chr5	38959773	38959978	206	*
chr5	38960393	38960536	144	*
chr5	38962482	38962588	107	*
chr5	38962873	38963053	181	*
chr5	38990943	38991080	138	*
chr5	39002531	39002674	144	*
chr5	39021032	39021138	107	*
chr5	39134849	39135022	174	*
chr5	39202707	39202862	156	*
chr5	39311134	39311295	162	*
chr5	39376772	39376949	178	*
chr5	39382998	39383288	291	*
chr5	39390442	39390577	136	*
chr5	40681057	40681371	315	*
chr5	40716387	40716500	114	*
chr5	40764508	40764642	135	*
chr1	11835965	11836155	191	*
chr5	40764747	40765243	497	*
chr5	40767462	40767698	237	*
chr5	40769408	40769519	112	*
chr5	40771715	40771867	153	*
chr5	40775405	40775506	102	*
chr5	40777440	40777588	149	*
chr5	40834466	40834608	143	*
chr5	40947600	40947848	249	*
chr5	40979719	40979847	129	*
chr5	41313615	41313791	177	*
chr5	41382167	41382538	372	*
chr5	41739383	41739493	111	*
chr5	41917166	41917281	116	*
chr5	41927007	41927197	191	*
chr5	41929684	41929921	238	*
chr5	41939438	41939619	182	*
chr5	42718446	42718798	353	*
chr5	42719272	42719429	158	*
chr5	42800797	42800971	175	*
chr5	42808259	42808379	121	*
chr5	43139159	43139312	154	*
chr5	43277055	43277330	276	*
chr5	43279977	43280275	299	*
chr5	43280298	43280733	436	*
chr5	43292844	43292981	138	*
chr5	43294683	43294863	181	*
chr5	43295747	43295928	182	*
chr5	43296997	43297168	172	*
chr5	43298003	43298140	138	*
chr5	43298512	43298977	466	*
chr5	43453654	43453967	314	*
chr5	43547726	43547915	190	*
chr5	43612902	43613144	243	*
chr5	43651734	43651890	157	*
chr5	43653014	43653221	208	*
chr5	43655838	43656077	240	*
chr5	43675509	43675674	166	*
chr5	43700117	43700239	123	*
chr5	43704253	43704405	153	*
chr5	44304994	44305195	202	*
chr5	45303593	45303830	238	*
chr5	45645180	45645611	432	*
chr5	50403192	50403352	161	*
chr5	50759638	50759737	100	*
chr5	50778552	50778652	101	*
chr5	50795232	50795429	198	*
chr5	50797135	50797238	104	*
chr5	50821207	50821344	138	*
chr5	50841961	50842446	486	*
chr5	51391267	51391450	184	*
chr1	11922633	11923259	627	*
chr5	52800395	52800801	407	*
chr5	52801404	52801842	439	*
chr5	52887810	52887971	162	*
chr5	53048641	53048772	132	*
chr5	53065877	53065983	107	*
chr5	53078769	53078882	114	*
chr5	53100406	53100536	131	*
chr5	53101356	53101516	161	*
chr5	53107099	53107225	127	*
chr5	53484057	53484301	245	*
chr5	53484992	53485233	242	*
chr5	54113196	54113429	234	*
chr1	11923282	11923492	211	*
chr5	54171782	54171931	150	*
chr5	55232358	55232549	192	*
chr5	55262676	55262845	170	*
chr5	55267683	55267824	142	*
chr5	55269408	55269640	233	*
chr5	55276260	55276408	149	*
chr5	55277100	55277284	185	*
chr5	55285687	55285878	192	*
chr5	55328691	55328818	128	*
chr5	55347011	55347148	138	*
chr5	55366723	55366881	159	*
chr5	55405423	55405592	170	*
chr5	55425858	55426041	184	*
chr5	55467863	55468167	305	*
chr5	55475279	55475484	206	*
chr5	55626492	55626667	176	*
chr5	55633748	55633914	167	*
chr5	55672558	55672748	191	*
chr5	55785722	55785877	156	*
chr5	55792638	55792809	172	*
chr5	55813665	55813777	113	*
chr5	55814889	55815177	289	*
chr5	55947487	55947591	105	*
chr5	55951925	55952077	153	*
chr5	56864724	56864937	214	*
chr5	56872822	56873007	186	*
chr5	56875203	56875318	116	*
chr5	56881080	56881275	196	*
chr5	56882510	56882872	363	*
chr5	56883525	56883683	159	*
chr5	56885930	56886065	136	*
chr5	56887358	56887526	169	*
chr5	56888225	56888359	135	*
chr5	56893528	56893680	153	*
chr5	56911166	56911270	105	*
chr5	56946922	56947077	156	*
chr5	57230844	57230971	128	*
chr5	57246284	57246492	209	*
chr5	57262588	57263193	606	*
chr5	58456489	58456591	103	*
chr5	58617638	58617874	237	*
chr5	58974819	58975082	264	*
chr5	58975655	58975841	187	*
chr5	58990802	58990904	103	*
chr5	58993367	58993468	102	*
chr5	59988486	59988687	202	*
chr5	60597793	60597916	124	*
chr5	60644739	60644877	139	*
chr5	60754623	60754836	214	*
chr5	60771896	60772096	201	*
chr5	60890884	60891098	215	*
chr5	61472679	61473043	365	*
chr5	61494258	61494414	157	*
chr5	61525766	61525981	216	*
chr5	61531448	61531727	280	*
chr5	61539584	61539762	179	*
chr5	61543453	61544500	1048	*
chr5	62363176	62363322	147	*
chr5	62373679	62373843	165	*
chr5	62390873	62390996	124	*
chr5	62398643	62398742	100	*
chr5	62483099	62483296	198	*
chr5	62484004	62484167	164	*
chr5	63960451	63960760	310	*
chr5	63961016	63961625	610	*
chr5	64369613	64369815	203	*
chr5	64507701	64507880	180	*
chr5	64741052	64741200	149	*
chr5	65151838	65151970	133	*
chr5	65224921	65225054	134	*
chr5	65262812	65263175	364	*
chr5	65452128	65452256	129	*
chr5	65460165	65460342	178	*
chr5	65518475	65518643	169	*
chr5	65567511	65567621	111	*
chr5	65571837	65572299	463	*
chr5	65585997	65586187	191	*
chr5	65596416	65596534	119	*
chr5	65609240	65609460	221	*
chr5	65611600	65611883	284	*
chr5	65614095	65614221	127	*
chr5	65618088	65618257	170	*
chr5	65664229	65664386	158	*
chr5	65664502	65664613	112	*
chr5	65712959	65713066	108	*
chr5	65780174	65780285	112	*
chr5	65781251	65781424	174	*
chr5	65788115	65788487	373	*
chr5	65810033	65810172	140	*
chr5	65822753	65822899	147	*
chr5	65992693	65992910	218	*
chr5	66026294	66026423	130	*
chr5	66038370	66038487	118	*
chr5	66054234	66054954	721	*
chr5	66075011	66075239	229	*
chr5	66162107	66162276	170	*
chr5	67100429	67100594	166	*
chr5	67104364	67104580	217	*
chr5	67114085	67114223	139	*
chr5	67121007	67121110	104	*
chr5	67130208	67130403	196	*
chr5	67131811	67131956	146	*
chr5	67133512	67133647	136	*
chr5	67134517	67134695	179	*
chr5	67136553	67136666	114	*
chr5	67152630	67152871	242	*
chr5	67164445	67164640	196	*
chr5	67184289	67184589	301	*
chr5	68226714	68227015	302	*
chr5	68293298	68293485	188	*
chr5	68294533	68294680	148	*
chr5	68295180	68295326	147	*
chr5	69116392	69116607	216	*
chr5	69129444	69129617	174	*
chr5	69228265	69228390	126	*
chr5	69258041	69258156	116	*
chr5	69259817	69259942	126	*
chr5	69276541	69276692	152	*
chr5	69292184	69292373	190	*
chr5	69352066	69352258	193	*
chr5	69366499	69366602	104	*
chr5	69420104	69420365	262	*
chr5	69509135	69509369	235	*
chr5	69509586	69509824	239	*
chr5	69513943	69514114	172	*
chr5	69547927	69548104	178	*
chr5	71486480	71486629	150	*
chr5	71635149	71635249	101	*
chr5	72186612	72186756	145	*
chr5	72193864	72195055	1192	*
chr5	72196299	72196876	578	*
chr5	72197822	72198462	641	*
chr5	72199529	72200250	722	*
chr5	72221006	72221135	130	*
chr5	72226055	72226203	149	*
chr5	72228261	72228373	113	*
chr5	72447241	72447420	180	*
chr5	72460163	72460827	665	*
chr5	72855768	72855929	162	*
chr5	72861802	72861920	119	*
chr5	72865594	72865732	139	*
chr5	72875600	72875740	141	*
chr5	72877226	72877352	127	*
chr5	72990475	72990621	147	*
chr5	72990684	72990866	183	*
chr5	73015624	73015734	111	*
chr5	73063839	73063950	112	*
chr5	73074739	73074858	120	*
chr5	73081776	73081985	210	*
chr1	11964172	11964306	135	*
chr5	73087580	73087758	179	*
chr5	73173244	73173564	321	*
chr5	73562582	73562884	303	*
chr5	73572486	73572632	147	*
chr5	73579875	73580032	158	*
chr5	73752904	73753044	141	*
chr5	73870067	73870214	148	*
chr5	74634716	74636504	1789	*
chr5	74722373	74722563	191	*
chr5	74725637	74725760	124	*
chr5	74738314	74738428	115	*
chr5	74739983	74740139	157	*
chr5	74745673	74745859	187	*
chr5	74747689	74747792	104	*
chr5	74834422	74834600	179	*
chr5	74840069	74840179	111	*
chr5	75112507	75112611	105	*
chr5	75342575	75342778	204	*
chr5	75351066	75351267	202	*
chr5	75354494	75354700	207	*
chr5	75355054	75355219	166	*
chr5	75356341	75356453	113	*
chr5	75358655	75358832	178	*
chr5	75379334	75379475	142	*
chr5	75381067	75381210	144	*
chr5	75381943	75382103	161	*
chr5	75385895	75386041	147	*
chr5	75399259	75399587	329	*
chr5	75425341	75425505	165	*
chr5	75426365	75426485	121	*
chr5	75552470	75552594	125	*
chr5	75583284	75583422	139	*
chr5	75584757	75584930	174	*
chr5	75616797	75616914	118	*
chr5	75677767	75677953	187	*
chr5	75689006	75689167	162	*
chr5	76194896	76195104	209	*
chr5	76209734	76209892	159	*
chr5	76298780	76298932	153	*
chr5	76325361	76325547	187	*
chr5	76562394	76562556	163	*
chr5	76618120	76618270	151	*
chr5	76658456	76658669	214	*
chr5	76674475	76674711	237	*
chr5	77052705	77052813	109	*
chr5	77059614	77059749	136	*
chr5	77349416	77349565	150	*
chr5	77418224	77418448	225	*
chr5	77425764	77425901	138	*
chr5	77437330	77437433	104	*
chr5	77489452	77489577	126	*
chr5	77637057	77637239	183	*
chr5	78020686	78020798	113	*
chr5	78039039	78039276	238	*
chr5	78129118	78130009	892	*
chr5	78141136	78141321	186	*
chr5	78156251	78156374	124	*
chr5	78162813	78162958	146	*
chr5	78475502	78475666	165	*
chr5	78488898	78489167	270	*
chr5	78509782	78510051	270	*
chr5	78955291	78955507	217	*
chr5	79005268	79005561	294	*
chr1	11970665	11970821	157	*
chr5	79030828	79031006	179	*
chr5	79042278	79042484	207	*
chr5	79051282	79051494	213	*
chr5	79055806	79055914	109	*
chr5	79063608	79063789	182	*
chr5	79083631	79083858	228	*
chr5	79115765	79115905	141	*
chr5	79119256	79119383	128	*
chr5	79121251	79121369	119	*
chr5	79127753	79127988	236	*
chr5	79450985	79451129	145	*
chr5	79649040	79649197	158	*
chr5	79739265	79739408	144	*
chr5	79743824	79743928	105	*
chr5	79745220	79745462	243	*
chr5	79761807	79761961	155	*
chr5	79763059	79763213	155	*
chr5	79788967	79789107	141	*
chr5	79790968	79791074	107	*
chr5	79793434	79793534	101	*
chr5	79983684	79983819	136	*
chr5	79989147	79989246	100	*
chr5	80040124	80040285	162	*
chr5	80055790	80055959	170	*
chr5	80059789	80059907	119	*
chr5	80079910	80080080	171	*
chr5	80166377	80166480	104	*
chr5	80202917	80203055	139	*
chr5	80438879	80439012	134	*
chr5	80439933	80440036	104	*
chr5	80450429	80450608	180	*
chr5	80451483	80451716	234	*
chr5	80472751	80472926	176	*
chr5	80473752	80473862	111	*
chr5	80541668	80541816	149	*
chr5	80637880	80638011	132	*
chr5	80649383	80649496	114	*
chr5	80672238	80672368	131	*
chr5	80854125	80854324	200	*
chr5	80864808	80864946	139	*
chr5	81042875	81042984	110	*
chr5	81068021	81068184	164	*
chr5	81112608	81112860	253	*
chr5	81113536	81113824	289	*
chr5	81212358	81212567	210	*
chr5	81252772	81252895	124	*
chr5	81254394	81254494	101	*
chr5	81254990	81255220	231	*
chr5	81256902	81257005	104	*
chr5	81257731	81257861	131	*
chr5	81259118	81259255	138	*
chr5	81266137	81266258	122	*
chr5	81345880	81346007	128	*
chr5	81363785	81363897	113	*
chr5	81428578	81428696	119	*
chr5	82276109	82276265	157	*
chr5	82276396	82276524	129	*
chr5	82304613	82304855	243	*
chr5	83195764	83195942	179	*
chr5	83203550	83203709	160	*
chr5	83490095	83490443	349	*
chr5	83493537	83493725	189	*
chr5	83512101	83512401	301	*
chr5	83545514	83545658	145	*
chr5	83553353	83553529	177	*
chr5	83579978	83580168	191	*
chr5	83580275	83580434	160	*
chr5	83644358	83644664	307	*
chr5	83943419	83943570	152	*
chr1	81836870	81837062	193	*
chr5	83963201	83963362	162	*
chr5	84060297	84060520	224	*
chr5	84066446	84066609	164	*
chr5	84106638	84106837	200	*
chr5	87331346	87331506	161	*
chr5	87332504	87332647	144	*
chr5	87349202	87349368	167	*
chr5	87374158	87374328	171	*
chr5	87376383	87376580	198	*
chr5	87378386	87378542	157	*
chr5	87407972	87408191	220	*
chr1	81907015	81907234	220	*
chr5	88196199	88196505	307	*
chr1	11989162	11989345	184	*
chr5	88198971	88199162	192	*
chr5	88202957	88203097	141	*
chr5	88240804	88240943	140	*
chr5	88760916	88761380	465	*
chr1	11992552	11992695	144	*
chr1	81942925	81943774	850	*
chr5	90399352	90399554	203	*
chr5	90405675	90405844	170	*
chr5	90461180	90461554	375	*
chr5	90473877	90474048	172	*
chr5	90518976	90519285	310	*
chr5	90525030	90525191	162	*
chr5	90617802	90617958	157	*
chr5	90619081	90619185	105	*
chr5	90627205	90627791	587	*
chr5	90628573	90628834	262	*
chr5	90635108	90635296	189	*
chr5	90642634	90642768	135	*
chr5	90642850	90643044	195	*
chr5	90643801	90643993	193	*
chr1	11997294	11997426	133	*
chr5	90651599	90651735	137	*
chr5	90657903	90658283	381	*
chr5	90679478	90679634	157	*
chr5	90683987	90684202	216	*
chr5	90689859	90690080	222	*
chr5	90690795	90691046	252	*
chr5	90692583	90692785	203	*
chr5	90706228	90706397	170	*
chr5	90720042	90720228	187	*
chr5	90745580	90745798	219	*
chr5	90750544	90750704	161	*
chr5	90781422	90781583	162	*
chr5	90783122	90783327	206	*
chr5	90790871	90791060	190	*
chr5	90811167	90811339	173	*
chr1	81966402	81966634	233	*
chr5	90853282	90853420	139	*
chr5	90855736	90855907	172	*
chr5	91150027	91150221	195	*
chr5	91163779	91163899	121	*
chr5	91374916	91375180	265	*
chr5	91375508	91375624	117	*
chr1	81970312	81970707	396	*
chr1	81981794	81981982	189	*
chr1	81985246	81985377	132	*
chr1	11998986	11999097	112	*
chr1	81986841	81987062	222	*
chr5	93784377	93784504	128	*
chr5	93824143	93824273	131	*
chr5	93881464	93881699	236	*
chr5	94050727	94050853	127	*
chr5	94464865	94465287	423	*
chr5	94469880	94470257	378	*
chr5	94473350	94473531	182	*
chr5	94523926	94524104	179	*
chr5	94536992	94537145	154	*
chr5	94665843	94665962	120	*
chr5	94678806	94678961	156	*
chr5	94686570	94686723	154	*
chr5	94691464	94691663	200	*
chr5	94707300	94707614	315	*
chr5	94708505	94708615	111	*
chr5	94710442	94710951	510	*
chr5	94868326	94868462	137	*
chr5	94894641	94894846	206	*
chr5	94909245	94909387	143	*
chr5	94953214	94953372	159	*
chr5	95478285	95478444	160	*
chr5	95482467	95482635	169	*
chr5	95490903	95491038	136	*
chr5	95498367	95498597	231	*
chr5	95543179	95543329	151	*
chr5	95567887	95568052	166	*
chr5	95582914	95583067	154	*
chr5	95586546	95586742	197	*
chr5	95600954	95601075	122	*
chr5	95654112	95654242	131	*
chr5	95763503	95763626	124	*
chr5	95768043	95768169	127	*
chr5	95913763	95913936	174	*
chr5	96397333	96397471	139	*
chr5	96408218	96408326	109	*
chr5	96425815	96425939	125	*
chr5	96429207	96429323	117	*
chr5	96781052	96781200	149	*
chr5	96797170	96797315	146	*
chr5	96979136	96979699	564	*
chr5	96979811	96979981	171	*
chr5	96985076	96985221	146	*
chr5	97014937	97015100	164	*
chr5	97171203	97171401	199	*
chr5	97173168	97173269	102	*
chr5	97177726	97177850	125	*
chr5	97179046	97179199	154	*
chr5	98779572	98779865	294	*
chr5	98793082	98793442	361	*
chr1	12003990	12004123	134	*
chr5	98793471	98793665	195	*
chr5	98856379	98856579	201	*
chr5	98870680	98870809	130	*
chr5	98872048	98872203	156	*
chr5	98876393	98876560	168	*
chr5	98879550	98879730	181	*
chr5	98881074	98881183	110	*
chr5	98881277	98881377	101	*
chr5	98881974	98882124	151	*
chr5	98893412	98893608	197	*
chr5	98898658	98898770	113	*
chr5	98903790	98903910	121	*
chr5	100562051	100562190	140	*
chr5	102257942	102258093	152	*
chr5	102270622	102270753	132	*
chr5	102950697	102950825	129	*
chr5	103003031	103003155	125	*
chr5	103006847	103007014	168	*
chr5	103025114	103025340	227	*
chr5	103106708	103106915	208	*
chr5	103108567	103108707	141	*
chr5	103146525	103146684	160	*
chr5	103151240	103151383	144	*
chr5	103158185	103158316	132	*
chr5	103167174	103167324	151	*
chr5	103173143	103173287	145	*
chr5	103173853	103173978	126	*
chr5	103177658	103177778	121	*
chr5	103177861	103177982	122	*
chr5	103186185	103186451	267	*
chr5	103187250	103187466	217	*
chr5	103275884	103276540	657	*
chr5	103550861	103550977	117	*
chr5	103552124	103552454	331	*
chr5	103555926	103556101	176	*
chr5	103560039	103560232	194	*
chr5	107427138	107427512	375	*
chr5	107861730	107861863	134	*
chr5	108020917	108021017	101	*
chr5	108186112	108186262	151	*
chr5	108364732	108365019	288	*
chr5	108367826	108367957	132	*
chr5	108798170	108798400	231	*
chr5	108832768	108832945	178	*
chr5	108867765	108867956	192	*
chr5	108871353	108871505	153	*
chr5	108897644	108897853	210	*
chr5	108946128	108946229	102	*
chr5	109187421	109187577	157	*
chr5	109713515	109713674	160	*
chr5	109755327	109755480	154	*
chr5	109770349	109770544	196	*
chr5	109781477	109781601	125	*
chr5	109784731	109784929	199	*
chr5	109842325	109842467	143	*
chr5	109847655	109847795	141	*
chr5	111100569	111100726	158	*
chr5	111103784	111103919	136	*
chr5	111104161	111104355	195	*
chr5	111124097	111124198	102	*
chr5	111125601	111125799	199	*
chr5	112234629	112234770	142	*
chr5	112307380	112307504	125	*
chr5	112754843	112755029	187	*
chr5	112818942	112819350	409	*
chr5	112821866	112822008	143	*
chr5	112827105	112827256	152	*
chr5	112828849	112828975	127	*
chr5	112834948	112835168	221	*
chr5	112837551	112838371	821	*
chr5	112841401	112843825	2425	*
chr5	112867394	112867537	144	*
chr5	112902377	112902524	148	*
chr5	112985832	112986000	169	*
chr5	113001077	113001239	163	*
chr5	113001565	113001677	113	*
chr5	113027303	113027484	182	*
chr5	113049088	113049301	214	*
chr5	113082858	113083011	154	*
chr5	113122679	113122829	151	*
chr5	113143215	113143362	148	*
chr5	113534303	113534412	110	*
chr5	113548535	113548671	137	*
chr5	113553175	113553360	186	*
chr5	113563857	113564134	278	*
chr5	113565885	113566022	138	*
chr5	113581411	113581714	304	*
chr5	114362742	114362880	139	*
chr5	114363095	114363263	169	*
chr5	114363898	114364004	107	*
chr5	114404405	114404868	464	*
chr5	115141276	115141382	107	*
chr5	115144593	115144746	154	*
chr5	115237853	115238020	168	*
chr5	115524306	115525585	1280	*
chr5	115542945	115543493	549	*
chr1	12007049	12007255	207	*
chr5	115811157	115811318	162	*
chr5	115837623	115837766	144	*
chr5	115902883	115902997	115	*
chr5	116058734	116058867	134	*
chr5	116446910	116447817	908	*
chr5	116482441	116482578	138	*
chr5	116495410	116495522	113	*
chr5	116497321	116497422	102	*
chr5	118848084	118848231	148	*
chr5	119097972	119098104	133	*
chr5	119116154	119116343	190	*
chr5	119133130	119133389	260	*
chr5	119134010	119134193	184	*
chr5	119134256	119134397	142	*
chr1	12009590	12009730	141	*
chr5	119148733	119148839	107	*
chr5	119149416	119150077	662	*
chr5	119150202	119150425	224	*
chr5	119165181	119165282	102	*
chr5	119166614	119166787	174	*
chr1	83919696	83919836	141	*
chr5	119167601	119167718	118	*
chr5	119170172	119170755	584	*
chr5	119170783	119171036	254	*
chr5	119171814	119171977	164	*
chr5	119177994	119178223	230	*
chr5	119197750	119197957	208	*
chr5	119203317	119203442	126	*
chr5	119237320	119237422	103	*
chr5	119392814	119393381	568	*
chr5	119499359	119499556	198	*
chr5	119509134	119509246	113	*
chr5	119525915	119526025	111	*
chr5	119531264	119531410	147	*
chr1	83933603	83933769	167	*
chr5	120685952	120686201	250	*
chr5	120686227	120686540	314	*
chr5	122070491	122070591	101	*
chr5	122074010	122074171	162	*
chr5	122076891	122077003	113	*
chr1	83942457	83942694	238	*
chr5	122152660	122152787	128	*
chr5	122179548	122179736	189	*
chr5	122444552	122444739	188	*
chr1	83949863	83949991	129	*
chr5	122799685	122799858	174	*
chr5	122803463	122803618	156	*
chr5	122818812	122819032	221	*
chr5	122826043	122826198	156	*
chr1	83951842	83951987	146	*
chr5	122946053	122946164	112	*
chr5	122999899	123000011	113	*
chr5	123025780	123025971	192	*
chr5	123029303	123029419	117	*
chr5	123099647	123099966	320	*
chr5	123155810	123156018	209	*
chr5	123180118	123180330	213	*
chr5	123186653	123187646	994	*
chr1	84197727	84197827	101	*
chr5	123346523	123346667	145	*
chr5	123364491	123364833	343	*
chr5	123378333	123378433	101	*
chr5	123384947	123385141	195	*
chr5	123386515	123386671	157	*
chr5	123388422	123388543	122	*
chr5	123391110	123391339	230	*
chr5	123393298	123393501	204	*
chr5	123418357	123418522	166	*
chr1	84235197	84235304	108	*
chr5	123604722	123604836	115	*
chr1	12270992	12271130	139	*
chr5	124646674	124648298	1625	*
chr5	124648443	124649151	709	*
chr1	84349615	84349925	311	*
chr5	124701010	124701276	267	*
chr5	124744527	124745087	561	*
chr1	84410828	84410999	172	*
chr1	84489629	84489731	103	*
chr1	84490307	84490479	173	*
chr1	84495878	84496067	190	*
chr1	84496235	84496376	142	*
chr5	126483459	126483577	119	*
chr5	126550191	126550299	109	*
chr5	126559233	126559336	104	*
chr5	126595004	126595125	122	*
chr5	126804770	126804934	165	*
chr5	126820943	126821137	195	*
chr5	126822778	126822891	114	*
chr5	126832692	126832804	113	*
chr1	12275984	12276302	319	*
chr5	126914913	126915154	242	*
chr5	127402531	127402689	159	*
chr5	127420043	127420210	168	*
chr5	127434676	127434824	149	*
chr5	127442995	127443130	136	*
chr5	127455399	127455613	215	*
chr5	128131061	128131210	150	*
chr5	128152686	128152809	124	*
chr1	84662192	84662381	190	*
chr1	84664415	84664554	140	*
chr5	128278633	128278824	192	*
chr5	128286713	128286862	150	*
chr5	128287305	128287432	128	*
chr5	128289120	128289253	134	*
chr5	128290728	128290886	159	*
chr5	128302968	128303091	124	*
chr1	84666116	84666240	125	*
chr5	128305821	128305950	130	*
chr5	128309978	128310110	133	*
chr5	128328691	128328824	134	*
chr5	128332906	128333036	131	*
chr1	84669678	84669906	229	*
chr5	128337991	128338127	137	*
chr5	128345353	128345589	237	*
chr5	128350863	128351008	146	*
chr5	128374628	128374758	131	*
chr5	128376725	128376857	133	*
chr5	128377742	128377881	140	*
chr5	128519264	128519376	113	*
chr5	129015877	129016083	207	*
chr1	84813977	84814173	197	*
chr1	12276328	12276677	350	*
chr1	84865383	84865569	187	*
chr5	130184216	130185864	1649	*
chr1	84937753	84937879	127	*
chr1	84937976	84938085	110	*
chr1	84947025	84947137	113	*
chr1	6619906	6620082	177	*
chr1	12276817	12277363	547	*
chr1	85019124	85019259	136	*
chr1	85022067	85022194	128	*
chr1	85029100	85029206	107	*
chr1	85041006	85041180	175	*
chr1	12277390	12277678	289	*
chr1	85081232	85081411	180	*
chr1	85085837	85085991	155	*
chr1	12277699	12277918	220	*
chr1	85164523	85164693	171	*
chr1	85182095	85182916	822	*
chr1	12282930	12283403	474	*
chr1	85270616	85270912	297	*
chr1	85321440	85321570	131	*
chr1	12283428	12283636	209	*
chr1	85581371	85581583	213	*
chr1	85582414	85582629	216	*
chr1	85582737	85583042	306	*
chr1	12290996	12291127	132	*
chr1	85706244	85706364	121	*
chr1	85730538	85730696	159	*
chr1	86348749	86348889	141	*
chr1	86352852	86352990	139	*
chr1	86354527	86354708	182	*
chr1	12299200	12299388	189	*
chr1	86372426	86372560	135	*
chr1	86485337	86485454	118	*
chr1	86495503	86495602	100	*
chr1	12308541	12308647	107	*
chr1	86575381	86575536	156	*
chr1	86728374	86728542	169	*
chr1	6621408	6621636	229	*
chr1	12314113	12314329	217	*
chr1	87104465	87104697	233	*
chr1	12318070	12318190	121	*
chr1	12318226	12318337	112	*
chr1	87332011	87332256	246	*
chr1	12321807	12321967	161	*
chr1	12333224	12333372	149	*
chr1	6652824	6652956	133	*
chr1	12345372	12345515	144	*
chr6	629826	629964	139	*
chr6	632938	633123	186	*
chr6	1390293	1390694	402	*
chr6	1930098	1930259	162	*
chr6	2768689	2768885	197	*
chr6	3083187	3083318	132	*
chr6	3153865	3154423	559	*
chr6	3224771	3225180	410	*
chr6	3226153	3226272	120	*
chr6	3273117	3273416	300	*
chr6	3286853	3287015	163	*
chr6	3323827	3324010	184	*
chr6	3410181	3410344	164	*
chr6	3723619	3723739	121	*
chr6	4049010	4049112	103	*
chr6	4049730	4049884	155	*
chr6	4057026	4057192	167	*
chr6	4060407	4060935	529	*
chr6	4891709	4891882	174	*
chr6	4935512	4935776	265	*
chr6	4995082	4995284	203	*
chr6	4998716	4998850	135	*
chr6	4999802	4999910	109	*
chr6	5771289	5771429	141	*
chr6	6006689	6006865	177	*
chr6	6174575	6174768	194	*
chr6	6181984	6182144	161	*
chr6	6222027	6222173	147	*
chr6	6224678	6224863	186	*
chr6	7189146	7189328	183	*
chr6	7229864	7230420	557	*
chr6	7301305	7301586	282	*
chr6	7555716	7555825	110	*
chr6	7558114	7558266	153	*
chr6	7574083	7574254	172	*
chr6	7576292	7576459	168	*
chr6	7577777	7577887	111	*
chr6	7578462	7578564	103	*
chr6	7580827	7581596	770	*
chr6	7582640	7582752	113	*
chr6	7582803	7583321	519	*
chr6	7583398	7583939	542	*
chr6	7583992	7584959	968	*
chr6	7585074	7585719	646	*
chr6	7845138	7845335	198	*
chr1	12355895	12356092	198	*
chr6	8079891	8080046	156	*
chr6	8416881	8417109	229	*
chr6	8422466	8422642	177	*
chr6	8429859	8430082	224	*
chr1	88771419	88771569	151	*
chr1	88784637	88784832	196	*
chr6	10398415	10398730	316	*
chr1	88786091	88786218	128	*
chr6	10400432	10400595	164	*
chr6	10402487	10402620	134	*
chr1	88804389	88804543	155	*
chr6	10556919	10557070	152	*
chr6	10557183	10557345	163	*
chr6	10586425	10586681	257	*
chr6	10697321	10697489	169	*
chr6	10801890	10802063	174	*
chr6	10808807	10808943	137	*
chr6	10830545	10830656	112	*
chr6	10989697	10989840	144	*
chr6	11005367	11005569	203	*
chr6	11185162	11185551	390	*
chr1	88813544	88813740	197	*
chr6	11190197	11190803	607	*
chr6	11213543	11213729	187	*
chr1	6871726	6872022	297	*
chr1	12358457	12358606	150	*
chr1	88832742	88832856	115	*
chr6	12125653	12125876	224	*
chr1	88833243	88833535	293	*
chr6	13053363	13053533	171	*
chr6	13184753	13185011	259	*
chr6	13272821	13272921	101	*
chr6	13283438	13283567	130	*
chr6	13306392	13306534	143	*
chr6	13307595	13307748	154	*
chr6	13316566	13316716	151	*
chr6	13364742	13365501	760	*
chr6	13591666	13591899	234	*
chr6	13622348	13622503	156	*
chr6	13625647	13625773	127	*
chr6	13632368	13632536	169	*
chr6	13634401	13634559	159	*
chr6	13642474	13642593	120	*
chr6	13644540	13644748	209	*
chr6	13657105	13657286	182	*
chr6	13696774	13696899	126	*
chr1	88857203	88857489	287	*
chr1	88859877	88860046	170	*
chr6	15374114	15374257	144	*
chr6	15410219	15410370	152	*
chr6	15496724	15497172	449	*
chr6	15500905	15501411	507	*
chr6	15517159	15517270	112	*
chr1	12362707	12362857	151	*
chr6	15533235	15533397	163	*
chr6	16130549	16130748	200	*
chr6	16141623	16141802	180	*
chr6	16143697	16143865	169	*
chr1	88949084	88949278	195	*
chr6	16290460	16290623	164	*
chr6	16306326	16306878	553	*
chr1	88961164	88961289	126	*
chr6	16326390	16326612	223	*
chr1	88961379	88961484	106	*
chr1	89120172	89120278	107	*
chr6	17513847	17513962	116	*
chr6	17542834	17542965	132	*
chr1	89121141	89121272	132	*
chr6	17604896	17605032	137	*
chr6	17624555	17624839	285	*
chr6	17625805	17626177	373	*
chr6	17639933	17640048	116	*
chr6	17649160	17649288	129	*
chr6	17665234	17665387	154	*
chr6	17674903	17675038	136	*
chr1	89268725	89268859	135	*
chr6	17675236	17675379	144	*
chr6	17764656	17764949	294	*
chr6	17778942	17779101	160	*
chr6	17780775	17780908	134	*
chr6	17781174	17781303	130	*
chr6	17785510	17785643	134	*
chr6	17804357	17804495	139	*
chr1	12363068	12363250	183	*
chr6	17805473	17805617	145	*
chr6	17828236	17828373	138	*
chr6	17836875	17837092	218	*
chr6	17837469	17837585	117	*
chr1	89712812	89714804	1993	*
chr6	17850318	17850462	145	*
chr6	18121609	18121737	129	*
chr6	18143594	18143730	137	*
chr1	89714839	89715147	309	*
chr6	18191197	18191387	191	*
chr6	18197039	18197238	200	*
chr6	18200437	18200581	145	*
chr6	18212485	18212606	122	*
chr6	18213649	18213784	136	*
chr1	89933057	89933286	230	*
chr6	18215004	18215133	130	*
chr6	18249648	18249842	195	*
chr6	18255729	18255853	125	*
chr1	89933441	89933734	294	*
chr6	18427568	18427689	122	*
chr1	89933808	89935644	1837	*
chr1	90007230	90007866	637	*
chr6	20112871	20113016	146	*
chr6	20126511	20126702	192	*
chr6	20479843	20479964	122	*
chr6	20481204	20481431	228	*
chr1	90017315	90017470	156	*
chr6	20548591	20548709	119	*
chr6	20739514	20739620	107	*
chr6	20846071	20846183	113	*
chr6	21000225	21000397	173	*
chr6	24145546	24145945	400	*
chr6	24290927	24291086	160	*
chr6	24357452	24357750	299	*
chr6	24708773	24708912	140	*
chr6	24714316	24714442	127	*
chr6	24784442	24784557	116	*
chr6	24832251	24832402	152	*
chr6	24835700	24835876	177	*
chr6	24847534	24847654	121	*
chr6	24849796	24849954	159	*
chr6	24873638	24873801	164	*
chr6	25449896	25449995	100	*
chr6	25471157	25471264	108	*
chr6	25528784	25528898	115	*
chr6	25537852	25537988	137	*
chr6	25539944	25540083	140	*
chr6	25550901	25551088	188	*
chr6	25600630	25600751	122	*
chr6	26217266	26217365	100	*
chr6	27871909	27872237	329	*
chr6	27873329	27873509	181	*
chr6	27890386	27890790	405	*
chr6	29606388	29606487	100	*
chr6	29621101	29621295	195	*
chr6	29623303	29623477	175	*
chr6	30340503	30340623	121	*
chr6	30553383	30553559	177	*
chr6	30585880	30585982	103	*
chr6	30589804	30589978	175	*
chr6	30590533	30590701	169	*
chr6	30604586	30604737	152	*
chr6	30609832	30609947	116	*
chr6	30627634	30627733	100	*
chr6	30664799	30664954	156	*
chr6	30688686	30688953	268	*
chr6	30722534	30722648	115	*
chr6	30723337	30723519	183	*
chr6	30740677	30740800	124	*
chr6	30898886	30899039	154	*
chr6	30909433	30909545	113	*
chr6	30909930	30910065	136	*
chr6	30912326	30912460	135	*
chr6	30913808	30913983	176	*
chr6	30920331	30920438	108	*
chr6	31530772	31530928	157	*
chr6	31536500	31536686	187	*
chr6	31623730	31623911	182	*
chr6	31641775	31641947	173	*
chr6	31642106	31642288	183	*
chr6	31645405	31645607	203	*
chr6	31669322	31669444	123	*
chr6	31689010	31689122	113	*
chr6	31744189	31744299	111	*
chr6	31753303	31753439	137	*
chr6	31791611	31791728	118	*
chr6	31810378	31811817	1440	*
chr6	31861186	31861349	164	*
chr6	31883804	31883952	149	*
chr6	31964230	31964344	115	*
chr6	31966706	31966848	143	*
chr6	31969301	31969426	126	*
chr6	31969513	31969715	203	*
chr6	32117589	32117700	112	*
chr6	32188253	32188485	233	*
chr6	32842129	32842268	140	*
chr6	32842670	32842769	100	*
chr6	32850414	32850513	100	*
chr6	32974610	32974769	160	*
chr6	32975382	32975525	144	*
chr6	32976561	32976939	379	*
chr6	33194943	33195053	111	*
chr6	33435513	33435616	104	*
chr6	33440727	33440971	245	*
chr6	33441171	33441376	206	*
chr6	33455148	33455333	186	*
chr6	33456238	33456515	278	*
chr6	33668512	33668639	128	*
chr6	33676765	33676883	119	*
chr6	33678420	33678548	129	*
chr6	33678637	33678846	210	*
chr6	33679879	33680135	257	*
chr6	33682516	33682649	134	*
chr6	33684018	33684173	156	*
chr6	33684772	33684943	172	*
chr6	33686051	33686257	207	*
chr6	33687007	33687113	107	*
chr6	33690029	33690200	172	*
chr6	33690916	33691111	196	*
chr6	33692726	33692899	174	*
chr6	33693543	33693708	166	*
chr6	33711547	33711693	147	*
chr6	33722735	33722871	137	*
chr6	33722957	33723189	233	*
chr6	33725437	33725636	200	*
chr1	12382974	12383159	186	*
chr6	33772629	33772781	153	*
chr6	33795528	33795628	101	*
chr6	34028214	34028374	161	*
chr6	34035666	34036251	586	*
chr6	34091877	34092115	239	*
chr6	34132975	34133391	417	*
chr6	34341859	34341979	121	*
chr6	34538274	34538454	181	*
chr6	34540982	34541184	203	*
chr6	34606474	34606650	177	*
chr6	34646596	34646819	224	*
chr6	34654621	34654782	162	*
chr6	34856237	34856351	115	*
chr6	34857716	34857919	204	*
chr6	34858199	34858374	176	*
chr6	34864000	34864202	203	*
chr6	34872308	34872470	163	*
chr6	34970004	34970169	166	*
chr6	34981683	34981989	307	*
chr6	35017470	35017749	280	*
chr6	35084118	35084239	122	*
chr6	35086945	35087151	207	*
chr6	35239749	35239878	130	*
chr6	35241139	35241271	133	*
chr6	35243526	35243756	231	*
chr6	35243961	35244134	174	*
chr6	35244648	35244814	167	*
chr6	35245225	35245451	227	*
chr6	35245942	35246099	158	*
chr6	35291556	35291739	184	*
chr6	35297856	35297958	103	*
chr6	35309661	35309812	152	*
chr6	35310447	35310649	203	*
chr6	35312622	35312773	152	*
chr6	35424327	35424784	458	*
chr6	35425829	35426079	251	*
chr6	35475044	35475159	116	*
chr6	35475335	35475491	157	*
chr6	35591124	35591260	137	*
chr6	35805669	35806091	423	*
chr6	35814543	35814785	243	*
chr6	35857257	35857373	117	*
chr6	35872561	35872731	171	*
chr6	35890892	35891016	125	*
chr6	36072871	36072987	117	*
chr6	36107453	36107635	183	*
chr6	36225264	36225371	108	*
chr6	36230420	36230609	190	*
chr6	36481560	36481766	207	*
chr6	36495786	36495924	139	*
chr6	36497778	36497877	100	*
chr6	36499868	36499996	129	*
chr6	36507494	36507602	109	*
chr6	36515335	36515494	160	*
chr6	36517711	36517843	133	*
chr6	36596755	36596970	216	*
chr6	36799960	36800078	119	*
chr6	36855813	36856037	225	*
chr6	36871716	36871874	159	*
chr6	36899424	36899637	214	*
chr6	36972697	36972798	102	*
chr6	36978501	36978613	113	*
chr6	37171122	37171497	376	*
chr6	37172994	37173176	183	*
chr6	37173922	37174021	100	*
chr6	37312893	37313029	137	*
chr6	37374612	37374722	111	*
chr6	37376923	37377036	114	*
chr6	37381148	37381359	212	*
chr6	37446282	37446452	171	*
chr6	37458605	37458815	211	*
chr6	37461968	37462104	137	*
chr6	37473466	37473606	141	*
chr6	37652194	37652342	149	*
chr6	37654268	37654554	287	*
chr6	37654797	37654936	140	*
chr6	37655695	37655904	210	*
chr6	37658239	37658422	184	*
chr6	37663960	37664108	149	*
chr6	38288267	38288473	207	*
chr6	38344979	38345095	117	*
chr6	38597906	38598104	199	*
chr6	38684368	38684520	153	*
chr6	38755960	38756084	125	*
chr6	38791552	38791677	126	*
chr6	38842360	38842510	151	*
chr1	12400180	12400332	153	*
chr6	38848643	38848805	163	*
chr6	38852692	38852803	112	*
chr6	38863861	38864064	204	*
chr6	38886782	38887006	225	*
chr6	38909516	38909746	231	*
chr6	38917237	38917410	174	*
chr6	38917917	38918142	226	*
chr6	38923056	38923187	132	*
chr6	38923988	38924165	178	*
chr6	38926053	38926213	161	*
chr6	38929509	38929671	163	*
chr6	38974371	38974532	162	*
chr6	38982328	38982467	140	*
chr6	39026544	39026672	129	*
chr6	39030102	39030395	294	*
chr6	39079561	39079704	144	*
chr6	39191557	39191757	201	*
chr6	39194165	39194340	176	*
chr6	39194589	39194766	178	*
chr6	39195870	39195989	120	*
chr6	39431048	39431172	125	*
chr6	39586268	39586407	140	*
chr6	39613185	39613321	137	*
chr6	39634839	39634976	138	*
chr6	39720697	39720813	117	*
chr6	39864977	39865077	101	*
chr6	39868821	39868938	118	*
chr6	39870338	39870439	102	*
chr6	39875328	39875473	146	*
chr6	39913311	39913432	122	*
chr6	39925672	39925848	177	*
chr6	40392693	40392914	222	*
chr6	40431712	40431855	144	*
chr6	40431876	40433142	1267	*
chr6	41061326	41061434	109	*
chr6	41061455	41061872	418	*
chr6	41068836	41068955	120	*
chr6	41071126	41071285	160	*
chr1	12401599	12401710	112	*
chr6	41089577	41089713	137	*
chr6	41090201	41090314	114	*
chr6	41684599	41684757	159	*
chr6	41686081	41686240	160	*
chr6	41687905	41688030	126	*
chr6	41690661	41690920	260	*
chr6	41775417	41775608	192	*
chr6	41798708	41798937	230	*
chr6	41805625	41805999	375	*
chr6	41907154	41907294	141	*
chr6	41916781	41916942	162	*
chr6	41930130	41930274	145	*
chr6	41930633	41930770	138	*
chr6	42066310	42066464	155	*
chr6	42068462	42068609	148	*
chr6	42210483	42210598	116	*
chr6	42256723	42256835	113	*
chr6	42263254	42263481	228	*
chr6	42264702	42264814	113	*
chr6	42573724	42573996	273	*
chr6	42605719	42605869	151	*
chr6	42612159	42612294	136	*
chr6	42617196	42617520	325	*
chr6	42632550	42632720	171	*
chr6	42637003	42637197	195	*
chr6	42644212	42644339	128	*
chr6	42645459	42645596	138	*
chr1	12403819	12403978	160	*
chr6	42662167	42662281	115	*
chr6	42704359	42704612	254	*
chr6	42745035	42745435	401	*
chr6	42828487	42830174	1688	*
chr6	42886343	42886463	121	*
chr6	42937715	42937841	127	*
chr6	42963070	42963216	147	*
chr6	42964783	42964931	149	*
chr6	42965250	42965370	121	*
chr6	42966240	42966449	210	*
chr6	42974869	42975004	136	*
chr6	43007192	43007308	117	*
chr6	43007933	43008068	136	*
chr6	43008365	43008479	115	*
chr6	43009055	43009232	178	*
chr6	43009319	43009454	136	*
chr6	43010879	43010999	121	*
chr6	43012923	43013030	108	*
chr6	43017189	43017351	163	*
chr6	43017849	43017974	126	*
chr6	43018339	43018561	223	*
chr6	43029091	43029215	125	*
chr6	43045236	43045405	170	*
chr6	43046234	43046414	181	*
chr6	43054296	43054488	193	*
chr6	43055895	43056017	123	*
chr6	43056076	43056198	123	*
chr6	43061384	43061598	215	*
chr6	43062913	43063152	240	*
chr6	43070352	43070457	106	*
chr6	43130292	43130406	115	*
chr6	43132558	43132692	135	*
chr6	43138847	43138986	140	*
chr1	12415085	12415223	139	*
chr6	43141706	43141819	114	*
chr6	43143451	43143623	173	*
chr6	43145198	43145435	238	*
chr6	43158814	43158971	158	*
chr6	43178282	43178490	209	*
chr1	90916028	90916993	966	*
chr6	43186306	43186457	152	*
chr6	43187338	43187440	103	*
chr1	90918051	90918158	108	*
chr6	43200661	43200836	176	*
chr6	43202713	43202826	114	*
chr6	43203414	43203594	181	*
chr6	43216178	43216404	227	*
chr6	43220741	43220915	175	*
chr6	43221156	43221326	171	*
chr6	43252737	43252888	152	*
chr6	43262783	43263184	402	*
chr6	43340788	43340941	154	*
chr6	43342670	43342885	216	*
chr6	43348528	43348628	101	*
chr6	43432810	43433038	229	*
chr1	90938266	90941315	3050	*
chr6	43433070	43433365	296	*
chr6	43434614	43434853	240	*
chr6	43438652	43438804	153	*
chr6	43441859	43441961	103	*
chr6	43444234	43444358	125	*
chr6	43445597	43445944	348	*
chr6	43446275	43446448	174	*
chr6	43447694	43447928	235	*
chr6	43449104	43449208	105	*
chr6	43449432	43449536	105	*
chr6	43453002	43453138	137	*
chr6	43503392	43503511	120	*
chr6	43507820	43507926	107	*
chr6	43508293	43508425	133	*
chr6	43512757	43512876	120	*
chr6	43513067	43513188	122	*
chr6	43513354	43513453	100	*
chr6	43515592	43515704	113	*
chr6	43519331	43519442	112	*
chr6	43520929	43521053	125	*
chr6	43521180	43521281	102	*
chr6	43528823	43528943	121	*
chr6	43530680	43530835	156	*
chr6	43551295	43551455	161	*
chr6	43553367	43553494	128	*
chr6	43570497	43570686	190	*
chr6	43582329	43582461	133	*
chr6	43587270	43587451	182	*
chr6	43597690	43597868	179	*
chr6	43610550	43610728	179	*
chr6	43621998	43622172	175	*
chr6	43624505	43624732	228	*
chr6	43625367	43625551	185	*
chr6	43640071	43640448	378	*
chr6	43655561	43655693	133	*
chr6	43656575	43656726	152	*
chr6	43675492	43675619	128	*
chr1	91315809	91316004	196	*
chr6	44113843	44114213	371	*
chr6	44140249	44140362	114	*
chr6	44151839	44152011	173	*
chr6	44153673	44153848	176	*
chr6	44154070	44154193	124	*
chr6	44229905	44230055	151	*
chr6	44232913	44233012	100	*
chr6	44251997	44252272	276	*
chr6	44254795	44255646	852	*
chr6	44273058	44273412	355	*
chr6	44282105	44282498	394	*
chr6	44304177	44304323	147	*
chr6	44312068	44312267	200	*
chr6	44403805	44404032	228	*
chr1	91324663	91324776	114	*
chr6	44445653	44445870	218	*
chr1	91350725	91350874	150	*
chr6	44954491	44954625	135	*
chr6	45003650	45003794	145	*
chr1	91352501	91352653	153	*
chr6	45328011	45328791	781	*
chr6	45431861	45432022	162	*
chr6	45491876	45492140	265	*
chr6	45546782	45547308	527	*
chr6	45903088	45903257	170	*
chr6	45941541	45941659	119	*
chr1	91380096	91380244	149	*
chr6	46139899	46140218	320	*
chr6	46141050	46141230	181	*
chr7	3619074	3619244	171	*
chr1	12455996	12456134	139	*
chr1	91508255	91508402	148	*
chr7	4113287	4113445	159	*
chr1	91511586	91511695	110	*
chr1	91511768	91511929	162	*
chr7	5356911	5357289	379	*
chr1	91513046	91513308	263	*
chr7	5501589	5502034	446	*
chr1	91513900	91514048	149	*
chr7	5721031	5721161	131	*
chr7	5995529	5995629	101	*
chr7	6035832	6036088	257	*
chr7	6037418	6037526	109	*
chr7	6111117	6111377	261	*
chr7	6391921	6392048	128	*
chr7	7572475	7573209	735	*
chr7	7589403	7589565	163	*
chr1	12460199	12460398	200	*
chr7	8055432	8055565	134	*
chr7	8158519	8158654	136	*
chr7	8218300	8218505	206	*
chr7	8221269	8221401	133	*
chr1	91683740	91683860	121	*
chr7	8751006	8751769	764	*
chr7	11035638	11035788	151	*
chr7	11111345	11111471	127	*
chr7	11406297	11406480	184	*
chr7	11406907	11407018	112	*
chr7	11412654	11412803	150	*
chr7	11417445	11417605	161	*
chr7	11424693	11424835	143	*
chr1	91727654	91728017	364	*
chr7	11481786	11481994	209	*
chr1	91734769	91734964	196	*
chr7	11590457	11590643	187	*
chr7	12224220	12224387	168	*
chr7	12581059	12581226	168	*
chr7	12626578	12626802	225	*
chr7	12652586	12652716	131	*
chr7	13906424	13906604	181	*
chr1	91978153	91978281	129	*
chr1	92045510	92045669	160	*
chr7	14736036	14736197	162	*
chr1	92063054	92063286	233	*
chr7	15387402	15387542	141	*
chr7	15430998	15431157	160	*
chr1	92141104	92141214	111	*
chr1	92288909	92289161	253	*
chr1	92290193	92290340	148	*
chr1	92297398	92297531	134	*
chr7	16627037	16627180	144	*
chr1	12578712	12578958	247	*
chr7	16694832	16695006	175	*
chr7	16696913	16697064	152	*
chr7	17793810	17794295	486	*
chr7	17799006	17799156	151	*
chr7	17803414	17803604	191	*
chr7	17834047	17834191	145	*
chr7	17839805	17840002	198	*
chr7	17850819	17850969	151	*
chr7	17890358	17890485	128	*
chr7	18648460	18648688	229	*
chr7	18666207	18666528	322	*
chr1	92478586	92478756	171	*
chr1	12579289	12579415	127	*
chr7	18935774	18935944	171	*
chr7	19144885	19145103	219	*
chr7	19700069	19700282	214	*
chr7	19704773	19704923	151	*
chr7	19725507	19725771	265	*
chr7	20140965	20141166	202	*
chr7	20159063	20159276	214	*
chr7	20159444	20159878	435	*
chr7	20381715	20381889	175	*
chr7	20651451	20651628	178	*
chr1	92607576	92607737	162	*
chr1	12580521	12580672	152	*
chr1	92624173	92624338	166	*
chr1	92662693	92662891	199	*
chr7	21429462	21430847	1386	*
chr7	21477075	21477311	237	*
chr7	21581899	21582028	130	*
chr7	21588056	21588207	152	*
chr7	21599868	21600119	252	*
chr1	92697856	92697987	132	*
chr7	21702708	21702807	100	*
chr7	21748613	21748746	134	*
chr7	21773776	21774001	226	*
chr7	21818215	21818345	131	*
chr1	92736391	92736629	239	*
chr1	12725797	12725908	112	*
chr1	92836188	92836396	209	*
chr1	92837448	92837636	189	*
chr7	22193362	22193692	331	*
chr7	22964409	22964540	132	*
chr7	22977335	22977438	104	*
chr7	23124683	23124784	102	*
chr7	23140766	23140946	181	*
chr7	23143847	23144033	187	*
chr7	23152065	23152210	146	*
chr7	23165693	23165943	251	*
chr7	23167825	23168044	220	*
chr7	23187050	23187149	100	*
chr7	23195816	23195926	111	*
chr1	92843384	92844197	814	*
chr1	92847178	92847371	194	*
chr7	23729089	23729255	167	*
chr7	23772145	23772287	143	*
chr7	23781417	23781527	111	*
chr1	92876288	92876432	145	*
chr7	24665573	24665691	119	*
chr7	24834481	24834685	205	*
chr7	24866107	24866239	133	*
chr7	25123600	25123829	230	*
chr1	93115469	93115628	160	*
chr7	26193248	26193375	128	*
chr7	26197310	26197466	157	*
chr7	26360963	26361068	106	*
chr1	93133697	93133813	117	*
chr1	93136668	93137074	407	*
chr7	26844027	26844139	113	*
chr7	26854779	26854893	115	*
chr7	27094447	27094798	352	*
chr1	93156293	93156486	194	*
chr7	27100721	27101500	780	*
chr1	93186373	93186511	139	*
chr1	93191995	93192109	115	*
chr7	27141130	27142111	982	*
chr7	27147303	27147751	449	*
chr7	27155024	27155225	202	*
chr7	27171889	27172199	311	*
chr7	27174184	27174468	285	*
chr1	93205501	93205634	134	*
chr1	93214780	93214971	192	*
chr7	27245883	27246373	491	*
chr1	93216629	93216751	123	*
chr1	93217731	93217871	141	*
chr1	93221607	93221745	139	*
chr1	93226330	93226452	123	*
chr7	27629365	27629505	141	*
chr7	27832108	27832943	836	*
chr7	27840694	27840869	176	*
chr7	28494901	28495009	109	*
chr7	28570362	28570540	179	*
chr1	93254457	93254598	142	*
chr7	28957094	28957206	113	*
chr7	28957257	28957510	254	*
chr7	29096098	29096203	106	*
chr7	29367926	29368039	114	*
chr7	29923951	29924119	169	*
chr7	29955177	29955362	186	*
chr7	30014733	30014895	163	*
chr7	30018992	30019126	135	*
chr7	30022661	30022818	158	*
chr7	30046204	30046368	165	*
chr7	30049216	30049348	133	*
chr7	30146175	30146306	132	*
chr7	30451212	30451538	327	*
chr7	30452317	30452669	353	*
chr7	30455134	30455313	180	*
chr7	30500525	30500702	178	*
chr1	93499460	93499588	129	*
chr7	30609583	30609736	154	*
chr7	30615894	30616060	167	*
chr7	30632245	30632439	195	*
chr7	30653475	30653603	129	*
chr7	30655578	30655718	141	*
chr7	30850451	30850560	110	*
chr7	31085308	31085447	140	*
chr7	31086382	31086543	162	*
chr7	31574525	31574747	223	*
chr7	31878992	31879180	189	*
chr7	32169780	32169953	174	*
chr1	93530753	93530887	135	*
chr7	32544674	32544781	108	*
chr7	32869345	32870885	1541	*
chr1	93532915	93533074	160	*
chr7	32996160	32996354	195	*
chr7	33000124	33000266	143	*
chr7	33005173	33005349	177	*
chr1	93534703	93534912	210	*
chr7	33026813	33026919	107	*
chr7	33062566	33062706	141	*
chr7	33336439	33336625	187	*
chr7	33357849	33358000	152	*
chr7	33505457	33505651	195	*
chr7	33533952	33534123	172	*
chr7	33906815	33906914	100	*
chr7	34046294	34046414	121	*
chr7	34078825	34079191	367	*
chr7	34085754	34086097	344	*
chr1	93549276	93549431	156	*
chr7	34811765	34811866	102	*
chr7	34827397	34827607	211	*
chr7	34940149	34940333	185	*
chr7	34941761	34941891	131	*
chr7	34949794	34949909	116	*
chr7	35010462	35010564	103	*
chr7	35635129	35635397	269	*
chr7	35872639	35872768	130	*
chr7	35883863	35883991	129	*
chr7	35898246	35898386	141	*
chr7	35903072	35903221	150	*
chr7	36154405	36154717	313	*
chr7	36296991	36297189	199	*
chr1	93562245	93562421	177	*
chr1	93567277	93567459	183	*
chr7	36439179	36439296	118	*
chr7	36449664	36449843	180	*
chr7	36452475	36452598	124	*
chr7	36870385	36870494	110	*
chr7	36878004	36878123	120	*
chr1	13781846	13782134	289	*
chr7	36887558	36887674	117	*
chr7	37013295	37013442	148	*
chr7	37224874	37225037	164	*
chr7	37259176	37259352	177	*
chr7	37740634	37740788	155	*
chr7	38534925	38535032	108	*
chr1	93584015	93584124	110	*
chr7	38776674	38776786	113	*
chr1	93589106	93589421	316	*
chr7	38977680	38978201	522	*
chr1	93592261	93592398	138	*
chr1	93888991	93889161	171	*
chr7	39686665	39686786	122	*
chr7	39696683	39696861	179	*
chr1	93894612	93894735	124	*
chr7	39999343	39999505	163	*
chr7	40045834	40046029	196	*
chr7	40094180	40095344	1165	*
chr1	93896615	93896823	209	*
chr7	40860312	40860458	147	*
chr1	94000998	94001107	110	*
chr7	41689651	41690544	894	*
chr7	41965528	41965648	121	*
chr7	41966092	41966644	553	*
chr7	41967591	41967928	338	*
chr7	42148220	42148482	263	*
chr1	94019583	94019765	183	*
chr7	42909663	42910258	596	*
chr7	42910314	42910916	603	*
chr7	43501211	43501326	116	*
chr7	43550443	43550596	154	*
chr7	44065114	44065378	265	*
chr7	44065417	44065529	113	*
chr7	44110205	44110348	144	*
chr1	94041235	94041404	170	*
chr7	44115763	44115895	133	*
chr7	44116112	44116274	163	*
chr7	44149755	44149862	108	*
chr7	44149964	44150067	104	*
chr7	44153298	44153466	169	*
chr7	44211021	44211128	108	*
chr7	44220085	44220296	212	*
chr7	44673785	44673943	159	*
chr7	44675968	44676154	187	*
chr7	44694422	44694578	157	*
chr7	44696427	44696560	134	*
chr7	44696912	44697025	114	*
chr7	44762876	44762992	117	*
chr1	94056630	94056810	181	*
chr7	44801286	44801420	135	*
chr1	94060532	94060760	229	*
chr7	50387330	50387476	147	*
chr7	50400163	50400583	421	*
chr7	54549828	54550174	347	*
chr7	54568789	54569263	475	*
chr7	55143303	55143458	156	*
chr1	94111432	94111602	171	*
chr7	56081079	56081302	224	*
chr7	56081627	56081758	132	*
chr7	56081891	56082049	159	*
chr7	56087592	56087778	187	*
chr7	71420906	71421111	206	*
chr7	71669969	71670113	145	*
chr7	71787777	71787905	129	*
chr7	72023655	72023774	120	*
chr7	73434638	73435455	818	*
chr7	73539876	73540055	180	*
chr7	73573318	73573477	160	*
chr7	73573936	73574124	189	*
chr1	94201715	94201859	145	*
chr7	73690914	73691017	104	*
chr7	73831208	73831578	371	*
chr7	74189820	74189922	103	*
chr7	74375885	74376767	883	*
chr7	74558859	74559046	188	*
chr7	74590823	74591023	201	*
chr7	74736497	74736687	191	*
chr7	74744791	74744947	157	*
chr7	74749266	74749456	191	*
chr7	75017595	75017795	201	*
chr7	75017988	75018127	140	*
chr7	75573754	75573903	150	*
chr7	76329281	76330236	956	*
chr1	94464770	94464882	113	*
chr7	77196279	77196927	649	*
chr1	94467911	94468010	100	*
chr7	77256325	77256481	157	*
chr7	77280427	77280655	229	*
chr7	77282555	77282787	233	*
chr7	77314365	77314491	127	*
chr7	77323640	77323749	110	*
chr7	77571046	77571191	146	*
chr7	77639216	77639997	782	*
chr7	77840187	77840305	119	*
chr7	77920276	77920473	198	*
chr7	77929103	77929333	231	*
chr7	77937700	77937844	145	*
chr7	77940526	77940661	136	*
chr7	77949676	77949837	162	*
chr1	94475608	94475741	134	*
chr1	94480462	94480611	150	*
chr7	78125689	78125839	151	*
chr7	78127271	78127418	148	*
chr7	78135015	78135212	198	*
chr7	78160023	78160279	257	*
chr7	78194861	78195085	225	*
chr7	78255937	78256624	688	*
chr1	94489720	94489820	101	*
chr7	79007083	79007213	131	*
chr7	80203696	80203839	144	*
chr1	94499493	94499620	128	*
chr7	80458671	80458863	193	*
chr7	80656534	80656702	169	*
chr7	80789302	80789534	233	*
chr7	81717225	81717374	150	*
chr7	81762690	81762874	185	*
chr1	94824491	94824640	150	*
chr7	81969876	81969996	121	*
chr7	81984625	81984754	130	*
chr1	15215262	15215374	113	*
chr1	94837704	94837875	172	*
chr7	82084763	82084903	141	*
chr7	82117037	82117175	139	*
chr7	82758571	82758724	154	*
chr7	82761354	82761495	142	*
chr7	82827871	82827986	116	*
chr7	82847053	82847253	201	*
chr7	82908872	82909036	165	*
chr7	82914619	82916893	2275	*
chr7	82949460	82951058	1599	*
chr7	82951229	82951663	435	*
chr7	82951785	82952486	702	*
chr7	82955050	82956137	1088	*
chr7	83367588	83367792	205	*
chr7	83402626	83402778	153	*
chr7	84014205	84014361	157	*
chr1	94897485	94898086	602	*
chr7	84134791	84134959	169	*
chr7	85022388	85022624	237	*
chr7	85036879	85037039	161	*
chr7	85055715	85055874	160	*
chr7	86838805	86839912	1108	*
chr7	86912065	86912263	199	*
chr7	86912938	86913228	291	*
chr7	86919215	86919319	105	*
chr7	86942011	86942120	110	*
chr7	86944885	86945059	175	*
chr7	86947722	86947929	208	*
chr7	86964896	86965059	164	*
chr7	87164932	87165053	122	*
chr7	87179529	87179720	192	*
chr7	87184384	87184631	248	*
chr7	87185827	87185990	164	*
chr7	87188065	87188307	243	*
chr7	87197934	87198049	116	*
chr7	87361726	87361856	131	*
chr7	87392945	87393073	129	*
chr7	87411887	87412036	150	*
chr7	87417310	87417518	209	*
chr7	87423913	87424057	145	*
chr7	87451617	87451819	203	*
chr7	87504301	87504451	151	*
chr7	87531288	87531504	217	*
chr7	87545861	87546026	166	*
chr7	87561254	87561390	137	*
chr7	87566779	87566979	201	*
chr7	87700419	87700560	142	*
chr7	87816130	87816264	135	*
chr7	87829882	87830031	150	*
chr7	87847833	87847973	141	*
chr7	87884974	87885137	164	*
chr7	87900219	87900352	134	*
chr7	88163010	88163186	177	*
chr7	88178891	88179193	303	*
chr7	88181496	88181607	112	*
chr7	88184204	88184490	287	*
chr7	88193097	88193244	148	*
chr7	90160982	90161322	341	*
chr7	90226959	90227501	543	*
chr7	90229870	90230042	173	*
chr1	96777820	96777951	132	*
chr7	90268283	90268388	106	*
chr7	90288206	90288359	154	*
chr7	90299864	90300064	201	*
chr1	96785056	96785264	209	*
chr7	90352814	90353014	201	*
chr7	90917593	90917803	211	*
chr1	96804796	96804945	150	*
chr7	91118062	91118180	119	*
chr7	91266154	91266412	259	*
chr7	91266434	91266616	183	*
chr7	92001364	92001599	236	*
chr7	92002358	92002628	271	*
chr7	92040704	92040900	197	*
chr7	92042035	92042198	164	*
chr7	92096983	92097299	317	*
chr7	92128877	92129058	182	*
chr7	92226521	92226684	164	*
chr7	92234445	92234595	151	*
chr7	92235398	92235648	251	*
chr7	92236404	92236559	156	*
chr7	92294976	92295173	198	*
chr7	92327761	92327904	144	*
chr7	92391164	92391344	181	*
chr7	92448749	92448882	134	*
chr1	96813246	96813493	248	*
chr7	92492984	92493136	153	*
chr7	92494483	92494633	151	*
chr7	92618066	92618214	149	*
chr7	93215395	93215527	133	*
chr7	93219095	93219452	358	*
chr7	93341422	93341578	157	*
chr7	93349854	93350038	185	*
chr7	94409320	94409426	107	*
chr7	94533677	94533806	130	*
chr7	94535307	94535528	222	*
chr7	94551332	94551483	152	*
chr7	94599614	94600036	423	*
chr7	94910090	94910745	656	*
chr7	95120708	95120837	130	*
chr7	95363858	95363957	100	*
chr7	95486009	95486160	152	*
chr7	95495751	95496062	312	*
chr7	95527811	95528307	497	*
chr7	95592754	95592946	193	*
chr7	95804715	95804841	127	*
chr7	95813028	95813343	316	*
chr7	95987054	95987160	107	*
chr7	96184271	96184441	171	*
chr7	97022244	97022371	128	*
chr7	97855350	97855461	112	*
chr7	98137304	98137447	144	*
chr7	98212536	98212719	184	*
chr7	98228012	98228120	109	*
chr7	98238507	98238613	107	*
chr7	98241067	98241246	180	*
chr1	97234849	97234996	148	*
chr7	98312102	98312268	167	*
chr7	98910504	98910609	106	*
chr7	98937648	98937825	178	*
chr7	98964627	98964767	141	*
chr7	98978209	98978325	117	*
chr7	98983262	98983463	202	*
chr7	99011050	99011258	209	*
chr7	99012068	99012355	288	*
chr7	99060593	99060709	117	*
chr7	99353908	99354129	222	*
chr7	99386682	99386791	110	*
chr7	99388037	99388267	231	*
chr7	99404856	99404956	101	*
chr7	99423773	99423942	170	*
chr7	99424837	99424986	150	*
chr7	99450271	99450377	107	*
chr7	99450699	99450802	104	*
chr7	99453963	99454140	178	*
chr7	100197154	100197281	128	*
chr7	100539438	100539575	138	*
chr7	100626753	100626906	154	*
chr7	100646970	100647087	118	*
chr7	100650032	100650137	106	*
chr7	100655013	100655122	110	*
chr7	100805169	100805277	109	*
chr7	100807363	100807583	221	*
chr7	100812745	100812996	252	*
chr7	100813094	100813203	110	*
chr7	101419968	101420103	136	*
chr7	101622094	101622202	109	*
chr7	102195504	102195609	106	*
chr7	102196372	102197310	939	*
chr7	102201357	102201483	127	*
chr7	102204389	102204558	170	*
chr1	97450046	97450240	195	*
chr7	102227364	102227674	311	*
chr7	102234050	102234242	193	*
chr7	102306718	102306824	107	*
chr7	102317234	102317399	166	*
chr7	102446510	102446815	306	*
chr7	102446864	102447052	189	*
chr7	102488471	102488600	130	*
chr7	102761260	102761426	167	*
chr7	102934046	102934575	530	*
chr7	102939423	102939590	168	*
chr7	103315760	103315872	113	*
chr7	103322506	103322634	129	*
chr7	103341761	103341972	212	*
chr7	103379238	103379342	105	*
chr7	103389003	103389117	115	*
chr7	103391616	103391736	121	*
chr7	103392915	103393071	157	*
chr7	103407844	103408014	171	*
chr7	103483647	103483860	214	*
chr7	103489738	103489904	167	*
chr7	103490666	103490832	167	*
chr1	15638302	15638438	137	*
chr7	103500742	103500924	183	*
chr7	103522020	103522200	181	*
chr7	103523387	103523534	148	*
chr7	103539074	103539333	260	*
chr7	103540193	103540459	267	*
chr7	103556968	103557164	197	*
chr1	97515722	97515950	229	*
chr7	103566215	103566414	200	*
chr7	103566599	103566770	172	*
chr7	103575543	103575716	174	*
chr7	103593674	103593896	223	*
chr7	103596453	103596663	211	*
chr7	103603302	103603493	192	*
chr7	103610693	103610815	123	*
chr7	103629935	103630178	244	*
chr1	97549558	97549746	189	*
chr7	103650247	103650392	146	*
chr7	103661367	103661529	163	*
chr7	103682105	103682276	172	*
chr7	103833531	103833675	145	*
chr7	104126376	104126923	548	*
chr7	104195139	104195296	158	*
chr1	97573758	97573973	216	*
chr7	105040825	105041030	206	*
chr7	105077340	105077439	100	*
chr7	105081686	105081803	118	*
chr1	97593203	97593620	418	*
chr7	105108940	105109042	103	*
chr7	105126192	105126413	222	*
chr7	105132785	105132904	120	*
chr7	105132995	105133107	113	*
chr7	105142002	105142495	494	*
chr1	15643520	15643654	135	*
chr7	105160505	105160630	126	*
chr7	105459163	105459269	107	*
chr7	105462615	105462751	137	*
chr7	105502414	105502567	154	*
chr7	105542405	105542655	251	*
chr7	105555019	105555233	215	*
chr7	105563728	105563949	222	*
chr7	105620193	105620325	133	*
chr7	105642831	105643165	335	*
chr7	105665060	105665299	240	*
chr7	106020369	106020547	179	*
chr7	106022301	106022414	114	*
chr7	106097684	106097827	144	*
chr7	106261586	106261711	126	*
chr7	106263388	106263625	238	*
chr7	106269151	106269314	164	*
chr7	106272528	106272660	133	*
chr7	106274941	106275055	115	*
chr7	106277020	106277191	172	*
chr7	106872710	106872941	232	*
chr7	107281294	107281409	116	*
chr7	107298136	107298356	221	*
chr7	107412494	107412634	141	*
chr1	97699347	97699549	203	*
chr7	107474029	107475388	1360	*
chr7	107557973	107558118	146	*
chr7	107576358	107576597	240	*
chr7	107577301	107577559	259	*
chr7	107694590	107694722	133	*
chr7	107791824	107791943	120	*
chr7	107906265	107906373	109	*
chr7	107916791	107916969	179	*
chr7	107955463	107955632	170	*
chr7	107960439	107960651	213	*
chr7	107961543	107961681	139	*
chr7	107974980	107975099	120	*
chr7	107980604	107980813	210	*
chr7	107986173	107986365	193	*
chr7	108160356	108160500	145	*
chr1	97827811	97828204	394	*
chr7	108197952	108198100	149	*
chr7	108232320	108232524	205	*
chr7	108234581	108234700	120	*
chr7	108472401	108472677	277	*
chr7	108496578	108496761	184	*
chr7	108572897	108573352	456	*
chr7	111122625	111124616	1992	*
chr7	111124661	111124899	239	*
chr7	111487231	111487357	127	*
chr7	111735044	111735173	130	*
chr7	111769527	111769679	153	*
chr7	111778272	111778380	109	*
chr7	111788652	111788755	104	*
chr7	111846992	111847141	150	*
chr7	111977129	111977286	158	*
chr7	112337727	112337828	102	*
chr7	112767187	112767747	561	*
chr7	112783960	112784894	935	*
chr7	112821741	112822375	635	*
chr7	112895562	112895749	188	*
chr7	113083584	113084734	1151	*
chr7	113918292	113918693	402	*
chr7	114657809	114658277	469	*
chr7	114659342	114661361	2020	*
chr7	114689751	114690112	362	*
chr7	115015683	115015967	285	*
chr1	98695516	98695722	207	*
chr1	98738218	98738393	176	*
chr7	115940551	115940735	185	*
chr7	116249018	116249276	259	*
chr7	116252316	116252481	166	*
chr1	98921874	98922064	191	*
chr1	98953064	98953335	272	*
chr7	116763037	116763277	241	*
chr7	116771827	116772002	176	*
chr7	116774875	116775126	252	*
chr7	116781983	116782104	122	*
chr7	116783280	116783473	194	*
chr7	116795653	116795796	144	*
chr1	99287963	99288155	193	*
chr7	116904175	116904388	214	*
chr7	117119550	117119725	176	*
chr7	117278154	117278389	236	*
chr7	117297609	117297879	271	*
chr7	117315065	117315362	298	*
chr7	117384722	117384862	141	*
chr1	99301722	99301903	182	*
chr7	117504247	117504368	122	*
chr7	117540096	117540349	254	*
chr7	117559459	117559660	202	*
chr7	117591932	117592338	407	*
chr7	117594927	117595065	139	*
chr7	117611556	117611809	254	*
chr7	117664685	117664867	183	*
chr7	117665447	117665569	123	*
chr7	117711528	117711782	255	*
chr7	117728082	117728269	188	*
chr7	117780435	117780603	169	*
chr7	117782856	117782970	115	*
chr7	117784248	117784471	224	*
chr7	117791067	117791484	418	*
chr7	117791506	117791622	117	*
chr7	117861204	117861324	121	*
chr7	118188277	118188406	130	*
chr7	120274632	120275084	453	*
chr7	120275117	120275261	145	*
chr7	120275284	120275753	470	*
chr1	15716704	15716822	119	*
chr7	120788594	120788908	315	*
chr7	120964732	120964844	113	*
chr7	120967932	120968096	165	*
chr7	120968982	120969210	229	*
chr7	121266215	121266450	236	*
chr1	99861499	99861719	221	*
chr7	121338871	121339343	473	*
chr7	121972538	121972696	159	*
chr7	121997870	121998012	143	*
chr1	99864380	99864603	224	*
chr7	122013652	122013897	246	*
chr7	122019089	122019273	185	*
chr1	99870398	99870586	189	*
chr7	122054939	122055090	152	*
chr7	122086007	122086181	175	*
chr7	122115125	122115225	101	*
chr7	122129358	122129543	186	*
chr7	122325473	122325591	119	*
chr1	15717887	15717998	112	*
chr1	99875152	99875260	109	*
chr7	122387020	122387178	159	*
chr7	122388563	122388747	185	*
chr1	99875352	99875460	109	*
chr7	122416054	122416166	113	*
chr7	122471357	122471573	217	*
chr1	99877631	99877831	201	*
chr7	122663230	122663571	342	*
chr7	122736949	122737070	122	*
chr7	123119074	123119255	182	*
chr7	123123120	123123238	119	*
chr1	99880627	99880801	175	*
chr7	123147154	123147284	131	*
chr7	123464830	123465011	182	*
chr7	123469211	123469336	126	*
chr7	123502985	123503102	118	*
chr1	99881539	99881695	157	*
chr7	123662373	123662689	317	*
chr1	99884118	99884247	130	*
chr7	123694711	123694870	160	*
chr7	123696574	123696750	177	*
chr7	123709084	123709229	146	*
chr7	124746525	124747118	594	*
chr1	15725314	15725494	181	*
chr1	99884562	99884710	149	*
chr7	124823959	124824077	119	*
chr7	124892256	124892386	131	*
chr1	99887974	99888112	139	*
chr7	126532947	126534162	1216	*
chr7	126904546	126904685	140	*
chr1	99891602	99891741	140	*
chr7	127242687	127243310	624	*
chr7	127373314	127374671	1358	*
chr7	127386033	127386157	125	*
chr7	127582638	127582928	291	*
chr7	127583010	127583323	314	*
chr7	127584356	127584516	161	*
chr7	127584992	127585182	191	*
chr7	127929186	127929334	149	*
chr7	128029256	128029999	744	*
chr7	128030185	128030520	336	*
chr7	128396926	128397025	100	*
chr7	128748580	128748808	229	*
chr7	128758857	128759042	186	*
chr7	128767454	128767660	207	*
chr1	99910709	99910847	139	*
chr7	128835323	128835576	254	*
chr7	128837158	128837259	102	*
chr7	128838265	128838431	167	*
chr7	128840021	128840166	146	*
chr7	128842228	128842376	149	*
chr7	128844712	128844911	200	*
chr7	128849328	128849583	256	*
chr7	128851230	128851365	136	*
chr7	128851453	128851630	178	*
chr7	128852822	128853030	209	*
chr7	128853467	128853625	159	*
chr7	128854427	128854687	261	*
chr7	128854772	128854914	143	*
chr7	128857127	128857339	213	*
chr7	128972420	128972586	167	*
chr7	128986727	128986922	196	*
chr7	129000425	129000570	146	*
chr7	129005010	129005161	152	*
chr7	129014977	129015138	162	*
chr7	129017944	129018164	221	*
chr7	129203382	129203583	202	*
chr7	129205201	129205417	217	*
chr1	99993535	99993748	214	*
chr7	129205598	129205788	191	*
chr7	129208756	129208856	101	*
chr7	129209286	129209403	118	*
chr7	129210361	129210550	190	*
chr7	129211635	129211773	139	*
chr7	129379628	129379755	128	*
chr7	129389054	129389207	154	*
chr7	129413581	129413693	113	*
chr7	129426434	129426567	134	*
chr1	100007018	100007160	143	*
chr7	129455242	129455377	136	*
chr7	129464040	129464147	108	*
chr7	129464610	129464744	135	*
chr7	129467345	129467454	110	*
chr1	100011360	100011541	182	*
chr7	129657347	129657577	231	*
chr7	129710452	129710576	125	*
chr7	129727238	129727360	123	*
chr7	129755005	129755181	177	*
chr7	129834645	129835066	422	*
chr7	130116430	130116672	243	*
chr7	130122051	130122204	154	*
chr7	130130535	130130748	214	*
chr7	130173823	130173946	124	*
chr7	130175509	130175612	104	*
chr7	130201846	130202097	252	*
chr7	130202546	130202673	128	*
chr1	15727372	15727605	234	*
chr7	130385151	130385313	163	*
chr7	130387822	130388011	190	*
chr7	130400702	130400843	142	*
chr7	130401872	130401973	102	*
chr1	100059874	100060008	135	*
chr7	130507269	130507384	116	*
chr7	130507680	130507833	154	*
chr7	130548398	130548544	147	*
chr7	130551234	130551347	114	*
chr7	130555031	130555135	105	*
chr7	131387116	131387267	152	*
chr7	131399236	131399435	200	*
chr7	131429023	131429151	129	*
chr1	100067975	100068199	225	*
chr7	131463215	131463369	155	*
chr7	131505866	131505974	109	*
chr7	132130449	132130591	143	*
chr7	132140592	132140718	127	*
chr7	132145113	132145292	180	*
chr1	100077163	100077283	121	*
chr7	132164137	132164291	155	*
chr7	132168300	132168575	276	*
chr7	132179684	132179915	232	*
chr7	132180581	132180735	155	*
chr7	132182089	132182192	104	*
chr7	132203324	132203425	102	*
chr7	132226155	132226262	108	*
chr7	132227485	132227607	123	*
chr7	132228340	132228472	133	*
chr7	132507500	132508614	1115	*
chr7	132885657	132885817	161	*
chr7	133475321	133475479	159	*
chr1	100107371	100107555	185	*
chr7	133630023	133630145	123	*
chr1	100107808	100108007	200	*
chr7	133817315	133817546	232	*
chr7	133895595	133895736	142	*
chr7	133917562	133917741	180	*
chr7	133937886	133938076	191	*
chr7	134004902	134005092	191	*
chr1	100140822	100141022	201	*
chr7	134294837	134295099	263	*
chr7	134678849	134679032	184	*
chr1	100148053	100148209	157	*
chr7	134950370	134950517	148	*
chr7	134959967	134960114	148	*
chr7	134960520	134960635	116	*
chr7	135034654	135034934	281	*
chr7	135186151	135186325	175	*
chr7	135186968	135187171	204	*
chr7	135194928	135195086	159	*
chr7	135204308	135204436	129	*
chr7	135208779	135209001	223	*
chr1	100156168	100156330	163	*
chr7	135362660	135363194	535	*
chr7	135363814	135364146	333	*
chr7	135410504	135410653	150	*
chr7	135413485	135413616	132	*
chr7	135415172	135415274	103	*
chr7	135438152	135438402	251	*
chr1	100158229	100158370	142	*
chr7	135571093	135571264	172	*
chr7	135576263	135576422	160	*
chr7	135578737	135578916	180	*
chr7	135584827	135585013	187	*
chr7	135587852	135587994	143	*
chr1	100159254	100159420	167	*
chr7	135606761	135606918	158	*
chr7	135614151	135614276	126	*
chr7	135619418	135619691	274	*
chr7	135619788	135619889	102	*
chr7	135643189	135643361	173	*
chr1	100196230	100196426	197	*
chr7	135685514	135685695	182	*
chr7	135695362	135695494	133	*
chr7	135706152	135706302	151	*
chr1	100206439	100206638	200	*
chr7	135734000	135734329	330	*
chr7	137253459	137253655	197	*
chr1	100214812	100214991	180	*
chr7	137395593	137395710	118	*
chr7	137407869	137408002	134	*
chr7	137465906	137466041	136	*
chr7	137585203	137585352	150	*
chr7	137587090	137587238	149	*
chr7	137656438	137656546	109	*
chr7	137678550	137678666	117	*
chr7	137884990	137885123	134	*
chr7	137905699	137905860	162	*
chr7	138625964	138626064	101	*
chr1	100270553	100270685	133	*
chr7	138715758	138715887	130	*
chr7	138732905	138733094	190	*
chr7	138747419	138747567	149	*
chr7	138749163	138749320	158	*
chr7	138837905	138838172	268	*
chr7	138844315	138844489	175	*
chr7	139148203	139148380	178	*
chr7	139160923	139161026	104	*
chr1	100353754	100353860	107	*
chr7	139261249	139261417	169	*
chr7	139261442	139261747	306	*
chr1	100390730	100390831	102	*
chr7	139272315	139272448	134	*
chr7	139283123	139283551	429	*
chr7	139283649	139284036	388	*
chr7	139284090	139284580	491	*
chr7	139293223	139293471	249	*
chr1	100455365	100455505	141	*
chr7	139398592	139398706	115	*
chr7	139407169	139407365	197	*
chr7	139613198	139613331	134	*
chr7	139620398	139620566	169	*
chr1	7777158	7777321	164	*
chr1	15732347	15732534	188	*
chr1	100467954	100468101	148	*
chr7	139628949	139629070	122	*
chr7	139631596	139631736	141	*
chr7	139715926	139717037	1112	*
chr7	139957625	139957768	144	*
chr7	140015721	140015865	145	*
chr7	140096612	140096765	154	*
chr7	140099890	140100030	141	*
chr7	140119107	140119224	118	*
chr7	140124617	140124790	174	*
chr7	140127432	140127599	168	*
chr7	140355662	140355766	105	*
chr7	140411872	140412059	188	*
chr7	140471878	140472029	152	*
chr7	140587648	140587783	136	*
chr7	140673615	140674003	389	*
chr1	100873944	100874436	493	*
chr7	140739807	140739970	164	*
chr7	140776907	140777101	195	*
chr7	140794302	140794497	196	*
chr7	141006428	141006537	110	*
chr7	141437605	141437751	147	*
chr7	141470528	141471059	532	*
chr7	141611177	141611289	113	*
chr7	141662657	141662856	200	*
chr7	141664903	141665078	176	*
chr1	100912104	100912243	140	*
chr7	141719070	141719250	181	*
chr7	142864056	142864207	152	*
chr7	142875754	142875906	153	*
chr7	142876735	142876839	105	*
chr7	142930054	142930182	129	*
chr7	142953839	142953958	120	*
chr1	100965763	100965923	161	*
chr7	143324393	143324499	107	*
chr7	143330769	143330901	133	*
chr7	143341927	143342144	218	*
chr7	143388487	143388663	177	*
chr7	143399806	143399995	190	*
chr7	144371159	144371326	168	*
chr7	144371872	144372034	163	*
chr7	144372315	144372430	116	*
chr7	144378760	144378875	116	*
chr7	147128683	147128842	160	*
chr7	147132237	147132378	142	*
chr7	147395643	147395784	142	*
chr7	147977837	147977996	160	*
chr7	148147473	148147715	243	*
chr1	101025303	101025443	141	*
chr7	148797923	148798036	114	*
chr7	148807388	148807711	324	*
chr7	148813956	148814146	191	*
chr7	148827158	148827270	113	*
chr7	148829723	148829853	131	*
chr7	149003796	149004211	416	*
chr7	149154161	149154303	143	*
chr7	149198588	149198757	170	*
chr7	149266578	149266732	155	*
chr7	149455173	149455359	187	*
chr1	101239118	101240133	1016	*
chr7	150860940	150861085	146	*
chr7	150948851	150949051	201	*
chr7	151018885	151019166	282	*
chr7	151021183	151021331	149	*
chr7	151035579	151035744	166	*
chr7	151036541	151036654	114	*
chr7	151050479	151050611	133	*
chr7	151128570	151128690	121	*
chr7	151141950	151142054	105	*
chr7	151143335	151143601	267	*
chr7	151143734	151143846	113	*
chr7	151239393	151239494	102	*
chr7	151240110	151240259	150	*
chr7	151240408	151240525	118	*
chr7	151241488	151241656	169	*
chr7	151242721	151242845	125	*
chr7	151360131	151360252	122	*
chr7	151366936	151367128	193	*
chr7	151368725	151368890	166	*
chr7	151376631	151376754	124	*
chr7	151436173	151436327	155	*
chr1	101804238	101804918	681	*
chr7	151477328	151477429	102	*
chr1	101806070	101806199	130	*
chr7	151576366	151576465	100	*
chr7	152094179	152094412	234	*
chr7	152110512	152110649	138	*
chr7	152148029	152149155	1127	*
chr7	152152700	152152963	264	*
chr7	152154006	152154148	143	*
chr7	152156202	152156364	163	*
chr7	152158859	152159094	236	*
chr7	152177643	152178026	384	*
chr7	152199275	152199472	198	*
chr7	152247888	152248206	319	*
chr7	152311795	152311951	157	*
chr7	152823331	152823513	183	*
chr7	155302229	155302423	195	*
chr7	155462388	155462611	224	*
chr7	155700767	155700951	185	*
chr1	15744187	15744302	116	*
chr7	156658109	156658254	146	*
chr1	102886794	102887059	266	*
chr7	157201711	157201831	121	*
chr7	157225405	157225542	138	*
chr7	157231077	157231331	255	*
chr1	102946839	102946958	120	*
chr7	158680718	158680826	109	*
chr1	102962649	102962763	115	*
chr7	158689818	158689953	136	*
chr7	158693306	158693503	198	*
chr7	158743522	158743684	163	*
chr7	158749644	158749743	100	*
chr1	103022736	103023062	327	*
chr7	158797936	158798090	155	*
chr8	2998006	2998186	181	*
chr1	103026210	103026379	170	*
chr8	9008037	9008151	115	*
chr1	103082803	103082980	178	*
chr8	9720371	9720551	181	*
chr8	9730888	9731037	150	*
chr8	9733270	9733451	182	*
chr8	9751607	9751848	242	*
chr8	10301525	10301691	167	*
chr1	15872802	15873331	530	*
chr8	10897948	10898946	999	*
chr8	10924628	10924833	206	*
chr8	11306187	11306409	223	*
chr8	11322623	11322788	166	*
chr8	11561299	11561454	156	*
chr8	11562977	11563113	137	*
chr8	11786124	11786233	110	*
chr8	12735283	12735409	127	*
chr8	12738032	12738159	128	*
chr8	12740870	12740998	129	*
chr1	103543288	103543415	128	*
chr8	13092610	13092828	219	*
chr8	13098394	13098577	184	*
chr1	103546248	103546351	104	*
chr8	13499878	13500085	208	*
chr8	14090292	14090639	348	*
chr8	15743516	15743617	102	*
chr1	103617996	103618105	110	*
chr8	16995647	16995761	115	*
chr8	17064096	17064243	148	*
chr8	17098430	17098557	128	*
chr8	17104383	17104496	114	*
chr8	17116441	17116604	164	*
chr8	17205637	17205787	151	*
chr8	17207931	17208097	167	*
chr8	17209925	17210060	136	*
chr8	17215234	17215355	122	*
chr8	17230693	17230853	161	*
chr8	17234712	17234880	169	*
chr8	17242986	17243195	210	*
chr8	17284467	17284623	157	*
chr1	103621575	103621701	127	*
chr8	17302149	17302283	135	*
chr8	17304376	17304522	147	*
chr8	17305754	17305961	208	*
chr8	17311506	17311638	133	*
chr8	17548676	17548845	170	*
chr8	17550299	17550439	141	*
chr8	17554515	17554713	199	*
chr8	17554921	17555088	168	*
chr8	17621049	17621206	158	*
chr1	103623864	103623986	123	*
chr8	17642610	17642791	182	*
chr8	17645995	17646140	146	*
chr8	17864601	17864758	158	*
chr8	17874014	17874122	109	*
chr8	17960313	17960447	135	*
chr8	17965997	17966221	225	*
chr8	18006261	18006402	142	*
chr8	18009543	18009746	204	*
chr8	18025530	18025664	135	*
chr8	18572524	18572685	162	*
chr8	19405780	19406071	292	*
chr8	19819572	19819681	110	*
chr8	19833167	19833327	161	*
chr8	20147600	20147735	136	*
chr8	20220261	20220406	146	*
chr8	21750587	21750800	214	*
chr8	21966847	21967010	164	*
chr8	21971871	21971989	119	*
chr8	21982638	21982815	178	*
chr8	21984644	21984846	203	*
chr8	21987136	21987280	145	*
chr8	21999088	21999309	222	*
chr8	21999534	21999679	146	*
chr8	22002110	22002275	166	*
chr8	22003217	22003320	104	*
chr8	22046524	22046637	114	*
chr8	22067524	22067687	164	*
chr8	22139970	22140086	117	*
chr8	22192047	22192154	108	*
chr8	22207301	22207518	218	*
chr8	22209443	22209649	207	*
chr8	22211592	22211708	117	*
chr8	22221352	22221883	532	*
chr8	22224223	22224346	124	*
chr8	22245513	22245617	105	*
chr8	22290231	22290353	123	*
chr8	22309951	22310080	130	*
chr8	22409930	22410125	196	*
chr8	22412006	22412209	204	*
chr8	22414758	22414904	147	*
chr8	22419550	22419697	148	*
chr8	22474952	22475153	202	*
chr8	22497985	22498120	136	*
chr8	22511084	22511237	154	*
chr8	22593730	22593877	148	*
chr8	22607962	22608070	109	*
chr8	22613015	22613141	127	*
chr8	22690551	22690886	336	*
chr8	23005958	23006148	191	*
chr8	23006734	23007165	432	*
chr8	23007480	23007748	269	*
chr8	23007991	23008112	122	*
chr8	23017247	23017469	223	*
chr8	23328378	23328574	197	*
chr8	23340987	23341121	135	*
chr8	23436932	23437260	329	*
chr8	23566105	23566344	240	*
chr8	24491900	24492103	204	*
chr8	25292042	25292170	129	*
chr8	25317005	25317133	129	*
chr8	25325362	25325552	191	*
chr8	25382672	25382785	114	*
chr8	25390187	25390290	104	*
chr8	25435358	25435524	167	*
chr8	25436232	25436337	106	*
chr8	25439277	25439411	135	*
chr8	25886742	25886882	141	*
chr8	26042090	26042254	165	*
chr8	26044725	26044860	136	*
chr8	26360969	26361157	189	*
chr8	26362682	26362853	172	*
chr8	26363719	26363896	178	*
chr8	26391228	26391388	161	*
chr8	26643437	26643601	165	*
chr8	26643947	26644096	150	*
chr8	26652255	26652441	187	*
chr8	26864081	26864218	138	*
chr8	26864251	26864949	699	*
chr8	27430874	27431020	147	*
chr8	27439028	27439133	106	*
chr8	27440234	27440446	213	*
chr8	27450747	27450900	154	*
chr8	27454158	27454293	136	*
chr8	27599817	27599977	161	*
chr8	27658494	27658635	142	*
chr8	27659031	27659542	512	*
chr8	27788845	27788986	142	*
chr8	27822398	27822499	102	*
chr8	27921568	27921831	264	*
chr8	28099822	28099971	150	*
chr8	28339292	28339407	116	*
chr8	28348723	28348833	111	*
chr8	28717393	28718211	819	*
chr8	28775754	28775928	175	*
chr8	28812324	28812463	140	*
chr1	15876301	15876684	384	*
chr8	29049251	29049418	168	*
chr8	29051016	29051632	617	*
chr8	29124017	29124125	109	*
chr8	29132308	29132471	164	*
chr8	29140466	29140619	154	*
chr8	29176063	29176182	120	*
chr8	30105744	30105929	186	*
chr8	30175082	30175190	109	*
chr8	30612295	30612487	193	*
chr8	30679522	30679671	150	*
chr1	107324261	107324930	670	*
chr8	31031773	31032314	542	*
chr8	31147362	31147478	117	*
chr8	31157375	31157534	160	*
chr8	32647779	32648120	342	*
chr8	32741977	32742141	165	*
chr8	33389225	33389400	176	*
chr8	33488986	33489145	160	*
chr8	33592035	33592144	110	*
chr1	107418379	107418690	312	*
chr1	107421030	107421266	237	*
chr1	107436707	107436920	214	*
chr8	35683545	35683732	188	*
chr8	35684579	35684755	177	*
chr8	35686531	35686712	182	*
chr8	35722204	35722402	199	*
chr8	35759318	35759472	155	*
chr8	35766900	35767070	171	*
chr8	35774297	35774487	191	*
chr8	37737898	37738035	138	*
chr8	37753912	37754015	104	*
chr8	37837729	37837942	214	*
chr8	38114190	38114293	104	*
chr8	38135662	38135773	112	*
chr8	38163672	38163854	183	*
chr8	38210250	38210494	245	*
chr1	107603003	107603166	164	*
chr8	38232995	38233219	225	*
chr8	38234393	38234587	195	*
chr8	38237526	38237631	106	*
chr8	38245739	38245952	214	*
chr8	38252718	38252828	111	*
chr8	38253588	38253722	135	*
chr8	38295790	38295965	176	*
chr8	38305243	38305453	211	*
chr8	38315410	38315551	142	*
chr8	38315906	38316068	163	*
chr8	38321000	38321175	176	*
chr8	38329375	38329635	261	*
chr8	38347486	38348216	731	*
chr1	107748961	107749081	121	*
chr8	38400852	38401060	209	*
chr8	38423021	38423203	183	*
chr8	38457351	38457500	150	*
chr8	38843280	38843400	121	*
chr8	38846697	38846821	125	*
chr8	38968586	38968687	102	*
chr8	39071295	39071411	117	*
chr8	40153565	40153853	289	*
chr8	41599120	41599310	191	*
chr8	41672649	41672940	292	*
chr8	41692646	41692833	188	*
chr1	107770632	107770740	109	*
chr8	41708776	41708978	203	*
chr8	41717599	41717710	112	*
chr8	41718104	41718206	103	*
chr8	41723530	41723635	106	*
chr8	41943742	41943987	246	*
chr8	41977004	41977332	329	*
chr8	41978636	41978785	150	*
chr8	42154684	42154965	282	*
chr8	42167161	42167375	215	*
chr8	42167675	42167817	143	*
chr8	42317650	42317775	126	*
chr8	42401785	42402020	236	*
chr1	108139054	108139211	158	*
chr8	42546486	42546609	124	*
chr8	42756172	42756358	187	*
chr8	42756654	42756827	174	*
chr8	42839182	42839388	207	*
chr8	42856158	42856430	273	*
chr8	42861739	42861858	120	*
chr8	43064099	43064220	122	*
chr8	43069553	43069663	111	*
chr8	43084708	43084886	179	*
chr8	43182143	43182265	123	*
chr8	47774173	47774386	214	*
chr1	108600562	108600688	127	*
chr8	47855219	47855375	157	*
chr8	47897158	47897260	103	*
chr1	108628382	108628509	128	*
chr8	47902567	47902797	231	*
chr8	47927769	47927892	124	*
chr8	47929847	47930021	175	*
chr8	47954336	47954448	113	*
chr8	47964569	47964715	147	*
chr8	48919891	48920446	556	*
chr8	51820287	51820723	437	*
chr8	51831438	51831569	132	*
chr8	51833515	51833691	177	*
chr8	51845652	51845769	118	*
chr8	51860817	51861154	338	*
chr1	108696040	108696196	157	*
chr8	52118333	52118443	111	*
chr8	52163983	52164104	122	*
chr1	108698569	108698754	186	*
chr1	108699160	108700561	1402	*
chr8	52645700	52645882	183	*
chr8	52668018	52668195	178	*
chr8	52673840	52673948	109	*
chr8	53229451	53229818	368	*
chr8	53814656	53814780	125	*
chr1	15946983	15947125	143	*
chr1	108718787	108719053	267	*
chr8	53984357	53984536	180	*
chr8	54136512	54136669	158	*
chr8	54137266	54137441	176	*
chr8	54142661	54142791	131	*
chr8	54147380	54147715	336	*
chr8	54622115	54622235	121	*
chr1	108727802	108728035	234	*
chr8	55523260	55524292	1033	*
chr1	108730672	108730934	263	*
chr8	55999416	55999552	137	*
chr8	56113093	56113272	180	*
chr8	56166243	56167536	1294	*
chr8	56216405	56216536	132	*
chr8	56966186	56966362	177	*
chr8	58146990	58147723	734	*
chr1	108779259	108779417	159	*
chr8	58430510	58430674	165	*
chr8	58492347	58492530	184	*
chr1	108782420	108782525	106	*
chr8	58597383	58597557	175	*
chr1	108796232	108796375	144	*
chr8	58959568	58960040	473	*
chr1	108896856	108897090	235	*
chr1	108898640	108898767	128	*
chr8	60591853	60591973	121	*
chr1	108918608	108918796	189	*
chr8	60822501	60822750	250	*
chr8	60823838	60824022	185	*
chr8	60830318	60830581	264	*
chr8	60836001	60836287	287	*
chr8	60838074	60838258	185	*
chr8	60841641	60841759	119	*
chr1	108922411	108922523	113	*
chr8	60852827	60853135	309	*
chr1	108929699	108929842	144	*
chr8	61299792	61300304	513	*
chr8	61503360	61503505	146	*
chr8	61676063	61676376	314	*
chr8	62579537	62579682	146	*
chr8	63065902	63066104	203	*
chr8	63072929	63073100	172	*
chr8	63186123	63187757	1635	*
chr1	108947603	108947727	125	*
chr1	108981730	108981868	139	*
chr1	108983279	108983460	182	*
chr1	16129428	16129585	158	*
chr1	109002222	109002410	189	*
chr1	109010911	109011729	819	*
chr8	65604179	65604588	410	*
chr8	65613239	65613435	197	*
chr1	109023352	109023527	176	*
chr8	65682351	65682454	104	*
chr1	109066133	109066240	108	*
chr8	65739498	65739615	118	*
chr8	66051540	66051669	130	*
chr1	109092887	109093026	140	*
chr8	66154026	66154176	151	*
chr1	109161878	109162019	142	*
chr8	66445210	66445419	210	*
chr8	66454055	66454160	106	*
chr8	66566039	66566246	208	*
chr8	66566868	66566996	129	*
chr1	16130221	16130422	202	*
chr1	109171864	109172018	155	*
chr8	66599034	66599148	115	*
chr8	66634162	66634728	567	*
chr8	66634749	66635377	629	*
chr8	66651451	66651562	112	*
chr8	66664244	66666840	2597	*
chr8	66822355	66822462	108	*
chr8	66877334	66877546	213	*
chr8	66878561	66878698	138	*
chr8	66883750	66883997	248	*
chr8	66901182	66901356	175	*
chr8	66905224	66905338	115	*
chr8	66919001	66919168	168	*
chr8	66948058	66948172	115	*
chr8	66961443	66961604	162	*
chr8	66988384	66988526	143	*
chr8	67017612	67017766	155	*
chr8	67043234	67043349	116	*
chr8	67045808	67045962	155	*
chr8	67058074	67058217	144	*
chr8	67137454	67137610	157	*
chr8	67193488	67193605	118	*
chr8	67201462	67201611	150	*
chr8	67204678	67204823	146	*
chr8	67219427	67219565	139	*
chr8	67226018	67226196	179	*
chr1	109191724	109191868	145	*
chr8	67227444	67227601	158	*
chr8	67227960	67228141	182	*
chr8	67238338	67238498	161	*
chr8	67238732	67238895	164	*
chr8	67240158	67240293	136	*
chr8	67258081	67258296	216	*
chr8	67259810	67259929	120	*
chr8	67266870	67266997	128	*
chr8	67287951	67288073	123	*
chr8	67291842	67292129	288	*
chr8	67299200	67299390	191	*
chr8	67422503	67422694	192	*
chr8	67506780	67506901	122	*
chr8	67509511	67509634	124	*
chr8	68022033	68022145	113	*
chr8	68038157	68038296	140	*
chr8	68069013	68069139	127	*
chr8	68097015	68097204	190	*
chr8	68109414	68109629	216	*
chr1	109197537	109197659	123	*
chr8	68532980	68533155	176	*
chr1	109200056	109200239	184	*
chr8	69575959	69576213	255	*
chr8	69586352	69586511	160	*
chr1	109200733	109200842	110	*
chr8	69588915	69589146	232	*
chr8	69603186	69603326	141	*
chr8	69603575	69603695	121	*
chr1	109229411	109229577	167	*
chr8	69831762	69832300	539	*
chr1	109231629	109231791	163	*
chr8	70128700	70128987	288	*
chr8	70144638	70144851	214	*
chr1	109235208	109235434	227	*
chr8	70166564	70166763	200	*
chr8	70170199	70170381	183	*
chr8	70598127	70598269	143	*
chr1	16132059	16132276	218	*
chr1	109237241	109237375	135	*
chr8	71317545	71317741	197	*
chr8	72567729	72568318	590	*
chr8	72935951	72937012	1062	*
chr8	72937447	72937579	133	*
chr8	73069801	73069983	183	*
chr1	109251728	109251896	169	*
chr8	73421074	73421622	549	*
chr1	109251929	109252730	802	*
chr8	73613739	73613958	220	*
chr8	73688651	73688815	165	*
chr8	73825138	73825253	116	*
chr8	73830367	73830481	115	*
chr8	74259383	74259505	123	*
chr8	74314856	74315623	768	*
chr8	74362937	74363058	122	*
chr8	74363997	74364319	323	*
chr8	75017318	75017455	138	*
chr1	16133175	16133371	197	*
chr1	109295106	109295300	195	*
chr8	76704315	76705222	908	*
chr8	76705892	76706686	795	*
chr1	109322930	109323132	203	*
chr1	109326976	109327168	193	*
chr8	76851068	76851803	736	*
chr8	76851986	76852191	206	*
chr8	76852595	76852728	134	*
chr8	76853594	76854013	420	*
chr8	76863813	76864589	777	*
chr8	76983922	76984139	218	*
chr1	16133479	16133608	130	*
chr1	109345750	109345887	138	*
chr1	109411008	109411116	109	*
chr8	78686465	78686611	147	*
chr8	78689220	78689373	154	*
chr1	109412071	109412188	118	*
chr8	79641367	79641553	187	*
chr8	79765598	79765774	177	*
chr8	80518780	80518959	180	*
chr8	80641368	80641481	114	*
chr8	81702696	81702865	170	*
chr1	109477816	109478015	200	*
chr8	81702969	81703124	156	*
chr8	81714798	81714909	112	*
chr8	81755362	81755484	123	*
chr8	81758137	81758242	106	*
chr8	81803090	81803230	141	*
chr1	109486498	109486626	129	*
chr1	109488845	109489001	157	*
chr1	109490269	109490398	130	*
chr8	84873281	84873420	140	*
chr8	84887602	84887782	181	*
chr8	85126684	85126841	158	*
chr8	85138032	85138245	214	*
chr8	85202144	85202261	118	*
chr8	85281227	85281334	108	*
chr8	85444032	85444131	100	*
chr8	85446139	85446301	163	*
chr8	86461222	86461324	103	*
chr8	86528951	86529131	181	*
chr8	86554849	86554990	142	*
chr8	86632748	86632896	149	*
chr1	109543297	109543570	274	*
chr8	88118695	88118880	186	*
chr8	88167664	88167981	318	*
chr8	88197151	88197323	173	*
chr1	109543613	109544184	572	*
chr8	89762827	89762982	156	*
chr8	89765338	89765494	157	*
chr8	89790099	89790358	260	*
chr8	89909565	89909728	164	*
chr8	89924501	89924682	182	*
chr8	90036839	90036946	108	*
chr8	90625734	90625869	136	*
chr8	91020150	91020265	116	*
chr8	91078354	91078671	318	*
chr8	91249653	91249866	214	*
chr1	109579202	109579367	166	*
chr8	91334293	91334465	173	*
chr8	91340391	91340557	167	*
chr8	91343350	91343470	121	*
chr8	91366576	91366680	105	*
chr1	109586214	109586351	138	*
chr1	109586727	109586886	160	*
chr8	92095402	92095602	201	*
chr1	109603355	109603549	195	*
chr1	110011200	110011362	163	*
chr1	110012345	110012467	123	*
chr8	93726380	93726479	100	*
chr8	93735417	93735651	235	*
chr1	110012895	110013005	111	*
chr8	93736054	93736499	446	*
chr8	93780872	93780985	114	*
chr1	110014761	110014861	101	*
chr8	93797328	93797472	145	*
chr8	93815303	93815451	149	*
chr8	93922037	93922196	160	*
chr8	93922223	93923671	1449	*
chr8	94174116	94174265	150	*
chr1	110015422	110015535	114	*
chr8	94250312	94250590	279	*
chr8	94252017	94252221	205	*
chr8	94380140	94380418	279	*
chr8	94391607	94391908	302	*
chr8	94400243	94400478	236	*
chr8	94467460	94467563	104	*
chr8	94495725	94495894	170	*
chr8	94510414	94510655	242	*
chr8	94511182	94511731	550	*
chr1	110018542	110018652	111	*
chr8	94511994	94512103	110	*
chr8	94518981	94519479	499	*
chr8	94526220	94527374	1155	*
chr8	94534831	94535014	184	*
chr1	110020716	110020855	140	*
chr8	94674278	94674566	289	*
chr8	94739643	94739798	156	*
chr8	94756015	94756165	151	*
chr8	94783663	94783807	145	*
chr8	94827261	94827407	147	*
chr1	16232085	16232315	231	*
chr8	94842327	94842491	165	*
chr8	94853790	94853923	134	*
chr8	94873372	94873479	108	*
chr8	94880107	94880277	171	*
chr8	94882163	94882291	129	*
chr8	94885065	94885203	139	*
chr8	94939883	94940222	340	*
chr8	95035452	95035578	127	*
chr1	110039390	110039520	131	*
chr1	110041732	110041866	135	*
chr8	96256957	96257097	141	*
chr8	96295096	96295261	166	*
chr1	110043086	110043274	189	*
chr8	96333454	96333565	112	*
chr1	110043637	110043861	225	*
chr1	110047769	110047875	107	*
chr8	97724597	97724892	296	*
chr8	97816056	97816183	128	*
chr1	110049454	110049562	109	*
chr8	98030460	98030616	157	*
chr8	98033023	98033123	101	*
chr1	16253631	16253747	117	*
chr8	98128363	98128542	180	*
chr8	98146542	98146691	150	*
chr8	98158031	98158178	148	*
chr1	110051681	110051894	214	*
chr8	98222474	98222612	139	*
chr8	98427980	98428623	644	*
chr8	98428646	98429413	768	*
chr8	98547964	98548172	209	*
chr1	110061432	110061565	134	*
chr8	98706462	98706636	175	*
chr8	98707142	98707322	181	*
chr8	98749270	98749393	124	*
chr1	110064585	110064734	150	*
chr8	98767239	98767385	147	*
chr8	98951525	98951670	146	*
chr8	99111092	99111286	195	*
chr8	99135595	99135736	142	*
chr8	99147838	99148013	176	*
chr8	99192874	99193061	188	*
chr1	110172058	110172223	166	*
chr8	99431535	99431668	134	*
chr8	99467412	99467698	287	*
chr1	110174773	110174965	193	*
chr8	99511084	99511515	432	*
chr1	110191970	110192218	249	*
chr1	110192504	110192700	197	*
chr8	99766772	99766975	204	*
chr8	99778680	99779034	355	*
chr1	110194576	110194774	199	*
chr8	99818584	99818894	311	*
chr1	110195583	110195749	167	*
chr8	99861772	99861950	179	*
chr1	110198132	110198356	225	*
chr8	100038915	100039229	315	*
chr8	100052817	100052921	105	*
chr8	100140678	100140810	133	*
chr8	100162272	100162430	159	*
chr8	100165812	100165973	162	*
chr1	110223106	110223772	667	*
chr8	100261540	100261766	227	*
chr8	100522553	100522773	221	*
chr8	100527842	100527975	134	*
chr1	16256601	16256762	162	*
chr1	110225973	110226181	209	*
chr8	100709456	100709733	278	*
chr8	100715455	100715610	156	*
chr8	100948590	100948917	328	*
chr8	101543230	101543440	211	*
chr8	101558415	101558817	403	*
chr8	101619536	101619703	168	*
chr8	101666586	101666703	118	*
chr8	101689309	101689418	110	*
chr8	101719249	101719654	406	*
chr8	102208134	102208301	168	*
chr8	102224040	102224145	106	*
chr8	102224882	102225019	138	*
chr8	102232146	102232263	118	*
chr8	102253257	102254516	1260	*
chr8	102261912	102262074	163	*
chr8	102265097	102265277	181	*
chr8	102272521	102272776	256	*
chr8	102275518	102275621	104	*
chr8	102276969	102277195	227	*
chr8	102279032	102279215	184	*
chr8	102285510	102285783	274	*
chr1	110341742	110342297	556	*
chr8	102293950	102294119	170	*
chr8	102295630	102295785	156	*
chr8	102297455	102297612	158	*
chr8	102304034	102304183	150	*
chr8	102311295	102311501	207	*
chr8	102311733	102311891	159	*
chr8	102342468	102342770	303	*
chr8	102346230	102346331	102	*
chr8	102346940	102347097	158	*
chr8	102551645	102551813	169	*
chr8	102560457	102560730	274	*
chr8	102827940	102828680	741	*
chr1	16294778	16294921	144	*
chr1	110376944	110377134	191	*
chr8	102829378	102829492	115	*
chr8	102833052	102833220	169	*
chr8	102836243	102836680	438	*
chr8	103051044	103051150	107	*
chr8	103063133	103063237	105	*
chr8	103300159	103300289	131	*
chr8	103324536	103325502	967	*
chr8	103378025	103378250	226	*
chr8	103407628	103407786	159	*
chr8	103420253	103420469	217	*
chr8	103766224	103766396	173	*
chr8	104014489	104014623	135	*
chr8	104093465	104093644	180	*
chr8	104148593	104148854	262	*
chr8	104251022	104251165	144	*
chr1	110517367	110517993	627	*
chr8	104392778	104393001	224	*
chr8	104444241	104444439	199	*
chr1	110518057	110518448	392	*
chr8	104490671	104491541	871	*
chr8	104496965	104498077	1113	*
chr8	104508935	104509080	146	*
chr1	110603135	110604297	1163	*
chr8	105444273	105444387	115	*
chr1	110604325	110604722	398	*
chr8	105561353	105561493	141	*
chr8	105633672	105634361	690	*
chr1	110673101	110673942	842	*
chr1	110674016	110674548	533	*
chr1	110892423	110892539	117	*
chr8	105798690	105798954	265	*
chr8	105801045	105804545	3501	*
chr8	106683196	106683309	114	*
chr1	110947969	110948093	125	*
chr8	106702894	106703095	202	*
chr8	106706367	106706641	275	*
chr8	106710620	106710795	176	*
chr8	106713820	106713987	168	*
chr8	106740341	106740503	163	*
chr8	106750800	106751035	236	*
chr8	106761044	106761517	474	*
chr8	107284677	107284851	175	*
chr8	107293931	107294039	109	*
chr8	107336145	107336273	129	*
chr8	107346939	107347107	169	*
chr1	110952126	110952375	250	*
chr1	110952735	110952843	109	*
chr8	107989051	107989258	208	*
chr8	108202976	108203123	148	*
chr8	108203396	108203506	111	*
chr1	111118801	111118900	100	*
chr8	108228260	108228393	134	*
chr8	108449815	108449942	128	*
chr8	108469508	108470030	523	*
chr1	111120508	111120672	165	*
chr8	108476773	108476900	128	*
chr8	108784182	108784376	195	*
chr8	109119046	109119307	262	*
chr8	109293364	109293535	172	*
chr8	109554724	109554893	170	*
chr8	109556927	109557051	125	*
chr8	109972255	109972802	548	*
chr8	109973926	109974162	237	*
chr8	109974189	109974347	159	*
chr8	112255250	112255429	180	*
chr8	112263632	112263856	225	*
chr8	112281169	112281365	197	*
chr8	112289362	112289566	205	*
chr1	111174785	111175022	238	*
chr8	112310976	112311168	193	*
chr8	112313901	112314066	166	*
chr8	112314422	112314619	198	*
chr1	111182181	111182324	144	*
chr8	112492482	112492688	207	*
chr8	112503785	112503979	195	*
chr8	112573491	112573658	168	*
chr8	112650158	112650351	194	*
chr8	112656148	112656343	196	*
chr8	112685401	112685736	336	*
chr8	112689846	112690053	208	*
chr8	112800158	112800276	119	*
chr8	112859140	112859290	151	*
chr1	111184189	111184313	125	*
chr8	112921625	112921756	132	*
chr8	112975784	112976271	488	*
chr8	113314569	113314806	238	*
chr8	115413900	115415117	1218	*
chr1	111195914	111196058	145	*
chr8	115603871	115605004	1134	*
chr8	115619122	115620063	942	*
chr1	111441270	111441393	124	*
chr1	111442650	111442763	114	*
chr1	16447868	16447977	110	*
chr1	111447433	111447578	146	*
chr1	111454233	111454358	126	*
chr8	116646469	116646605	137	*
chr8	116655851	116656025	175	*
chr8	116657209	116657316	108	*
chr1	111456624	111456762	139	*
chr8	116770190	116770371	182	*
chr8	116854241	116854470	230	*
chr1	111459454	111459638	185	*
chr8	116858350	116858466	117	*
chr1	111503003	111503272	270	*
chr1	111704340	111704490	151	*
chr8	118110079	118110914	836	*
chr8	118924405	118924613	209	*
chr8	118928832	118928937	106	*
chr8	118932928	118933316	389	*
chr8	119105798	119106188	391	*
chr8	119221585	119221702	118	*
chr8	119562851	119563016	166	*
chr8	119583707	119583806	100	*
chr1	16449091	16449207	117	*
chr1	111727160	111727278	119	*
chr8	119583959	119584060	102	*
chr8	119586182	119586319	138	*
chr8	119595839	119596036	198	*
chr8	119617151	119617250	100	*
chr8	119762413	119762615	203	*
chr8	119795529	119795633	105	*
chr8	119797656	119797850	195	*
chr1	111759395	111759573	179	*
chr8	119928391	119928584	194	*
chr8	119965229	119965415	187	*
chr8	120049574	120049698	125	*
chr8	120162409	120162575	167	*
chr8	120199400	120199569	170	*
chr8	120231457	120231626	170	*
chr1	111760698	111760850	153	*
chr8	120250612	120250771	160	*
chr8	120313930	120314029	100	*
chr8	120413985	120414114	130	*
chr8	120432025	120432125	101	*
chr8	120456557	120456672	116	*
chr8	120506728	120506864	137	*
chr8	120515921	120516122	202	*
chr8	120575083	120575235	153	*
chr8	120632440	120632657	218	*
chr1	111762675	111762784	110	*
chr8	120811267	120811437	171	*
chr8	121614108	121615043	936	*
chr8	121628564	121629355	792	*
chr8	122951645	122951980	336	*
chr8	122952195	122952661	467	*
chr8	123030599	123030718	120	*
chr1	111766195	111766310	116	*
chr8	123100805	123101010	206	*
chr8	123322935	123323077	143	*
chr8	123334195	123334324	130	*
chr8	123336368	123336543	176	*
chr8	123337621	123337823	203	*
chr8	123349281	123349445	165	*
chr8	123504602	123504753	152	*
chr8	123513192	123513392	201	*
chr8	123514236	123514415	180	*
chr8	123540895	123541016	122	*
chr8	123779976	123780082	107	*
chr8	123785623	123785745	123	*
chr1	111778411	111778550	140	*
chr8	123966168	123966296	129	*
chr8	123975896	123976088	193	*
chr8	124010586	124010720	135	*
chr1	111780688	111780797	110	*
chr8	124082286	124082464	179	*
chr8	124101095	124101343	249	*
chr8	124103135	124103314	180	*
chr8	124485829	124487570	1742	*
chr8	124553320	124553696	377	*
chr8	124555739	124555903	165	*
chr8	124562777	124562995	219	*
chr8	124567069	124567183	115	*
chr8	125009170	125009348	179	*
chr8	125039790	125039901	112	*
chr8	125043987	125044100	114	*
chr8	125044534	125044700	167	*
chr8	125050562	125050667	106	*
chr1	111981615	111982740	1126	*
chr8	125067588	125067724	137	*
chr8	125078736	125078933	198	*
chr8	125083709	125083898	190	*
chr8	125436002	125436396	395	*
chr8	126556658	126556968	311	*
chr8	129855609	129855749	141	*
chr8	129862224	129862340	117	*
chr8	129879246	129879519	274	*
chr1	16931289	16931401	113	*
chr8	130780288	130780879	592	*
chr8	130800422	130800583	162	*
chr8	130847419	130847534	116	*
chr1	112448935	112449177	243	*
chr8	132010784	132010953	170	*
chr1	112456814	112456971	158	*
chr8	132174232	132174362	131	*
chr8	132180151	132180277	127	*
chr8	132184236	132184373	138	*
chr8	132661454	132661637	184	*
chr8	132751780	132751918	139	*
chr1	112457183	112457299	117	*
chr8	132794404	132794604	201	*
chr8	132811027	132811271	245	*
chr1	112514871	112515099	229	*
chr8	132816846	132817103	258	*
chr8	132845778	132845926	149	*
chr1	112516138	112516422	285	*
chr8	132881852	132881972	121	*
chr8	132886688	132886876	189	*
chr1	112517119	112517389	271	*
chr8	133095029	133095210	182	*
chr1	112541927	112542096	170	*
chr8	133250437	133250554	118	*
chr8	133262042	133262170	129	*
chr8	133461872	133461997	126	*
chr8	133464772	133464973	202	*
chr8	134590263	134590367	105	*
chr8	134600430	134600697	268	*
chr8	134601472	134601609	138	*
chr8	134602370	134602506	137	*
chr8	134602530	134602944	415	*
chr1	112555857	112556024	168	*
chr8	138167889	138168052	164	*
chr8	138250838	138251020	183	*
chr8	138589254	138589442	189	*
chr8	138821128	138821414	287	*
chr8	139988720	139988839	120	*
chr1	112582369	112582475	107	*
chr1	112583957	112584139	183	*
chr8	140541162	140541361	200	*
chr8	140702566	140702709	144	*
chr1	112597968	112598107	140	*
chr8	140890537	140890785	249	*
chr1	112610912	112611015	104	*
chr1	112669984	112670135	152	*
chr8	144450380	144450789	410	*
chr9	312014	312168	155	*
chr9	334223	334387	165	*
chr9	376207	376311	105	*
chr9	376975	377214	240	*
chr9	420399	420584	186	*
chr9	422033	422166	134	*
chr9	426878	426988	111	*
chr9	428360	428500	141	*
chr9	434781	434977	197	*
chr9	439237	439393	157	*
chr9	441282	441420	139	*
chr9	441881	442014	134	*
chr1	112702560	112702696	137	*
chr9	446368	446608	241	*
chr9	463512	463691	180	*
chr9	711463	711692	230	*
chr9	711793	711926	134	*
chr1	112710739	112710853	115	*
chr1	112711262	112711386	125	*
chr1	112712916	112713018	103	*
chr9	2039585	2039760	176	*
chr1	112723021	112723170	150	*
chr9	2054593	2054734	142	*
chr9	2056669	2056847	179	*
chr9	2081768	2082004	237	*
chr1	112724010	112724140	131	*
chr9	2104000	2104174	175	*
chr9	2123717	2123942	226	*
chr1	112917175	112917513	339	*
chr9	2641375	2641504	130	*
chr9	2646332	2646559	228	*
chr9	2718151	2718599	449	*
chr9	2718830	2719100	271	*
chr9	2729444	2729681	238	*
chr1	112917801	112918046	246	*
chr9	2812218	2812364	147	*
chr9	2824714	2824826	113	*
chr9	2829772	2829950	179	*
chr9	3248027	3248199	173	*
chr9	3256988	3257208	221	*
chr1	113112477	113112762	286	*
chr9	3275497	3275641	145	*
chr9	3301430	3301711	282	*
chr9	3879418	3879534	117	*
chr1	113114740	113114883	144	*
chr9	4117762	4118020	259	*
chr1	113116277	113116439	163	*
chr9	4544563	4544710	148	*
chr9	4662632	4663220	589	*
chr9	4684875	4685090	216	*
chr9	4697751	4697885	135	*
chr9	4701861	4701960	100	*
chr1	113119231	113119410	180	*
chr9	4719129	4719311	183	*
chr9	4722501	4722627	127	*
chr9	4793085	4793230	146	*
chr9	4834139	4834274	136	*
chr9	4841213	4841362	150	*
chr9	4860119	4860275	157	*
chr9	5029780	5029907	128	*
chr9	5044399	5044523	125	*
chr9	5050682	5050837	156	*
chr9	5054560	5054889	330	*
chr9	5066676	5066796	121	*
chr9	5069923	5070060	138	*
chr9	5072490	5072634	145	*
chr9	5077443	5077586	144	*
chr9	5080227	5080385	159	*
chr9	5656561	5656699	139	*
chr9	5742867	5743019	153	*
chr9	5765408	5765574	167	*
chr9	5768968	5769260	293	*
chr1	113580539	113580667	129	*
chr9	5772890	5773085	196	*
chr9	5787428	5787596	169	*
chr9	5797811	5797934	124	*
chr9	5798800	5799011	212	*
chr1	113585385	113585603	219	*
chr9	5812887	5813037	151	*
chr9	5825090	5825222	133	*
chr9	5830722	5831031	310	*
chr9	5920210	5920401	192	*
chr9	5922630	5922892	263	*
chr9	5929040	5929166	127	*
chr9	5944848	5944965	118	*
chr9	5953997	5954203	207	*
chr9	5968662	5969444	783	*
chr9	5988338	5988572	235	*
chr1	113622804	113622998	195	*
chr9	6007190	6007315	126	*
chr9	6012236	6013099	864	*
chr9	6013143	6015019	1877	*
chr9	6015055	6015414	360	*
chr9	6550797	6550916	120	*
chr9	6587137	6587285	149	*
chr1	113646476	113646649	174	*
chr9	6592845	6592992	148	*
chr9	6610190	6610366	177	*
chr9	7103682	7103875	194	*
chr9	7128089	7128242	154	*
chr9	7165236	7165363	128	*
chr9	7169794	7169896	103	*
chr1	113659078	113659269	192	*
chr1	113673320	113673471	152	*
chr9	8341087	8341276	190	*
chr1	113681196	113681341	146	*
chr9	8465460	8465677	218	*
chr9	8484113	8484381	269	*
chr9	8485532	8486359	828	*
chr9	8500653	8501157	505	*
chr9	8517844	8518431	588	*
chr9	8521274	8521584	311	*
chr9	8528556	8528786	231	*
chr1	113704661	113704800	140	*
chr1	113706589	113706734	146	*
chr1	113710321	113710477	157	*
chr1	113738106	113738275	170	*
chr9	12695514	12695839	326	*
chr9	12698449	12698661	213	*
chr9	12702268	12702445	178	*
chr9	12707992	12708149	158	*
chr1	113766223	113766455	233	*
chr9	13143455	13143584	130	*
chr9	13147543	13147684	142	*
chr9	13150488	13150700	213	*
chr9	13193162	13193319	158	*
chr1	113777206	113777356	151	*
chr1	113777665	113777810	146	*
chr1	113797355	113797827	473	*
chr1	113854905	113855052	148	*
chr9	14112905	14113117	213	*
chr9	14116061	14116379	319	*
chr1	113858473	113858575	103	*
chr9	14120437	14120627	191	*
chr1	17027745	17027867	123	*
chr9	14306967	14307528	562	*
chr9	14313475	14313616	142	*
chr9	14639889	14640021	133	*
chr9	14662210	14662354	145	*
chr1	113897838	113897949	112	*
chr1	113899897	113900402	506	*
chr9	14788996	14789133	138	*
chr9	14804950	14805168	219	*
chr9	14824806	14824994	189	*
chr9	14842312	14842663	352	*
chr9	14851330	14851609	280	*
chr9	14857550	14857701	152	*
chr9	14863804	14863905	102	*
chr9	15175013	15175143	131	*
chr9	15444600	15444712	113	*
chr9	15459705	15459863	159	*
chr1	113902716	113902865	150	*
chr9	15468627	15468853	227	*
chr9	15468951	15469060	110	*
chr9	15578847	15578997	151	*
chr1	113906994	113907165	172	*
chr9	15591398	15591562	165	*
chr9	15623255	15623416	162	*
chr1	113911129	113911290	162	*
chr9	15744271	15744782	512	*
chr9	15745513	15745634	122	*
chr9	15846555	15847050	496	*
chr1	17028594	17028739	146	*
chr9	15920250	15920428	179	*
chr1	113952764	113952896	133	*
chr1	113956614	113956815	202	*
chr9	16418912	16419238	327	*
chr9	16436662	16437611	950	*
chr1	113962316	113962442	127	*
chr1	113963317	113963583	267	*
chr1	17069057	17069280	224	*
chr9	16727789	16728377	589	*
chr1	113966117	113966276	160	*
chr1	113971825	113971958	134	*
chr9	17342326	17342461	136	*
chr1	113973021	113973521	501	*
chr9	17464495	17464627	133	*
chr9	17789379	17789555	177	*
chr9	18753294	18753513	220	*
chr1	113980330	113980619	290	*
chr9	18770599	18770784	186	*
chr9	18776779	18777126	348	*
chr1	113980936	113981221	286	*
chr9	18887924	18888047	124	*
chr9	18892496	18892598	103	*
chr9	19049655	19050210	556	*
chr9	19076577	19076711	135	*
chr9	19080505	19080672	168	*
chr9	19093203	19093305	103	*
chr9	19116329	19116494	166	*
chr9	19118317	19118459	143	*
chr9	19276175	19276481	307	*
chr9	19286765	19287030	266	*
chr9	19290702	19290879	178	*
chr1	114097725	114097883	159	*
chr9	19336266	19336423	158	*
chr9	19352070	19352188	119	*
chr9	19352488	19352669	182	*
chr9	19358023	19358166	144	*
chr1	114099088	114099267	180	*
chr9	19360281	19360494	214	*
chr9	19424695	19424845	151	*
chr1	114103599	114103724	126	*
chr9	19516154	19516404	251	*
chr9	19520887	19521062	176	*
chr9	19785931	19786620	690	*
chr1	114137487	114137971	485	*
chr9	20360739	20360849	111	*
chr9	20456693	20456792	100	*
chr9	20764878	20764979	102	*
chr9	20789367	20789478	112	*
chr9	20820316	20820426	111	*
chr9	20822987	20823120	134	*
chr9	20881869	20882061	193	*
chr9	20929352	20929601	250	*
chr9	20950994	20951102	109	*
chr9	21008015	21008154	140	*
chr9	21011585	21011701	117	*
chr9	21015891	21016012	122	*
chr9	21026590	21026724	135	*
chr9	21333139	21334319	1181	*
chr9	22006106	22006249	144	*
chr9	23701373	23701606	234	*
chr9	23704905	23705073	169	*
chr9	23731019	23731127	109	*
chr1	114399435	114399612	178	*
chr1	8356094	8356246	153	*
chr1	114406938	114407104	167	*
chr1	114410180	114410325	146	*
chr9	26887308	26887524	217	*
chr9	26919306	26919531	226	*
chr9	26923174	26923349	176	*
chr9	26925815	26925964	150	*
chr9	26926387	26926562	176	*
chr9	26928097	26928224	128	*
chr9	26928305	26928410	106	*
chr9	26946892	26947049	158	*
chr9	26978123	26978266	144	*
chr9	27009018	27009163	146	*
chr9	27016905	27017060	156	*
chr1	114427172	114427309	138	*
chr9	27055607	27055777	171	*
chr9	27157825	27158145	321	*
chr9	27168473	27168609	137	*
chr9	27190525	27190657	133	*
chr9	27202813	27203067	255	*
chr9	27206573	27206797	225	*
chr9	27359028	27359244	217	*
chr9	27455128	27455551	424	*
chr9	27548236	27548424	189	*
chr1	17086535	17086702	168	*
chr1	114433611	114433736	126	*
chr9	27562375	27562479	105	*
chr9	27566672	27567145	474	*
chr9	27948212	27950709	2498	*
chr1	114463099	114463260	162	*
chr9	32424539	32424668	130	*
chr1	114568130	114568259	130	*
chr9	32431716	32431847	132	*
chr9	32433726	32433835	110	*
chr9	32434556	32434707	152	*
chr1	114587709	114587953	245	*
chr9	32467757	32467874	118	*
chr9	32487943	32488221	279	*
chr9	32542425	32542589	165	*
chr1	114594471	114594580	110	*
chr9	32543179	32543858	680	*
chr9	32784173	32784526	354	*
chr9	32784684	32784891	208	*
chr9	32974455	32974571	117	*
chr9	32987720	32987849	130	*
chr9	33026478	33026617	140	*
chr9	33036572	33036692	121	*
chr9	33037009	33037117	109	*
chr9	33056832	33056965	134	*
chr1	114600200	114600355	156	*
chr9	33062045	33062179	135	*
chr9	33068822	33068937	116	*
chr9	33073591	33073808	218	*
chr9	33135186	33135334	149	*
chr9	33256798	33256910	113	*
chr9	33301261	33301421	161	*
chr9	33307190	33307304	115	*
chr9	33313646	33313798	153	*
chr9	33318729	33318837	109	*
chr9	33318903	33319133	231	*
chr9	33328579	33328682	104	*
chr9	33338492	33338595	104	*
chr1	17092402	17092536	135	*
chr9	33442295	33442522	228	*
chr9	33464035	33464147	113	*
chr9	33911958	33912102	145	*
chr1	114621893	114622067	175	*
chr9	33926984	33927083	100	*
chr9	33943417	33943596	180	*
chr9	34098322	34098519	198	*
chr9	34125018	34125174	157	*
chr9	34234214	34234347	134	*
chr9	34250656	34250764	109	*
chr9	34251384	34251533	150	*
chr9	34259591	34259707	117	*
chr1	114673636	114673751	116	*
chr9	34297014	34297122	109	*
chr9	34311144	34311347	204	*
chr9	34339035	34339168	134	*
chr9	34343122	34343426	305	*
chr9	34402701	34402831	131	*
chr9	34506625	34506879	255	*
chr9	34514392	34514544	153	*
chr9	34556248	34556421	174	*
chr9	34557524	34557695	172	*
chr9	34557861	34557991	131	*
chr9	34647087	34647261	175	*
chr9	34971291	34971681	391	*
chr9	34972344	34972457	114	*
chr9	34993197	34993449	253	*
chr1	114675524	114675696	173	*
chr9	34997024	34997249	226	*
chr9	35057372	35057532	161	*
chr9	35059487	35059753	267	*
chr9	35061575	35061693	119	*
chr1	114675884	114676016	133	*
chr9	35062215	35062353	139	*
chr9	35062973	35063089	117	*
chr9	35067889	35068072	184	*
chr9	35068246	35068369	124	*
chr9	35093897	35094027	131	*
chr1	114677379	114677516	138	*
chr9	35106249	35106413	165	*
chr9	35389839	35389978	140	*
chr9	35396501	35396608	108	*
chr9	35400294	35400448	155	*
chr9	35403165	35403264	100	*
chr9	35403433	35403607	175	*
chr9	35403745	35404033	289	*
chr9	35547651	35547798	148	*
chr9	35558453	35558574	122	*
chr1	114688590	114688743	154	*
chr9	35703555	35703678	124	*
chr9	35703773	35703903	131	*
chr9	35703989	35704176	188	*
chr9	35704329	35704500	172	*
chr9	35704667	35704817	151	*
chr9	35705549	35705673	125	*
chr9	35706194	35706312	119	*
chr9	35706766	35706903	138	*
chr9	35707070	35707256	187	*
chr9	35707343	35707490	148	*
chr9	35707729	35707900	172	*
chr9	35708339	35708489	151	*
chr9	35710559	35710686	128	*
chr9	35711253	35711402	150	*
chr9	35711592	35711798	207	*
chr9	35712833	35713044	212	*
chr1	114716046	114716160	115	*
chr9	35713194	35713300	107	*
chr9	35714237	35714377	141	*
chr9	35714569	35714690	122	*
chr9	35716388	35716558	171	*
chr9	35717141	35717443	303	*
chr9	35718810	35718913	104	*
chr9	35719068	35719284	217	*
chr9	35719517	35719633	117	*
chr9	35719734	35719855	122	*
chr9	35720035	35720220	186	*
chr9	35721643	35721804	162	*
chr9	35722113	35722225	113	*
chr9	35724190	35724337	148	*
chr9	35724825	35724961	137	*
chr1	114718610	114718749	140	*
chr9	35725559	35725704	146	*
chr9	35737744	35737941	198	*
chr9	35741668	35741892	225	*
chr1	17244007	17244243	237	*
chr1	114719581	114719748	168	*
chr9	35753653	35753771	119	*
chr9	35802501	35802609	109	*
chr9	35806390	35806543	154	*
chr9	35835009	35835223	215	*
chr9	35846817	35846922	106	*
chr1	114720532	114720719	188	*
chr9	35852824	35852989	166	*
chr9	36083363	36083570	208	*
chr9	36091146	36091348	203	*
chr9	36100326	36100548	223	*
chr1	114723878	114724013	136	*
chr9	36105137	36105288	152	*
chr9	36109952	36110083	132	*
chr9	36112302	36112480	179	*
chr9	36116978	36117179	202	*
chr9	36118744	36118970	227	*
chr9	36147780	36147900	121	*
chr9	36162360	36162522	163	*
chr9	36169503	36169720	218	*
chr9	36169929	36170213	285	*
chr9	36170259	36171097	839	*
chr9	36211581	36211942	362	*
chr1	114726209	114726392	184	*
chr9	36344826	36344955	130	*
chr9	36356296	36356485	190	*
chr9	36357769	36357944	176	*
chr9	36589523	36589654	132	*
chr9	36599382	36599489	108	*
chr9	36607573	36607680	108	*
chr1	114730253	114730442	190	*
chr9	36674826	36674942	117	*
chr1	114732595	114732818	224	*
chr9	37006016	37006540	525	*
chr9	37305542	37305721	180	*
chr1	114736751	114736865	115	*
chr1	114737421	114737776	356	*
chr9	37440575	37440715	141	*
chr9	37442183	37442548	366	*
chr9	37498089	37498229	141	*
chr9	37531906	37532060	155	*
chr9	37541181	37541785	605	*
chr9	37719061	37719178	118	*
chr9	37730981	37731107	127	*
chr1	114739678	114739900	223	*
chr9	37735550	37735737	188	*
chr9	37740275	37740417	143	*
chr9	37780679	37780883	205	*
chr9	37783910	37784069	160	*
chr9	37842086	37842298	213	*
chr9	37854778	37854990	213	*
chr9	37861138	37861663	526	*
chr9	37887657	37888172	516	*
chr9	37888223	37888459	237	*
chr9	38396419	38397155	737	*
chr9	68378196	68378365	170	*
chr9	68387461	68387591	131	*
chr9	68465085	68465213	129	*
chr9	68483862	68484051	190	*
chr9	68499215	68499363	149	*
chr9	68780478	68780749	272	*
chr9	68917546	68917765	220	*
chr9	68923290	68923391	102	*
chr1	114779137	114779297	161	*
chr9	68934888	68935048	161	*
chr9	69249365	69249488	124	*
chr9	69375734	69375866	133	*
chr9	69449581	69449803	223	*
chr9	69452116	69452303	188	*
chr9	69516005	69516213	209	*
chr1	114858538	114858713	176	*
chr9	69734148	69734265	118	*
chr9	69905975	69906082	108	*
chr9	70126157	70126291	135	*
chr9	70143551	70143821	271	*
chr9	70264300	70264449	150	*
chr9	70280756	70280905	150	*
chr9	70305245	70305366	122	*
chr9	70315443	70315583	141	*
chr9	70347610	70347721	112	*
chr9	70347912	70348045	134	*
chr9	70350106	70350295	190	*
chr9	70387776	70388008	233	*
chr9	70536790	70537407	618	*
chr9	70549540	70549676	137	*
chr9	70598414	70598672	259	*
chr9	70610600	70610760	161	*
chr9	70618865	70619098	234	*
chr9	70620074	70620368	295	*
chr9	70635125	70635295	171	*
chr1	115033352	115033527	176	*
chr9	70827841	70828021	181	*
chr9	70842997	70843130	134	*
chr9	70862902	70863114	213	*
chr9	71698028	71698220	193	*
chr9	71704590	71704805	216	*
chr9	71725576	71725711	136	*
chr9	71730043	71730280	238	*
chr9	71730700	71730918	219	*
chr9	71732348	71732523	176	*
chr9	71740054	71740245	192	*
chr9	71745016	71745589	574	*
chr1	115060456	115060555	100	*
chr9	71746199	71746343	145	*
chr9	71874610	71875094	485	*
chr9	71946988	71947118	131	*
chr9	72245145	72245282	138	*
chr9	72355469	72356104	636	*
chr9	72356928	72357061	134	*
chr9	72359409	72359542	134	*
chr9	72700519	72700648	130	*
chr9	72789121	72789339	219	*
chr9	72820836	72821083	248	*
chr9	72924016	72924138	123	*
chr9	74662472	74662608	137	*
chr9	74728234	74728367	134	*
chr9	74738403	74738615	213	*
chr9	74998592	74998786	195	*
chr9	74999726	74999884	159	*
chr9	75016250	75016441	192	*
chr9	75017247	75017462	216	*
chr1	115663827	115664273	447	*
chr9	76095886	76096108	223	*
chr9	76157042	76157167	126	*
chr9	76179594	76179703	110	*
chr9	76192948	76193407	460	*
chr9	76350826	76350931	106	*
chr9	76388549	76388658	110	*
chr9	76629186	76629292	107	*
chr9	76637417	76637552	136	*
chr9	76638144	76638340	197	*
chr9	76652479	76652689	211	*
chr9	76710680	76710808	129	*
chr9	76823627	76823730	104	*
chr9	77205310	77205415	106	*
chr9	77220275	77220387	113	*
chr9	77238263	77238390	128	*
chr9	77295540	77295758	219	*
chr9	77302922	77303066	145	*
chr9	77321163	77321332	170	*
chr9	77321642	77321749	108	*
chr9	77323064	77323230	167	*
chr9	77339540	77339914	375	*
chr9	77345007	77345147	141	*
chr9	77351306	77351452	147	*
chr9	77353446	77353647	202	*
chr9	77356712	77356875	164	*
chr9	77425558	77425717	160	*
chr9	77529066	77529255	190	*
chr9	77794458	77794628	171	*
chr9	77797516	77797679	164	*
chr9	77815609	77815781	173	*
chr9	78304732	78304947	216	*
chr1	116020705	116020888	184	*
chr1	8358191	8358920	730	*
chr9	79574861	79574978	118	*
chr9	79652555	79652797	243	*
chr9	79708116	79708257	142	*
chr9	79718720	79718978	259	*
chr9	79719806	79720298	493	*
chr9	79721727	79721890	164	*
chr9	79722444	79722608	165	*
chr1	17420709	17420844	136	*
chr9	81590800	81591064	265	*
chr9	81593014	81593276	263	*
chr9	81611815	81611969	155	*
chr1	116389437	116389712	276	*
chr9	81653764	81654066	303	*
chr9	81687332	81687435	104	*
chr1	116393529	116393726	198	*
chr1	17422702	17422839	138	*
chr9	83009638	83009761	124	*
chr9	83022330	83022432	103	*
chr9	83025772	83025924	153	*
chr9	83677816	83677964	149	*
chr9	83679769	83680039	271	*
chr9	83686001	83686155	155	*
chr9	83739441	83739748	308	*
chr9	83768812	83768980	169	*
chr1	116399418	116399548	131	*
chr9	83880293	83880524	232	*
chr9	83883807	83884022	216	*
chr9	83889097	83889260	164	*
chr9	83903372	83903819	448	*
chr9	83908449	83908664	216	*
chr9	83915291	83915592	302	*
chr9	83970730	83970849	120	*
chr9	83972844	83972976	133	*
chr9	83973283	83973406	124	*
chr9	83977685	83977793	109	*
chr9	84000980	84001630	651	*
chr9	84002509	84002863	355	*
chr1	116607936	116608334	399	*
chr9	84724222	84724364	143	*
chr9	84867209	84867447	239	*
chr9	84948460	84948637	178	*
chr9	84955281	84955522	242	*
chr1	116616075	116616459	385	*
chr1	116941715	116941839	125	*
chr9	85589519	85589684	166	*
chr9	85592555	85592706	152	*
chr9	85618977	85619160	184	*
chr9	85632657	85632816	160	*
chr9	85642824	85642946	123	*
chr9	85655138	85655317	180	*
chr9	85677432	85677585	154	*
chr9	85692688	85692819	132	*
chr9	85958470	85958590	121	*
chr1	116944856	116945097	242	*
chr9	85962011	85962183	173	*
chr9	85978254	85978385	132	*
chr9	86007356	86007471	116	*
chr9	86013043	86013148	106	*
chr9	86266042	86266193	152	*
chr9	86272002	86272120	119	*
chr9	86308426	86308613	188	*
chr9	86309460	86309578	119	*
chr9	86309926	86310025	100	*
chr9	86310699	86310811	113	*
chr1	116967082	116967331	250	*
chr9	87639352	87639489	138	*
chr9	87640291	87640452	162	*
chr9	87641964	87642063	100	*
chr9	87643374	87643473	100	*
chr9	87645893	87646019	127	*
chr9	87649919	87650120	202	*
chr1	116984678	116984990	313	*
chr9	87698654	87698796	143	*
chr9	87706129	87706445	317	*
chr9	87706469	87706663	195	*
chr9	87706768	87707364	597	*
chr9	88462521	88462754	234	*
chr9	89001340	89002160	821	*
chr9	89013457	89013577	121	*
chr9	89315169	89315300	132	*
chr9	90613228	90613833	606	*
chr9	91723855	91724995	1141	*
chr9	91730897	91731158	262	*
chr9	91733116	91733426	311	*
chr9	91757266	91757562	297	*
chr9	92067961	92068099	139	*
chr9	92242149	92242335	187	*
chr9	92250708	92250836	129	*
chr1	117010086	117010235	150	*
chr9	92280744	92280908	165	*
chr9	92288119	92288284	166	*
chr9	92385618	92385798	181	*
chr9	92389850	92390058	209	*
chr9	92416607	92417375	769	*
chr9	92457290	92457489	200	*
chr9	92466352	92466576	225	*
chr9	92512008	92512131	124	*
chr9	92635154	92635320	167	*
chr9	92648057	92648158	102	*
chr9	92718536	92718838	303	*
chr9	93636410	93636530	121	*
chr9	93653177	93653367	191	*
chr9	93654410	93654575	166	*
chr1	117414711	117414837	127	*
chr9	94084630	94084773	144	*
chr9	94095313	94095457	145	*
chr9	94587305	94587471	167	*
chr9	94593551	94593726	176	*
chr9	94605454	94605578	125	*
chr9	94923983	94924177	195	*
chr9	95082572	95082725	154	*
chr9	95458007	95458216	210	*
chr9	95468826	95469053	228	*
chr9	95480386	95480601	216	*
chr9	95481943	95482045	103	*
chr9	95881078	95881296	219	*
chr1	117496761	117496986	226	*
chr9	95916226	95916354	129	*
chr9	96484461	96484638	178	*
chr1	117499379	117499556	178	*
chr9	97428458	97428677	220	*
chr9	97441724	97441883	160	*
chr9	97482847	97482988	142	*
chr1	117522819	117523067	249	*
chr9	97565835	97565961	127	*
chr9	97591289	97591440	152	*
chr1	117622904	117624013	1110	*
chr9	97605478	97605643	166	*
chr9	97606138	97606266	129	*
chr9	97611567	97611705	139	*
chr9	97617753	97617861	109	*
chr1	117878004	117878154	151	*
chr9	97648002	97648226	225	*
chr9	97650500	97650605	106	*
chr9	97658634	97658750	117	*
chr9	97660943	97661073	131	*
chr9	97662035	97662150	116	*
chr9	97994628	97994786	159	*
chr9	97998554	97998677	124	*
chr1	117883482	117883628	147	*
chr9	98004962	98005156	195	*
chr9	98078191	98078352	162	*
chr9	98080811	98081084	274	*
chr9	98132180	98132303	124	*
chr9	98133057	98133219	163	*
chr9	98157455	98157663	209	*
chr9	98208666	98208811	146	*
chr1	17622993	17623182	190	*
chr1	117899051	117899218	168	*
chr9	98290584	98290752	169	*
chr9	98306118	98306351	234	*
chr9	98388849	98389006	158	*
chr1	117912528	117912685	158	*
chr9	98453974	98454224	251	*
chr9	98496411	98496517	107	*
chr9	98736538	98736644	107	*
chr1	117918593	117918738	146	*
chr9	98790453	98790608	156	*
chr9	98823253	98823427	175	*
chr9	98826750	98826944	195	*
chr1	117933319	117933495	177	*
chr9	99066879	99067071	193	*
chr9	99068553	99068676	124	*
chr9	99128853	99129017	165	*
chr9	99132526	99132740	215	*
chr9	99137857	99138091	235	*
chr9	99142534	99142706	173	*
chr1	117934471	117934687	217	*
chr9	99144729	99144891	163	*
chr9	99146483	99146618	136	*
chr9	99147651	99147785	135	*
chr1	117936767	117936891	125	*
chr9	99217947	99218296	350	*
chr9	99218331	99218526	196	*
chr9	99218559	99218838	280	*
chr9	99230322	99230428	107	*
chr9	99828032	99828305	274	*
chr9	99828841	99828998	158	*
chr9	99863615	99863867	253	*
chr1	117941745	117941849	105	*
chr9	99915233	99915367	135	*
chr9	99951058	99951285	228	*
chr9	100016319	100016447	129	*
chr9	100020610	100020741	132	*
chr9	100240050	100240242	193	*
chr9	100242564	100242684	121	*
chr9	100252281	100252440	160	*
chr9	100252905	100253138	234	*
chr9	100264820	100264931	112	*
chr9	100272860	100273082	223	*
chr9	100303627	100303844	218	*
chr9	100308495	100308695	201	*
chr9	100326299	100326482	184	*
chr9	100327785	100327964	180	*
chr9	100329927	100330174	248	*
chr9	100346840	100347408	569	*
chr9	100349181	100349368	188	*
chr1	117951974	117952077	104	*
chr9	100450541	100450964	424	*
chr9	100498755	100498879	125	*
chr9	100516662	100516777	116	*
chr9	100547729	100547895	167	*
chr9	100578135	100578556	422	*
chr9	101269795	101270074	280	*
chr9	101317362	101317498	137	*
chr9	101425449	101425631	183	*
chr9	101430773	101430891	119	*
chr9	101476264	101476543	280	*
chr9	101476843	101477017	175	*
chr9	101540488	101540639	152	*
chr9	101547397	101547521	125	*
chr9	101552139	101552266	128	*
chr1	118008043	118008180	138	*
chr9	101554692	101554846	155	*
chr9	101557382	101557600	219	*
chr9	101561088	101561231	144	*
chr9	101561910	101562013	104	*
chr9	101562244	101562422	179	*
chr9	101613371	101613538	168	*
chr9	101623315	101623437	123	*
chr9	101628244	101628419	176	*
chr9	101670056	101671110	1055	*
chr9	101686594	101687235	642	*
chr9	101737275	101737610	336	*
chr9	104100090	104100208	119	*
chr9	104126639	104126785	147	*
chr9	104129643	104129847	205	*
chr9	104134413	104134580	168	*
chr9	104785391	104785645	255	*
chr9	104788423	104788573	151	*
chr1	118085920	118086089	170	*
chr9	104798416	104798601	186	*
chr9	104799813	104799993	181	*
chr9	104804624	104804724	101	*
chr9	104810798	104810930	133	*
chr9	104812566	104812725	160	*
chr9	104816137	104816354	218	*
chr9	104818661	104818885	225	*
chr1	118093205	118093320	116	*
chr9	104826952	104827178	227	*
chr9	104831617	104831829	213	*
chr9	104837423	104837569	147	*
chr9	104840273	104840522	250	*
chr9	104884410	104884570	161	*
chr1	118097664	118097848	185	*
chr9	104889095	104889197	103	*
chr9	105309700	105309872	173	*
chr9	105335555	105335705	151	*
chr9	105355985	105356437	453	*
chr9	105468185	105468328	144	*
chr9	105484379	105484507	129	*
chr9	105539257	105539356	100	*
chr9	105546341	105546485	145	*
chr9	105575027	105575141	115	*
chr9	105604209	105604497	289	*
chr9	105635049	105635263	215	*
chr9	105705591	105705758	168	*
chr9	105748062	105748196	135	*
chr1	17632319	17632471	153	*
chr9	106924127	106924485	359	*
chr9	106925703	106926161	459	*
chr9	106926370	106926902	533	*
chr9	106926928	106927205	278	*
chr9	106927477	106927640	164	*
chr9	106927678	106928156	479	*
chr9	106928296	106928754	459	*
chr9	106928881	106929764	884	*
chr9	106930522	106930696	175	*
chr9	106935498	106935628	131	*
chr9	106972002	106972102	101	*
chr9	107324793	107325010	218	*
chr9	107329537	107330220	684	*
chr9	108862722	108863094	373	*
chr9	108863493	108863630	138	*
chr9	108879440	108879560	121	*
chr9	108891199	108891407	209	*
chr9	108893938	108894073	136	*
chr9	108896494	108896615	122	*
chr1	118987585	118987799	215	*
chr9	108912313	108912414	102	*
chr9	108917550	108917681	132	*
chr9	108965372	108965537	166	*
chr9	108970397	108970496	100	*
chr9	108972673	108972835	163	*
chr1	119032918	119033351	434	*
chr9	108999064	108999262	199	*
chr9	109033305	109033507	203	*
chr9	109036199	109036382	184	*
chr1	8361357	8361492	136	*
chr1	119034088	119034232	145	*
chr9	109108447	109108580	134	*
chr9	109147046	109147191	146	*
chr9	109149627	109149757	131	*
chr9	109253439	109253561	123	*
chr9	109256118	109256280	163	*
chr9	109279821	109279924	104	*
chr9	109383418	109383553	136	*
chr9	109406458	109406620	163	*
chr9	109426944	109427129	186	*
chr9	109942604	109942930	327	*
chr9	109942955	109943557	603	*
chr9	110136691	110137062	372	*
chr9	110137528	110138005	478	*
chr9	110156393	110156516	124	*
chr9	110377265	110377377	113	*
chr9	110400913	110401013	101	*
chr9	110406370	110406890	521	*
chr9	110407308	110407553	246	*
chr9	110408590	110408954	365	*
chr9	110411063	110411739	677	*
chr9	110434331	110434509	179	*
chr9	110435227	110435374	148	*
chr9	110436375	110436507	133	*
chr9	110443540	110443743	204	*
chr9	110445833	110446044	212	*
chr1	119382912	119383069	158	*
chr9	110458466	110458566	101	*
chr9	110465861	110466032	172	*
chr9	110489644	110489798	155	*
chr9	110512921	110513113	193	*
chr9	110546109	110546293	185	*
chr9	110549845	110550110	266	*
chr1	119721167	119721326	160	*
chr9	110687114	110687274	161	*
chr9	110734239	110734382	144	*
chr9	110747638	110747802	165	*
chr9	110767801	110768050	250	*
chr9	110785594	110785720	127	*
chr9	110800479	110800971	493	*
chr9	110941414	110942178	765	*
chr1	119734632	119734769	138	*
chr9	111370431	111370629	199	*
chr9	111383209	111383334	126	*
chr9	111385335	111385445	111	*
chr9	111389979	111390106	128	*
chr9	111392765	111392891	127	*
chr1	119735292	119735449	158	*
chr9	111394156	111394307	152	*
chr9	111408569	111408678	110	*
chr9	111414530	111414653	124	*
chr9	111417880	111418011	132	*
chr9	111420008	111420121	114	*
chr9	111421918	111422045	128	*
chr9	111433229	111433393	165	*
chr9	111442303	111442426	124	*
chr9	111451420	111451572	153	*
chr9	111702092	111702231	140	*
chr9	111714446	111714637	192	*
chr9	111914594	111914752	159	*
chr9	111924775	111924880	106	*
chr9	111926382	111926502	121	*
chr9	111932168	111932365	198	*
chr9	111932819	111933235	417	*
chr9	112157494	112157608	115	*
chr9	112223714	112223989	276	*
chr9	112227404	112227629	226	*
chr9	112250924	112251108	185	*
chr1	119757327	119757446	120	*
chr9	112408885	112409027	143	*
chr9	112438424	112438629	206	*
chr9	112470422	112470546	125	*
chr9	112574064	112574563	500	*
chr9	112574590	112574816	227	*
chr9	112574984	112575199	216	*
chr9	112617825	112618917	1093	*
chr9	112645634	112645828	195	*
chr9	112659249	112660050	802	*
chr1	17687570	17687751	182	*
chr1	119764313	119764583	271	*
chr9	112804774	112804970	197	*
chr9	112817702	112817824	123	*
chr9	112889547	112889829	283	*
chr9	112890098	112890474	377	*
chr9	113162744	113162886	143	*
chr9	113176536	113176675	140	*
chr9	113182762	113182870	109	*
chr9	113199810	113199965	156	*
chr9	113202529	113202644	116	*
chr9	113258692	113258867	176	*
chr9	113260265	113260471	207	*
chr9	113276593	113276730	138	*
chr1	119916395	119916696	302	*
chr9	113284292	113284394	103	*
chr9	113286703	113286830	128	*
chr9	113393441	113393549	109	*
chr9	113988412	113988585	174	*
chr1	119918403	119918555	153	*
chr9	114047882	114048000	119	*
chr9	114048674	114049863	1190	*
chr9	114049892	114050169	278	*
chr9	114167833	114168301	469	*
chr9	114290807	114290921	115	*
chr1	119919308	119919616	309	*
chr9	114402753	114402939	187	*
chr9	114423309	114423525	217	*
chr9	114592541	114592654	114	*
chr9	114597568	114597741	174	*
chr9	115021156	115021270	115	*
chr9	115029356	115029458	103	*
chr9	115030247	115030408	162	*
chr9	115031548	115031701	154	*
chr9	115035202	115035342	141	*
chr1	119922231	119922353	123	*
chr9	115036095	115036243	149	*
chr9	115046406	115046727	322	*
chr9	115048252	115048562	311	*
chr9	115057148	115057417	270	*
chr9	115059888	115059989	102	*
chr9	115076388	115076577	190	*
chr9	115081766	115081931	166	*
chr9	115082689	115082810	122	*
chr9	115084203	115084475	273	*
chr1	119923868	119923984	117	*
chr9	115090559	115090775	217	*
chr9	115090798	115090955	158	*
chr9	116187691	116188060	370	*
chr9	116207453	116207608	156	*
chr9	116219917	116220133	217	*
chr9	116227376	116227557	182	*
chr9	116302748	116302955	208	*
chr9	116352704	116352922	219	*
chr1	119935464	119935605	142	*
chr9	116382393	116382498	106	*
chr9	116487353	116487503	151	*
chr1	119937277	119937471	195	*
chr9	116697743	116698116	374	*
chr9	116698155	116698672	518	*
chr9	116698757	116699697	941	*
chr9	116725766	116725961	196	*
chr9	116733394	116733546	153	*
chr1	119940552	119940771	220	*
chr9	116805629	116805822	194	*
chr9	116863577	116863758	182	*
chr9	117039811	117039967	157	*
chr1	119941520	119941756	237	*
chr1	119953541	119953692	152	*
chr1	119966371	119966499	129	*
chr9	119248954	119249155	202	*
chr9	119313133	119313407	275	*
chr1	119967430	119967614	185	*
chr1	119968072	119968234	163	*
chr1	119969594	119969746	153	*
chr1	119986957	119987099	143	*
chr9	120437293	120437550	258	*
chr1	145647172	145647273	102	*
chr9	120530066	120530167	102	*
chr9	120539034	120539175	142	*
chr9	120605192	120605531	340	*
chr1	145678444	145678647	204	*
chr9	120607734	120607987	254	*
chr9	120764599	120764849	251	*
chr9	120771338	120771524	187	*
chr9	120772752	120772853	102	*
chr9	120776088	120776229	142	*
chr9	120821353	120821469	117	*
chr9	120826761	120826910	150	*
chr9	120860081	120860188	108	*
chr9	120866864	120866975	112	*
chr9	120869175	120869333	159	*
chr9	120981838	120981941	104	*
chr9	121043001	121043124	124	*
chr9	121096397	121096573	177	*
chr9	121098381	121098576	196	*
chr9	121141397	121141511	115	*
chr9	121150315	121150431	117	*
chr9	121190549	121190746	198	*
chr1	145876133	145876248	116	*
chr9	121302925	121303068	144	*
chr9	121310682	121310851	170	*
chr9	121759883	121760255	373	*
chr9	121763733	121763884	152	*
chr1	145879245	145879391	147	*
chr9	121768430	121768636	207	*
chr9	121776194	121776393	200	*
chr9	121782326	121782498	173	*
chr9	121870495	121870650	156	*
chr9	121989192	121989778	587	*
chr9	122031721	122031865	145	*
chr9	122039269	122039376	108	*
chr9	122144243	122144382	140	*
chr9	122152243	122152412	170	*
chr9	122217065	122217290	226	*
chr9	122226843	122226957	115	*
chr9	122383597	122383760	164	*
chr9	122820158	122820591	434	*
chr9	122851066	122851240	175	*
chr9	122851320	122851427	108	*
chr9	122858697	122858932	236	*
chr9	122877466	122877592	127	*
chr9	122879990	122880137	148	*
chr9	122911672	122912078	407	*
chr9	122918740	122919135	396	*
chr9	122919545	122919919	375	*
chr9	122956981	122957215	235	*
chr9	122989292	122989477	186	*
chr9	123010352	123010532	181	*
chr9	123034532	123035396	865	*
chr9	123065344	123065465	122	*
chr9	123073548	123073679	132	*
chr9	123074276	123074434	159	*
chr9	123097735	123097847	113	*
chr1	145947614	145947784	171	*
chr9	123136038	123136185	148	*
chr9	123136379	123136517	139	*
chr9	123146853	123147058	206	*
chr9	123158329	123158431	103	*
chr9	123159089	123159235	147	*
chr9	123173671	123173854	184	*
chr9	123376832	123377061	230	*
chr9	123583162	123583279	118	*
chr9	124021097	124021309	213	*
chr9	124312540	124312654	115	*
chr9	124339560	124339670	111	*
chr9	124353598	124353712	115	*
chr9	124493028	124493152	125	*
chr9	124500084	124500290	207	*
chr9	124535874	124536140	267	*
chr9	124538086	124538331	246	*
chr9	124786972	124787241	270	*
chr9	124809805	124810412	608	*
chr9	124873671	124873773	103	*
chr9	124923093	124923225	133	*
chr9	124938569	124938710	142	*
chr9	125001918	125002059	142	*
chr9	125003112	125003219	108	*
chr9	125153528	125153744	217	*
chr9	125158236	125158390	155	*
chr9	125236647	125237156	510	*
chr9	125238137	125238311	175	*
chr9	125238951	125239053	103	*
chr9	125240674	125240910	237	*
chr9	125330076	125330223	148	*
chr9	125332508	125332634	127	*
chr9	125337229	125337503	275	*
chr9	125342196	125342307	112	*
chr9	125350711	125350875	165	*
chr9	125355642	125355748	107	*
chr9	125360526	125360728	203	*
chr9	125438887	125439017	131	*
chr1	147166506	147166621	116	*
chr9	125467912	125468112	201	*
chr9	125484437	125484586	150	*
chr1	147166842	147166941	100	*
chr9	125669808	125670531	724	*
chr9	125672310	125672579	270	*
chr9	125915671	125915929	259	*
chr9	125929653	125929848	196	*
chr9	126381061	126381176	116	*
chr9	126386560	126386664	105	*
chr1	147264414	147264589	176	*
chr9	126832477	126832969	493	*
chr9	126879404	126879929	526	*
chr9	126879952	126880950	999	*
chr9	127050026	127050137	112	*
chr9	127052845	127052945	101	*
chr9	127069225	127069368	144	*
chr9	127091665	127091943	279	*
chr9	127093728	127093929	202	*
chr9	127195089	127195224	136	*
chr9	127339644	127339757	114	*
chr9	127344222	127344345	124	*
chr9	127348920	127349044	125	*
chr9	127383426	127383550	125	*
chr9	127447871	127447990	120	*
chr9	127462249	127462375	127	*
chr1	147275352	147275473	122	*
chr9	127479836	127479982	147	*
chr9	127485734	127485837	104	*
chr9	127491177	127491307	131	*
chr9	127523674	127523822	149	*
chr9	127661099	127661210	112	*
chr9	127663203	127663362	160	*
chr9	127666172	127666302	131	*
chr9	127726236	127726407	172	*
chr9	127732185	127732284	100	*
chr9	127749362	127749593	232	*
chr9	127890754	127891046	293	*
chr9	127912421	127912682	262	*
chr9	127944772	127944902	131	*
chr9	127945394	127945563	170	*
chr9	127950420	127950541	122	*
chr9	127979987	127980144	158	*
chr9	128103679	128103841	163	*
chr1	147287633	147287740	108	*
chr9	128106145	128106261	117	*
chr9	128107027	128107182	156	*
chr9	128107257	128107444	188	*
chr9	128122932	128123138	207	*
chr9	128123730	128123856	127	*
chr9	128125238	128125438	201	*
chr9	128218580	128218733	154	*
chr1	147293604	147293732	129	*
chr9	128219077	128219257	181	*
chr9	128220179	128220344	166	*
chr9	128222195	128222344	150	*
chr9	128222459	128222599	141	*
chr9	128224241	128224392	152	*
chr9	128226031	128226176	146	*
chr9	128254640	128254773	134	*
chr1	147294407	147294525	119	*
chr9	128272776	128272886	111	*
chr9	128310887	128311026	140	*
chr9	128345297	128345499	203	*
chr9	128353022	128353236	215	*
chr9	128353412	128353543	132	*
chr9	128424406	128424618	213	*
chr9	128431175	128431308	134	*
chr9	128494508	128494688	181	*
chr9	128496027	128496146	120	*
chr9	128522665	128522821	157	*
chr9	128536353	128536486	134	*
chr9	128537988	128538090	103	*
chr9	128566732	128566979	248	*
chr9	128568770	128568903	134	*
chr9	128577349	128577508	160	*
chr9	128578108	128578248	141	*
chr9	128582688	128582848	161	*
chr9	128583074	128583283	210	*
chr9	128583786	128583971	186	*
chr9	128585745	128585967	223	*
chr9	128598398	128598505	108	*
chr9	128605294	128605479	186	*
chr9	128607594	128607708	115	*
chr1	147622269	147622536	268	*
chr9	128607850	128608051	202	*
chr9	128608128	128608278	151	*
chr9	128611712	128611848	137	*
chr9	128617984	128618107	124	*
chr9	128624326	128624489	164	*
chr9	128625766	128625976	211	*
chr9	128626389	128626689	301	*
chr9	128632125	128632326	202	*
chr9	128632562	128632721	160	*
chr9	128692660	128692772	113	*
chr9	128692866	128692984	119	*
chr9	128705327	128705505	179	*
chr1	147624650	147624985	336	*
chr9	128706901	128707025	125	*
chr9	128713275	128713392	118	*
chr9	128716745	128716929	185	*
chr9	128803953	128804122	170	*
chr9	128823745	128823896	152	*
chr9	128824070	128824177	108	*
chr9	128826018	128826154	137	*
chr9	128907441	128909326	1886	*
chr9	128940367	128940503	137	*
chr9	128945688	128946643	956	*
chr9	128946666	128946986	321	*
chr9	128947007	128947164	158	*
chr9	128969398	128969517	120	*
chr9	128970756	128970856	101	*
chr9	128980605	128980727	123	*
chr9	129001527	129001734	208	*
chr9	129002815	129002977	163	*
chr9	129003312	129003456	145	*
chr9	129021086	129021222	137	*
chr1	147648243	147648414	172	*
chr9	129022277	129022425	149	*
chr9	129085511	129085619	109	*
chr9	129086137	129086271	135	*
chr9	129098008	129098152	145	*
chr9	129104184	129104310	127	*
chr9	129107808	129108082	275	*
chr9	129131510	129131642	133	*
chr9	129134792	129134899	108	*
chr9	129136469	129136598	130	*
chr9	129137585	129137697	113	*
chr9	129719264	129719423	160	*
chr9	129807186	129807365	180	*
chr9	129813978	129814094	117	*
chr1	147659386	147659550	165	*
chr9	129868096	129868376	281	*
chr9	129870451	129870552	102	*
chr9	129876128	129876242	115	*
chr9	129994838	129994961	124	*
chr9	130286186	130286312	127	*
chr1	147907952	147908292	341	*
chr9	130595468	130595594	127	*
chr9	130630625	130630794	170	*
chr1	147908366	147908520	155	*
chr9	130703051	130703183	133	*
chr9	130885285	130885691	407	*
chr9	131026282	131026589	308	*
chr9	131032042	131032180	139	*
chr1	18362113	18362235	123	*
chr9	131117752	131117922	171	*
chr9	131127522	131127724	203	*
chr9	131215230	131215374	145	*
chr9	131222775	131222933	159	*
chr9	131260821	131261352	532	*
chr9	131275850	131276124	275	*
chr9	131290191	131290454	264	*
chr9	131430084	131430263	180	*
chr9	131444182	131444334	153	*
chr9	131464785	131464981	197	*
chr9	131476199	131476298	100	*
chr9	131482684	131482914	231	*
chr9	131486083	131486184	102	*
chr9	131519386	131519490	105	*
chr9	131579497	131579648	152	*
chr9	131582599	131582704	106	*
chr9	131604924	131605195	272	*
chr9	131643234	131643425	192	*
chr9	132197963	132198612	650	*
chr9	132281465	132281576	112	*
chr9	132296885	132297042	158	*
chr9	132330111	132330504	394	*
chr9	132331284	132331449	166	*
chr9	132897421	132897612	192	*
chr9	132901584	132901701	118	*
chr9	132902603	132902790	188	*
chr9	132921815	132921975	161	*
chr9	132928765	132928872	108	*
chr9	132988311	132988440	130	*
chr9	132989059	132989203	145	*
chr9	132989738	132989911	174	*
chr9	132990870	132991037	168	*
chr9	133056764	133056912	149	*
chr9	133065038	133065239	202	*
chr9	133465326	133465452	127	*
chr9	133467919	133468030	112	*
chr10	248900	249095	196	*
chr10	252346	252471	126	*
chr10	277325	277579	255	*
chr10	283267	283448	182	*
chr10	362487	362696	210	*
chr1	149913214	149913413	200	*
chr10	390262	390381	120	*
chr10	422819	423036	218	*
chr10	484773	485055	283	*
chr10	999001	999100	100	*
chr10	1007016	1007130	115	*
chr10	1017073	1017226	154	*
chr10	1041186	1041507	322	*
chr10	1077904	1078011	108	*
chr10	1080009	1080111	103	*
chr1	149944806	149945067	262	*
chr1	149964218	149964351	134	*
chr1	149967288	149967523	236	*
chr10	3129817	3129985	169	*
chr1	150068627	150068766	140	*
chr1	150077092	150077236	145	*
chr10	3780099	3780243	145	*
chr1	150077667	150077781	115	*
chr10	5374044	5374204	161	*
chr1	18482265	18482432	168	*
chr10	5393770	5394131	362	*
chr10	5451825	5451941	117	*
chr10	5454263	5454526	264	*
chr10	5456085	5456275	191	*
chr10	5525283	5525467	185	*
chr10	5640703	5640831	129	*
chr10	5765998	5766155	158	*
chr10	5887845	5888069	225	*
chr10	5924328	5924473	146	*
chr10	6115436	6115559	124	*
chr10	6456671	6456817	147	*
chr10	6478989	6479167	179	*
chr1	150231772	150231938	167	*
chr10	7175984	7176168	185	*
chr10	7197545	7197682	138	*
chr10	7285857	7285957	101	*
chr10	7367646	7367891	246	*
chr10	7566026	7566183	158	*
chr10	7566225	7566409	185	*
chr10	7615977	7616101	125	*
chr10	7617110	7617232	123	*
chr10	7637243	7637481	239	*
chr10	7641920	7642099	180	*
chr10	7717625	7717792	168	*
chr10	7727700	7727833	134	*
chr10	7743137	7743263	127	*
chr10	7744789	7744966	178	*
chr10	7778837	7779022	186	*
chr10	8073713	8074022	310	*
chr1	150344435	150344544	110	*
chr1	150346016	150346138	123	*
chr1	150352829	150352988	160	*
chr1	150627464	150627601	138	*
chr1	18691752	18691958	207	*
chr1	150648321	150648759	439	*
chr10	11270706	11270830	125	*
chr10	11314136	11314285	150	*
chr1	150663630	150663766	137	*
chr10	11481763	11481928	166	*
chr1	150706642	150706816	175	*
chr10	11485811	11485914	104	*
chr1	150708253	150708370	118	*
chr10	11931637	11931785	149	*
chr10	11936540	11936718	179	*
chr10	11952058	11952255	198	*
chr10	11955229	11955509	281	*
chr1	150717134	150717284	151	*
chr10	11956316	11956526	211	*
chr10	11959164	11959362	199	*
chr10	11967335	11967459	125	*
chr10	11979034	11979192	159	*
chr10	12028755	12029537	783	*
chr10	12081470	12081630	161	*
chr10	12084537	12084753	217	*
chr1	150751778	150752004	227	*
chr10	12094071	12094274	204	*
chr10	12149593	12149733	141	*
chr10	12155730	12155934	205	*
chr10	12167699	12167803	105	*
chr10	12173716	12173816	101	*
chr10	12237134	12237277	144	*
chr10	12898512	12898682	171	*
chr10	12998331	12998514	184	*
chr10	13125411	13125573	163	*
chr10	13198691	13198812	122	*
chr10	13322833	13323049	217	*
chr10	13333810	13333979	170	*
chr10	13600241	13600352	112	*
chr10	13605629	13605747	119	*
chr10	13613738	13613887	150	*
chr10	13651881	13652062	182	*
chr10	14521189	14521311	123	*
chr10	14819980	14820163	184	*
chr10	14854122	14854284	163	*
chr10	14897017	14897520	504	*
chr10	14899526	14899690	165	*
chr10	14901122	14901227	106	*
chr10	14932852	14932957	106	*
chr10	14966487	14966611	125	*
chr10	14972510	14972640	131	*
chr10	15112852	15112970	119	*
chr10	15141414	15141567	154	*
chr10	15220940	15221067	128	*
chr10	15572208	15572375	168	*
chr10	15605674	15605795	122	*
chr10	15606283	15606437	155	*
chr10	15646843	15647047	205	*
chr10	15672619	15672754	136	*
chr10	15837198	15837335	138	*
chr1	150836276	150836495	220	*
chr1	150839438	150839656	219	*
chr10	16505010	16505163	154	*
chr10	16511038	16511255	218	*
chr10	16514111	16514719	609	*
chr1	150942584	150942690	107	*
chr10	16695016	16695158	143	*
chr10	16764384	16764512	129	*
chr1	150944981	150945111	131	*
chr10	16906197	16906377	181	*
chr10	16933081	16933189	109	*
chr10	16940026	16940239	214	*
chr10	16947228	16947369	142	*
chr10	17153501	17153645	145	*
chr10	17229626	17229989	364	*
chr10	17233768	17233933	166	*
chr10	17235164	17235391	228	*
chr10	17695042	17695244	203	*
chr10	17705586	17705744	159	*
chr10	17849665	17849769	105	*
chr10	18042628	18042833	206	*
chr10	18514172	18514584	413	*
chr10	18527585	18527706	122	*
chr10	18536098	18536202	105	*
chr10	18551820	18551966	147	*
chr10	18675161	18675425	265	*
chr10	20176989	20177100	112	*
chr10	20813901	20814050	150	*
chr1	150998138	150998275	138	*
chr10	20831194	20831312	119	*
chr10	20831471	20831586	116	*
chr10	20840737	20840857	121	*
chr10	20845255	20845372	118	*
chr10	20850393	20850503	111	*
chr10	20858234	20858347	114	*
chr10	20868659	20868774	116	*
chr10	20889840	20889951	112	*
chr10	20961663	20961781	119	*
chr1	151024702	151024802	101	*
chr10	21713761	21713953	193	*
chr10	21727740	21727933	194	*
chr10	21733766	21734132	367	*
chr10	21882276	21882447	172	*
chr1	151090390	151090575	186	*
chr10	22386352	22386962	611	*
chr10	22391681	22391925	245	*
chr10	22591625	22591783	159	*
chr10	23193702	23193906	205	*
chr10	24432992	24433199	208	*
chr1	18910340	18910475	136	*
chr1	151158785	151158950	166	*
chr10	24990461	24990611	151	*
chr10	25023968	25025442	1475	*
chr10	25572644	25572889	246	*
chr1	151160882	151160982	101	*
chr10	25598627	25598740	114	*
chr10	25952082	25952285	204	*
chr10	25997157	25997264	108	*
chr10	26088201	26088411	211	*
chr10	26125396	26125612	217	*
chr10	26128400	26128542	143	*
chr10	26143442	26143607	166	*
chr10	26145437	26145539	103	*
chr10	26147423	26147562	140	*
chr10	26166065	26166187	123	*
chr10	26219040	26219278	239	*
chr10	26270638	26270763	126	*
chr10	26286343	26286496	154	*
chr10	26541563	26541696	134	*
chr10	26720203	26720361	159	*
chr10	26747858	26748760	903	*
chr10	26768849	26768994	146	*
chr10	26770237	26770376	140	*
chr10	26777059	26777244	186	*
chr10	27035403	27035748	346	*
chr10	27119283	27119454	172	*
chr10	27120429	27120549	121	*
chr10	27122833	27122986	154	*
chr1	18911985	18912085	101	*
chr1	151184311	151184496	186	*
chr10	27123544	27123706	163	*
chr10	27134828	27134992	165	*
chr10	27165447	27165546	100	*
chr1	151231669	151231807	139	*
chr10	27181477	27181590	114	*
chr10	27204437	27204558	122	*
chr10	27533725	27533858	134	*
chr10	27537870	27538346	477	*
chr1	151232549	151232705	157	*
chr10	27743226	27743419	194	*
chr10	28054063	28054250	188	*
chr10	28589728	28589859	132	*
chr10	28590710	28590838	129	*
chr10	29463488	29463637	150	*
chr10	29480531	29480815	285	*
chr10	29524470	29524722	253	*
chr1	151287747	151288150	404	*
chr10	31808988	31809138	151	*
chr10	31810646	31810753	108	*
chr10	31820383	31820503	121	*
chr10	31854041	31854274	234	*
chr10	31908167	31908492	326	*
chr1	151294403	151294543	141	*
chr10	32017137	32017361	225	*
chr10	32021016	32021134	119	*
chr10	32022846	32023039	194	*
chr10	32028425	32028573	149	*
chr1	151298806	151299086	281	*
chr10	32033842	32034051	210	*
chr10	32034686	32034840	155	*
chr1	151307570	151307809	240	*
chr10	32286690	32286855	166	*
chr10	32292983	32293217	235	*
chr10	32305766	32305933	168	*
chr1	151343684	151343884	201	*
chr10	32907028	32907186	159	*
chr1	151344409	151344539	131	*
chr10	32922638	32922744	107	*
chr10	32928087	32928283	197	*
chr10	32929820	32930047	228	*
chr1	151364549	151364719	171	*
chr10	33186215	33186517	303	*
chr10	33202867	33203004	138	*
chr1	151365561	151365686	126	*
chr1	151368196	151368330	135	*
chr1	151399979	151400193	215	*
chr1	151400440	151400590	151	*
chr1	151401237	151401358	122	*
chr10	34269649	34269918	270	*
chr10	34336095	34336332	238	*
chr10	34337262	34337445	184	*
chr10	34347956	34348117	162	*
chr1	151405536	151406131	596	*
chr1	18919670	18919775	106	*
chr1	151408095	151408243	149	*
chr10	35016191	35016399	209	*
chr10	35029483	35029645	163	*
chr10	35038914	35039084	171	*
chr10	35054429	35054547	119	*
chr10	35062956	35063082	127	*
chr10	35071191	35071353	163	*
chr10	35179130	35179284	155	*
chr10	35188171	35188415	245	*
chr10	35211208	35211538	331	*
chr1	151411622	151411773	152	*
chr1	151423389	151423553	165	*
chr10	42798463	42798627	165	*
chr10	42820234	42820429	196	*
chr10	42820504	42820692	189	*
chr1	151442079	151442215	137	*
chr10	43116582	43116733	152	*
chr10	43155145	43155813	669	*
chr10	43158713	43158935	223	*
chr10	43160474	43160601	128	*
chr10	43163864	43164046	183	*
chr10	43183242	43183540	299	*
chr10	43199671	43199770	100	*
chr10	44380757	44380882	126	*
chr10	44989272	44989380	109	*
chr10	44991899	44992007	109	*
chr10	45412189	45412319	131	*
chr10	45428615	45428767	153	*
chr10	45440427	45440635	209	*
chr10	45443726	45443830	105	*
chr10	45444114	45444290	177	*
chr1	19077971	19078072	102	*
chr1	151530539	151530748	210	*
chr10	45618134	45618278	145	*
chr1	151536726	151536898	173	*
chr10	46014439	46014555	117	*
chr1	151578705	151578826	122	*
chr10	47325446	47325784	339	*
chr10	47348551	47348762	212	*
chr10	47349871	47350040	170	*
chr10	47350985	47351273	289	*
chr10	48410023	48410174	152	*
chr10	48423979	48424200	222	*
chr10	48426374	48426519	146	*
chr10	48454996	48455137	142	*
chr10	48459680	48459832	153	*
chr10	48913617	48914155	539	*
chr10	48943328	48943452	125	*
chr10	49019651	49019777	127	*
chr1	151715873	151716020	148	*
chr10	49366201	49366388	188	*
chr10	49389847	49390238	392	*
chr1	151762389	151762503	115	*
chr10	49458815	49459030	216	*
chr10	49474022	49474140	119	*
chr10	49530716	49530848	133	*
chr10	49611092	49612232	1141	*
chr1	151781476	151781591	116	*
chr10	49620493	49620619	127	*
chr10	49625470	49625655	186	*
chr10	49627595	49627791	197	*
chr10	49646502	49646679	178	*
chr10	49651882	49652011	130	*
chr10	49736020	49736181	162	*
chr10	49739656	49739863	208	*
chr10	49742826	49742980	155	*
chr10	49745793	49745979	187	*
chr10	49747025	49747211	187	*
chr10	49751825	49751983	159	*
chr10	49819366	49819502	137	*
chr10	49820158	49820296	139	*
chr10	49832799	49832901	103	*
chr10	49841942	49842069	128	*
chr10	49857300	49857455	156	*
chr10	50069534	50069716	183	*
chr10	50080755	50080936	182	*
chr10	50130899	50131084	186	*
chr10	50234420	50234555	136	*
chr10	50307138	50307323	186	*
chr10	50307974	50308153	180	*
chr10	50327201	50327325	125	*
chr10	50343486	50343814	329	*
chr10	50811033	50811184	152	*
chr1	151816659	151816808	150	*
chr10	50836072	50836315	244	*
chr10	50843983	50844125	143	*
chr10	51804575	51804695	121	*
chr10	52288724	52288852	129	*
chr1	19086140	19086284	145	*
chr10	53840314	53840498	185	*
chr10	53959728	53959851	124	*
chr10	54022889	54023199	311	*
chr10	54132872	54133023	152	*
chr10	54153094	54153318	225	*
chr10	54346361	54346490	130	*
chr10	54378776	54378953	178	*
chr10	58195891	58196701	811	*
chr10	58793481	58793621	141	*
chr10	58803074	58803245	172	*
chr10	58813827	58813990	164	*
chr10	58817552	58817727	176	*
chr10	58820367	58820479	113	*
chr10	59236481	59236661	181	*
chr10	59245049	59245589	541	*
chr10	59251572	59251678	107	*
chr10	59268548	59268665	118	*
chr10	59283407	59283536	130	*
chr10	59653670	59653998	329	*
chr10	59654019	59654241	223	*
chr10	59654337	59654591	255	*
chr10	59664224	59664325	102	*
chr10	59672765	59672915	151	*
chr10	59684088	59684291	204	*
chr10	59792664	59793125	462	*
chr10	59794467	59794603	137	*
chr10	60059759	60060108	350	*
chr10	60064154	60064306	153	*
chr1	19086674	19086824	151	*
chr1	153772923	153773086	164	*
chr10	60069607	60070782	1176	*
chr10	60070847	60071058	212	*
chr1	153810150	153810340	191	*
chr10	60072572	60072675	104	*
chr10	60073434	60074324	891	*
chr10	60074876	60076603	1728	*
chr10	60083488	60083619	132	*
chr10	60084672	60084832	161	*
chr10	60086675	60086887	213	*
chr10	60088143	60088361	219	*
chr10	60105901	60106070	170	*
chr10	60108825	60109057	233	*
chr10	60134268	60134468	201	*
chr1	153817367	153817547	181	*
chr10	60181326	60181432	107	*
chr10	60186710	60186919	210	*
chr10	60198331	60198540	210	*
chr10	60202997	60203102	106	*
chr10	60205788	60205893	106	*
chr10	60208030	60208243	214	*
chr10	60278770	60278873	104	*
chr10	60389419	60389703	285	*
chr10	60792146	60792294	149	*
chr10	60892806	60893005	200	*
chr10	61410520	61410695	176	*
chr10	61681139	61681318	180	*
chr10	61690533	61690735	203	*
chr1	19100372	19100579	208	*
chr10	62000089	62000327	239	*
chr10	62050864	62051003	140	*
chr1	153986108	153986238	131	*
chr10	62092662	62093031	370	*
chr10	62199654	62199926	273	*
chr10	62376647	62376942	296	*
chr10	62399529	62399778	250	*
chr10	62813364	62813705	342	*
chr1	19105045	19105192	148	*
chr1	154070271	154070470	200	*
chr10	63153509	63153691	183	*
chr10	63176294	63176479	186	*
chr10	63177715	63177860	146	*
chr10	63185560	63185659	100	*
chr10	63190888	63191118	231	*
chr10	63198508	63198741	234	*
chr10	63200470	63200685	216	*
chr10	63207728	63208806	1079	*
chr10	63213465	63214415	951	*
chr10	63215258	63215458	201	*
chr1	154143444	154143579	136	*
chr10	63598017	63598149	133	*
chr1	154158965	154159129	165	*
chr10	63619652	63619806	155	*
chr10	65920330	65920620	291	*
chr10	66379189	66379358	170	*
chr10	66766259	66766421	163	*
chr10	66926882	66928535	1654	*
chr10	67097547	67097800	254	*
chr10	67219669	67219872	204	*
chr10	67606848	67607064	217	*
chr10	67888878	67889130	253	*
chr10	67906788	67906943	156	*
chr10	67909254	67909446	193	*
chr10	67912469	67912737	269	*
chr1	154228612	154228727	116	*
chr10	67922928	67923150	223	*
chr10	67932594	67932793	200	*
chr10	67940934	67941111	178	*
chr10	68033959	68034200	242	*
chr10	68044396	68044565	170	*
chr10	68072878	68073109	232	*
chr10	68121432	68121605	174	*
chr10	68121839	68122112	274	*
chr10	68122208	68122345	138	*
chr10	68142933	68143120	188	*
chr10	68158472	68158651	180	*
chr10	68175342	68175465	124	*
chr10	68188899	68189130	232	*
chr10	68194361	68194514	154	*
chr10	68201877	68201996	120	*
chr10	68206763	68206908	146	*
chr10	68210269	68210385	117	*
chr1	154260889	154261118	230	*
chr10	68337173	68337367	195	*
chr10	68345772	68345913	142	*
chr10	68379415	68379523	109	*
chr10	68394322	68394454	133	*
chr10	68431857	68431972	116	*
chr1	154268764	154268957	194	*
chr10	68444917	68445085	169	*
chr10	68450025	68450249	225	*
chr10	68468121	68468312	192	*
chr10	68488461	68488641	181	*
chr10	68493446	68493587	142	*
chr10	68574086	68574225	140	*
chr10	68644688	68644859	172	*
chr10	68645309	68645482	174	*
chr10	68765881	68766082	202	*
chr10	68786542	68786694	153	*
chr10	68788139	68788330	192	*
chr10	68789708	68789920	213	*
chr10	68913160	68913284	125	*
chr10	68913388	68913579	192	*
chr10	68934196	68934370	175	*
chr10	68963281	68963472	192	*
chr10	68968955	68969130	176	*
chr10	68970199	68970352	154	*
chr1	154343111	154343230	120	*
chr10	69015536	69016444	909	*
chr10	69132887	69133051	165	*
chr10	69156991	69157167	177	*
chr10	69162406	69162518	113	*
chr10	69168484	69168632	149	*
chr10	69199099	69199210	112	*
chr10	69202865	69203047	183	*
chr10	69247354	69247599	246	*
chr10	69250531	69250657	127	*
chr10	69257034	69257134	101	*
chr10	69257325	69257429	105	*
chr10	69258774	69258963	190	*
chr10	69261137	69261298	162	*
chr10	69265583	69265742	160	*
chr1	154345319	154345547	229	*
chr10	69343825	69343994	170	*
chr10	69364781	69364907	127	*
chr10	69384332	69384484	153	*
chr10	69394948	69395108	161	*
chr10	69407079	69407281	203	*
chr10	69415927	69416176	250	*
chr10	69632922	69633046	125	*
chr10	69952825	69952974	150	*
chr10	69953877	69954014	138	*
chr10	70109031	70109168	138	*
chr10	70114178	70114324	147	*
chr10	70117809	70117922	114	*
chr10	70153833	70153972	140	*
chr10	70157757	70157879	123	*
chr10	70161613	70161746	134	*
chr10	70323859	70324032	174	*
chr10	70730100	70730290	191	*
chr10	70733882	70734034	153	*
chr10	70743553	70743686	134	*
chr1	19114806	19114953	148	*
chr10	70752093	70752233	141	*
chr1	154553026	154553179	154	*
chr10	70873341	70873595	255	*
chr10	70885795	70885933	139	*
chr10	71279818	71280050	233	*
chr10	71290927	71291114	188	*
chr10	71295865	71295969	105	*
chr10	71296575	71296707	133	*
chr10	71297960	71298095	136	*
chr10	71322887	71323011	125	*
chr10	71362430	71362606	177	*
chr10	71510080	71510204	125	*
chr10	71511118	71511217	100	*
chr10	71566737	71566942	206	*
chr10	71617203	71617349	147	*
chr10	71645828	71645985	158	*
chr10	71677454	71677698	245	*
chr10	71679385	71679494	110	*
chr10	71682437	71682579	143	*
chr10	71690466	71690588	123	*
chr10	71702020	71702216	197	*
chr10	71702547	71702698	152	*
chr10	71706895	71707051	157	*
chr10	71725370	71725523	154	*
chr10	71738495	71738649	155	*
chr10	71739641	71739774	134	*
chr10	71740820	71740954	135	*
chr10	71741691	71741926	236	*
chr10	71778187	71778307	121	*
chr10	71784284	71784427	144	*
chr10	71784888	71785102	215	*
chr10	71785627	71785742	116	*
chr10	71791129	71791337	209	*
chr10	71793179	71793646	468	*
chr10	71798351	71798583	233	*
chr10	71800634	71800757	124	*
chr1	19115396	19115644	249	*
chr1	154714870	154715005	136	*
chr10	71802895	71803077	183	*
chr10	71805803	71806001	199	*
chr10	71807514	71807648	135	*
chr10	71807844	71808011	168	*
chr10	71809817	71810010	194	*
chr10	71811312	71811438	127	*
chr10	71813231	71813352	122	*
chr1	154725911	154726029	119	*
chr10	71814944	71815159	216	*
chr10	71834366	71834507	142	*
chr10	72007425	72008472	1048	*
chr10	72066896	72067123	228	*
chr10	72072139	72072261	123	*
chr10	72097333	72097463	131	*
chr1	154771972	154772395	424	*
chr10	72223913	72224059	147	*
chr10	72232995	72233116	122	*
chr10	72336519	72336694	176	*
chr10	72368203	72368364	162	*
chr10	72375776	72375886	111	*
chr10	72423232	72423374	143	*
chr10	72475098	72475300	203	*
chr10	72898867	72899047	181	*
chr10	72906589	72906722	134	*
chr10	72913305	72913473	169	*
chr10	72924226	72924647	422	*
chr10	72935615	72935745	131	*
chr10	72941164	72941337	174	*
chr10	73009800	73009910	111	*
chr10	73030266	73030374	109	*
chr10	73068842	73068985	144	*
chr10	73122169	73122284	116	*
chr10	73125394	73125517	124	*
chr10	73154251	73154450	200	*
chr10	73192545	73192701	157	*
chr10	73269609	73269727	119	*
chr10	73272923	73273029	107	*
chr10	73274428	73274602	175	*
chr10	73275442	73275603	162	*
chr10	73331173	73331282	110	*
chr10	73341395	73341593	199	*
chr10	73345059	73345244	186	*
chr10	73376096	73376225	130	*
chr10	73380028	73380205	178	*
chr10	73383574	73383699	126	*
chr10	73387686	73387789	104	*
chr10	73388305	73388418	114	*
chr10	73444598	73444824	227	*
chr10	73470876	73470999	124	*
chr10	73471461	73471621	161	*
chr10	73474910	73475043	134	*
chr10	73500651	73500893	243	*
chr10	73520865	73521057	193	*
chr10	73523579	73523753	175	*
chr10	73536266	73536442	177	*
chr10	73539438	73539595	158	*
chr10	73541631	73541740	110	*
chr10	73545531	73545674	144	*
chr10	73575507	73575674	168	*
chr10	73631930	73632164	235	*
chr1	154988102	154988348	247	*
chr10	73647568	73647824	257	*
chr10	73653133	73653267	135	*
chr10	73654159	73654283	125	*
chr10	73759683	73759800	118	*
chr1	155066839	155067021	183	*
chr10	73763488	73763605	118	*
chr10	73763855	73763988	134	*
chr10	73765454	73765594	141	*
chr10	73765798	73765917	120	*
chr10	73766347	73766545	199	*
chr10	73768808	73768912	105	*
chr10	73770278	73770476	199	*
chr10	73770944	73771084	141	*
chr10	73788668	73788825	158	*
chr10	73794532	73794643	112	*
chr1	155139962	155140241	280	*
chr10	73795536	73795665	130	*
chr10	73797778	73798072	295	*
chr10	73800638	73800763	126	*
chr10	73801015	73801197	183	*
chr1	155175383	155175519	137	*
chr10	73801314	73801519	206	*
chr10	73802451	73802579	129	*
chr10	73803572	73803751	180	*
chr10	73803888	73804018	131	*
chr10	73804769	73804872	104	*
chr10	73805584	73805772	189	*
chr10	73806284	73806476	193	*
chr10	73807378	73807608	231	*
chr1	155175968	155176197	230	*
chr10	73807649	73808171	523	*
chr10	73808208	73808395	188	*
chr10	73817017	73817119	103	*
chr10	73819486	73819648	163	*
chr10	73847214	73847349	136	*
chr1	155178136	155178258	123	*
chr10	73847983	73848099	117	*
chr10	73849008	73849118	111	*
chr10	73872982	73873117	136	*
chr10	74070668	74070825	158	*
chr10	74070946	74071088	143	*
chr10	74074733	74074905	173	*
chr10	74083363	74083515	153	*
chr10	74089182	74089352	171	*
chr10	74090016	74090205	190	*
chr10	74094269	74094466	198	*
chr10	74095654	74095854	201	*
chr10	74100946	74101099	154	*
chr10	74103817	74103935	119	*
chr10	74105046	74105360	315	*
chr10	74107225	74107360	136	*
chr10	74108967	74109135	169	*
chr10	74114171	74114389	219	*
chr10	74124376	74124520	145	*
chr10	74126145	74126357	213	*
chr10	74129105	74129243	139	*
chr10	74134023	74134171	149	*
chr10	74136627	74136807	181	*
chr10	74138105	74138384	280	*
chr10	74394139	74394315	177	*
chr1	155198416	155198604	189	*
chr10	74842751	74843484	734	*
chr10	74959954	74960084	131	*
chr10	74972485	74972645	161	*
chr10	74975364	74976388	1025	*
chr10	74977268	74977442	175	*
chr10	74981770	74981933	164	*
chr10	74985066	74985247	182	*
chr10	75028516	75028706	191	*
chr10	75029950	75031048	1099	*
chr10	75037885	75038080	196	*
chr10	75150830	75151111	282	*
chr10	75168538	75168661	124	*
chr10	75176059	75176222	164	*
chr10	75176386	75176695	310	*
chr1	155206198	155206409	212	*
chr10	75219061	75219219	159	*
chr10	75222238	75222410	173	*
chr10	75438385	75438501	117	*
chr1	155257496	155257668	173	*
chr1	155263216	155263404	189	*
chr1	155265857	155265969	113	*
chr1	155266723	155266906	184	*
chr1	19121187	19121437	251	*
chr1	155277730	155277870	141	*
chr1	155282409	155282844	436	*
chr1	155285163	155285313	151	*
chr1	19122830	19123062	233	*
chr1	155293171	155293357	187	*
chr10	76877640	76878009	370	*
chr10	76887043	76887517	475	*
chr10	76891520	76891721	202	*
chr10	76909961	76910103	143	*
chr1	155294233	155294388	156	*
chr10	76944625	76944983	359	*
chr10	77001325	77001773	449	*
chr1	155370774	155370991	218	*
chr10	77019009	77019142	134	*
chr10	77039522	77039647	126	*
chr10	77073009	77073277	269	*
chr10	77110167	77110345	179	*
chr10	77184817	77184939	123	*
chr1	155478267	155479985	1719	*
chr10	77794003	77794119	117	*
chr10	77794843	77794960	118	*
chr10	77796058	77796191	134	*
chr10	77809544	77809716	173	*
chr10	77821866	77822008	143	*
chr1	155521094	155521345	252	*
chr10	77830739	77830879	141	*
chr10	77981426	77981561	136	*
chr10	77982651	77982820	170	*
chr10	77985168	77985339	172	*
chr10	78021542	78021687	146	*
chr10	78022140	78022386	247	*
chr10	78024966	78025145	180	*
chr10	78025620	78025762	143	*
chr1	155867943	155868254	312	*
chr1	155868291	155868798	508	*
chr10	79277184	79277330	147	*
chr10	79289766	79289894	129	*
chr10	79290957	79291181	225	*
chr10	79292156	79292267	112	*
chr10	79293310	79293658	349	*
chr1	155881198	155881507	310	*
chr10	79302103	79302217	115	*
chr10	79310843	79311196	354	*
chr1	155900388	155900620	233	*
chr10	79353704	79353836	133	*
chr10	79432553	79432761	209	*
chr10	80157638	80157765	128	*
chr10	80159098	80159197	100	*
chr1	19126441	19126657	217	*
chr10	80274516	80274655	140	*
chr10	80275015	80275202	188	*
chr10	80283913	80284040	128	*
chr10	80489214	80489320	107	*
chr10	80507224	80507380	157	*
chr10	80571422	80571583	162	*
chr10	82738542	82738670	129	*
chr10	82951443	82951577	135	*
chr1	155916620	155916773	154	*
chr10	82958946	82959081	136	*
chr10	82985087	82985801	715	*
chr1	155921369	155921635	267	*
chr10	84208727	84208883	157	*
chr10	84212176	84212412	237	*
chr10	84213089	84213353	265	*
chr1	155925627	155925846	220	*
chr10	84232130	84232230	101	*
chr10	84232255	84232509	255	*
chr10	84252890	84253015	126	*
chr10	84371313	84371932	620	*
chr10	84372208	84372353	146	*
chr10	85613404	85613655	252	*
chr10	85647197	85647409	213	*
chr10	85724447	85724688	242	*
chr10	86206358	86206654	297	*
chr10	86451963	86452139	177	*
chr10	86461172	86461314	143	*
chr10	86467277	86467512	236	*
chr10	86472589	86472795	207	*
chr10	86473872	86473987	116	*
chr10	86499714	86500496	783	*
chr10	86517564	86518104	541	*
chr1	156041868	156041990	123	*
chr10	86679365	86679524	160	*
chr10	86687065	86687277	213	*
chr10	86717962	86718150	189	*
chr1	156042772	156042914	143	*
chr10	86890059	86890231	173	*
chr10	86892125	86892232	108	*
chr10	86919168	86919471	304	*
chr1	156044119	156044236	118	*
chr10	86945555	86945693	139	*
chr10	87059144	87059276	133	*
chr10	87062653	87062838	186	*
chr10	87513121	87513236	116	*
chr10	87552080	87552357	278	*
chr10	87743371	87743645	275	*
chr10	87745000	87745234	235	*
chr10	87745830	87745965	136	*
chr10	87754680	87754809	130	*
chr10	87784467	87784677	211	*
chr10	87792640	87792759	120	*
chr10	87814433	87814602	170	*
chr10	87864409	87864554	146	*
chr10	87952106	87952267	162	*
chr10	87957822	87958025	204	*
chr10	87965276	87966321	1046	*
chr10	88828552	88828668	117	*
chr1	156077056	156077684	629	*
chr10	88935224	88935385	162	*
chr10	88938058	88938244	187	*
chr10	88941224	88941395	172	*
chr10	88947255	88947392	138	*
chr10	88948798	88948930	133	*
chr10	89206519	89207082	564	*
chr10	89588649	89588780	132	*
chr1	156130612	156130775	164	*
chr10	89599247	89599514	268	*
chr10	89611693	89612050	358	*
chr10	89762654	89762837	184	*
chr10	90748821	90749256	436	*
chr10	90857128	90857428	301	*
chr10	90916168	90916271	104	*
chr10	90917723	90917846	124	*
chr1	156134803	156134978	176	*
chr10	90918862	90918978	117	*
chr10	91261315	91261433	119	*
chr10	91425279	91425414	136	*
chr10	91485174	91485308	135	*
chr10	91491184	91491312	129	*
chr10	91496193	91496380	188	*
chr10	91499036	91499155	120	*
chr10	91501188	91501337	150	*
chr10	91830897	91831020	124	*
chr10	91833827	91834027	201	*
chr10	91840559	91840707	149	*
chr10	91842159	91842393	235	*
chr10	91844916	91845033	118	*
chr10	91855026	91855132	107	*
chr1	19144779	19144911	133	*
chr10	91861997	91862157	161	*
chr10	91942404	91942574	171	*
chr10	91951401	91951605	205	*
chr10	91953720	91953876	157	*
chr10	91959058	91959159	102	*
chr10	91959975	91960158	184	*
chr10	91962526	91962682	157	*
chr10	91964066	91964206	141	*
chr10	91980450	91980560	111	*
chr10	91981641	91981803	163	*
chr10	91982082	91982224	143	*
chr10	91989144	91989581	438	*
chr10	91992105	91992311	207	*
chr1	156252916	156253087	172	*
chr10	91993686	91993850	165	*
chr10	91996363	91996578	216	*
chr10	92011272	92011418	147	*
chr10	92013663	92013813	151	*
chr10	92013897	92014031	135	*
chr10	92027119	92027308	190	*
chr10	92091825	92091965	141	*
chr1	156265855	156266224	370	*
chr10	92340663	92340807	145	*
chr10	92349343	92349535	193	*
chr10	92454442	92454542	101	*
chr10	92463728	92464009	282	*
chr10	92465671	92465845	175	*
chr10	92478521	92478895	375	*
chr1	156266538	156266676	139	*
chr10	92507572	92507676	105	*
chr10	92508105	92508212	108	*
chr10	92531740	92531920	181	*
chr1	156267468	156267680	213	*
chr10	92606616	92606722	107	*
chr10	92630173	92630366	194	*
chr1	156268289	156268416	128	*
chr10	92934305	92934435	131	*
chr10	92940721	92940829	109	*
chr10	92952257	92952387	131	*
chr10	92954620	92954742	123	*
chr10	92955555	92955718	164	*
chr10	92997464	92997620	157	*
chr1	19146822	19147002	181	*
chr1	156291383	156291526	144	*
chr10	93058218	93058348	131	*
chr10	93062008	93062228	221	*
chr10	93062831	93062999	169	*
chr1	156294013	156294213	201	*
chr10	93310528	93310657	130	*
chr10	93313037	93313212	176	*
chr10	93333753	93333915	163	*
chr10	93337812	93337917	106	*
chr10	93347614	93347785	172	*
chr10	93366386	93366555	170	*
chr10	93381217	93381398	182	*
chr1	156312035	156312223	189	*
chr10	93401413	93401547	135	*
chr10	93452038	93452151	114	*
chr10	93500027	93500237	211	*
chr1	156317413	156317563	151	*
chr10	93519676	93519801	126	*
chr10	93634755	93634908	154	*
chr10	93640918	93641034	117	*
chr1	156320837	156321027	191	*
chr10	93694856	93694962	107	*
chr10	93796965	93797296	332	*
chr10	93797321	93797804	484	*
chr1	156324970	156325099	130	*
chr10	94234050	94234316	267	*
chr10	94235913	94236127	215	*
chr1	156479581	156479801	221	*
chr10	94270484	94270599	116	*
chr10	94283784	94283913	130	*
chr1	19147991	19148130	140	*
chr10	94308575	94308712	138	*
chr1	156482435	156482661	227	*
chr10	94344409	94344518	110	*
chr10	94352893	94353068	176	*
chr10	94354960	94355082	123	*
chr10	94357170	94357333	164	*
chr10	94361661	94361878	218	*
chr10	94521952	94522085	134	*
chr10	94573957	94574190	234	*
chr10	94581321	94581526	206	*
chr1	156527950	156528062	113	*
chr10	94582960	94583060	101	*
chr10	94588224	94588393	170	*
chr10	94590636	94590778	143	*
chr10	95247224	95247377	154	*
chr10	95263897	95264083	187	*
chr10	95318315	95318434	120	*
chr10	95354879	95354996	118	*
chr10	95371979	95372170	192	*
chr10	95394587	95394727	141	*
chr10	95415746	95415881	136	*
chr10	95680467	95680590	124	*
chr10	95981961	95982117	157	*
chr10	95991360	95991464	105	*
chr10	96004146	96004252	107	*
chr1	156537214	156537324	111	*
chr10	96027210	96027321	112	*
chr10	96056698	96056998	301	*
chr10	96057086	96057247	162	*
chr10	96156433	96156595	163	*
chr10	96156623	96157330	708	*
chr1	19148529	19148641	113	*
chr10	96159560	96159663	104	*
chr10	96160524	96160771	248	*
chr10	96191974	96192105	132	*
chr10	96332345	96332464	120	*
chr10	96384584	96384770	187	*
chr10	96397184	96397306	123	*
chr10	96420945	96421083	139	*
chr10	96428626	96428754	129	*
chr1	156554230	156554383	154	*
chr10	96528024	96528179	156	*
chr10	96547889	96547995	107	*
chr10	96552924	96553065	142	*
chr10	96561971	96562153	183	*
chr1	156556539	156556676	138	*
chr10	96620350	96620537	188	*
chr10	96648654	96648858	205	*
chr10	96955110	96955970	861	*
chr10	96983737	96983930	194	*
chr10	97002875	97002994	120	*
chr1	156566427	156566549	123	*
chr10	97006481	97006613	133	*
chr10	97018981	97019089	109	*
chr10	97056314	97056468	155	*
chr10	97063450	97063625	176	*
chr10	97369420	97369584	165	*
chr10	97370163	97370276	114	*
chr10	97390418	97390541	124	*
chr10	97455658	97455788	131	*
chr10	97458795	97458903	109	*
chr10	97459356	97459528	173	*
chr10	97460044	97460234	191	*
chr10	97476832	97476968	137	*
chr10	97567912	97568143	232	*
chr10	97580852	97580958	107	*
chr10	97581314	97581416	103	*
chr10	97582602	97582707	106	*
chr10	97601854	97601995	142	*
chr10	97617206	97617344	139	*
chr10	97656283	97656421	139	*
chr10	97666429	97666575	147	*
chr10	97753035	97753186	152	*
chr10	97863928	97864084	157	*
chr10	97864165	97864277	113	*
chr10	97895883	97895988	106	*
chr10	98011132	98011280	149	*
chr1	156648670	156648866	197	*
chr10	98253691	98253799	109	*
chr10	98388384	98388510	127	*
chr10	98395192	98395295	104	*
chr10	98459575	98459741	167	*
chr10	98482629	98482784	156	*
chr10	98490045	98490202	158	*
chr10	98620596	98620710	115	*
chr10	98721652	98721845	194	*
chr10	98743877	98744066	190	*
chr1	156658122	156658276	155	*
chr10	99144234	99144401	168	*
chr10	99235527	99235648	122	*
chr10	99357506	99357660	155	*
chr10	99377053	99377214	162	*
chr10	99610858	99611368	511	*
chr10	99612539	99612641	103	*
chr10	99613680	99613927	248	*
chr10	99685783	99685897	115	*
chr10	99704492	99704604	113	*
chr10	99714587	99714721	135	*
chr10	99718340	99718502	163	*
chr10	99726963	99727102	140	*
chr10	99743151	99743368	218	*
chr10	99747251	99747392	142	*
chr1	156734112	156734346	235	*
chr10	99755597	99755726	130	*
chr10	99804061	99804177	117	*
chr10	99808081	99808231	151	*
chr10	99813047	99813149	103	*
chr10	99846957	99847062	106	*
chr10	99850600	99850703	104	*
chr1	156737396	156737536	141	*
chr10	99886335	99886635	301	*
chr10	99896263	99896399	137	*
chr10	99898084	99898287	204	*
chr10	99908948	99909081	134	*
chr10	99956575	99956746	172	*
chr10	100063609	100063727	119	*
chr10	100075907	100076108	202	*
chr10	100200666	100200786	121	*
chr10	100204498	100204661	164	*
chr10	100209590	100209800	211	*
chr10	100218712	100218831	120	*
chr10	100218999	100219135	137	*
chr10	100220577	100220685	109	*
chr10	100238020	100238233	214	*
chr1	156738338	156738440	103	*
chr10	100243693	100243793	101	*
chr10	100260214	100260328	115	*
chr10	100280120	100280233	114	*
chr10	100293279	100293381	103	*
chr10	100294530	100294657	128	*
chr10	100297047	100297210	164	*
chr10	100298551	100298742	192	*
chr10	100354425	100354637	213	*
chr1	156786605	156786714	110	*
chr10	100479872	100480017	146	*
chr10	100482361	100482566	206	*
chr10	100507422	100507570	149	*
chr10	100529375	100529508	134	*
chr10	100536409	100536667	259	*
chr10	100540609	100540786	178	*
chr10	100545941	100546060	120	*
chr1	19157809	19157999	191	*
chr10	100749683	100749918	236	*
chr1	156842110	156842273	164	*
chr1	156843003	156843102	100	*
chr10	100978847	100979020	174	*
chr10	100988912	100989455	544	*
chr10	101005534	101005681	148	*
chr10	101009248	101009351	104	*
chr10	101021796	101021948	153	*
chr10	101023431	101023613	183	*
chr10	101064496	101064600	105	*
chr10	101131929	101132113	185	*
chr10	101134136	101134378	243	*
chr10	101136694	101136833	140	*
chr10	101227519	101227793	275	*
chr1	156851285	156851436	152	*
chr10	101430268	101430475	208	*
chr10	101461944	101462066	123	*
chr1	19160169	19160291	123	*
chr10	101521616	101521876	261	*
chr10	101526014	101526204	191	*
chr1	156873761	156873886	126	*
chr10	101531240	101531339	100	*
chr10	101532293	101532434	142	*
chr10	101532939	101533073	135	*
chr10	101534659	101534910	252	*
chr10	101535352	101535477	126	*
chr10	101550682	101550894	213	*
chr10	101582757	101582894	138	*
chr10	101583504	101583683	180	*
chr10	101584599	101584781	183	*
chr1	156876077	156876215	139	*
chr10	101608832	101608942	111	*
chr10	101667882	101667997	116	*
chr10	101774726	101774954	229	*
chr10	101790894	101791099	206	*
chr10	101792835	101792959	125	*
chr10	101797974	101798156	183	*
chr10	101798836	101799458	623	*
chr10	101800236	101800403	168	*
chr10	101803728	101804024	297	*
chr10	101807727	101807905	179	*
chr10	101813015	101813129	115	*
chr1	156931925	156932029	105	*
chr10	101939857	101939957	101	*
chr10	101956592	101956733	142	*
chr10	102006536	102006641	106	*
chr10	102025147	102025250	104	*
chr10	102033024	102033174	151	*
chr10	102109382	102109514	133	*
chr10	102109915	102110046	132	*
chr10	102110527	102110704	178	*
chr10	102138643	102138755	113	*
chr10	102149177	102149334	158	*
chr10	102149920	102150036	117	*
chr10	102162111	102162269	159	*
chr10	102230514	102230735	222	*
chr10	102351253	102351387	135	*
chr10	102351833	102351955	123	*
chr10	102358031	102358158	128	*
chr10	102359284	102359437	154	*
chr10	102366381	102366515	135	*
chr10	102367079	102367215	137	*
chr10	102368736	102368837	102	*
chr10	102369209	102369391	183	*
chr10	102380247	102380367	121	*
chr10	102397979	102398089	111	*
chr10	102403837	102403987	151	*
chr10	102404892	102405058	167	*
chr10	102469016	102469200	185	*
chr10	102470654	102471074	421	*
chr10	102472848	102472955	108	*
chr10	102473567	102473744	178	*
chr10	102473816	102474018	203	*
chr10	102475816	102475942	127	*
chr10	102481998	102482178	181	*
chr10	102484156	102484384	229	*
chr10	102597115	102597295	181	*
chr10	102615266	102615407	142	*
chr10	102656744	102657355	612	*
chr10	102685811	102686006	196	*
chr10	102699365	102699491	127	*
chr10	102726984	102727159	176	*
chr10	102797987	102798101	115	*
chr10	102809890	102810061	172	*
chr10	102812563	102812679	117	*
chr10	102854292	102854432	141	*
chr10	102919163	102920106	944	*
chr10	103054326	103054494	169	*
chr10	103056761	103056966	206	*
chr10	103076969	103077180	212	*
chr10	103089699	103089910	212	*
chr10	103105697	103105810	114	*
chr10	103106585	103106731	147	*
chr10	103174853	103174995	143	*
chr10	103326533	103326640	108	*
chr10	103345010	103345127	118	*
chr10	103378228	103378555	328	*
chr10	103379597	103379774	178	*
chr10	103381717	103381844	128	*
chr10	103383233	103383373	141	*
chr10	103385322	103385495	174	*
chr10	103387519	103387702	184	*
chr10	103388106	103388226	121	*
chr1	158087747	158087870	124	*
chr10	103416488	103416696	209	*
chr10	103421345	103421475	131	*
chr10	103425008	103425142	135	*
chr10	103444515	103444687	173	*
chr10	103447300	103447437	138	*
chr10	103478744	103479033	290	*
chr10	103601818	103602073	256	*
chr10	103602517	103602669	153	*
chr10	103602807	103602969	163	*
chr1	158091356	158091558	203	*
chr10	103603157	103603443	287	*
chr10	103612848	103613192	345	*
chr10	103967746	103967900	155	*
chr10	103990669	103990849	181	*
chr10	103999117	103999315	199	*
chr10	104010758	104010953	196	*
chr10	104019727	104019925	199	*
chr10	104025567	104025721	155	*
chr10	104053026	104053137	112	*
chr10	104060139	104060282	144	*
chr10	104076298	104076431	134	*
chr10	104123707	104123814	108	*
chr10	104125511	104125698	188	*
chr10	104133616	104133791	176	*
chr10	104140836	104141023	188	*
chr1	19168021	19168193	173	*
chr10	104214254	104214364	111	*
chr10	104259569	104259800	232	*
chr10	104266079	104266195	117	*
chr10	104314436	104314583	148	*
chr10	104314955	104315055	101	*
chr10	104315317	104315571	255	*
chr10	104315879	104316053	175	*
chr10	104370893	104371057	165	*
chr10	104399357	104399502	146	*
chr10	104403727	104403845	119	*
chr10	105157111	105157290	180	*
chr10	105167252	105167356	105	*
chr10	105245540	105245667	128	*
chr10	105247216	105247337	122	*
chr10	105262326	105262494	169	*
chr10	106618142	106618275	134	*
chr10	106620422	106620564	143	*
chr10	106629191	106629390	200	*
chr10	106675043	106675158	116	*
chr10	106679627	106679737	111	*
chr10	106699205	106699396	192	*
chr10	106709221	106709344	124	*
chr10	109886240	109886355	116	*
chr10	109888047	109888195	149	*
chr10	110118607	110118742	136	*
chr10	110119208	110119358	151	*
chr10	110119427	110119569	143	*
chr10	110125821	110125948	128	*
chr10	110132213	110132403	191	*
chr10	110279911	110280092	182	*
chr10	110295223	110295383	161	*
chr10	110297561	110297797	237	*
chr10	110581921	110582106	186	*
chr10	110583380	110583552	173	*
chr10	110584181	110584401	221	*
chr10	110590410	110590573	164	*
chr10	110590976	110591138	163	*
chr10	110593068	110593229	162	*
chr10	110599651	110599819	169	*
chr10	110600433	110600548	116	*
chr10	110601020	110601132	113	*
chr10	110601635	110601887	253	*
chr10	110601964	110602181	218	*
chr10	110602468	110602670	203	*
chr10	110602816	110603002	187	*
chr1	158674538	158674686	149	*
chr10	110603175	110603293	119	*
chr10	110604227	110604575	349	*
chr10	110781195	110781320	126	*
chr10	110799785	110799922	138	*
chr10	110831059	110831185	127	*
chr10	110881228	110881541	314	*
chr10	110883000	110883100	101	*
chr10	110885251	110885372	122	*
chr10	110887663	110887892	230	*
chr10	110889528	110889634	107	*
chr10	110894407	110894528	122	*
chr10	110900379	110900528	150	*
chr10	110964320	110965066	747	*
chr10	110985613	110985770	158	*
chr10	111000411	111000550	140	*
chr10	111004604	111004799	196	*
chr10	111009246	111009389	144	*
chr10	111009696	111009835	140	*
chr10	111011607	111012198	592	*
chr10	111078155	111078433	279	*
chr10	112160601	112160874	274	*
chr10	112168307	112168526	220	*
chr10	112172965	112173069	105	*
chr10	112284527	112284730	204	*
chr10	112286068	112286219	152	*
chr10	112427214	112427352	139	*
chr10	112432373	112432523	151	*
chr10	112440531	112440697	167	*
chr10	112464545	112464669	125	*
chr10	112526940	112527579	640	*
chr1	19172862	19173095	234	*
chr1	159858757	159858914	158	*
chr10	113160544	113160752	209	*
chr1	159934420	159934576	157	*
chr1	159934691	159934823	133	*
chr10	113578701	113578802	102	*
chr1	160030697	160030853	157	*
chr10	113604607	113604770	164	*
chr10	113614177	113614301	125	*
chr10	113621866	113622105	240	*
chr10	113624824	113624933	110	*
chr10	113631850	113631966	117	*
chr10	113645823	113645949	127	*
chr10	113767342	113767481	140	*
chr1	19173437	19173623	187	*
chr10	113879571	113879700	130	*
chr10	114125884	114126113	230	*
chr10	114127452	114127672	221	*
chr10	114131145	114131341	197	*
chr10	114137183	114137293	111	*
chr10	114145546	114145770	225	*
chr10	114151089	114151232	144	*
chr10	114162760	114162860	101	*
chr10	114297214	114297416	203	*
chr10	114299258	114299416	159	*
chr10	114302333	114302487	155	*
chr10	114340601	114340733	133	*
chr10	114436262	114436376	115	*
chr10	114445310	114445427	118	*
chr10	114447874	114448054	181	*
chr10	114453291	114453566	276	*
chr10	114485291	114485396	106	*
chr1	160124290	160124429	140	*
chr10	114575410	114575613	204	*
chr10	114601824	114601964	141	*
chr10	114833228	114833408	181	*
chr10	114846172	114846369	198	*
chr10	114855183	114855344	162	*
chr1	160127550	160127820	271	*
chr10	115129320	115129539	220	*
chr10	115160029	115160220	192	*
chr10	115171030	115171304	275	*
chr10	115265181	115265280	100	*
chr10	115266795	115267007	213	*
chr10	115286214	115286401	188	*
chr10	115461937	115462039	103	*
chr10	115469166	115469335	170	*
chr1	160130099	160130244	146	*
chr10	116125216	116125568	353	*
chr1	160135836	160135998	163	*
chr10	116342031	116342206	176	*
chr10	116378408	116378515	108	*
chr1	160136245	160136373	129	*
chr10	116605423	116605561	139	*
chr10	116674923	116675426	504	*
chr1	160136567	160136720	154	*
chr10	116683785	116683965	181	*
chr10	116700938	116701129	192	*
chr10	116855615	116855754	140	*
chr10	116871119	116871298	180	*
chr10	116900262	116900602	341	*
chr10	116906599	116906751	153	*
chr10	116915373	116915487	115	*
chr10	116940463	116940620	158	*
chr1	19219303	19219460	158	*
chr10	117209487	117209611	125	*
chr10	117244168	117244317	150	*
chr10	117283368	117283978	611	*
chr10	117284037	117284773	737	*
chr10	117284946	117285267	322	*
chr10	117290181	117290358	178	*
chr1	160159425	160159528	104	*
chr1	160164153	160164324	172	*
chr1	160166526	160166721	196	*
chr1	160176090	160176249	160	*
chr10	118038998	118039461	464	*
chr10	118045805	118046160	356	*
chr1	160195009	160195125	117	*
chr10	119051197	119051327	131	*
chr10	119057954	119058305	352	*
chr1	160201241	160201361	121	*
chr10	119070883	119071087	205	*
chr10	119107900	119108167	268	*
chr10	119117501	119117669	169	*
chr10	119132513	119132613	101	*
chr10	119443541	119443757	217	*
chr10	119448121	119448267	147	*
chr1	160237131	160237232	102	*
chr10	119500113	119500275	163	*
chr10	119527298	119527431	134	*
chr10	119676806	119677053	248	*
chr10	119781632	119781773	142	*
chr10	119796721	119796917	197	*
chr10	119797459	119797645	187	*
chr10	119810090	119810222	133	*
chr10	119811754	119811957	204	*
chr10	119823069	119823201	133	*
chr1	19223391	19223572	182	*
chr10	119859794	119859896	103	*
chr10	119898421	119898571	151	*
chr10	119932997	119933173	177	*
chr10	120520937	120521101	165	*
chr10	120852515	120852640	126	*
chr10	120866567	120866736	170	*
chr10	120886686	120886842	157	*
chr10	120904045	120904145	101	*
chr10	120904644	120904812	169	*
chr1	160292094	160292204	111	*
chr10	121841076	121841265	190	*
chr10	121898838	121898994	157	*
chr10	121961418	121961519	102	*
chr10	121970931	121971071	141	*
chr10	122406574	122406679	106	*
chr1	160294479	160294600	122	*
chr10	123154916	123155117	202	*
chr10	123160404	123160567	164	*
chr1	160348992	160349126	135	*
chr1	160419153	160419611	459	*
chr10	124765387	124765618	232	*
chr10	124828749	124828878	130	*
chr10	124831320	124831468	149	*
chr1	160420393	160420552	160	*
chr10	124942441	124942918	478	*
chr10	124942971	124943313	343	*
chr10	124971953	124972123	171	*
chr10	124974198	124974404	207	*
chr10	124983156	124983309	154	*
chr1	160421063	160421188	126	*
chr10	124993200	124993332	133	*
chr10	124993853	124993987	135	*
chr10	124994467	124994685	219	*
chr10	124997959	124998172	214	*
chr10	125002958	125003114	157	*
chr10	125003336	125003497	162	*
chr10	125026625	125026886	262	*
chr10	125723809	125723938	130	*
chr10	125730281	125730406	126	*
chr10	125735627	125735909	283	*
chr10	125740461	125740656	196	*
chr10	125740999	125741203	205	*
chr1	161056382	161056535	154	*
chr10	126049559	126049674	116	*
chr10	126990453	126990605	153	*
chr1	19231259	19231424	166	*
chr1	161122262	161122527	266	*
chr10	127373775	127373881	107	*
chr10	127404322	127404432	111	*
chr1	161124133	161124295	163	*
chr10	127451292	127451428	137	*
chr10	128073334	128073473	140	*
chr1	161195460	161195561	102	*
chr1	19235127	19235251	125	*
chr10	129873421	129873612	192	*
chr1	161365523	161365704	182	*
chr1	19237140	19237240	101	*
chr10	130159961	130160080	120	*
chr11	610978	611087	110	*
chr1	161983675	161984277	603	*
chr11	3669194	3669352	159	*
chr11	3683195	3683443	249	*
chr11	3699080	3699349	270	*
chr11	3702553	3702743	191	*
chr1	161984800	161984992	193	*
chr11	3719410	3719562	153	*
chr11	3725100	3725222	123	*
chr11	3731385	3731586	202	*
chr11	3744503	3744684	182	*
chr11	3753313	3753424	112	*
chr11	3771743	3771930	188	*
chr11	3775876	3776041	166	*
chr11	3811248	3811429	182	*
chr11	3817389	3817540	152	*
chr11	3827836	3828139	304	*
chr11	3967534	3967686	153	*
chr1	162019998	162020184	187	*
chr11	4074490	4074682	193	*
chr11	4082182	4082356	175	*
chr11	4082875	4082988	114	*
chr11	4086466	4086636	171	*
chr11	4107429	4107540	112	*
chr11	4111898	4112065	168	*
chr1	162333015	162333128	114	*
chr11	4121602	4121770	169	*
chr11	4127033	4127262	230	*
chr11	4133560	4133660	101	*
chr11	4135079	4135272	194	*
chr11	4138193	4138383	191	*
chr11	6214460	6214575	116	*
chr11	6449027	6449182	156	*
chr11	6449304	6449460	157	*
chr1	19238015	19238144	130	*
chr1	162356975	162357138	164	*
chr11	6456295	6456459	165	*
chr11	6456482	6456588	107	*
chr11	6477112	6477274	163	*
chr11	6478736	6478961	226	*
chr11	6633462	6633630	169	*
chr11	6639959	6640911	953	*
chr11	7303025	7303397	373	*
chr11	7416040	7416167	128	*
chr11	7417954	7418135	182	*
chr11	7420467	7420641	175	*
chr11	7593126	7593230	105	*
chr11	7610286	7610426	141	*
chr11	7641525	7641625	101	*
chr11	7649524	7649659	136	*
chr11	7650837	7650970	134	*
chr1	162581284	162581465	182	*
chr11	7702153	7702312	160	*
chr11	8097285	8097429	145	*
chr11	8097712	8097829	118	*
chr11	8100823	8101003	181	*
chr11	8101483	8101619	137	*
chr1	162588690	162588841	152	*
chr11	8230289	8230507	219	*
chr11	8457337	8457482	146	*
chr11	8621027	8621153	127	*
chr11	8640237	8640435	199	*
chr11	8647967	8648088	122	*
chr11	8648414	8648555	142	*
chr11	8696422	8696668	247	*
chr11	8699211	8699390	180	*
chr11	8702567	8702724	158	*
chr11	8707083	8707228	146	*
chr11	8712548	8712740	193	*
chr11	8715600	8715820	221	*
chr11	8730335	8730661	327	*
chr11	8730724	8731013	290	*
chr11	8937716	8937896	181	*
chr11	8956188	8956301	114	*
chr11	9025697	9025863	167	*
chr11	9029878	9030050	173	*
chr11	9030753	9030927	175	*
chr11	9048034	9048228	195	*
chr11	9052738	9052844	107	*
chr11	9053093	9053236	144	*
chr11	9055788	9055929	142	*
chr11	9060404	9060528	125	*
chr11	9074478	9074617	140	*
chr1	162761205	162761456	252	*
chr11	9089703	9089832	130	*
chr11	9141937	9142117	181	*
chr11	9142720	9142847	128	*
chr11	9144990	9145116	127	*
chr11	9145668	9145818	151	*
chr11	9150076	9150211	136	*
chr11	9160709	9160875	167	*
chr11	9165834	9165989	156	*
chr11	9178127	9178368	242	*
chr11	9178852	9179075	224	*
chr11	9193490	9193683	194	*
chr11	9203654	9204076	423	*
chr11	9204118	9204320	203	*
chr11	9206666	9206797	132	*
chr11	9207551	9207665	115	*
chr11	9283422	9283595	174	*
chr11	9286450	9286610	161	*
chr11	9295249	9295406	158	*
chr11	9299577	9299707	131	*
chr11	9409925	9410092	168	*
chr11	9425144	9425265	122	*
chr11	9428527	9428636	110	*
chr11	9429671	9429837	167	*
chr1	162773467	162773611	145	*
chr11	9434919	9435037	119	*
chr11	9436268	9436372	105	*
chr11	9437752	9437979	228	*
chr11	9440452	9440669	218	*
chr11	9442079	9442203	125	*
chr11	9445086	9445380	295	*
chr11	9497673	9497803	131	*
chr11	9508616	9508848	233	*
chr11	9576481	9576668	188	*
chr11	9586444	9586624	181	*
chr1	162778578	162778734	157	*
chr11	9694144	9694289	146	*
chr11	9713461	9713643	183	*
chr11	9724656	9724891	236	*
chr11	9732527	9732713	187	*
chr11	9740179	9740349	171	*
chr1	162780109	162780241	133	*
chr11	9749079	9749185	107	*
chr11	9808896	9809004	109	*
chr1	163147342	163147520	179	*
chr11	9812528	9812729	202	*
chr11	9828088	9828272	185	*
chr11	9832218	9832422	205	*
chr11	9845561	9845752	192	*
chr1	163152544	163152743	200	*
chr11	9846953	9847085	133	*
chr11	9853537	9853714	178	*
chr11	9856456	9856722	267	*
chr11	9961954	9962113	160	*
chr11	9989494	9989597	104	*
chr11	9998261	9998384	124	*
chr11	10002547	10002703	157	*
chr11	10028446	10028562	117	*
chr11	10029759	10029881	123	*
chr11	10461513	10461746	234	*
chr11	10484812	10485044	233	*
chr11	10487232	10487366	135	*
chr11	10493346	10493549	204	*
chr11	10494896	10495035	140	*
chr11	10495566	10495739	174	*
chr11	10500084	10500255	172	*
chr11	10501468	10501593	126	*
chr11	10504547	10504662	116	*
chr11	10514916	10515068	153	*
chr11	10525189	10525386	198	*
chr11	10530641	10530756	116	*
chr11	10593486	10593595	110	*
chr11	10600914	10601061	148	*
chr11	10626448	10626589	142	*
chr11	10629535	10629713	179	*
chr11	10752666	10752776	111	*
chr11	10754956	10755198	243	*
chr11	10766396	10766496	101	*
chr11	10770208	10770330	123	*
chr11	10770485	10770635	151	*
chr11	10772514	10772656	143	*
chr11	10774006	10774172	167	*
chr11	10775519	10775638	120	*
chr11	10798990	10799115	126	*
chr11	10799548	10799759	212	*
chr11	10803899	10804052	154	*
chr11	10804281	10804426	146	*
chr11	10805907	10806047	141	*
chr11	11271145	11271292	148	*
chr11	11293026	11293200	175	*
chr11	11332687	11332834	148	*
chr11	11340814	11341006	193	*
chr11	11372510	11372637	128	*
chr11	11432616	11432789	174	*
chr11	11448739	11448944	206	*
chr11	11880171	11880384	214	*
chr11	11891962	11892111	150	*
chr11	11902713	11902865	153	*
chr11	11905392	11905595	204	*
chr11	11920337	11920499	163	*
chr11	11936298	11936515	218	*
chr11	11947943	11948129	187	*
chr11	11949882	11950007	126	*
chr11	11950361	11950485	125	*
chr11	11955999	11956409	411	*
chr11	11965804	11965967	164	*
chr11	12162155	12162424	270	*
chr11	12204247	12204463	217	*
chr11	12213253	12213414	162	*
chr11	12216216	12216322	107	*
chr11	12220199	12220461	263	*
chr11	12222614	12222745	132	*
chr11	12224670	12224826	157	*
chr11	12496455	12496604	150	*
chr11	12517607	12517714	108	*
chr11	12764167	12764442	276	*
chr11	12901934	12902122	189	*
chr11	12930172	12930330	159	*
chr11	12937107	12937237	131	*
chr1	164559797	164560034	238	*
chr11	13358427	13358596	170	*
chr11	13369614	13369770	157	*
chr11	13372151	13372414	264	*
chr11	13374089	13374204	116	*
chr11	13375606	13375769	164	*
chr11	13381157	13381257	101	*
chr11	13388880	13389148	269	*
chr11	13419454	13419754	301	*
chr11	13439871	13440063	193	*
chr11	13694760	13694958	199	*
chr11	13700303	13700501	199	*
chr11	13707884	13708082	199	*
chr11	13710691	13710875	185	*
chr11	13711911	13712072	162	*
chr11	13721714	13721869	156	*
chr11	13727553	13727688	136	*
chr11	13728596	13728933	338	*
chr11	14255642	14255790	149	*
chr11	14257711	14257902	192	*
chr11	14259272	14259456	185	*
chr11	14259529	14259707	179	*
chr11	14262709	14262977	269	*
chr11	14265518	14265856	339	*
chr11	14281599	14281726	128	*
chr11	14464906	14465033	128	*
chr11	14476915	14477017	103	*
chr11	14483030	14483154	125	*
chr11	14493639	14493815	177	*
chr11	14494208	14494442	235	*
chr11	14507659	14507769	111	*
chr11	14786431	14786691	261	*
chr11	14832699	14832841	143	*
chr11	14861203	14861372	170	*
chr11	14867493	14867762	270	*
chr11	14869456	14869672	217	*
chr11	14878126	14878300	175	*
chr11	14879099	14879457	359	*
chr11	14880131	14880615	485	*
chr11	15175739	15176045	307	*
chr11	15238917	15239079	163	*
chr11	15972638	15973117	480	*
chr11	15986198	15986422	225	*
chr1	19306014	19306150	137	*
chr11	16055749	16055922	174	*
chr1	164799695	164799894	200	*
chr11	16111798	16112022	225	*
chr1	164807552	164807680	129	*
chr11	16183817	16183985	169	*
chr11	16186778	16186958	181	*
chr11	16318441	16318664	224	*
chr11	16341010	16341257	248	*
chr11	16786225	16786398	174	*
chr11	16789087	16789298	212	*
chr11	16791005	16791201	197	*
chr11	16816798	16817325	528	*
chr11	16854887	16854998	112	*
chr11	17089736	17089923	188	*
chr11	17091325	17091472	148	*
chr11	17101267	17101436	170	*
chr11	17102692	17102841	150	*
chr11	17105160	17105320	161	*
chr11	17110429	17110571	143	*
chr11	17112572	17112673	102	*
chr11	17114359	17114476	118	*
chr11	17117485	17117675	191	*
chr11	17119781	17119979	199	*
chr11	17129283	17129470	188	*
chr11	17131910	17132051	142	*
chr11	17136476	17136650	175	*
chr11	17147511	17147649	139	*
chr11	17148630	17148791	162	*
chr11	17296100	17296215	116	*
chr11	17310822	17311016	195	*
chr11	17312016	17312122	107	*
chr11	17387036	17387261	226	*
chr11	17387283	17388093	811	*
chr11	17394264	17394405	142	*
chr11	17395168	17395278	111	*
chr11	17395605	17395721	117	*
chr11	17396914	17397049	136	*
chr11	17398333	17398443	111	*
chr11	17406940	17407134	195	*
chr11	17408390	17408519	130	*
chr11	17430809	17430961	153	*
chr11	17442714	17442885	172	*
chr11	17460513	17460655	143	*
chr11	17461581	17461828	248	*
chr11	17470098	17470212	115	*
chr11	17474880	17475029	150	*
chr11	17505821	17505965	145	*
chr11	17522779	17522928	150	*
chr11	17531149	17531295	147	*
chr11	17531397	17531544	148	*
chr11	17553363	17553521	159	*
chr11	17560706	17560823	118	*
chr11	17561659	17561812	154	*
chr11	17569154	17569291	138	*
chr11	17570210	17570393	184	*
chr11	17586476	17586587	112	*
chr11	17629178	17629321	144	*
chr11	17635607	17635717	111	*
chr11	17642125	17642244	120	*
chr11	17645741	17645944	204	*
chr11	17735980	17736286	307	*
chr11	17771650	17772697	1048	*
chr1	19623471	19623590	120	*
chr11	17781487	17781915	429	*
chr11	18021002	18021170	169	*
chr11	18022795	18022940	146	*
chr11	18029163	18029363	201	*
chr11	18035954	18036145	192	*
chr11	18081404	18081506	103	*
chr11	18090164	18090293	130	*
chr11	18296836	18296990	155	*
chr11	18311909	18312026	118	*
chr11	18333074	18333232	159	*
chr1	165249403	165249642	240	*
chr11	18335751	18335942	192	*
chr11	18339561	18339660	100	*
chr11	18347577	18347729	153	*
chr11	18360607	18360712	106	*
chr11	18396843	18396969	127	*
chr11	18403692	18403815	124	*
chr11	18481628	18481883	256	*
chr11	18483865	18484079	215	*
chr11	18544619	18544824	206	*
chr11	18546878	18547066	189	*
chr11	18558227	18558332	106	*
chr11	18612309	18612490	182	*
chr11	18740597	18740795	199	*
chr11	19149184	19149334	151	*
chr11	19152156	19152323	168	*
chr11	19152557	19152684	128	*
chr11	19170409	19170571	163	*
chr11	19184947	19185048	102	*
chr11	19188129	19188306	178	*
chr11	19192331	19192451	121	*
chr11	19232232	19232375	144	*
chr1	165655355	165655462	108	*
chr1	19678603	19678728	126	*
chr11	20035944	20036102	159	*
chr1	165680485	165680691	207	*
chr11	20093073	20093206	134	*
chr11	20101045	20101177	133	*
chr11	20103253	20103413	161	*
chr11	20105528	20105732	205	*
chr11	20107662	20107787	126	*
chr1	165682976	165683112	137	*
chr11	20397525	20397736	212	*
chr1	166070241	166070710	470	*
chr11	20601480	20601644	165	*
chr11	20604287	20604445	159	*
chr11	20607466	20607659	194	*
chr11	20627978	20628086	109	*
chr11	20630688	20630817	130	*
chr11	20636304	20636424	121	*
chr11	20919238	20919347	110	*
chr11	20928372	20928485	114	*
chr11	20960430	20960564	135	*
chr11	21534313	21534522	210	*
chr11	21560184	21560386	203	*
chr11	21570759	21570945	187	*
chr11	21573183	21573412	230	*
chr11	22341525	22341786	262	*
chr11	22343245	22343369	125	*
chr11	22359407	22359535	129	*
chr11	22365544	22365722	179	*
chr1	166936585	166936743	159	*
chr11	22370033	22370192	160	*
chr11	22377396	22378004	609	*
chr11	22685667	22685792	126	*
chr11	22811787	22812103	317	*
chr11	26541939	26542071	133	*
chr11	26639138	26639246	109	*
chr11	26647707	26647869	163	*
chr11	26692480	26692606	127	*
chr1	19700766	19700877	112	*
chr1	166992684	166992847	164	*
chr11	26698403	26698545	143	*
chr11	26703525	26703671	147	*
chr11	26994767	26995149	383	*
chr11	27055444	27055655	212	*
chr11	27115434	27115590	157	*
chr1	167005271	167005399	129	*
chr11	27338821	27339045	225	*
chr11	27350329	27350435	107	*
chr11	27357399	27357519	121	*
chr1	167119237	167119470	234	*
chr11	27657467	27658612	1146	*
chr1	167125769	167125985	217	*
chr11	28077001	28077171	171	*
chr11	28084626	28084814	189	*
chr11	28090613	28090729	117	*
chr11	28094636	28094802	167	*
chr11	28290203	28290528	326	*
chr11	28330394	28330667	274	*
chr1	167126856	167127120	265	*
chr11	30010717	30011627	911	*
chr11	30011668	30012381	714	*
chr1	167127586	167127771	186	*
chr11	30233603	30233797	195	*
chr11	30495290	30495565	276	*
chr11	30535907	30536210	304	*
chr11	31241159	31242032	874	*
chr11	31414799	31414955	157	*
chr11	31430267	31430389	123	*
chr11	31433457	31433573	117	*
chr11	31463152	31463278	127	*
chr11	31519875	31520098	224	*
chr11	31627108	31627254	147	*
chr1	167374093	167374301	209	*
chr11	31801544	31802020	477	*
chr11	31802702	31802836	135	*
chr11	32098348	32098533	186	*
chr11	32103277	32103483	207	*
chr11	32389055	32389191	137	*
chr1	167413020	167413122	103	*
chr11	32391928	32392089	162	*
chr11	32417572	32417679	108	*
chr11	32428495	32428621	127	*
chr11	32588997	32589143	147	*
chr11	32594910	32595018	109	*
chr11	32641883	32642437	555	*
chr11	32675883	32676024	142	*
chr11	32836643	32836824	182	*
chr11	32931741	32934737	2997	*
chr11	32934814	32935226	413	*
chr11	32955291	32955422	132	*
chr11	32955979	32956132	154	*
chr11	32973389	32973555	167	*
chr11	33032660	33032798	139	*
chr11	33033260	33033451	192	*
chr11	33057112	33057239	128	*
chr11	33057908	33058140	233	*
chr11	33068721	33068862	142	*
chr11	33072472	33072658	187	*
chr11	33086983	33087148	166	*
chr11	33090526	33090730	205	*
chr11	33286607	33287517	911	*
chr11	33328508	33328636	129	*
chr11	33347626	33347758	133	*
chr11	33353181	33354820	1640	*
chr11	33559729	33559916	188	*
chr11	33574698	33574877	180	*
chr11	33591234	33591424	191	*
chr11	33598748	33598953	206	*
chr11	33609746	33609968	223	*
chr11	33618524	33618669	146	*
chr11	33645673	33646042	370	*
chr11	33748772	33748895	124	*
chr11	33768848	33769015	168	*
chr11	33859356	33859578	223	*
chr11	33864599	33864819	221	*
chr11	34086303	34086419	117	*
chr11	34090518	34090683	166	*
chr11	34099265	34099803	539	*
chr11	34108226	34108335	110	*
chr11	34130811	34130942	132	*
chr11	34131390	34131537	148	*
chr11	34135173	34135293	121	*
chr11	34136640	34136780	141	*
chr11	34140398	34140577	180	*
chr11	34141087	34141210	124	*
chr1	167694086	167694305	220	*
chr11	34159904	34160011	108	*
chr11	34160246	34160355	110	*
chr11	34162571	34162808	238	*
chr11	34164683	34164823	141	*
chr11	34173152	34173310	159	*
chr11	34356959	34357226	268	*
chr11	34357335	34357582	248	*
chr11	34449189	34449368	180	*
chr11	34450986	34451103	118	*
chr11	34452075	34452211	137	*
chr11	34456659	34456819	161	*
chr11	34480225	34480326	102	*
chr11	34480766	34480970	205	*
chr11	34493474	34493699	226	*
chr1	167775976	167776170	195	*
chr11	34642597	34642731	135	*
chr11	34658530	34658730	201	*
chr11	34888290	34888430	141	*
chr11	34895001	34895112	112	*
chr11	34960422	34960523	102	*
chr11	34970137	34970286	150	*
chr11	34994911	34995165	255	*
chr1	167919974	167920098	125	*
chr11	35229127	35229332	206	*
chr11	35286755	35286953	199	*
chr11	35301513	35301658	146	*
chr11	35315018	35315177	160	*
chr11	35432774	35432895	122	*
chr11	35435897	35436138	242	*
chr1	20345465	20345596	132	*
chr11	35474627	35474746	120	*
chr11	35619669	35619933	265	*
chr1	167993215	167993446	232	*
chr11	36036100	36036255	156	*
chr1	168002472	168002579	108	*
chr11	36227082	36227435	354	*
chr11	36276134	36276243	110	*
chr11	36280707	36280838	132	*
chr11	36401114	36401287	174	*
chr11	36451203	36451306	104	*
chr11	36462425	36462734	310	*
chr11	36489837	36490531	695	*
chr11	36498488	36498641	154	*
chr11	36501217	36501377	161	*
chr11	36573599	36573976	378	*
chr11	36574082	36575201	1120	*
chr11	36575225	36576336	1112	*
chr11	36592583	36593917	1335	*
chr11	36593942	36594203	262	*
chr1	168015767	168016067	301	*
chr1	168038358	168038493	136	*
chr11	40114366	40116342	1977	*
chr1	168045107	168045233	127	*
chr1	168085652	168085807	156	*
chr1	168096506	168097237	732	*
chr1	168104472	168104766	295	*
chr11	43318634	43318806	173	*
chr11	43321983	43322138	156	*
chr11	43328710	43328898	189	*
chr11	43335856	43336005	150	*
chr11	43379223	43379327	105	*
chr1	168183899	168184088	190	*
chr11	43389650	43389825	176	*
chr11	43391462	43391582	121	*
chr11	43391819	43391957	139	*
chr11	43396707	43396818	112	*
chr11	43397967	43398117	151	*
chr11	43399881	43400051	171	*
chr11	43401443	43401560	118	*
chr11	43407350	43407582	233	*
chr11	43492017	43492168	152	*
chr11	44083167	44083313	147	*
chr11	44107692	44108250	559	*
chr11	44124793	44124989	197	*
chr11	44130040	44130141	102	*
chr1	168291157	168291426	270	*
chr11	44236286	44236386	101	*
chr11	44267492	44267624	133	*
chr11	44275343	44275661	319	*
chr11	44605056	44605188	133	*
chr11	44936797	44936902	106	*
chr11	45182859	45183129	271	*
chr11	45219567	45219762	196	*
chr11	45224558	45224659	102	*
chr11	45246377	45246515	139	*
chr1	168701015	168701122	108	*
chr1	168714216	168714354	139	*
chr11	45649687	45649913	227	*
chr11	45649960	45650396	437	*
chr11	45650508	45650952	445	*
chr11	45810772	45810995	224	*
chr11	45811016	45811288	273	*
chr11	45858728	45858878	151	*
chr11	45860842	45861034	193	*
chr11	45867612	45867756	145	*
chr11	45869504	45869823	320	*
chr11	45870051	45870209	159	*
chr11	45870328	45870537	210	*
chr11	45904463	45904567	105	*
chr11	45913814	45913941	128	*
chr11	45915697	45915842	146	*
chr11	45924790	45924891	102	*
chr1	169111356	169111502	147	*
chr11	45928175	45928375	201	*
chr11	45933434	45934235	802	*
chr11	45945832	45946029	198	*
chr1	8422694	8422817	124	*
chr1	20500955	20501328	374	*
chr1	169131287	169132030	744	*
chr11	46316284	46316388	105	*
chr11	46371485	46371608	124	*
chr11	46372066	46372172	107	*
chr11	46385118	46385570	453	*
chr11	46385793	46386489	697	*
chr11	46417907	46418055	149	*
chr11	46433468	46433643	176	*
chr11	46434843	46435041	199	*
chr11	46493604	46493710	107	*
chr11	46508185	46508374	190	*
chr11	46512721	46512820	100	*
chr11	46541940	46542852	913	*
chr11	46543187	46543388	202	*
chr11	46545598	46545785	188	*
chr11	46547119	46547299	181	*
chr11	46615562	46616237	676	*
chr11	46650175	46650321	147	*
chr11	46659389	46659490	102	*
chr11	46663982	46664113	132	*
chr11	46664829	46664979	151	*
chr11	46679064	46679228	165	*
chr1	169298551	169298771	221	*
chr11	46682045	46682184	140	*
chr11	46688167	46688277	111	*
chr11	46695657	46695757	101	*
chr1	169323111	169323285	175	*
chr11	46739278	46739392	115	*
chr11	46743941	46744274	334	*
chr11	46750271	46750436	166	*
chr11	46751342	46751474	133	*
chr11	46754883	46755070	188	*
chr11	46758920	46759047	128	*
chr11	46760606	46760786	181	*
chr11	46761994	46762196	203	*
chr11	46762625	46762764	140	*
chr11	46762973	46763182	210	*
chr11	46763476	46763632	157	*
chr11	46770784	46770999	216	*
chr11	46776251	46776386	136	*
chr11	46777436	46777555	120	*
chr11	46780191	46780331	141	*
chr11	46783269	46783371	103	*
chr11	46796809	46796946	138	*
chr1	169378327	169378531	205	*
chr11	46801194	46801307	114	*
chr11	46809393	46809502	110	*
chr11	46809735	46809876	142	*
chr11	46818304	46818505	202	*
chr11	46858983	46859317	335	*
chr1	20502067	20502177	111	*
chr11	46874797	46875105	309	*
chr11	46875454	46875684	231	*
chr11	46876461	46876640	180	*
chr11	46881698	46881908	211	*
chr11	46883866	46883984	119	*
chr11	46886088	46886188	101	*
chr11	46886322	46886607	286	*
chr11	46889404	46889545	142	*
chr11	46889941	46890133	193	*
chr11	46890272	46890496	225	*
chr11	46894587	46894825	239	*
chr11	46896199	46896340	142	*
chr1	169397230	169397408	179	*
chr11	46900256	46900381	126	*
chr11	46902778	46902931	154	*
chr11	47052379	47052523	145	*
chr1	169419003	169419168	166	*
chr11	47166263	47166378	116	*
chr11	47171424	47171559	136	*
chr11	47171659	47171803	145	*
chr11	47179409	47179588	180	*
chr11	47180184	47180344	161	*
chr11	47180450	47180692	243	*
chr11	47182401	47182562	162	*
chr11	47232797	47232964	168	*
chr1	169421680	169421824	145	*
chr11	47234754	47234936	183	*
chr11	47240097	47240271	175	*
chr11	47242718	47242901	184	*
chr11	47244728	47244870	143	*
chr11	47245677	47245838	162	*
chr11	47260417	47260680	264	*
chr11	47261917	47262020	104	*
chr11	47268259	47268361	103	*
chr11	47268548	47268697	150	*
chr11	47274558	47274861	304	*
chr11	47274885	47275161	277	*
chr11	47275897	47276208	312	*
chr11	47276730	47276865	136	*
chr11	47278163	47278283	121	*
chr11	47281572	47281762	191	*
chr11	47282379	47282622	244	*
chr11	47282809	47282974	166	*
chr11	47284176	47284287	112	*
chr11	47284939	47285199	261	*
chr11	47286431	47286538	108	*
chr11	47288934	47289136	203	*
chr11	47289865	47290060	196	*
chr11	47290143	47290302	160	*
chr11	47290598	47290824	227	*
chr11	47292464	47292656	193	*
chr11	47295894	47296060	167	*
chr11	47309505	47309615	111	*
chr11	47311725	47311847	123	*
chr1	20604925	20605044	120	*
chr11	47315218	47315331	114	*
chr11	47323668	47323837	170	*
chr11	47324467	47324582	116	*
chr11	47333189	47333292	104	*
chr1	169469959	169470150	192	*
chr11	47335871	47336019	149	*
chr11	47337384	47337487	104	*
chr11	47410233	47410398	166	*
chr11	47414775	47414912	138	*
chr11	47420262	47420412	151	*
chr11	47422825	47422977	153	*
chr1	169477308	169477771	464	*
chr11	47424044	47424192	149	*
chr11	47442654	47442825	172	*
chr11	47448771	47448964	194	*
chr11	47471984	47472358	375	*
chr11	47473077	47473238	162	*
chr11	47477293	47477439	147	*
chr11	47499429	47499559	131	*
chr11	47572932	47573525	594	*
chr11	47577416	47578035	620	*
chr11	47580832	47580986	155	*
chr11	47582085	47582218	134	*
chr11	47628950	47629055	106	*
chr11	47638696	47638808	113	*
chr11	47638961	47639060	100	*
chr11	47719926	47720088	163	*
chr11	47732363	47732672	310	*
chr11	47734022	47734130	109	*
chr11	47743949	47744050	102	*
chr11	47746253	47746400	148	*
chr11	47751141	47751297	157	*
chr11	47783071	47783202	132	*
chr11	47784919	47785071	153	*
chr11	47801809	47801932	124	*
chr11	47808387	47808531	145	*
chr11	47812057	47812230	174	*
chr11	47812313	47812431	119	*
chr11	47813312	47813421	110	*
chr11	47815474	47815653	180	*
chr11	47821721	47821823	103	*
chr11	47836884	47837006	123	*
chr1	169527960	169528127	168	*
chr11	48167202	48167313	112	*
chr11	57327710	57327882	173	*
chr11	57332621	57332857	237	*
chr11	57332957	57333152	196	*
chr11	57333429	57333543	115	*
chr1	20652379	20652531	153	*
chr11	57334458	57334651	194	*
chr11	57368006	57368108	103	*
chr11	57513956	57514111	156	*
chr11	57528733	57528920	188	*
chr1	169530841	169531037	197	*
chr11	57659475	57660084	610	*
chr11	57660762	57661111	350	*
chr11	57673008	57673199	192	*
chr1	169546436	169546596	161	*
chr11	57690309	57690440	132	*
chr11	57693781	57693920	140	*
chr11	57704714	57704831	118	*
chr1	169549797	169550026	230	*
chr11	57712616	57712812	197	*
chr11	57745842	57746157	316	*
chr11	57791478	57791677	200	*
chr11	57803617	57803807	191	*
chr11	57804661	57804784	124	*
chr11	57808388	57808546	159	*
chr1	169552541	169552737	197	*
chr11	58528041	58528195	155	*
chr11	58549967	58550120	154	*
chr1	169556639	169556841	203	*
chr11	59189159	59189325	167	*
chr11	59192096	59192252	157	*
chr11	59195206	59195374	169	*
chr11	59204674	59204908	235	*
chr11	59212192	59212335	144	*
chr11	59212378	59212778	401	*
chr11	59576803	59577027	225	*
chr1	169560550	169560777	228	*
chr11	59580169	59580271	103	*
chr11	59581446	59581557	112	*
chr11	59593599	59593732	134	*
chr11	59639044	59639199	156	*
chr11	59642878	59643037	160	*
chr11	59651538	59651653	116	*
chr11	59652459	59652589	131	*
chr11	59666848	59666966	119	*
chr11	59792104	59792221	118	*
chr11	59795364	59795487	124	*
chr11	59797260	59797362	103	*
chr11	59806367	59806834	468	*
chr11	60899146	60899306	161	*
chr11	60903710	60903864	155	*
chr11	61134034	61134209	176	*
chr11	61300804	61300952	149	*
chr11	61302577	61302758	182	*
chr11	61303041	61303157	117	*
chr11	61303863	61304037	175	*
chr11	61310293	61310421	129	*
chr11	61314306	61314488	183	*
chr11	61321593	61321699	107	*
chr11	61322292	61322414	123	*
chr11	61329360	61329586	227	*
chr11	61329954	61330080	127	*
chr11	61339256	61339440	185	*
chr11	61346349	61346498	150	*
chr11	61353778	61354003	226	*
chr11	61366042	61366221	180	*
chr11	61397772	61397979	208	*
chr11	61411789	61411955	167	*
chr11	61527910	61528188	279	*
chr11	61532984	61533131	148	*
chr11	61773964	61774166	203	*
chr11	61776319	61776438	120	*
chr11	61777262	61777469	208	*
chr11	61779261	61779375	115	*
chr1	169804072	169804183	112	*
chr11	61795364	61795962	599	*
chr11	61878510	61878637	128	*
chr11	61878742	61878851	110	*
chr1	169805992	169806093	102	*
chr11	61964727	61964893	167	*
chr11	62534997	62535193	197	*
chr1	20652849	20652974	126	*
chr1	169827048	169827207	160	*
chr11	62560064	62560195	132	*
chr11	62567417	62567531	115	*
chr11	62576904	62577023	120	*
chr11	62577177	62577294	118	*
chr11	62578559	62578706	148	*
chr11	62597606	62597714	109	*
chr1	169829243	169829454	212	*
chr11	62608537	62608654	118	*
chr11	62616501	62616702	202	*
chr11	62634277	62634390	114	*
chr11	62647060	62647504	445	*
chr11	62677939	62678121	183	*
chr11	62716979	62717191	213	*
chr1	169859036	169859218	183	*
chr11	62721815	62721948	134	*
chr11	62722119	62722382	264	*
chr11	62722595	62722719	125	*
chr11	62723584	62723734	151	*
chr11	62752242	62752418	177	*
chr11	62753264	62753664	401	*
chr11	62761793	62761909	117	*
chr11	62777975	62778131	157	*
chr11	62794252	62794402	151	*
chr11	62807461	62807631	171	*
chr11	62831161	62831278	118	*
chr11	63631068	63631216	149	*
chr11	63631239	63631473	235	*
chr11	63643355	63643498	144	*
chr11	63652467	63652577	111	*
chr11	63658759	63658910	152	*
chr11	63704818	63704974	157	*
chr11	63749984	63750201	218	*
chr11	63765932	63766142	211	*
chr11	63899871	63900114	244	*
chr11	63900557	63900683	127	*
chr11	63945834	63945939	106	*
chr11	64116355	64117130	776	*
chr1	20653621	20653776	156	*
chr1	169875975	169876114	140	*
chr11	64194187	64194332	146	*
chr11	64197269	64197400	132	*
chr11	64200170	64200295	126	*
chr11	64203447	64203628	182	*
chr11	64211642	64211750	109	*
chr1	169878628	169878831	204	*
chr11	64685643	64685952	310	*
chr11	64751323	64751469	147	*
chr11	64752401	64752506	106	*
chr11	64753876	64754028	153	*
chr11	64754693	64754838	146	*
chr11	64755442	64755560	119	*
chr11	64757777	64757913	137	*
chr11	64758243	64758352	110	*
chr11	64765820	64766161	342	*
chr11	64767565	64767825	261	*
chr11	64769018	64769131	114	*
chr11	64807549	64807682	134	*
chr11	64859922	64860339	418	*
chr11	64874417	64874520	104	*
chr11	64905561	64905661	101	*
chr11	64926709	64926913	205	*
chr11	65109277	65109497	221	*
chr1	169981968	169982101	134	*
chr11	65120681	65120808	128	*
chr11	65132916	65133076	161	*
chr11	65340383	65340547	165	*
chr1	169984576	169984697	122	*
chr11	65341396	65341562	167	*
chr11	65345664	65345808	145	*
chr11	65345928	65346060	133	*
chr11	65346244	65346364	121	*
chr1	20654221	20654373	153	*
chr11	65607919	65608072	154	*
chr11	65608266	65608407	142	*
chr11	65613289	65613418	130	*
chr11	65618242	65618368	127	*
chr11	65855930	65856133	204	*
chr1	170024415	170024598	184	*
chr11	66043243	66043623	381	*
chr11	66061888	66062002	115	*
chr11	66067943	66068047	105	*
chr11	66472367	66472473	107	*
chr11	66475596	66475872	277	*
chr11	66523453	66523578	126	*
chr11	66523721	66523883	163	*
chr11	66551232	66551358	127	*
chr11	66557697	66557932	236	*
chr11	66624162	66624377	216	*
chr11	66676781	66677080	300	*
chr11	67044590	67044717	128	*
chr11	67045742	67045879	138	*
chr11	67207504	67207694	191	*
chr11	67215853	67215955	103	*
chr11	67217725	67217887	163	*
chr1	170055300	170055437	138	*
chr11	67250171	67250803	633	*
chr11	67252691	67252859	169	*
chr11	67253450	67253616	167	*
chr11	67254200	67254420	221	*
chr1	170146119	170146269	151	*
chr11	67282268	67282370	103	*
chr1	170166574	170166759	186	*
chr11	67398938	67399165	228	*
chr11	67405593	67405704	112	*
chr11	67999517	67999682	166	*
chr11	68166977	68167170	194	*
chr11	68171538	68171711	174	*
chr11	68173800	68173916	117	*
chr11	68347877	68348247	371	*
chr11	68357648	68357852	205	*
chr11	68429577	68429706	130	*
chr11	68433600	68433843	244	*
chr11	68537651	68537896	246	*
chr1	170544702	170544850	149	*
chr11	68762624	68762763	140	*
chr11	68807463	68807632	170	*
chr11	70103996	70104156	161	*
chr11	72008967	72009191	225	*
chr11	72018821	72018964	144	*
chr11	72093561	72093705	145	*
chr11	72095376	72095490	115	*
chr11	72098287	72098418	132	*
chr11	72099107	72099259	153	*
chr11	72108681	72108927	247	*
chr11	72230991	72231191	201	*
chr11	72231496	72231620	125	*
chr11	72232625	72232766	142	*
chr11	72232873	72232981	109	*
chr1	20655672	20655781	110	*
chr11	72293506	72293617	112	*
chr11	72294018	72294129	112	*
chr11	72294319	72294447	129	*
chr11	72301801	72301967	167	*
chr1	171193319	171193525	207	*
chr11	72588779	72588918	140	*
chr11	72693320	72693476	157	*
chr11	72696544	72696643	100	*
chr11	72696981	72697201	221	*
chr11	72697321	72697489	169	*
chr11	72711019	72711146	128	*
chr11	72842619	72842843	225	*
chr11	72843147	72843341	195	*
chr11	72849748	72849896	149	*
chr11	72902536	72902645	110	*
chr11	72988958	72989112	155	*
chr11	73140026	73140133	108	*
chr1	171258100	171258224	125	*
chr11	73352828	73353015	188	*
chr11	73363204	73363460	257	*
chr11	73364450	73364603	154	*
chr11	73407507	73407646	140	*
chr11	73409483	73409665	183	*
chr11	73411392	73411539	148	*
chr11	73718517	73718947	431	*
chr11	73859901	73860014	114	*
chr11	73964876	73965040	165	*
chr1	171512041	171512207	167	*
chr11	73966136	73966255	120	*
chr11	73968343	73968462	120	*
chr11	73969958	73970109	152	*
chr11	73975486	73975673	188	*
chr11	73976636	73976744	109	*
chr11	73977880	73978052	173	*
chr11	73978249	73978376	128	*
chr11	74004477	74004589	113	*
chr1	20660875	20660993	119	*
chr1	171512976	171513178	203	*
chr11	74049371	74049550	180	*
chr11	74078333	74078507	175	*
chr11	74095225	74095392	168	*
chr11	74106368	74106496	129	*
chr11	74230241	74230404	164	*
chr1	171515711	171515864	154	*
chr11	74246074	74246210	137	*
chr11	74336652	74336765	114	*
chr11	74338466	74338603	138	*
chr11	74345465	74345660	196	*
chr11	74351380	74351587	208	*
chr11	74492184	74492371	188	*
chr11	74612876	74613014	139	*
chr11	74697202	74697308	107	*
chr11	74703302	74703501	200	*
chr11	74710844	74710995	152	*
chr11	74969548	74969703	156	*
chr11	74976854	74977041	188	*
chr11	75163960	75164103	144	*
chr11	75400691	75400825	135	*
chr11	75404018	75404196	179	*
chr11	75404672	75404864	193	*
chr1	171536007	171536277	271	*
chr11	75441158	75441313	156	*
chr11	75462780	75462892	113	*
chr11	75477615	75477780	166	*
chr11	75568937	75569175	239	*
chr11	75571778	75572083	306	*
chr11	75608104	75608338	235	*
chr11	75784616	75784751	136	*
chr11	75879876	75880042	167	*
chr11	75961426	75961555	130	*
chr11	76141182	76141413	232	*
chr11	76191560	76191858	299	*
chr11	76194558	76194847	290	*
chr11	76458166	76458363	198	*
chr11	76463844	76464085	242	*
chr11	76472549	76472844	296	*
chr11	76513369	76513540	172	*
chr1	20666212	20666332	121	*
chr11	76535892	76536076	185	*
chr11	76537792	76537955	164	*
chr11	76544257	76544388	132	*
chr11	76661086	76661234	149	*
chr11	76795670	76796116	447	*
chr11	76796382	76796632	251	*
chr11	76926555	76926672	118	*
chr11	77115414	77115593	180	*
chr1	171541891	171542240	350	*
chr11	77155904	77156096	193	*
chr11	77156657	77156788	132	*
chr11	77157278	77157398	121	*
chr11	77160159	77160284	126	*
chr11	77162118	77162333	216	*
chr11	77172746	77172889	144	*
chr11	77174754	77174916	163	*
chr11	77177546	77177645	100	*
chr11	77179730	77179958	229	*
chr11	77181949	77182157	209	*
chr11	77189342	77189473	132	*
chr11	77192049	77192283	235	*
chr11	77194352	77194526	175	*
chr11	77201445	77201640	196	*
chr11	77203058	77203223	166	*
chr11	77204058	77204231	174	*
chr11	77211819	77211940	122	*
chr11	77336081	77336284	204	*
chr11	77343817	77343936	120	*
chr11	77624955	77625073	119	*
chr11	77740730	77740938	209	*
chr11	78104352	78104466	115	*
chr11	78109438	78109583	146	*
chr11	78112646	78112778	133	*
chr11	78114260	78114394	135	*
chr11	78124015	78124223	209	*
chr11	78173807	78174558	752	*
chr11	78197956	78198070	115	*
chr11	78199594	78199729	136	*
chr11	78219272	78219427	156	*
chr11	78220317	78220446	130	*
chr11	78226646	78227053	408	*
chr11	78657981	78658696	716	*
chr11	78668933	78670559	1627	*
chr11	78672032	78672334	303	*
chr1	171579825	171579971	147	*
chr11	78701519	78702405	887	*
chr11	78722665	78722919	255	*
chr11	78726077	78726225	149	*
chr11	78756803	78757026	224	*
chr11	78770989	78771150	162	*
chr11	78786895	78787090	196	*
chr11	78805288	78805495	208	*
chr11	78862954	78863156	203	*
chr1	171584417	171584584	168	*
chr11	82838383	82838490	108	*
chr1	171588340	171588513	174	*
chr11	82849045	82849147	103	*
chr11	82853173	82853286	114	*
chr11	82982166	82982417	252	*
chr11	82994034	82994133	100	*
chr11	83161290	83161520	231	*
chr11	83165901	83166719	819	*
chr11	83167119	83167311	193	*
chr11	83168414	83168596	183	*
chr1	171710706	171710828	123	*
chr11	83169417	83169996	580	*
chr11	83171810	83171917	108	*
chr11	83177100	83177210	111	*
chr11	83180995	83181198	204	*
chr11	83182388	83182495	108	*
chr1	171783738	171784143	406	*
chr11	83211291	83211433	143	*
chr11	83224853	83225061	209	*
chr11	83245492	83245601	110	*
chr11	83265862	83265981	120	*
chr1	171784182	171784363	182	*
chr11	83459635	83459926	292	*
chr11	83466701	83466831	131	*
chr11	83469195	83469375	181	*
chr11	83471618	83471730	113	*
chr1	20682651	20682886	236	*
chr11	83541679	83541861	183	*
chr11	83833608	83833777	170	*
chr11	83965318	83965475	158	*
chr11	84098919	84099060	142	*
chr11	84317009	84317173	165	*
chr1	171792032	171792221	190	*
chr11	84922859	84923412	554	*
chr1	171794407	171794533	127	*
chr11	85696180	85696390	211	*
chr11	85697975	85698080	106	*
chr11	85704852	85705048	197	*
chr11	85714405	85714523	119	*
chr1	172042004	172042146	143	*
chr11	85757620	85757728	109	*
chr1	172044371	172044471	101	*
chr11	85981124	85981239	116	*
chr11	85990236	85990451	216	*
chr11	86000640	86000784	145	*
chr1	172048610	172048756	147	*
chr11	86012274	86012394	121	*
chr11	86031465	86031614	150	*
chr11	86250293	86250454	162	*
chr11	86256359	86256517	159	*
chr11	86257500	86257599	100	*
chr11	86264170	86264269	100	*
chr11	86266081	86266219	139	*
chr11	86268453	86268568	116	*
chr11	86276978	86277141	164	*
chr1	172131173	172131292	120	*
chr11	86344601	86344726	126	*
chr11	86441291	86441442	152	*
chr11	86446312	86446490	179	*
chr11	86447061	86447214	154	*
chr11	86450298	86450400	103	*
chr11	86465089	86465202	114	*
chr11	86487329	86487450	122	*
chr11	86497959	86498118	160	*
chr11	86556548	86556704	157	*
chr11	86559688	86559827	140	*
chr11	86808012	86808257	246	*
chr11	86808286	86808795	510	*
chr11	86951143	86952479	1337	*
chr11	87067691	87067827	137	*
chr11	87071516	87071617	102	*
chr1	20690185	20690337	153	*
chr11	88149671	88149958	288	*
chr11	88175178	88175367	190	*
chr11	88294014	88294383	370	*
chr11	88508587	88508771	185	*
chr11	88567050	88567995	946	*
chr11	88597181	88597355	175	*
chr11	88653149	88653412	264	*
chr11	88849900	88850166	267	*
chr11	89178006	89178123	118	*
chr11	89178149	89178714	566	*
chr11	89191262	89191422	161	*
chr11	89326754	89326880	127	*
chr1	172253571	172253687	117	*
chr11	89342066	89342200	135	*
chr11	89373422	89373523	102	*
chr11	90152296	90152488	193	*
chr11	90163307	90163433	127	*
chr11	90205454	90205571	118	*
chr11	90214015	90214179	165	*
chr11	92352171	92353309	1139	*
chr11	92353439	92355408	1970	*
chr1	172387127	172387346	220	*
chr11	92774015	92774182	168	*
chr11	92789941	92790223	283	*
chr11	92792757	92792983	227	*
chr11	92797834	92801196	3363	*
chr11	92801231	92801914	684	*
chr1	172441729	172442291	563	*
chr11	92806360	92806520	161	*
chr11	92809841	92810082	242	*
chr11	92831620	92831983	364	*
chr11	92843931	92844738	808	*
chr11	92857212	92857352	141	*
chr1	20704463	20704902	440	*
chr11	92880726	92880878	153	*
chr1	172551504	172551628	125	*
chr11	93162700	93162884	185	*
chr11	93165913	93166018	106	*
chr11	93182797	93182896	100	*
chr11	93185685	93185816	132	*
chr11	93355368	93355548	181	*
chr11	93370071	93370189	119	*
chr11	93479012	93479192	181	*
chr11	93669675	93669775	101	*
chr11	93755200	93755389	190	*
chr11	93757314	93757470	157	*
chr1	172569010	172569145	136	*
chr11	93787998	93788170	173	*
chr11	93794905	93795065	161	*
chr11	93807499	93807638	140	*
chr11	93809714	93809879	166	*
chr1	172570040	172570173	134	*
chr11	94021443	94021544	102	*
chr11	94063506	94063723	218	*
chr11	94064329	94064515	187	*
chr11	94067485	94067752	268	*
chr11	94073306	94073445	140	*
chr11	94075172	94075387	216	*
chr11	94104525	94104753	229	*
chr11	94179743	94179898	156	*
chr11	94380258	94380760	503	*
chr11	94396393	94396528	136	*
chr11	94459406	94459583	178	*
chr11	94464109	94464245	137	*
chr11	94471569	94471761	193	*
chr11	94478730	94478878	149	*
chr11	94490827	94490980	154	*
chr11	94498069	94498524	456	*
chr11	94545340	94545726	387	*
chr11	94619995	94620149	155	*
chr11	94799388	94799808	421	*
chr11	94853939	94854084	146	*
chr1	20747542	20747658	117	*
chr11	94859564	94859720	157	*
chr11	94969986	94970096	111	*
chr1	172588809	172589046	238	*
chr11	95177714	95177912	199	*
chr11	95184441	95184588	148	*
chr11	95775918	95776027	110	*
chr11	95778818	95778963	146	*
chr11	95783057	95783275	219	*
chr11	95813462	95813592	131	*
chr11	95841614	95841718	105	*
chr11	95847709	95847906	198	*
chr11	95850594	95850767	174	*
chr11	95861987	95862104	118	*
chr11	95862267	95862368	102	*
chr11	95888149	95888263	115	*
chr11	95979772	95979979	208	*
chr11	95991516	95991760	245	*
chr1	172609811	172610259	449	*
chr1	20749734	20749931	198	*
chr11	100070421	100070564	144	*
chr1	172665649	172665777	129	*
chr11	100191105	100191258	154	*
chr11	100193486	100193671	186	*
chr11	100271090	100271244	155	*
chr11	100308310	100308478	169	*
chr1	173477396	173477498	103	*
chr11	100933149	100933265	117	*
chr1	173481349	173481484	136	*
chr11	100943753	100943873	121	*
chr11	100988710	100988949	240	*
chr11	101039069	101039284	216	*
chr11	101049924	101050061	138	*
chr11	101051417	101051581	165	*
chr11	101062442	101062755	314	*
chr11	101482935	101483171	237	*
chr11	101491632	101491741	110	*
chr11	101504019	101504814	796	*
chr11	101894873	101895067	195	*
chr11	101900428	101900556	129	*
chr11	101902618	101902733	116	*
chr11	102066478	102066657	180	*
chr11	102114142	102114400	259	*
chr11	102185994	102186156	163	*
chr11	102350843	102350947	105	*
chr11	102401533	102401657	125	*
chr1	173521298	173521404	107	*
chr11	102842426	102842526	101	*
chr11	102945643	102945765	123	*
chr11	102947888	102948060	173	*
chr1	173733781	173734292	512	*
chr11	102949021	102949160	140	*
chr11	102952009	102952183	175	*
chr11	103064267	103064380	114	*
chr1	173751759	173751926	168	*
chr11	103066453	103066571	119	*
chr11	103089215	103089331	117	*
chr11	103113527	103113712	186	*
chr11	103115175	103115300	126	*
chr11	103120687	103120805	119	*
chr11	103120910	103121040	131	*
chr11	103121356	103121510	155	*
chr11	103125088	103125299	212	*
chr11	103133553	103133713	161	*
chr11	103135493	103135639	147	*
chr11	103135718	103135950	233	*
chr11	103143266	103143398	133	*
chr11	103148488	103148622	135	*
chr11	103152126	103152287	162	*
chr11	103153300	103153514	215	*
chr11	103156371	103156776	406	*
chr1	173756965	173757159	195	*
chr11	103168753	103168963	211	*
chr11	103170879	103171071	193	*
chr11	103173076	103173309	234	*
chr11	103174053	103174175	123	*
chr11	103176230	103176450	221	*
chr11	103177554	103177821	268	*
chr11	103179019	103179236	218	*
chr11	103181755	103181892	138	*
chr11	103186251	103186504	254	*
chr11	103199226	103199481	256	*
chr11	103200044	103200158	115	*
chr11	103204820	103204971	152	*
chr11	103211779	103211946	168	*
chr1	173774294	173774441	148	*
chr11	103215719	103215858	140	*
chr11	103222024	103222157	134	*
chr11	103245249	103245380	132	*
chr11	103255413	103255538	126	*
chr11	103256095	103256248	154	*
chr11	103286249	103286390	142	*
chr11	103303087	103303255	169	*
chr11	103307712	103307833	122	*
chr11	103311876	103312038	163	*
chr11	103358241	103358359	119	*
chr1	173782115	173782241	127	*
chr11	103996057	103996247	191	*
chr11	105861996	105862212	217	*
chr11	105918675	105918931	257	*
chr11	105924397	105924775	379	*
chr11	105926712	105926944	233	*
chr11	105933713	105934128	416	*
chr11	105974308	105974755	448	*
chr11	106687495	106687766	272	*
chr11	106939455	106940205	751	*
chr11	106978598	106978757	160	*
chr1	173826685	173826790	106	*
chr11	107326918	107327069	152	*
chr11	107336555	107336719	165	*
chr11	107433628	107433754	127	*
chr11	107522291	107522557	267	*
chr11	107532292	107532408	117	*
chr11	107553841	107553949	109	*
chr11	107631574	107631685	112	*
chr11	107635634	107635770	137	*
chr11	107665022	107665197	176	*
chr11	107802997	107803160	164	*
chr11	107811663	107811797	135	*
chr1	173833368	173833506	139	*
chr11	108049882	108050071	190	*
chr11	108054843	108054962	120	*
chr11	108070090	108070195	106	*
chr11	108073379	108073503	125	*
chr11	108094378	108094517	140	*
chr11	108104172	108104707	536	*
chr1	20773446	20773613	168	*
chr1	173839365	173839487	123	*
chr11	108135132	108135247	116	*
chr11	108138895	108139045	151	*
chr11	108141599	108141702	104	*
chr11	108146200	108146365	166	*
chr11	108160875	108161266	392	*
chr1	173840858	173840991	134	*
chr11	108172194	108172498	305	*
chr11	108176991	108177098	108	*
chr11	108229173	108229280	108	*
chr11	108243950	108244120	171	*
chr11	108244807	108245028	222	*
chr11	108256233	108256345	113	*
chr11	108272720	108272855	136	*
chr1	173857516	173857693	178	*
chr11	108289576	108289805	230	*
chr11	108301640	108301791	152	*
chr11	108310158	108310322	165	*
chr11	108316009	108316115	107	*
chr1	173870225	173871150	926	*
chr11	108325347	108325547	201	*
chr11	108326049	108326228	180	*
chr1	173873463	173873571	109	*
chr11	108481175	108481377	203	*
chr11	108482003	108482225	223	*
chr11	108541647	108541818	172	*
chr1	173885606	173886124	519	*
chr11	108678299	108678440	142	*
chr11	108719790	108719893	104	*
chr11	110136984	110137420	437	*
chr11	110159254	110159496	243	*
chr11	110163271	110163383	113	*
chr11	110164339	110165238	900	*
chr11	110247701	110247843	143	*
chr11	110253944	110254120	177	*
chr11	110263951	110264240	290	*
chr11	110456916	110457052	137	*
chr11	110579990	110580188	199	*
chr11	110581063	110581228	166	*
chr11	111497993	111498136	144	*
chr11	111498600	111498776	177	*
chr1	173914551	173914847	297	*
chr11	111549616	111549779	164	*
chr11	111560172	111560456	285	*
chr11	111616241	111616362	122	*
chr11	111701441	111701578	138	*
chr11	111703178	111703428	251	*
chr11	111704975	111705143	169	*
chr11	111719773	111720005	233	*
chr11	111742521	111742669	149	*
chr11	111743370	111743533	164	*
chr11	111755293	111755452	160	*
chr11	111759802	111759955	154	*
chr11	111838247	111838381	135	*
chr11	111840643	111840825	183	*
chr11	111974144	111974257	114	*
chr11	111974874	111974986	113	*
chr11	112045858	112045972	115	*
chr11	112059902	112060068	167	*
chr11	112085299	112085464	166	*
chr11	112088851	112089019	169	*
chr11	113205517	113205671	155	*
chr11	113206028	113206188	161	*
chr11	113207831	113208005	175	*
chr11	113232716	113232819	104	*
chr11	113233144	113233322	179	*
chr1	173943429	173943664	236	*
chr11	113260138	113260326	189	*
chr11	113410725	113410923	199	*
chr11	113412550	113412879	330	*
chr11	113415419	113415617	199	*
chr1	173947367	173947599	233	*
chr11	113424361	113424659	299	*
chr11	113736618	113736826	209	*
chr11	113738259	113738396	138	*
chr11	113747529	113747714	186	*
chr11	113748254	113748370	117	*
chr11	113799241	113799418	178	*
chr1	173951979	173952142	164	*
chr11	113809107	113809221	115	*
chr11	113827231	113827361	131	*
chr11	114063275	114063695	421	*
chr11	114063717	114063959	243	*
chr11	114444534	114444656	123	*
chr1	173970500	173970637	138	*
chr11	115190866	115191073	208	*
chr11	115214596	115214783	188	*
chr1	173982722	173982910	189	*
chr1	173983412	173983671	260	*
chr1	173984495	173984632	138	*
chr1	174231183	174231362	180	*
chr1	174250453	174250636	184	*
chr11	116757764	116757965	202	*
chr11	116847471	116847610	140	*
chr11	116849114	116849289	176	*
chr11	116858328	116858685	358	*
chr11	116862199	116862338	140	*
chr11	116863665	116863843	179	*
chr11	116873472	116873641	170	*
chr11	116876247	116876366	120	*
chr11	116876919	116877047	129	*
chr11	117167517	117167627	111	*
chr11	117203070	117203199	130	*
chr11	117203305	117203485	181	*
chr11	117203781	117203887	107	*
chr11	117204213	117204360	148	*
chr11	117219586	117219760	175	*
chr11	117227154	117227322	169	*
chr11	117289566	117289813	248	*
chr11	117290892	117291050	159	*
chr11	117293051	117293190	140	*
chr1	174370972	174371077	106	*
chr11	117397111	117397237	127	*
chr11	117437122	117437411	290	*
chr11	117438883	117438985	103	*
chr11	117439264	117439432	169	*
chr11	117443884	117444042	159	*
chr11	117450547	117450698	152	*
chr11	117464937	117465184	248	*
chr11	117503839	117504031	193	*
chr11	117524800	117525085	286	*
chr11	117776786	117776940	155	*
chr11	117780491	117780789	299	*
chr11	118260100	118260204	105	*
chr11	118373489	118373693	205	*
chr11	118374893	118375231	339	*
chr11	118384826	118384947	122	*
chr11	118390652	118390816	165	*
chr11	118392736	118392898	163	*
chr11	118406900	118407105	206	*
chr11	118408992	118409099	108	*
chr11	118488612	118488763	152	*
chr11	118489790	118489894	105	*
chr11	118490123	118490251	129	*
chr11	118502393	118502524	132	*
chr11	118503669	118503911	243	*
chr11	118504350	118505283	934	*
chr1	174448036	174449305	1270	*
chr11	118519616	118519798	183	*
chr11	118519954	118520069	116	*
chr11	118521895	118522176	282	*
chr11	118552212	118552342	131	*
chr11	118581242	118581512	271	*
chr11	118590339	118590508	170	*
chr11	118597705	118597913	209	*
chr11	118624932	118625061	130	*
chr11	118631941	118632056	116	*
chr1	20807032	20807507	476	*
chr11	118754699	118754889	191	*
chr11	118758774	118758904	131	*
chr11	118759916	118760047	132	*
chr11	118763208	118763310	103	*
chr11	118765204	118765357	154	*
chr11	118768216	118768358	143	*
chr11	119046600	119046805	206	*
chr11	119055179	119055341	163	*
chr11	119091398	119091514	117	*
chr11	119095230	119095355	126	*
chr11	119097852	119098046	195	*
chr11	119100257	119100411	155	*
chr11	119100625	119100846	222	*
chr11	119101013	119101141	129	*
chr11	119131539	119131648	110	*
chr11	119131825	119131987	163	*
chr1	174702108	174702261	154	*
chr11	119132682	119132786	105	*
chr11	119133109	119133222	114	*
chr11	119183185	119183423	239	*
chr11	119187577	119187702	126	*
chr11	119188352	119188543	192	*
chr11	119232445	119232704	260	*
chr11	119271725	119271887	163	*
chr11	119273866	119274029	164	*
chr11	119278508	119278714	207	*
chr1	174800304	174800446	143	*
chr11	119675152	119675313	162	*
chr11	120137226	120137527	302	*
chr11	120225659	120225800	142	*
chr11	120226814	120226998	185	*
chr1	174811819	174811963	145	*
chr11	120305642	120305790	149	*
chr11	120309423	120309591	169	*
chr11	120420751	120420860	110	*
chr11	120448230	120448350	121	*
chr11	120451504	120451617	114	*
chr11	120802679	120802863	185	*
chr11	120819752	120819925	174	*
chr1	174877486	174877611	126	*
chr11	120905247	120905498	252	*
chr11	120940345	120940584	240	*
chr11	120956777	120956958	182	*
chr11	120960908	120961078	171	*
chr11	120982103	120982228	126	*
chr1	20810732	20810890	159	*
chr11	120986069	120986260	192	*
chr11	121053549	121053737	189	*
chr11	121055041	121055313	273	*
chr11	121058333	121058473	141	*
chr11	121086771	121087098	328	*
chr11	121109204	121109502	299	*
chr11	121113070	121113211	142	*
chr11	121113551	121113677	127	*
chr11	121127760	121128151	392	*
chr11	121129782	121130217	436	*
chr11	121165260	121165391	132	*
chr11	121166576	121166785	210	*
chr11	121168033	121168220	188	*
chr11	121168674	121168932	259	*
chr11	121187830	121188000	171	*
chr11	121190703	121190817	115	*
chr11	121470004	121470131	128	*
chr11	121488029	121488185	157	*
chr1	174978788	174978894	107	*
chr11	121513001	121513106	106	*
chr11	121514150	121514326	177	*
chr11	121520655	121520852	198	*
chr11	121570155	121570276	122	*
chr11	121574239	121574367	129	*
chr11	121590038	121590176	139	*
chr11	121619751	121619921	171	*
chr11	121627584	121627773	190	*
chr1	175006727	175006847	121	*
chr11	122783051	122783226	176	*
chr11	122789098	122789314	217	*
chr11	122808065	122808180	116	*
chr11	122809746	122809884	139	*
chr11	122981405	122981671	267	*
chr1	175009921	175010070	150	*
chr11	123074698	123074848	151	*
chr11	123083733	123083850	118	*
chr11	123084508	123084715	208	*
chr11	123605320	123605480	161	*
chr11	123608656	123608804	149	*
chr11	123610195	123610340	146	*
chr11	123613453	123613659	207	*
chr11	123619097	123619229	133	*
chr11	124617271	124617447	177	*
chr11	124619294	124619502	209	*
chr11	124626904	124627037	134	*
chr11	124767546	124768037	492	*
chr11	124774711	124775000	290	*
chr1	175080152	175080431	280	*
chr11	124870600	124870733	134	*
chr11	124874785	124874916	132	*
chr11	124886495	124886667	173	*
chr11	124923724	124924012	289	*
chr11	124924724	124925071	348	*
chr11	125005102	125005217	116	*
chr1	175098330	175098569	240	*
chr11	125385541	125385728	188	*
chr11	125397871	125398070	200	*
chr1	175118549	175118827	279	*
chr11	125410775	125410881	107	*
chr11	125411744	125411870	127	*
chr11	125429956	125430150	195	*
chr11	125481528	125481652	125	*
chr11	125489462	125489788	327	*
chr11	125602301	125602428	128	*
chr11	125602800	125602955	156	*
chr11	125609432	125609591	160	*
chr11	125619995	125620134	140	*
chr11	125627594	125627833	240	*
chr11	125633152	125633356	205	*
chr11	125653742	125653850	109	*
chr11	125989633	125989771	139	*
chr11	126204227	126204330	104	*
chr11	126209516	126209677	162	*
chr1	175136809	175136992	184	*
chr11	126276057	126276164	108	*
chr11	126277432	126277628	197	*
chr11	126407244	126407354	111	*
chr11	126408090	126408194	105	*
chr11	126409260	126409413	154	*
chr11	126413496	126413654	159	*
chr11	126431414	126431529	116	*
chr11	126521310	126521470	161	*
chr1	175324351	175324522	172	*
chr1	20825098	20825213	116	*
chr1	175335691	175335818	128	*
chr1	175337523	175337683	161	*
chr1	175354386	175354525	140	*
chr1	175355496	175355642	147	*
chr11	128462361	128462591	231	*
chr11	128463506	128463631	126	*
chr11	128480186	128480470	285	*
chr11	128489286	128489495	210	*
chr11	128490454	128490583	130	*
chr11	128556286	128556437	152	*
chr11	128768113	128768275	163	*
chr11	128772771	128772991	221	*
chr11	128810457	128810623	167	*
chr1	175365008	175365286	279	*
chr11	128839124	128840191	1068	*
chr11	128911268	128912216	949	*
chr11	128970193	128970445	253	*
chr11	128974046	128974174	129	*
chr11	128978765	128978927	163	*
chr11	128980548	128980762	215	*
chr11	129164315	129164430	116	*
chr11	129451134	129451249	116	*
chr11	129855699	129855894	196	*
chr11	129864725	129864854	130	*
chr11	129864961	129865103	143	*
chr11	129865871	129865993	123	*
chr11	129873741	129874025	285	*
chr1	175391282	175391445	164	*
chr11	129888586	129888797	212	*
chr11	129902314	129902527	214	*
chr11	129915659	129915863	205	*
chr11	129924873	129925246	374	*
chr11	129942423	129942644	222	*
chr1	175396534	175396818	285	*
chr11	129944769	129945024	256	*
chr11	130109427	130109607	181	*
chr11	130110539	130110669	131	*
chr11	130123585	130123784	200	*
chr1	175403134	175403622	489	*
chr11	130130032	130130168	137	*
chr11	130133626	130133734	109	*
chr11	130141917	130142079	163	*
chr1	175406212	175406717	506	*
chr11	130236655	130237096	442	*
chr11	130260846	130261877	1032	*
chr11	130405856	130406130	275	*
chr11	130449597	130449809	213	*
chr11	130461486	130461626	141	*
chr11	130462085	130462271	187	*
chr11	130470917	130471105	189	*
chr11	130471205	130471389	185	*
chr11	130473045	130473386	342	*
chr11	130903250	130903369	120	*
chr1	176046178	176046329	152	*
chr11	132212013	132212151	139	*
chr1	20853555	20853679	125	*
chr11	132436654	132436785	132	*
chr11	132437216	132437383	168	*
chr1	176175901	176176031	131	*
chr11	132657082	132657323	242	*
chr1	176670998	176671120	123	*
chr1	176690130	176690433	304	*
chr1	176695727	176695865	139	*
chr1	176699295	176699536	242	*
chr11	133920175	133921130	956	*
chr11	133925734	133925967	234	*
chr11	133937373	133937500	128	*
chr11	133937805	133937970	166	*
chr1	176709976	176710167	192	*
chr11	134239989	134240162	174	*
chr11	134248814	134248961	148	*
chr11	134259606	134259758	153	*
chr12	138262	138682	421	*
chr12	221372	221548	177	*
chr12	223126	223236	111	*
chr12	224398	224515	118	*
chr12	227561	227671	111	*
chr12	243673	243824	152	*
chr12	259846	260064	219	*
chr12	285536	285676	141	*
chr12	292754	293171	418	*
chr12	295571	295795	225	*
chr12	297038	297206	169	*
chr12	323599	323787	189	*
chr1	176791341	176791487	147	*
chr12	441772	441920	149	*
chr12	827040	827277	238	*
chr12	829949	830168	220	*
chr12	859243	859468	226	*
chr12	861011	861167	157	*
chr12	867796	868035	240	*
chr12	879760	880047	288	*
chr12	880688	881006	319	*
chr1	176864291	176864523	233	*
chr12	882938	883062	125	*
chr12	885593	886088	496	*
chr12	896503	896737	235	*
chr12	1027903	1028574	672	*
chr1	176876534	176876640	107	*
chr12	1141618	1141789	172	*
chr12	1183279	1183423	145	*
chr12	1262979	1263171	193	*
chr12	1592861	1593049	189	*
chr12	1777852	1778028	177	*
chr12	1780485	1780616	132	*
chr12	1780912	1781081	170	*
chr12	1783878	1784079	202	*
chr12	1830933	1831530	598	*
chr12	1834266	1834721	456	*
chr12	1882864	1883002	139	*
chr12	1886219	1886374	156	*
chr12	2115222	2115554	333	*
chr12	2457565	2457712	148	*
chr1	176894656	176894836	181	*
chr12	2512809	2512964	156	*
chr12	2549936	2550039	104	*
chr12	2567567	2567797	231	*
chr12	2593214	2593347	134	*
chr12	2595872	2596006	135	*
chr12	2605676	2605788	113	*
chr12	2608509	2608713	205	*
chr12	2611900	2612018	119	*
chr12	2633565	2633739	175	*
chr1	176934147	176934350	204	*
chr12	2651605	2651771	167	*
chr12	2664823	2664995	173	*
chr12	2797135	2797285	151	*
chr12	2798704	2798831	128	*
chr12	2799094	2799249	156	*
chr12	2800390	2800581	192	*
chr12	2801115	2801360	246	*
chr12	2823768	2823948	181	*
chr12	2865314	2865438	125	*
chr12	2866385	2866524	140	*
chr12	2868560	2868724	165	*
chr12	2938111	2938290	180	*
chr1	176949179	176949357	179	*
chr12	2994760	2994997	238	*
chr12	3017396	3017533	138	*
chr12	3037965	3038112	148	*
chr12	3040102	3040261	160	*
chr12	3278410	3278617	208	*
chr12	3280380	3280485	106	*
chr12	3281196	3281333	138	*
chr12	3549933	3550096	164	*
chr12	3568687	3568863	177	*
chr12	3576868	3576994	127	*
chr12	3583056	3583210	155	*
chr12	3592229	3592357	129	*
chr12	3673444	3673573	130	*
chr12	4434214	4434394	181	*
chr12	4445218	4445780	563	*
chr12	4534155	4534304	150	*
chr12	4615739	4615897	159	*
chr12	4627769	4628085	317	*
chr12	4669732	4669834	103	*
chr12	4810147	4810638	492	*
chr12	4810822	4810998	177	*
chr12	4811038	4811495	458	*
chr12	4911376	4912865	1490	*
chr12	5044506	5044812	307	*
chr12	5045317	5045730	414	*
chr12	5494447	5495197	751	*
chr1	20862226	20862334	109	*
chr1	177023401	177023556	156	*
chr12	5575834	5576018	185	*
chr12	5578361	5578526	166	*
chr12	5599478	5599641	164	*
chr12	5744151	5744313	163	*
chr12	6023625	6023789	165	*
chr12	6232630	6232734	105	*
chr12	6354433	6354557	125	*
chr12	6374366	6374647	282	*
chr12	6465840	6466002	163	*
chr12	6521920	6522039	120	*
chr12	6522822	6523003	182	*
chr12	6526446	6526583	138	*
chr12	6527966	6528094	129	*
chr12	6536492	6536592	101	*
chr12	6537733	6537999	267	*
chr12	6548060	6548164	105	*
chr12	6548421	6548554	134	*
chr1	177032454	177032857	404	*
chr12	6555252	6555449	198	*
chr12	6560442	6560572	131	*
chr12	6560929	6561072	144	*
chr12	6561661	6561806	146	*
chr12	6563312	6563531	220	*
chr12	6591461	6591586	126	*
chr12	6591913	6592059	147	*
chr12	6592690	6592821	132	*
chr12	6593088	6593233	146	*
chr12	6594457	6594656	200	*
chr12	6601645	6601768	124	*
chr12	6601957	6602148	192	*
chr12	6653259	6653398	140	*
chr12	6672355	6672580	226	*
chr12	6673236	6673456	221	*
chr12	6678125	6678264	140	*
chr1	177255916	177256114	199	*
chr12	6697283	6697559	277	*
chr12	6724663	6724823	161	*
chr12	6730400	6730512	113	*
chr12	6823935	6824515	581	*
chr1	20864472	20864714	243	*
chr1	177257284	177257388	105	*
chr12	6837730	6837852	123	*
chr12	6838998	6839138	141	*
chr12	6843773	6843983	211	*
chr12	6855398	6855529	132	*
chr1	177273486	177273598	113	*
chr12	6856705	6856893	189	*
chr12	6857627	6857728	102	*
chr12	6858421	6858623	203	*
chr12	6862458	6862573	116	*
chr1	177276195	177276439	245	*
chr12	6906407	6906664	258	*
chr12	6917573	6917719	147	*
chr12	6917938	6918166	229	*
chr12	6919564	6919766	203	*
chr12	6921578	6921787	210	*
chr12	6938864	6939182	319	*
chr12	6940877	6941028	152	*
chr1	177280594	177281527	934	*
chr12	6951980	6952183	204	*
chr12	6956455	6956571	117	*
chr12	6957934	6958078	145	*
chr12	6968406	6968597	192	*
chr12	6977596	6977698	103	*
chr12	6981001	6981172	172	*
chr12	7089291	7089491	201	*
chr12	7090050	7090250	201	*
chr12	7133021	7133155	135	*
chr12	7135801	7135957	157	*
chr12	7142851	7143029	179	*
chr12	7143161	7143316	156	*
chr12	7148970	7149203	234	*
chr12	7150925	7151071	147	*
chr12	7191224	7191361	138	*
chr12	7202238	7202356	119	*
chr12	7209681	7209845	165	*
chr12	7922816	7923009	194	*
chr12	8049360	8049574	215	*
chr12	8059783	8060115	333	*
chr12	8089934	8090040	107	*
chr12	8713863	8714046	184	*
chr12	8753888	8754097	210	*
chr12	8773318	8773888	571	*
chr1	20865106	20865264	159	*
chr12	8917666	8917795	130	*
chr12	8921579	8921755	177	*
chr12	8922630	8922794	165	*
chr12	8942420	8942544	125	*
chr12	8943796	8943916	121	*
chr12	11839133	11839309	177	*
chr12	11869421	11869697	277	*
chr12	11869722	11869975	254	*
chr12	12124562	12124664	103	*
chr12	12130777	12130903	127	*
chr12	12131818	12132061	244	*
chr12	12147363	12147563	201	*
chr12	12158824	12159158	335	*
chr12	12159775	12159967	193	*
chr12	12162189	12162425	237	*
chr12	12181036	12181441	406	*
chr12	12186870	12187121	252	*
chr12	12203198	12203405	208	*
chr12	12435626	12435787	162	*
chr12	12519859	12520012	154	*
chr12	12520867	12521115	249	*
chr12	12661084	12661446	363	*
chr12	12718823	12718960	138	*
chr12	12823868	12824019	152	*
chr12	12908436	12908589	154	*
chr12	13055817	13055951	135	*
chr12	13066638	13066795	158	*
chr1	178283551	178283697	147	*
chr12	13562774	13563407	634	*
chr12	13563432	13564642	1211	*
chr12	13567018	13567265	248	*
chr12	13569825	13570020	196	*
chr12	13608600	13608835	236	*
chr12	13615111	13615269	159	*
chr1	20879318	20879522	205	*
chr1	178299984	178300123	140	*
chr12	13616452	13616687	236	*
chr12	13675721	13675861	141	*
chr12	13753312	13753919	608	*
chr12	13865794	13866233	440	*
chr12	14425188	14425434	247	*
chr12	14481005	14481190	186	*
chr12	14497652	14498074	423	*
chr12	14506930	14507032	103	*
chr12	14616629	14616734	106	*
chr12	14619206	14619311	106	*
chr12	14651403	14651513	111	*
chr12	15483972	15484249	278	*
chr12	15650821	15651008	188	*
chr12	15962811	15962950	140	*
chr12	16032522	16032657	136	*
chr12	16189668	16189818	151	*
chr12	16277319	16277555	237	*
chr12	16600650	16600877	228	*
chr1	178442672	178443234	563	*
chr1	178445503	178445665	163	*
chr12	18497605	18497750	146	*
chr1	178451569	178451720	152	*
chr12	19500090	19500227	138	*
chr12	19514668	19514788	121	*
chr1	178452400	178452655	256	*
chr1	178454445	178454652	208	*
chr12	20701315	20701462	148	*
chr12	20705947	20706087	141	*
chr12	20717129	20717235	107	*
chr12	21300438	21300580	143	*
chr12	21318779	21318927	149	*
chr12	21462736	21462864	129	*
chr12	21470991	21471104	114	*
chr12	21474836	21474981	146	*
chr12	21475674	21475827	154	*
chr12	21508374	21508566	193	*
chr12	21537018	21537189	172	*
chr12	21546342	21546472	131	*
chr12	21562913	21563040	128	*
chr12	21568861	21569012	152	*
chr12	21637068	21637196	129	*
chr12	21641950	21642127	178	*
chr12	21643933	21644110	178	*
chr12	21765746	21766622	877	*
chr12	21773315	21773640	326	*
chr12	21815761	21815895	135	*
chr12	21828952	21829065	114	*
chr1	178464266	178464415	150	*
chr12	21844764	21844902	139	*
chr12	21852095	21852230	136	*
chr12	21860967	21861069	103	*
chr12	21872619	21872732	114	*
chr12	21882763	21882878	116	*
chr1	178465918	178466127	210	*
chr12	21925936	21926047	112	*
chr12	22255273	22255403	131	*
chr12	22287143	22287296	154	*
chr12	22453892	22454045	154	*
chr12	22474748	22474897	150	*
chr12	22506708	22506821	114	*
chr12	22517966	22518236	271	*
chr12	22524469	22524640	172	*
chr12	22527716	22527898	183	*
chr1	178784398	178784527	130	*
chr12	23543206	23543390	185	*
chr12	23546310	23546426	117	*
chr1	20895365	20895504	140	*
chr1	178851129	178851348	220	*
chr1	178853590	178853790	201	*
chr1	178864948	178865673	726	*
chr1	178877464	178877640	177	*
chr12	24842079	24842233	155	*
chr12	25204085	25204300	216	*
chr12	25209626	25209916	291	*
chr12	25215430	25215608	179	*
chr12	25227232	25227417	186	*
chr12	26064496	26064808	313	*
chr12	26068685	26068818	134	*
chr12	26123624	26123748	125	*
chr12	26230703	26231024	322	*
chr12	26387429	26387599	171	*
chr12	26398870	26399047	178	*
chr12	26415301	26415505	205	*
chr1	178893910	178894032	123	*
chr12	26494150	26494342	193	*
chr12	26556227	26556377	151	*
chr12	26596878	26597140	263	*
chr12	26621185	26621298	114	*
chr12	26659108	26659288	181	*
chr12	26663683	26663848	166	*
chr12	26665908	26666053	146	*
chr12	26722391	26722558	168	*
chr12	26911175	26911321	147	*
chr12	26913453	26913689	237	*
chr12	26913972	26914131	160	*
chr12	26915996	26916188	193	*
chr12	26936573	26936820	248	*
chr12	26954155	26954295	141	*
chr12	26956539	26956665	127	*
chr12	27003243	27003392	150	*
chr12	27028282	27028461	180	*
chr12	27308336	27308473	138	*
chr12	27312548	27312675	128	*
chr12	27317334	27317459	126	*
chr12	27317894	27318021	128	*
chr12	27647727	27647844	118	*
chr1	179043689	179044228	540	*
chr12	27682385	27682504	120	*
chr12	27688296	27688427	132	*
chr12	27716299	27716462	164	*
chr12	27724041	27724191	151	*
chr12	27755176	27755297	122	*
chr12	27797709	27798147	439	*
chr1	179054526	179054649	124	*
chr12	28452473	28452657	185	*
chr1	179063913	179064105	193	*
chr12	29297019	29297206	188	*
chr1	179064302	179064499	198	*
chr12	29349072	29349187	116	*
chr12	29370110	29370230	121	*
chr12	29371526	29371668	143	*
chr12	29520616	29520722	107	*
chr12	30663487	30663656	170	*
chr1	179085626	179085898	273	*
chr12	30709901	30710347	447	*
chr12	30710369	30710485	117	*
chr12	30714956	30715148	193	*
chr12	30719073	30719184	112	*
chr12	30729218	30729328	111	*
chr12	31293802	31293929	128	*
chr12	31298075	31298213	139	*
chr12	31392263	31392399	137	*
chr12	31399649	31399775	127	*
chr1	179094954	179095218	265	*
chr12	31402496	31402654	159	*
chr12	31447535	31447771	237	*
chr1	179117327	179117521	195	*
chr12	31495804	31495927	124	*
chr12	32293992	32294149	158	*
chr12	32328214	32328360	147	*
chr12	32337492	32337712	221	*
chr12	32338681	32339023	343	*
chr12	32367569	32367752	184	*
chr12	32576256	32576453	198	*
chr12	32607955	32608099	145	*
chr12	32619692	32619875	184	*
chr12	32633544	32633693	150	*
chr12	32731349	32731513	165	*
chr12	32747199	32747370	172	*
chr12	32749934	32750110	177	*
chr12	32796102	32796300	199	*
chr12	32821354	32821505	152	*
chr12	32822464	32822636	173	*
chr12	34025861	34026086	226	*
chr1	179347594	179347701	108	*
chr12	38685484	38685619	136	*
chr12	39301474	39301681	208	*
chr12	39307562	39307733	172	*
chr12	39330739	39330914	176	*
chr12	39331688	39331793	106	*
chr12	39332211	39332412	202	*
chr12	39337094	39337205	112	*
chr12	39340901	39341120	220	*
chr12	39351775	39351983	209	*
chr1	179351312	179351468	157	*
chr12	39367029	39367166	138	*
chr12	39367879	39368035	157	*
chr12	39573711	39573843	133	*
chr12	39616985	39617171	187	*
chr12	39830101	39830231	131	*
chr12	39871796	39871964	169	*
chr12	40028298	40028515	218	*
chr12	40243548	40243687	140	*
chr12	40257246	40257380	135	*
chr12	40303946	40304138	193	*
chr12	40305783	40305973	191	*
chr12	40321032	40321191	160	*
chr12	40323158	40323321	164	*
chr12	40334961	40335160	200	*
chr12	40348400	40348512	113	*
chr12	40359258	40359472	215	*
chr12	40363400	40363559	160	*
chr12	40367642	40367764	123	*
chr12	40918639	40918775	137	*
chr12	40933695	40933882	188	*
chr12	40993118	40993272	155	*
chr1	179592616	179592734	119	*
chr12	41020334	41020445	112	*
chr12	41029061	41029221	161	*
chr1	179593595	179593827	233	*
chr1	179630762	179630894	133	*
chr12	41573261	41573890	630	*
chr1	20969471	20969604	134	*
chr1	179650897	179651072	176	*
chr12	42317333	42317449	117	*
chr12	42317781	42317911	131	*
chr12	42393568	42393694	127	*
chr12	42441312	42441504	193	*
chr1	179813068	179813195	128	*
chr12	42464689	42464860	172	*
chr12	43453894	43454054	161	*
chr12	43754458	43754771	314	*
chr12	43768093	43768275	183	*
chr12	43786397	43786560	164	*
chr12	43795587	43795760	174	*
chr12	43796974	43797098	125	*
chr12	43797299	43797457	159	*
chr12	43797703	43797835	133	*
chr12	43799395	43799509	115	*
chr12	43800432	43800532	101	*
chr12	43844649	43844934	286	*
chr12	44143508	44143630	123	*
chr12	44388013	44388602	590	*
chr12	44521994	44522178	185	*
chr1	180015835	180015975	141	*
chr12	45357288	45357427	140	*
chr1	180020161	180020685	525	*
chr12	45811405	45811554	150	*
chr12	45817655	45817894	240	*
chr12	45837491	45837712	222	*
chr12	45851249	45852902	1654	*
chr12	45860789	45860987	199	*
chr12	45922458	45922584	127	*
chr12	45926139	45926562	424	*
chr12	45961694	45961805	112	*
chr12	46366858	46366980	123	*
chr12	47077441	47077613	173	*
chr12	47078208	47078348	141	*
chr12	47078545	47078884	340	*
chr12	47787710	47787812	103	*
chr12	47788043	47788167	125	*
chr1	180052968	180053169	202	*
chr12	47846333	47846453	121	*
chr12	47846655	47846811	157	*
chr12	47865041	47865179	139	*
chr12	47878966	47879118	153	*
chr12	47973390	47973517	128	*
chr12	47974084	47974286	203	*
chr12	47976806	47976921	116	*
chr1	180053748	180053938	191	*
chr12	47978005	47978119	115	*
chr12	47980552	47980663	112	*
chr12	47982845	47982948	104	*
chr12	47984989	47985095	107	*
chr1	180062218	180062370	153	*
chr12	47987605	47987711	107	*
chr12	48046354	48046458	105	*
chr12	48048930	48049142	213	*
chr12	48065117	48065223	107	*
chr12	48132866	48133046	181	*
chr12	48133312	48133482	171	*
chr12	48137718	48137852	135	*
chr1	180065113	180065283	171	*
chr12	48140738	48140873	136	*
chr12	48149466	48150001	536	*
chr12	48153362	48153461	100	*
chr12	48660354	48660622	269	*
chr12	48679031	48679153	123	*
chr12	48679655	48679842	188	*
chr1	180073718	180073958	241	*
chr12	48695982	48696190	209	*
chr12	48768582	48768721	140	*
chr1	180075019	180075225	207	*
chr12	48771708	48771976	269	*
chr12	48774954	48775062	109	*
chr12	48775301	48775453	153	*
chr12	48777099	48777233	135	*
chr12	48777612	48777738	127	*
chr12	48830469	48830695	227	*
chr12	48833272	48833522	251	*
chr12	48837522	48837660	139	*
chr12	48921261	48921367	107	*
chr12	48921984	48922207	224	*
chr12	48939652	48939781	130	*
chr1	180090702	180090812	111	*
chr12	49022587	49022881	295	*
chr12	49026177	49026935	759	*
chr12	49044866	49044968	103	*
chr12	49046603	49046793	191	*
chr12	49047960	49048072	113	*
chr12	49091125	49091392	268	*
chr12	49097942	49098108	167	*
chr12	49104445	49104554	110	*
chr12	49104744	49104887	144	*
chr12	49186611	49186834	224	*
chr12	49500068	49500209	142	*
chr12	49519071	49519184	114	*
chr12	49522749	49522852	104	*
chr12	49550224	49550331	108	*
chr12	49562998	49563141	144	*
chr12	49633425	49633551	127	*
chr12	49635097	49635269	173	*
chr1	180096023	180096186	164	*
chr12	49635841	49635998	158	*
chr12	49643220	49643339	120	*
chr1	180098861	180098995	135	*
chr12	49838459	49838793	335	*
chr12	49842847	49843015	169	*
chr1	180110995	180111165	171	*
chr12	50058831	50059133	303	*
chr12	50096844	50096974	131	*
chr12	50098717	50098819	103	*
chr12	50106285	50106430	146	*
chr12	50107566	50107802	237	*
chr12	50135939	50136076	138	*
chr12	50248610	50248755	146	*
chr12	50427754	50427914	161	*
chr12	50440434	50440554	121	*
chr12	50466951	50467123	173	*
chr12	50640722	50640857	136	*
chr12	50675327	50675453	127	*
chr12	50683123	50683252	130	*
chr1	180182172	180182283	112	*
chr12	50697059	50697178	120	*
chr12	50698321	50698472	152	*
chr12	50699068	50699204	137	*
chr12	50714393	50714598	206	*
chr12	50718707	50718822	116	*
chr12	50728546	50728683	138	*
chr12	50731366	50731542	177	*
chr12	50744582	50744837	256	*
chr12	51067669	51067971	303	*
chr12	51073821	51074071	251	*
chr12	51198536	51198821	286	*
chr12	51299605	51299715	111	*
chr12	51359128	51359335	208	*
chr12	51457345	51457542	198	*
chr12	51462308	51462458	151	*
chr12	51469611	51469799	189	*
chr12	51489697	51489916	220	*
chr12	51686351	51686463	113	*
chr12	51688967	51689102	136	*
chr12	51751448	51751598	151	*
chr12	51765669	51766034	366	*
chr12	51770526	51770688	163	*
chr12	51786528	51786831	304	*
chr12	51806280	51807435	1156	*
chr12	51916033	51916237	205	*
chr12	51980967	51981202	236	*
chr12	51983996	51984168	173	*
chr12	51985190	51985351	162	*
chr1	180266389	180266598	210	*
chr12	52233479	52233624	146	*
chr12	52287100	52287259	160	*
chr12	52305292	52305408	117	*
chr12	52306144	52306254	111	*
chr12	52380369	52380523	155	*
chr12	52381356	52381528	173	*
chr12	52396010	52396139	130	*
chr12	52428254	52428478	225	*
chr12	52430537	52430708	172	*
chr12	52433802	52433949	148	*
chr1	180274163	180274579	417	*
chr12	53061813	53061943	131	*
chr12	53123775	53123878	104	*
chr12	53158578	53158687	110	*
chr12	53160133	53160322	190	*
chr12	53161267	53161386	120	*
chr12	53213080	53213245	166	*
chr12	53214057	53214237	181	*
chr12	53215290	53215438	149	*
chr12	53253502	53254142	641	*
chr12	53292795	53292976	182	*
chr12	53295837	53295943	107	*
chr12	53297828	53297929	102	*
chr12	53298043	53298154	112	*
chr12	53309595	53309724	130	*
chr12	53471636	53471812	177	*
chr1	21002708	21002819	112	*
chr12	53479404	53479663	260	*
chr12	53484254	53484367	114	*
chr12	53486051	53486252	202	*
chr12	53486435	53486625	191	*
chr12	53531742	53531899	158	*
chr12	53552539	53552648	110	*
chr12	53600783	53601060	278	*
chr12	53669144	53669291	148	*
chr12	53939270	53939626	357	*
chr12	53944999	53945257	259	*
chr12	53954912	53955212	301	*
chr12	53956324	53956565	242	*
chr12	53972946	53973794	849	*
chr12	53975230	53975415	186	*
chr12	53985467	53986015	549	*
chr12	53989135	53989390	256	*
chr12	54028278	54029028	751	*
chr12	54053802	54054194	393	*
chr12	54054848	54055081	234	*
chr12	54281794	54281946	153	*
chr12	54362713	54362904	192	*
chr12	54363480	54363638	159	*
chr12	54384419	54384523	105	*
chr12	54463166	54463299	134	*
chr12	54508387	54508536	150	*
chr12	54521117	54521240	124	*
chr12	54535102	54535202	101	*
chr12	54538881	54538983	103	*
chr12	54566971	54567092	122	*
chr12	54573146	54573253	108	*
chr12	54576569	54576706	138	*
chr12	54963143	54963245	103	*
chr12	55719496	55719599	104	*
chr12	55749498	55749881	384	*
chr12	55818996	55819178	183	*
chr12	55823067	55823191	125	*
chr12	55841108	55841234	127	*
chr12	55901847	55902042	196	*
chr1	180492266	180492367	102	*
chr12	55957964	55958083	120	*
chr12	55969473	55969579	107	*
chr1	180495430	180495530	101	*
chr12	55992095	55992212	118	*
chr12	56025040	56025164	125	*
chr12	56099646	56099748	103	*
chr12	56132207	56132335	129	*
chr12	56143024	56143148	125	*
chr12	56155053	56155203	151	*
chr12	56159973	56160150	178	*
chr1	180806032	180806219	188	*
chr12	56172932	56173036	105	*
chr12	56181702	56181836	135	*
chr12	56225370	56225514	145	*
chr12	56234822	56234946	125	*
chr12	56245375	56245598	224	*
chr12	56248021	56248225	205	*
chr12	56253283	56253397	115	*
chr12	56254573	56254722	150	*
chr12	56255782	56255986	205	*
chr12	56273587	56273799	213	*
chr1	21219957	21220133	177	*
chr1	180834871	180835036	166	*
chr12	56274997	56275151	155	*
chr12	56275994	56276174	181	*
chr12	56311207	56311417	211	*
chr12	56314849	56314968	120	*
chr12	56318232	56318436	205	*
chr12	56319619	56319766	148	*
chr1	180836495	180836719	225	*
chr12	56322610	56322722	113	*
chr12	56323498	56323600	103	*
chr12	56324291	56324496	206	*
chr12	56325005	56325130	126	*
chr12	56325333	56325456	124	*
chr12	56326311	56326411	101	*
chr12	56423287	56423479	193	*
chr12	56428544	56428654	111	*
chr12	56428878	56429102	225	*
chr12	56432366	56432526	161	*
chr12	56433024	56433129	106	*
chr12	56433533	56433654	122	*
chr12	56433771	56433934	164	*
chr12	56451356	56451468	113	*
chr12	56453587	56453758	172	*
chr12	56474538	56474728	191	*
chr1	180863705	180863880	176	*
chr12	56477927	56478098	172	*
chr12	56581391	56581508	118	*
chr12	56601739	56601865	127	*
chr12	56610408	56610520	113	*
chr12	56617390	56617535	146	*
chr12	56639101	56639309	209	*
chr12	56639984	56640194	211	*
chr1	180884004	180884629	626	*
chr12	56751082	56751199	118	*
chr12	56995472	56995667	196	*
chr12	57004520	57004925	406	*
chr12	57047623	57047722	100	*
chr12	57047984	57048107	124	*
chr12	57060769	57060948	180	*
chr12	57145225	57145496	272	*
chr12	57154206	57154375	170	*
chr1	21221741	21221845	105	*
chr12	57156775	57156926	152	*
chr12	57158400	57158640	241	*
chr12	57159823	57160007	185	*
chr12	57160891	57161121	231	*
chr12	57173885	57173985	101	*
chr1	180984671	180984795	125	*
chr12	57178887	57179025	139	*
chr12	57179779	57179958	180	*
chr12	57184083	57184218	136	*
chr12	57184837	57184992	156	*
chr12	57185079	57185210	132	*
chr12	57185528	57185850	323	*
chr12	57232702	57232845	144	*
chr12	57244086	57244227	142	*
chr12	57248700	57248805	106	*
chr12	57249035	57249242	208	*
chr12	57254849	57254949	101	*
chr12	57296406	57296549	144	*
chr12	57456535	57456712	178	*
chr12	57464702	57464814	113	*
chr12	57466238	57466394	157	*
chr12	57467991	57468109	119	*
chr12	57469428	57469567	140	*
chr12	57498418	57498628	211	*
chr12	57500319	57500524	206	*
chr12	57512744	57512968	225	*
chr12	57514951	57515057	107	*
chr12	57516822	57516953	132	*
chr12	57535744	57535848	105	*
chr12	57550290	57550406	117	*
chr12	57564106	57564214	109	*
chr12	57567492	57567620	129	*
chr12	57572088	57572221	134	*
chr12	57578235	57578344	110	*
chr12	57580954	57581177	224	*
chr12	57595884	57596036	153	*
chr12	57600322	57600440	119	*
chr12	57607335	57607618	284	*
chr12	57608518	57608732	215	*
chr12	57727404	57727584	181	*
chr12	57745743	57745919	177	*
chr12	57756926	57757054	129	*
chr12	57758560	57758671	112	*
chr12	57769770	57769959	190	*
chr12	57803242	57803395	154	*
chr1	181580584	181580792	209	*
chr12	58878822	58879108	287	*
chr12	58880571	58880905	335	*
chr12	58887778	58887935	158	*
chr1	181710941	181711071	131	*
chr12	59704838	59705023	186	*
chr12	59774655	59774894	240	*
chr1	181718048	181718172	125	*
chr1	181719748	181719870	123	*
chr1	181720200	181720346	147	*
chr12	62383835	62384003	169	*
chr12	62391160	62391434	275	*
chr1	181731140	181731274	135	*
chr12	62467203	62467323	121	*
chr12	62501571	62501703	133	*
chr12	62537599	62537710	112	*
chr12	62544894	62545012	119	*
chr12	62546892	62547081	190	*
chr12	62552874	62553177	304	*
chr12	62560488	62561117	630	*
chr12	62566307	62566453	147	*
chr12	62571389	62571587	199	*
chr12	62585279	62585503	225	*
chr1	181755234	181755403	170	*
chr12	62689695	62689813	119	*
chr12	62720159	62720291	133	*
chr12	62832109	62832286	178	*
chr12	63802089	63802412	324	*
chr12	64042787	64042975	189	*
chr1	181772049	181772236	188	*
chr12	64078916	64079118	203	*
chr12	64097225	64097381	157	*
chr12	64108930	64109044	115	*
chr12	64111760	64111991	232	*
chr12	64193839	64194660	822	*
chr12	64215672	64215853	182	*
chr12	64409950	64410101	152	*
chr12	64414883	64414998	116	*
chr12	64418862	64419100	239	*
chr12	64425035	64425193	159	*
chr12	64484293	64484504	212	*
chr12	64496932	64497052	121	*
chr1	21238126	21238250	125	*
chr12	64830372	64830505	134	*
chr12	65051106	65051498	393	*
chr12	65067692	65067808	117	*
chr12	65068761	65068915	155	*
chr12	65170863	65171126	264	*
chr12	65240128	65240243	116	*
chr12	65240907	65241094	188	*
chr12	65245649	65245777	129	*
chr12	65326663	65326939	277	*
chr1	181785710	181785825	116	*
chr1	181790439	181790561	123	*
chr12	66137970	66138163	194	*
chr12	66145836	66145971	136	*
chr12	66152264	66152386	123	*
chr12	66310296	66310479	184	*
chr12	66314040	66314172	133	*
chr12	66315240	66315386	147	*
chr12	66353412	66353566	155	*
chr12	66371689	66371940	252	*
chr12	66406280	66406431	152	*
chr12	66445317	66445513	197	*
chr1	8557414	8557556	143	*
chr12	67292620	67292780	161	*
chr12	67295031	67295160	130	*
chr12	67297744	67297858	115	*
chr12	67302321	67302620	300	*
chr12	67304584	67304749	166	*
chr1	181798289	181798425	137	*
chr12	67305098	67306602	1505	*
chr12	67309899	67310074	176	*
chr12	67657277	67658549	1273	*
chr12	68313642	68313758	117	*
chr1	182854028	182854198	171	*
chr12	68331103	68331223	121	*
chr12	68656281	68656455	175	*
chr12	68657094	68657222	129	*
chr12	68700724	68700857	134	*
chr12	68721839	68721992	154	*
chr12	68731108	68731264	157	*
chr12	68732635	68732741	107	*
chr12	68734703	68734836	134	*
chr12	68735219	68735350	132	*
chr12	68752030	68752195	166	*
chr12	68764684	68764890	207	*
chr12	69256692	69256847	156	*
chr12	69260042	69260216	175	*
chr12	69362781	69362912	132	*
chr12	69365788	69365891	104	*
chr1	182858727	182858904	178	*
chr12	69574338	69575330	993	*
chr12	69589481	69589691	211	*
chr12	69597147	69597280	134	*
chr12	69598320	69598426	107	*
chr12	69610099	69610771	673	*
chr1	21247216	21247373	158	*
chr12	69678733	69678909	177	*
chr12	69694363	69694485	123	*
chr12	69755380	69755666	287	*
chr12	69756475	69756669	195	*
chr12	69795123	69795347	225	*
chr1	182872320	182872497	178	*
chr12	69812769	69812884	116	*
chr12	69886864	69886975	112	*
chr12	69895366	69895483	118	*
chr12	69903642	69903849	208	*
chr12	69909946	69910079	134	*
chr12	70330271	70330475	205	*
chr12	70338664	70338827	164	*
chr12	70346170	70346334	165	*
chr12	70534485	70534654	170	*
chr12	70536015	70536188	174	*
chr1	182876431	182876543	113	*
chr12	70552770	70553022	253	*
chr12	70555864	70556150	287	*
chr12	70559336	70559625	290	*
chr12	70560668	70560936	269	*
chr12	70571023	70571290	268	*
chr12	70576378	70576648	271	*
chr12	70581033	70581315	283	*
chr12	70587004	70587278	275	*
chr12	70592422	70592548	127	*
chr12	70596189	70596332	144	*
chr12	70635658	70635863	206	*
chr12	70684121	70684266	146	*
chr12	70698260	70698385	126	*
chr12	70892673	70892980	308	*
chr1	182881258	182881430	173	*
chr12	71553071	71553301	231	*
chr12	71584105	71584646	542	*
chr12	71610126	71610768	643	*
chr12	71613330	71613442	113	*
chr12	71614532	71614707	176	*
chr12	71623355	71623607	253	*
chr12	71624100	71624294	195	*
chr12	71626255	71626442	188	*
chr12	71627740	71627936	197	*
chr12	71633261	71633442	182	*
chr12	71634149	71634310	162	*
chr12	71636486	71636657	172	*
chr12	71636844	71637044	201	*
chr12	71642431	71642563	133	*
chr12	71689580	71689722	143	*
chr1	182899981	182900107	127	*
chr12	71872068	71872170	103	*
chr12	71884799	71885030	232	*
chr12	71893220	71893332	113	*
chr1	182903036	182903164	129	*
chr12	71894684	71894889	206	*
chr12	71895942	71896079	138	*
chr12	71907015	71907143	129	*
chr12	71917697	71917802	106	*
chr12	71918449	71918553	105	*
chr12	71972517	71972719	203	*
chr12	71994435	71994571	137	*
chr12	72273156	72273439	284	*
chr12	72377984	72378126	143	*
chr12	72469740	72469918	179	*
chr1	183517659	183517825	167	*
chr12	72652311	72652491	181	*
chr1	183533158	183533333	176	*
chr1	21258688	21258842	155	*
chr1	183533641	183533837	197	*
chr12	75048115	75048381	267	*
chr12	75050345	75051331	987	*
chr12	75282247	75282350	104	*
chr12	75508269	75508449	181	*
chr1	183542056	183542390	335	*
chr12	76050525	76050654	130	*
chr12	76053201	76053352	152	*
chr12	76053767	76053909	143	*
chr12	76060134	76060285	152	*
chr12	76369631	76369823	193	*
chr12	76373334	76373434	101	*
chr12	76384248	76384357	110	*
chr1	183544910	183545317	408	*
chr12	76397689	76397919	231	*
chr12	76399868	76399977	110	*
chr1	183545956	183546339	384	*
chr12	76848228	76848393	166	*
chr12	76850844	76851276	433	*
chr12	76859543	76859644	102	*
chr12	76860280	76860406	127	*
chr12	78006417	78006741	325	*
chr12	78121921	78122433	513	*
chr12	78179527	78179684	158	*
chr12	78188233	78188348	116	*
chr12	78189967	78190225	259	*
chr12	78200471	78200591	121	*
chr12	78204933	78205143	211	*
chr12	79444069	79444215	147	*
chr12	79448910	79449865	956	*
chr12	79805580	79805874	295	*
chr12	79872803	79872944	142	*
chr1	183573180	183573296	117	*
chr12	80222081	80222250	170	*
chr12	80253463	80253580	118	*
chr12	80257820	80258008	189	*
chr12	80279026	80279171	146	*
chr12	80302655	80302791	137	*
chr12	80320420	80320703	284	*
chr12	80335950	80336146	197	*
chr12	80336909	80337009	101	*
chr12	80339068	80339269	202	*
chr12	80707701	80708242	542	*
chr12	80717181	80717569	389	*
chr12	80845725	80845949	225	*
chr12	81109554	81109708	155	*
chr12	81134814	81135008	195	*
chr12	81139120	81139269	150	*
chr12	81143104	81143250	147	*
chr12	81174732	81174943	212	*
chr12	81233346	81233473	128	*
chr12	81253482	81253673	192	*
chr12	81267907	81268098	192	*
chr12	81281254	81281461	208	*
chr12	81312105	81312261	157	*
chr12	81374631	81374771	141	*
chr12	81384019	81384247	229	*
chr12	81445548	81445739	192	*
chr1	184706636	184706823	188	*
chr12	81753970	81754232	263	*
chr12	82386820	82386973	154	*
chr12	82389814	82389927	114	*
chr12	82398792	82398945	154	*
chr12	82399285	82399400	116	*
chr12	82857003	82857586	584	*
chr12	82895812	82896650	839	*
chr1	21561097	21561218	122	*
chr1	184710389	184710575	187	*
chr12	84863436	84863604	169	*
chr12	84867028	84867196	169	*
chr12	84883851	84884051	201	*
chr12	84891827	84892122	296	*
chr1	184712427	184712604	178	*
chr12	85066738	85066903	166	*
chr12	85229554	85229753	200	*
chr12	85878339	85878571	233	*
chr1	184721284	184721388	105	*
chr12	85979481	85980441	961	*
chr12	87998029	87998199	171	*
chr1	184732831	184733000	170	*
chr12	88026479	88026611	133	*
chr12	88043597	88043717	121	*
chr12	88046804	88046979	176	*
chr12	88049248	88049415	168	*
chr12	88063980	88064124	145	*
chr12	88068516	88068647	132	*
chr12	88071771	88071918	148	*
chr12	88077690	88077921	232	*
chr12	88083025	88083240	216	*
chr12	88086035	88086177	143	*
chr12	88087778	88087945	168	*
chr12	88089030	88089489	460	*
chr12	88092675	88092841	167	*
chr12	88093768	88093977	210	*
chr12	88096886	88097002	117	*
chr12	88102832	88103013	182	*
chr12	88106672	88106908	237	*
chr12	88109063	88109185	123	*
chr12	88111692	88111860	169	*
chr12	88120994	88121169	176	*
chr1	184798076	184798193	118	*
chr12	88125243	88125371	129	*
chr12	88148313	88148508	196	*
chr12	88160677	88160857	181	*
chr12	88166328	88166587	260	*
chr12	88172584	88172757	174	*
chr12	88174603	88174736	134	*
chr12	88188841	88188953	113	*
chr12	88192593	88192843	251	*
chr12	88515520	88515643	124	*
chr12	88545747	88545881	135	*
chr1	184818632	184818817	186	*
chr12	89350581	89350791	211	*
chr1	184823161	184823337	177	*
chr12	89491930	89492126	197	*
chr12	89497166	89497365	200	*
chr12	89523039	89523793	755	*
chr12	89523819	89524280	462	*
chr1	184823633	184823744	112	*
chr12	89601324	89601454	131	*
chr12	89603035	89603285	251	*
chr12	89603684	89603957	274	*
chr12	89609932	89610052	121	*
chr12	89610418	89610528	111	*
chr12	89611190	89611374	185	*
chr12	89616796	89617049	254	*
chr12	89619994	89620251	258	*
chr12	89621544	89621794	251	*
chr12	89624180	89624399	220	*
chr12	89626450	89626617	168	*
chr12	89634776	89634904	129	*
chr12	89655677	89655886	210	*
chr1	184890103	184890225	123	*
chr12	90964156	90964332	177	*
chr12	90971793	90972004	212	*
chr12	90972814	90972983	170	*
chr1	184899175	184899311	137	*
chr12	91055389	91056158	770	*
chr12	91108111	91108883	773	*
chr12	91153092	91153195	104	*
chr12	91164600	91164719	120	*
chr12	92143092	92144449	1358	*
chr12	92755816	92755942	127	*
chr12	92802398	92802736	339	*
chr1	185098069	185098348	280	*
chr12	92812978	92813099	122	*
chr12	92851104	92851264	161	*
chr1	185100200	185100306	107	*
chr12	92864881	92864990	110	*
chr12	93394606	93394723	118	*
chr12	93479379	93479478	100	*
chr12	93574719	93575200	482	*
chr12	93850000	93850271	272	*
chr12	94181445	94181582	138	*
chr12	94254785	94254893	109	*
chr1	185120086	185120296	211	*
chr12	94303754	94303899	146	*
chr12	94305179	94305283	105	*
chr12	94308813	94308923	111	*
chr12	94309981	94310114	134	*
chr12	94367792	94367952	161	*
chr12	94368051	94368208	158	*
chr1	21575742	21575932	191	*
chr1	185137600	185137798	199	*
chr12	94971459	94971622	164	*
chr12	95031345	95031491	147	*
chr12	95057728	95057886	159	*
chr12	95058302	95058493	192	*
chr12	95085775	95085910	136	*
chr12	95089563	95089701	139	*
chr12	95091704	95091825	122	*
chr12	95094589	95094707	119	*
chr12	95137514	95137680	167	*
chr12	95141384	95141544	161	*
chr12	95262903	95263086	184	*
chr12	95282332	95282652	321	*
chr12	95287662	95287860	199	*
chr12	95296040	95296263	224	*
chr12	95300494	95300651	158	*
chr12	95494955	95495144	190	*
chr12	95495998	95496101	104	*
chr12	95512799	95512921	123	*
chr12	95513639	95514354	716	*
chr12	95520994	95521209	216	*
chr12	95532825	95533215	391	*
chr12	95659088	95659236	149	*
chr1	185184720	185184937	218	*
chr12	95665805	95665983	179	*
chr12	95737860	95738147	288	*
chr12	95865990	95866142	153	*
chr12	95879680	95879797	118	*
chr12	95960396	95960625	230	*
chr12	95965683	95965783	101	*
chr12	95977940	95978087	148	*
chr12	95986060	95986161	102	*
chr12	96013748	96013855	108	*
chr12	96014853	96015003	151	*
chr12	96015579	96015697	119	*
chr12	96027441	96027567	127	*
chr12	96029052	96029191	140	*
chr1	185206618	185206772	155	*
chr12	96223563	96223776	214	*
chr12	96246926	96247739	814	*
chr12	96286035	96286158	124	*
chr12	96289164	96289289	126	*
chr12	96313317	96313467	151	*
chr12	96334715	96334868	154	*
chr12	96919977	96920132	156	*
chr12	96934968	96935210	243	*
chr1	185297827	185298305	479	*
chr1	185299706	185299898	193	*
chr1	185300418	185300562	145	*
chr1	185300966	185301222	257	*
chr12	98527879	98528017	139	*
chr12	98537467	98537575	109	*
chr12	98544211	98544579	369	*
chr12	98544907	98545087	181	*
chr12	98547569	98547819	251	*
chr12	98598507	98598709	203	*
chr12	98601364	98601569	206	*
chr12	98613629	98613876	248	*
chr1	21611448	21611584	137	*
chr12	98625986	98626292	307	*
chr12	98662672	98662813	142	*
chr12	98665551	98665795	245	*
chr12	98671524	98671723	200	*
chr1	185306982	185307141	160	*
chr12	98677408	98677555	148	*
chr12	98680275	98680405	131	*
chr12	98686746	98686876	131	*
chr12	98706475	98706615	141	*
chr12	98712317	98712438	122	*
chr12	98723191	98723315	125	*
chr12	98723629	98723766	138	*
chr12	98725410	98725543	134	*
chr12	98732394	98732562	169	*
chr12	98773036	98773187	152	*
chr12	98829170	98829368	199	*
chr12	98832023	98832139	117	*
chr12	99053150	99053316	167	*
chr12	99154271	99155157	887	*
chr12	99443663	99443837	175	*
chr12	99504473	99504651	179	*
chr12	99772910	99773090	181	*
chr12	99806398	99806701	304	*
chr12	99825300	99825406	107	*
chr12	99984096	99984239	144	*
chr12	100047935	100048198	264	*
chr12	100058560	100058879	320	*
chr12	100059059	100059539	481	*
chr12	100059847	100060052	206	*
chr12	100072667	100072819	153	*
chr12	100084470	100084660	191	*
chr12	100095661	100095860	200	*
chr12	100108381	100108558	178	*
chr12	100207661	100207792	132	*
chr12	100218409	100218588	180	*
chr12	100223782	100223915	134	*
chr12	100312429	100312677	249	*
chr12	100315545	100315739	195	*
chr12	100317801	100317928	128	*
chr12	100323513	100323648	136	*
chr12	100326614	100326758	145	*
chr12	100338518	100338832	315	*
chr12	100357389	100357497	109	*
chr12	100404035	100404180	146	*
chr12	100412766	100412884	119	*
chr12	100418027	100418160	134	*
chr12	100536946	100537050	105	*
chr12	100939309	100939457	149	*
chr12	100971292	100971412	121	*
chr12	100974699	100974895	197	*
chr1	185909329	185909514	186	*
chr12	101110402	101110561	160	*
chr12	101126872	101127082	211	*
chr12	101184131	101184236	106	*
chr1	185925043	185925197	155	*
chr12	101291999	101292108	110	*
chr12	101321502	101321631	130	*
chr12	101329239	101329451	213	*
chr12	101342444	101342591	148	*
chr12	101345545	101345697	153	*
chr12	101356546	101356695	150	*
chr12	101356924	101357086	163	*
chr12	101363573	101363746	174	*
chr12	101365449	101365631	183	*
chr12	101366555	101366704	150	*
chr12	101369714	101369893	180	*
chr12	101371052	101371174	123	*
chr12	101374823	101374945	123	*
chr12	101379369	101379483	115	*
chr1	185962507	185962662	156	*
chr12	101385581	101385730	150	*
chr12	101385966	101386119	154	*
chr12	101405838	101405988	151	*
chr12	101651229	101651398	170	*
chr12	101662356	101662552	197	*
chr12	101663424	101663566	143	*
chr12	101667730	101667902	173	*
chr12	101673422	101673581	160	*
chr12	101675290	101675436	147	*
chr12	101680341	101680534	194	*
chr12	101682571	101682846	276	*
chr12	101685580	101685694	115	*
chr12	101720095	101720259	165	*
chr12	101723156	101723335	180	*
chr12	101747117	101747265	149	*
chr12	101757209	101757323	115	*
chr12	101761125	101761355	231	*
chr12	101761556	101761776	221	*
chr12	101765005	101765323	319	*
chr12	101780149	101780288	140	*
chr12	101786007	101786223	217	*
chr12	101908179	101908300	122	*
chr12	102039856	102039982	127	*
chr12	102099101	102099204	104	*
chr12	102118357	102118520	164	*
chr12	102148225	102148417	193	*
chr12	102164426	102164611	186	*
chr12	102165716	102165885	170	*
chr12	102195972	102196133	162	*
chr12	102196966	102197174	209	*
chr12	102402294	102402568	275	*
chr12	102419506	102419701	196	*
chr12	102852808	102852948	141	*
chr12	102855130	102855338	209	*
chr1	21728556	21728721	166	*
chr1	186000035	186000244	210	*
chr1	186003706	186003852	147	*
chr12	103683203	103683306	104	*
chr12	103689876	103689987	112	*
chr12	103695734	103695847	114	*
chr12	103785331	103785492	162	*
chr12	103932824	103932947	124	*
chr12	103942524	103942801	278	*
chr12	103946784	103946942	159	*
chr12	103982796	103982928	133	*
chr12	103983284	103983395	112	*
chr12	103989408	103989579	172	*
chr12	104066164	104066320	157	*
chr12	104079422	104079658	237	*
chr12	104080734	104080835	102	*
chr12	104082711	104082911	201	*
chr12	104098340	104098483	144	*
chr12	104101961	104102158	198	*
chr12	104321088	104321310	223	*
chr12	104331532	104331644	113	*
chr12	104756934	104758115	1182	*
chr12	104805153	104805340	188	*
chr12	104844467	104844625	159	*
chr12	104886279	104886452	174	*
chr12	105049904	105050060	157	*
chr12	105062882	105063024	143	*
chr12	105066564	105066672	109	*
chr12	105070565	105070811	247	*
chr12	105073855	105074008	154	*
chr12	105121082	105121206	125	*
chr1	186039723	186039882	160	*
chr12	105133757	105133898	142	*
chr12	105137880	105138014	135	*
chr12	105143116	105143247	132	*
chr12	105149613	105149752	140	*
chr12	105162743	105162850	108	*
chr12	105164109	105164310	202	*
chr12	105176872	105177018	147	*
chr12	105199368	105199533	166	*
chr12	105207057	105207210	154	*
chr12	106067532	106067957	426	*
chr12	106072719	106072855	137	*
chr12	106321484	106321707	224	*
chr12	106335637	106335832	196	*
chr12	106336026	106336218	193	*
chr12	106340824	106341003	180	*
chr12	106405850	106405982	133	*
chr12	106427195	106427363	169	*
chr12	106432307	106432486	180	*
chr12	106457127	106457298	172	*
chr1	186057221	186057404	184	*
chr12	106496035	106496164	130	*
chr12	106696281	106696451	171	*
chr12	106761195	106761475	281	*
chr12	106814692	106815307	616	*
chr12	106825712	106825826	115	*
chr12	106851448	106851597	150	*
chr1	186067832	186068010	179	*
chr12	106860263	106860423	161	*
chr12	106870821	106870945	125	*
chr12	106971102	106971392	291	*
chr12	106977557	106978256	700	*
chr12	106997483	106997692	210	*
chr12	106999549	106999864	316	*
chr12	107022080	107022201	122	*
chr12	107635282	107635396	115	*
chr12	107710403	107710514	112	*
chr1	186076426	186076624	199	*
chr12	107739377	107739554	178	*
chr12	107740942	107741262	321	*
chr12	107742216	107742350	135	*
chr12	107743195	107743298	104	*
chr12	107744538	107744673	136	*
chr12	107751406	107752212	807	*
chr1	186078098	186078225	128	*
chr12	108247988	108248237	250	*
chr12	108292511	108292841	331	*
chr12	108518407	108519426	1020	*
chr12	108525455	108525611	157	*
chr12	108526097	108526392	296	*
chr12	108549085	108549216	132	*
chr12	108565319	108565435	117	*
chr12	108591827	108592104	278	*
chr12	108647413	108647527	115	*
chr12	108652268	108652419	152	*
chr12	108658732	108658921	190	*
chr12	108807627	108807829	203	*
chr12	108912593	108912743	151	*
chr12	109085664	109085765	102	*
chr12	109167894	109168036	143	*
chr12	109176150	109176267	118	*
chr12	109179086	109179251	166	*
chr12	109187994	109188169	176	*
chr12	109191611	109191765	155	*
chr12	109199400	109199556	157	*
chr12	109201565	109201707	143	*
chr12	109209163	109209355	193	*
chr12	109227369	109227491	123	*
chr12	109232710	109232809	100	*
chr12	109237162	109237382	221	*
chr12	109239828	109239987	160	*
chr12	109246177	109246450	274	*
chr12	109252044	109252158	115	*
chr12	109258970	109259108	139	*
chr12	109265386	109265531	146	*
chr12	109287392	109287526	135	*
chr12	109427467	109427588	122	*
chr12	109451593	109451772	180	*
chr12	109456116	109456322	207	*
chr12	109469511	109469731	221	*
chr12	109932978	109933192	215	*
chr12	109938377	109938501	125	*
chr12	109951163	109951318	156	*
chr12	109959843	109959973	131	*
chr12	109989684	109989808	125	*
chr12	110018342	110018494	153	*
chr12	110019139	110019330	192	*
chr12	110024018	110024120	103	*
chr12	110028509	110028647	139	*
chr12	110037425	110037550	126	*
chr1	21828899	21829081	183	*
chr12	110127381	110127527	147	*
chr12	110128947	110129133	187	*
chr12	110132541	110132641	101	*
chr12	110134940	110135039	100	*
chr12	110143368	110143548	181	*
chr12	110146947	110147053	107	*
chr12	110162916	110163074	159	*
chr1	186106855	186106973	119	*
chr12	110180416	110180574	159	*
chr12	110190915	110191051	137	*
chr12	110218042	110218226	185	*
chr12	110296597	110296744	148	*
chr12	110342221	110342453	233	*
chr12	110343245	110343440	196	*
chr12	110346198	110346984	787	*
chr1	186113960	186114126	167	*
chr12	110374144	110374346	203	*
chr12	110387733	110387894	162	*
chr12	110436105	110436206	102	*
chr12	110436552	110436689	138	*
chr12	110492004	110492135	132	*
chr12	110492989	110493234	246	*
chr12	110538139	110538300	162	*
chr12	110551784	110551970	187	*
chr12	110619831	110619962	132	*
chr12	110626356	110626499	144	*
chr12	110647779	110647898	120	*
chr12	110650177	110650283	107	*
chr12	110655231	110655341	111	*
chr12	111310430	111310684	255	*
chr12	111320290	111320576	287	*
chr12	111320599	111320777	179	*
chr12	111322419	111322585	167	*
chr12	111348224	111348325	102	*
chr12	111452198	111452854	657	*
chr12	111456025	111456263	239	*
chr12	111457210	111457365	156	*
chr12	111464600	111464790	191	*
chr12	111470102	111470243	142	*
chr12	111485225	111485348	124	*
chr12	111485709	111485874	166	*
chr12	111488470	111488781	312	*
chr1	186129963	186130105	143	*
chr12	111513350	111513547	198	*
chr12	111518241	111518433	193	*
chr12	111519872	111520081	210	*
chr12	111658732	111658854	123	*
chr12	111659205	111659348	144	*
chr12	111665634	111665789	156	*
chr12	111683142	111683330	189	*
chr12	111705756	111705937	182	*
chr12	111712495	111712658	164	*
chr12	111727957	111728145	189	*
chr12	111781916	111782026	111	*
chr12	111783148	111783304	157	*
chr12	111789821	111789940	120	*
chr12	111791304	111791424	121	*
chr12	111792059	111792168	110	*
chr12	111792596	111792784	189	*
chr12	111799904	111800066	163	*
chr12	111803857	111803979	123	*
chr12	111885905	111886050	146	*
chr12	111888483	111888621	139	*
chr12	111888883	111889008	126	*
chr12	111890035	111890149	115	*
chr12	112019753	112019896	144	*
chr12	112047660	112047793	134	*
chr12	112054380	112054574	195	*
chr12	112061176	112061394	219	*
chr12	112068875	112068994	120	*
chr12	112071890	112072065	176	*
chr1	186144529	186144705	177	*
chr12	112090724	112090866	143	*
chr12	112162387	112162525	139	*
chr12	112163039	112163267	229	*
chr12	112163540	112163739	200	*
chr1	186145401	186145584	184	*
chr12	112167311	112167540	230	*
chr12	112169498	112169661	164	*
chr12	112176594	112176704	111	*
chr12	112178928	112179084	157	*
chr12	112179171	112179399	229	*
chr12	112183053	112183277	225	*
chr12	112184617	112184947	331	*
chr12	112184971	112185230	260	*
chr12	112185271	112185495	225	*
chr1	186151198	186151353	156	*
chr12	112194881	112195074	194	*
chr12	112200635	112200803	169	*
chr12	112203630	112203774	145	*
chr12	112208489	112208633	145	*
chr12	112210011	112210255	245	*
chr12	112212481	112212652	172	*
chr12	112216767	112216923	157	*
chr1	186151595	186151745	151	*
chr12	112217029	112217197	169	*
chr12	112219382	112219491	110	*
chr12	112226641	112226761	121	*
chr12	112229695	112229882	188	*
chr12	112235075	112235277	203	*
chr12	112236942	112237107	166	*
chr12	112243346	112243521	176	*
chr12	112243870	112244012	143	*
chr12	112250139	112250380	242	*
chr12	112250962	112251136	175	*
chr12	112252422	112252538	117	*
chr12	112259109	112259269	161	*
chr12	112265167	112265313	147	*
chr12	112269699	112269857	159	*
chr12	112270224	112270465	242	*
chr12	112306059	112306236	178	*
chr12	112319220	112319746	527	*
chr12	112482064	112482215	152	*
chr12	112489018	112489177	160	*
chr12	112502138	112502262	125	*
chr12	112865409	112865545	137	*
chr12	112883291	112883401	111	*
chr1	186300053	186300219	167	*
chr12	113058228	113058429	202	*
chr12	113093537	113093703	167	*
chr12	113096713	113096939	227	*
chr12	113108082	113108224	143	*
chr12	113114795	113114913	119	*
chr12	113128064	113128181	118	*
chr12	113266210	113266363	154	*
chr12	113273566	113273674	109	*
chr12	113276917	113277038	122	*
chr12	113286985	113287098	114	*
chr12	113290132	113290246	115	*
chr1	21834675	21834889	215	*
chr12	113374809	113375010	202	*
chr12	113384103	113384272	170	*
chr12	113397210	113397395	186	*
chr12	113914964	113915089	126	*
chr12	113948828	113948961	134	*
chr12	114398566	114398722	157	*
chr1	186317480	186317602	123	*
chr12	114682807	114683027	221	*
chr12	115963404	115963521	118	*
chr12	115970589	115970771	183	*
chr12	115972074	115972239	166	*
chr12	115975513	115975726	214	*
chr12	115984176	115984374	199	*
chr12	115986263	115986491	229	*
chr12	115987107	115987290	184	*
chr12	115991322	115991962	641	*
chr12	115996470	115996684	215	*
chr12	115997007	115997235	229	*
chr12	116005860	116005963	104	*
chr12	116008397	116009048	652	*
chr12	116015106	116015208	103	*
chr12	116019751	116019974	224	*
chr12	116237447	116237708	262	*
chr12	116766809	116766919	111	*
chr12	116779193	116779351	159	*
chr12	116833789	116833946	158	*
chr12	116836179	116836284	106	*
chr12	116849344	116849447	104	*
chr12	116945352	116945530	179	*
chr12	117027391	117027509	119	*
chr12	117155786	117155950	165	*
chr12	117174203	117174317	115	*
chr12	117177518	117177643	126	*
chr12	117189222	117189366	145	*
chr12	117231957	117232134	178	*
chr12	117247345	117247527	183	*
chr12	117259024	117259132	109	*
chr12	117265307	117265523	217	*
chr12	117268041	117268147	107	*
chr12	117471188	117471328	141	*
chr12	117484413	117484552	140	*
chr12	117524847	117525224	378	*
chr1	186338031	186338245	215	*
chr12	117761005	117761275	271	*
chr12	118152224	118152412	189	*
chr12	118160141	118160361	221	*
chr12	118161786	118162029	244	*
chr12	118172454	118172661	208	*
chr1	186341247	186341394	148	*
chr12	118199102	118199273	172	*
chr12	118400643	118400760	118	*
chr1	21844145	21844285	141	*
chr1	186343317	186343475	159	*
chr12	119156492	119156605	114	*
chr1	186343903	186344096	194	*
chr12	119673961	119674060	100	*
chr12	119674327	119674456	130	*
chr12	119697656	119697841	186	*
chr1	186344484	186344584	101	*
chr12	119701618	119701765	148	*
chr12	119704356	119704457	102	*
chr1	186347289	186347464	176	*
chr12	119721341	119721454	114	*
chr12	119734162	119734368	207	*
chr12	119735158	119735359	202	*
chr12	119752046	119752249	204	*
chr1	186350220	186350391	172	*
chr12	119767074	119767191	118	*
chr12	119770777	119770927	151	*
chr12	119772764	119772912	149	*
chr12	119783879	119784079	201	*
chr12	119825161	119825373	213	*
chr12	119857520	119857702	183	*
chr1	186351973	186352134	162	*
chr12	119998518	119998742	225	*
chr12	120061708	120061831	124	*
chr12	120064729	120064881	153	*
chr12	120071617	120071805	189	*
chr12	120072508	120072734	227	*
chr1	186353682	186353852	171	*
chr12	120090903	120091024	122	*
chr12	120097212	120097376	165	*
chr12	120099025	120099157	133	*
chr12	120103819	120103953	135	*
chr12	120127849	120127982	134	*
chr1	186356312	186356452	141	*
chr12	120129277	120129496	220	*
chr12	120130641	120130756	116	*
chr12	120134288	120134407	120	*
chr12	120134531	120134728	198	*
chr12	120136498	120136735	238	*
chr12	120137624	120137816	193	*
chr12	120137899	120138046	148	*
chr12	120140853	120141028	176	*
chr12	120142508	120142725	218	*
chr12	120144302	120144451	150	*
chr12	120144631	120144838	208	*
chr12	120144918	120145063	146	*
chr12	120149607	120149745	139	*
chr12	120149917	120150045	129	*
chr12	120151140	120151280	141	*
chr12	120303655	120303836	182	*
chr1	186358538	186358655	118	*
chr12	120303863	120304060	198	*
chr12	120440443	120440551	109	*
chr12	120446221	120446325	105	*
chr1	186359793	186360000	208	*
chr12	120463944	120464124	181	*
chr12	120465621	120465789	169	*
chr12	120510008	120510129	122	*
chr12	120522212	120522365	154	*
chr1	186360762	186360909	148	*
chr12	120554714	120554814	101	*
chr12	120557279	120557470	192	*
chr12	120557543	120557687	145	*
chr12	120563808	120563947	140	*
chr12	120565426	120565535	110	*
chr12	120575785	120575958	174	*
chr12	120579772	120579925	154	*
chr12	120656060	120656283	224	*
chr12	120660193	120660345	153	*
chr12	120694089	120694274	186	*
chr12	120696314	120696552	239	*
chr12	120716867	120717050	184	*
chr12	120736993	120737140	148	*
chr1	186362832	186363006	175	*
chr12	120737840	120737990	151	*
chr12	120738278	120738455	178	*
chr12	120738530	120738673	144	*
chr12	120738815	120738918	104	*
chr12	120739294	120739448	155	*
chr12	120997472	120997670	199	*
chr12	121166089	121166194	106	*
chr1	186367883	186367984	102	*
chr12	121217132	121217283	152	*
chr12	121248601	121248750	150	*
chr12	121253270	121253474	205	*
chr12	121263804	121263942	139	*
chr1	186373351	186373465	115	*
chr12	121331342	121331463	122	*
chr12	121439855	121440078	224	*
chr12	121442154	121442353	200	*
chr12	121444187	121444319	133	*
chr12	121445271	121445421	151	*
chr12	121509560	121509860	301	*
chr12	121513269	121513411	143	*
chr12	121520980	121521102	123	*
chr12	121532803	121532961	159	*
chr12	121549455	121549640	186	*
chr12	121641039	121641347	309	*
chr12	121641419	121641642	224	*
chr12	121653073	121653261	189	*
chr12	121761636	121761740	105	*
chr12	121780870	121781009	140	*
chr12	121781081	121781197	117	*
chr12	121847050	121847217	168	*
chr12	121894736	121894846	111	*
chr1	186388440	186388555	116	*
chr12	121903004	121903112	109	*
chr12	121958937	121959099	163	*
chr12	121999713	121999852	140	*
chr12	122035329	122035432	104	*
chr1	186390709	186390854	146	*
chr12	122129939	122130115	177	*
chr12	122138421	122138555	135	*
chr12	122138806	122138944	139	*
chr12	122140935	122141089	155	*
chr12	122190215	122190351	137	*
chr12	122208463	122208580	118	*
chr12	122232795	122232972	178	*
chr1	186398301	186398445	145	*
chr12	122263569	122263708	140	*
chr12	122272875	122273091	217	*
chr12	122278788	122278947	160	*
chr12	122319228	122319349	122	*
chr12	122336622	122336811	190	*
chr12	122341444	122341722	279	*
chr12	122360954	122361191	238	*
chr1	186443979	186444520	542	*
chr12	122377593	122377974	382	*
chr12	122483448	122483584	137	*
chr12	122490457	122490570	114	*
chr12	122508215	122508455	241	*
chr12	122515104	122515230	127	*
chr1	186674296	186674764	469	*
chr12	122613108	122613238	131	*
chr12	122767484	122767609	126	*
chr12	122859424	122859538	115	*
chr12	122867498	122867609	112	*
chr12	122870886	122871067	182	*
chr12	122940117	122940287	171	*
chr12	122944386	122944521	136	*
chr12	122959821	122960178	358	*
chr12	123012610	123012736	127	*
chr12	123162112	123162229	118	*
chr12	123163009	123163136	128	*
chr12	123165292	123165397	106	*
chr12	123194380	123194614	235	*
chr12	123227459	123227656	198	*
chr12	123326147	123326339	193	*
chr12	123327424	123327583	160	*
chr12	123327890	123328049	160	*
chr12	123328729	123328906	178	*
chr12	123390620	123390790	171	*
chr12	123465536	123466092	557	*
chr12	123485632	123485769	138	*
chr12	123498555	123498767	213	*
chr12	123499411	123499538	128	*
chr12	123523493	123523648	156	*
chr12	123615183	123615321	139	*
chr12	123618708	123618839	132	*
chr1	186870396	186870502	107	*
chr12	123724648	123724763	116	*
chr1	186893006	186893165	160	*
chr12	123747605	123747732	128	*
chr12	123748573	123748742	170	*
chr12	123783945	123784180	236	*
chr12	123845598	123845871	274	*
chr12	123850886	123851078	193	*
chr12	123853204	123853354	151	*
chr1	186938990	186939236	247	*
chr12	123865949	123866077	129	*
chr12	123914326	123914552	227	*
chr12	123916454	123916741	288	*
chr12	123925048	123925210	163	*
chr12	123926634	123926822	189	*
chr12	123928465	123928593	129	*
chr12	123929662	123929761	100	*
chr12	123930401	123930578	178	*
chr12	123931339	123931475	137	*
chr12	123931634	123931744	111	*
chr12	123933328	123933514	187	*
chr12	123934619	123934768	150	*
chr12	123935333	123935477	145	*
chr12	131714035	131714469	435	*
chr1	186956099	186956348	250	*
chr12	131932167	131932314	148	*
chr12	131961522	131961957	436	*
chr12	132037680	132037796	117	*
chr1	186988370	186988507	138	*
chr12	132667501	132667655	155	*
chr12	132668628	132668743	116	*
chr12	132672625	132672843	219	*
chr12	132676544	132676656	113	*
chr12	132717433	132717568	136	*
chr12	132775138	132775319	182	*
chr12	132776954	132777083	130	*
chr12	132777666	132777807	142	*
chr12	132798335	132798479	145	*
chr12	132801765	132801971	207	*
chr12	132848638	132848738	101	*
chr12	132857405	132857563	159	*
chr12	132877551	132877664	114	*
chr13	19642113	19642271	159	*
chr13	19646436	19646736	301	*
chr13	19663031	19663130	100	*
chr13	19838695	19838997	303	*
chr13	19993059	19993924	866	*
chr13	20005067	20005241	175	*
chr13	20026597	20026768	172	*
chr13	20489365	20489503	139	*
chr13	20596144	20596246	103	*
chr13	20599449	20599571	123	*
chr13	20663493	20663607	115	*
chr13	20691039	20691175	137	*
chr13	20790459	20790582	124	*
chr1	21857012	21857197	186	*
chr13	21140884	21140999	116	*
chr13	21381431	21381556	126	*
chr13	21400360	21400500	141	*
chr13	23330136	23333345	3210	*
chr13	23333367	23336840	3474	*
chr13	23336902	23338073	1172	*
chr13	23338336	23340517	2182	*
chr13	24290649	24290887	239	*
chr13	24707276	24707439	164	*
chr13	24710484	24710584	101	*
chr13	24830481	24830604	124	*
chr1	190097605	190099156	1552	*
chr13	25331354	25331643	290	*
chr13	25551336	25551509	174	*
chr1	190160661	190160920	260	*
chr13	25828013	25828201	189	*
chr13	25839478	25839628	151	*
chr13	26337542	26337650	109	*
chr13	26393360	26393513	154	*
chr13	26758822	26759763	942	*
chr13	27095595	27095837	243	*
chr13	27105727	27105946	220	*
chr13	27273193	27273385	193	*
chr1	190264859	190265061	203	*
chr13	27550328	27550493	166	*
chr1	190281555	190281808	254	*
chr1	190454650	190454936	287	*
chr13	28014446	28014560	115	*
chr13	28220202	28220397	196	*
chr13	28266702	28266884	183	*
chr13	28277221	28277381	161	*
chr13	28281292	28281399	108	*
chr13	28319420	28319536	117	*
chr13	28334022	28334131	110	*
chr13	28357547	28357688	142	*
chr13	28662400	28662510	111	*
chr13	29522312	29522455	144	*
chr13	29535817	29536158	342	*
chr13	29777149	29777272	124	*
chr13	30240455	30240568	114	*
chr1	192352028	192352215	188	*
chr13	30653145	30653310	166	*
chr1	192365912	192366126	215	*
chr13	31138788	31138902	115	*
chr13	31143778	31143971	194	*
chr1	192578214	192578388	175	*
chr13	31247851	31247970	120	*
chr13	31260944	31261087	144	*
chr13	31791790	31792003	214	*
chr13	31792675	31792906	232	*
chr13	31797215	31797421	207	*
chr1	192811396	192811599	204	*
chr13	32117332	32117476	145	*
chr13	32147270	32147389	120	*
chr13	32155489	32155667	179	*
chr13	32178174	32178441	268	*
chr1	193023836	193023954	119	*
chr13	32267215	32267361	147	*
chr13	32274832	32274998	167	*
chr13	32276455	32276567	113	*
chr13	32295198	32295644	447	*
chr13	32362518	32362698	181	*
chr13	32394686	32394936	251	*
chr1	193049726	193049864	139	*
chr13	32398300	32398426	127	*
chr13	32651802	32652012	211	*
chr13	32678833	32678932	100	*
chr13	32706931	32707042	112	*
chr13	32742582	32742730	149	*
chr1	193096650	193096756	107	*
chr13	32764480	32764598	119	*
chr13	32770119	32770448	330	*
chr13	33061258	33061685	428	*
chr13	33106753	33106937	185	*
chr13	33112716	33112934	219	*
chr13	33126078	33126246	169	*
chr13	33127367	33127484	118	*
chr13	35040931	35041168	238	*
chr1	193141844	193142066	223	*
chr13	35058714	35058866	153	*
chr13	35142267	35142380	114	*
chr13	35157076	35157273	198	*
chr1	193147859	193147971	113	*
chr13	35211043	35211181	139	*
chr1	193180293	193181273	981	*
chr13	35475059	35476239	1181	*
chr13	35550913	35551035	123	*
chr13	35793350	35793482	133	*
chr13	35854494	35854614	121	*
chr13	35871218	35871350	133	*
chr13	35947349	35947473	125	*
chr13	36125760	36126135	376	*
chr13	36326574	36326688	115	*
chr13	36335017	36335326	310	*
chr13	36825425	36825539	115	*
chr13	36865528	36865761	234	*
chr13	36879276	36879689	414	*
chr13	36949943	36950060	118	*
chr13	36965569	36965756	188	*
chr1	21875650	21875749	100	*
chr13	37005919	37006027	109	*
chr13	37009177	37009402	226	*
chr13	37028154	37028304	151	*
chr13	37045243	37045404	162	*
chr13	37569275	37569418	144	*
chr13	37579224	37579361	138	*
chr13	37580556	37580699	144	*
chr13	37582360	37582517	158	*
chr13	37586777	37586930	154	*
chr13	37655082	37655286	205	*
chr13	37663410	37663702	293	*
chr13	37745931	37746475	545	*
chr13	38688522	38688714	193	*
chr13	38769576	38769686	111	*
chr13	38864496	38864609	114	*
chr13	38874480	38874591	112	*
chr13	38878142	38878327	186	*
chr13	39028224	39028328	105	*
chr13	39378423	39378528	106	*
chr13	39600822	39601221	400	*
chr13	40559499	40559885	387	*
chr13	40560158	40560873	716	*
chr13	40799117	40799321	205	*
chr13	40805115	40805260	146	*
chr13	40933594	40934038	445	*
chr13	41233886	41234011	126	*
chr13	41240255	41240435	181	*
chr13	41320651	41320830	180	*
chr13	41323047	41323195	149	*
chr13	41325696	41325854	159	*
chr13	41358808	41358965	158	*
chr13	41367428	41367655	228	*
chr13	41727191	41727321	131	*
chr13	41819213	41819388	176	*
chr13	41885914	41886031	118	*
chr1	196228200	196228345	146	*
chr13	42199563	42199681	119	*
chr13	42221149	42221423	275	*
chr1	196258189	196258496	308	*
chr13	42298521	42298651	131	*
chr13	42299931	42300116	186	*
chr13	42300346	42300743	398	*
chr13	42301026	42301133	108	*
chr13	42308452	42308614	163	*
chr13	42317526	42317695	170	*
chr13	42606505	42606698	194	*
chr13	43236631	43236760	130	*
chr1	21880102	21880256	155	*
chr13	43269464	43269579	116	*
chr1	196326711	196326910	200	*
chr13	44436498	44436642	145	*
chr13	45193611	45194621	1011	*
chr1	196333841	196334065	225	*
chr13	45480100	45480296	197	*
chr13	45492145	45492258	114	*
chr13	45516132	45516321	190	*
chr13	45518907	45519097	191	*
chr13	45783570	45783883	314	*
chr13	45975682	45975849	168	*
chr13	45988784	45989099	316	*
chr13	46003137	46003339	203	*
chr13	46020443	46020562	120	*
chr13	46053675	46053807	133	*
chr13	46073866	46073980	115	*
chr13	46146906	46147106	201	*
chr13	46782663	46782793	131	*
chr13	46784246	46784355	110	*
chr13	46834981	46835644	664	*
chr13	46892384	46892592	209	*
chr13	47948936	47949035	100	*
chr13	47949477	47949605	129	*
chr13	47954136	47954284	149	*
chr13	48086277	48086458	182	*
chr13	48342612	48342717	106	*
chr1	196465288	196465397	110	*
chr13	48381234	48381448	215	*
chr13	48411504	48411924	421	*
chr13	48459686	48459835	150	*
chr13	48463723	48463841	119	*
chr13	48476694	48476848	155	*
chr13	48502718	48502907	190	*
chr13	49168599	49168756	158	*
chr13	49185962	49186106	145	*
chr13	49191004	49191124	121	*
chr13	49196880	49196993	114	*
chr13	49197718	49197879	162	*
chr13	49198081	49198267	187	*
chr13	49310828	49310995	168	*
chr13	49331943	49332092	150	*
chr13	49359712	49359843	132	*
chr13	49476854	49477046	193	*
chr13	49480944	49481120	177	*
chr13	49544734	49544865	132	*
chr13	49555510	49555675	166	*
chr13	49630484	49630594	111	*
chr1	197052630	197052847	218	*
chr13	49914952	49915194	243	*
chr13	49927913	49928092	180	*
chr1	197060358	197060501	144	*
chr13	51374232	51374441	210	*
chr13	51378235	51378465	231	*
chr13	51389315	51389448	134	*
chr13	51395294	51395486	193	*
chr13	51451022	51451194	173	*
chr13	51755357	51755461	105	*
chr13	51756329	51756468	140	*
chr13	51758190	51758305	116	*
chr13	52144689	52144898	210	*
chr13	52151319	52151419	101	*
chr13	52377413	52377629	217	*
chr1	197089924	197090092	169	*
chr13	52465279	52465470	192	*
chr13	52666804	52666921	118	*
chr13	52679972	52680160	189	*
chr13	52733211	52733369	159	*
chr13	52844609	52844936	328	*
chr13	53041908	53042124	217	*
chr13	53050337	53050632	296	*
chr13	57633774	57634818	1045	*
chr13	57634863	57635116	254	*
chr13	57724435	57725528	1094	*
chr1	197124867	197124970	104	*
chr1	197129909	197130090	182	*
chr1	197135092	197135246	155	*
chr13	60509761	60509922	162	*
chr13	60528776	60529037	262	*
chr13	60529068	60529222	155	*
chr1	197159358	197160023	666	*
chr13	66304343	66305042	700	*
chr1	197176559	197176675	117	*
chr1	197188278	197188444	167	*
chr1	197191684	197191910	227	*
chr13	67225822	67228626	2805	*
chr1	197199940	197200329	390	*
chr13	69838974	69839169	196	*
chr13	69882279	69882513	235	*
chr13	69940035	69940231	197	*
chr1	22121443	22121579	137	*
chr1	197595203	197595695	493	*
chr13	72731268	72731394	127	*
chr13	72745942	72746081	140	*
chr13	72761920	72762139	220	*
chr13	72780848	72781005	158	*
chr13	72781603	72781832	230	*
chr13	72783469	72783726	258	*
chr13	72792445	72792550	106	*
chr13	72931148	72931271	124	*
chr1	197672033	197672161	129	*
chr13	73813052	73813358	307	*
chr13	73845871	73846388	518	*
chr13	75306309	75306475	167	*
chr13	75324215	75324340	126	*
chr13	75356142	75356253	112	*
chr13	75566693	75566855	163	*
chr1	197928961	197929263	303	*
chr13	75834221	75834393	173	*
chr13	77000562	77000940	379	*
chr13	77007121	77007799	679	*
chr13	77061166	77061303	138	*
chr13	77061660	77061796	137	*
chr13	77062590	77062700	111	*
chr13	77064613	77064736	124	*
chr13	77081831	77081999	169	*
chr13	77087482	77087636	155	*
chr13	77095353	77095604	252	*
chr13	77097366	77099035	1670	*
chr13	77118253	77118581	329	*
chr13	77140844	77140947	104	*
chr13	77150727	77150834	108	*
chr13	77157934	77158115	182	*
chr13	77166316	77166563	248	*
chr13	77168425	77168649	225	*
chr13	77176494	77176632	139	*
chr13	77181699	77181932	234	*
chr13	77185100	77185379	280	*
chr1	198264114	198264238	125	*
chr13	77185868	77186066	199	*
chr13	77194149	77194252	104	*
chr13	77205252	77205385	134	*
chr13	77211163	77211323	161	*
chr13	77243047	77243162	116	*
chr13	77251149	77251309	161	*
chr13	77260423	77260600	178	*
chr13	77263646	77263802	157	*
chr13	77270292	77270541	250	*
chr13	77288157	77288382	226	*
chr13	77753201	77753364	164	*
chr13	77903232	77903362	131	*
chr13	78615578	78615927	350	*
chr13	78616986	78617132	147	*
chr13	79322343	79322468	126	*
chr13	79334336	79334436	101	*
chr13	79342660	79342833	174	*
chr13	79358269	79358446	178	*
chr13	79365598	79365747	150	*
chr1	22489951	22490283	333	*
chr13	83879750	83880484	735	*
chr13	83880543	83881511	969	*
chr13	85793987	85796424	2438	*
chr13	87675360	87676935	1576	*
chr13	87676957	87677235	279	*
chr13	91448757	91448926	170	*
chr13	91693551	91693886	336	*
chr1	200406722	200408416	1695	*
chr13	93830151	93830554	404	*
chr13	94398464	94398646	183	*
chr13	94581086	94581200	115	*
chr13	94605376	94605555	180	*
chr13	94619135	94619333	199	*
chr13	95760672	95760803	132	*
chr13	95763641	95763752	112	*
chr13	95787005	95787157	153	*
chr13	95832921	95833063	143	*
chr13	95837081	95837205	125	*
chr13	95986329	95986444	116	*
chr13	96832479	96833198	720	*
chr13	97334269	97334446	178	*
chr13	97343007	97343221	215	*
chr1	22576487	22576881	395	*
chr13	97993099	97993231	133	*
chr13	98002465	98002597	133	*
chr13	98006127	98006352	226	*
chr1	200649069	200649243	175	*
chr13	98016727	98016858	132	*
chr13	98019579	98019812	234	*
chr13	98020989	98021137	149	*
chr1	200650418	200650678	261	*
chr13	98388381	98388484	104	*
chr13	98440667	98440839	173	*
chr13	98446664	98446820	157	*
chr13	98807659	98807812	154	*
chr13	98831647	98831797	151	*
chr13	98845812	98846137	326	*
chr13	98855895	98856033	139	*
chr1	200760837	200761104	268	*
chr13	98863365	98863555	191	*
chr13	98867421	98867542	122	*
chr13	98902959	98903120	162	*
chr13	98922049	98922159	111	*
chr13	98955433	98955553	121	*
chr13	99255103	99255823	721	*
chr13	99295063	99295290	228	*
chr13	99295331	99296004	674	*
chr13	99862985	99863097	113	*
chr13	99982783	99983141	359	*
chr13	100515425	100515572	148	*
chr13	100625782	100625898	117	*
chr13	101055297	101055497	201	*
chr13	101067916	101068035	120	*
chr13	101089652	101089792	141	*
chr13	101089841	101089969	129	*
chr13	101100779	101100895	117	*
chr13	101103170	101103341	172	*
chr13	101144757	101144898	142	*
chr13	101191911	101192057	147	*
chr13	101237753	101237924	172	*
chr13	101395178	101395368	191	*
chr13	101399013	101399143	131	*
chr13	101575410	101575553	144	*
chr1	202425560	202425727	168	*
chr13	101726606	101726822	217	*
chr13	102622875	102623043	169	*
chr13	102637071	102637242	172	*
chr13	102643220	102643382	163	*
chr13	102644906	102645012	107	*
chr13	102769304	102769576	273	*
chr1	22597674	22597867	194	*
chr13	102793596	102793808	213	*
chr13	102798483	102798607	125	*
chr13	102821030	102821141	112	*
chr13	102822055	102822166	112	*
chr13	102861505	102861717	213	*
chr13	102868111	102868261	151	*
chr13	102875299	102875425	127	*
chr1	202601892	202602061	170	*
chr1	202602376	202602548	173	*
chr13	106557042	106558227	1186	*
chr13	106559138	106559659	522	*
chr1	202729037	202729193	157	*
chr13	108208927	108210293	1367	*
chr13	108210322	108211264	943	*
chr13	108229214	108230230	1017	*
chr13	110161190	110161370	181	*
chr1	202731821	202731953	133	*
chr13	110182990	110183101	112	*
chr13	110507932	110508224	293	*
chr13	110511931	110512094	164	*
chr1	202735423	202735590	168	*
chr13	113244947	113245064	118	*
chr13	114243848	114243996	149	*
chr13	114257076	114257235	160	*
chr13	114286301	114286402	102	*
chr14	20295306	20295529	224	*
chr14	20311553	20311756	204	*
chr14	20313463	20313803	341	*
chr14	20356589	20356694	106	*
chr14	20447420	20447524	105	*
chr14	20451971	20452152	182	*
chr14	20455988	20456105	118	*
chr14	20456666	20456828	163	*
chr14	20459200	20459306	107	*
chr14	20460187	20460304	118	*
chr14	20474771	20474951	181	*
chr14	21022068	21022188	121	*
chr14	21022387	21022500	114	*
chr14	21030597	21030758	162	*
chr14	21073043	21073248	206	*
chr14	21073929	21074062	134	*
chr14	21211219	21211335	117	*
chr14	21211403	21211566	164	*
chr14	21230890	21231078	189	*
chr14	21353701	21353834	134	*
chr14	21357192	21357372	181	*
chr14	21361073	21361215	143	*
chr14	21362191	21362337	147	*
chr14	21362791	21362950	160	*
chr14	21369202	21369357	156	*
chr1	202746137	202746333	197	*
chr14	21369749	21369899	151	*
chr14	21370334	21370490	157	*
chr14	21393914	21394061	148	*
chr14	21400409	21400614	206	*
chr14	21400870	21401073	204	*
chr14	21401401	21401515	115	*
chr14	21402331	21402505	175	*
chr14	21403013	21403215	203	*
chr14	21405207	21405467	261	*
chr14	21405718	21405866	149	*
chr14	21406854	21407034	181	*
chr14	21408310	21408560	251	*
chr14	21409845	21409990	146	*
chr14	21415720	21415909	190	*
chr14	21426125	21426256	132	*
chr14	21427983	21428132	150	*
chr14	21463654	21463772	119	*
chr14	21523569	21523840	272	*
chr14	21524346	21524611	266	*
chr14	22575103	22575235	133	*
chr14	22606427	22606537	111	*
chr14	22768054	22768178	125	*
chr14	22770459	22770629	171	*
chr14	22773986	22774118	133	*
chr14	22774350	22774505	156	*
chr14	22778791	22778940	150	*
chr14	22812953	22813313	361	*
chr1	22784389	22785080	692	*
chr1	202760411	202760597	187	*
chr14	22842552	22842694	143	*
chr14	22843255	22843418	164	*
chr14	22844368	22844512	145	*
chr14	22922439	22922548	110	*
chr14	22924877	22925053	177	*
chr14	22926131	22926298	168	*
chr14	22987336	22987597	262	*
chr14	23026140	23026378	239	*
chr14	23033363	23033698	336	*
chr14	23090518	23090636	119	*
chr14	23128042	23128201	160	*
chr14	23131456	23131559	104	*
chr14	23137915	23138027	113	*
chr14	23143077	23143207	131	*
chr14	23307896	23308210	315	*
chr14	23323375	23323488	114	*
chr14	23382424	23382565	142	*
chr14	23383219	23383323	105	*
chr14	23386435	23386625	191	*
chr14	23387755	23387923	169	*
chr14	23388153	23388341	189	*
chr14	23390055	23390448	394	*
chr14	23398742	23399040	299	*
chr14	23400722	23400979	258	*
chr1	202892532	202892634	103	*
chr14	23402692	23402802	111	*
chr14	23405622	23405775	154	*
chr14	23419175	23419297	123	*
chr14	23419844	23420236	393	*
chr1	202893234	202893428	195	*
chr14	23423540	23423724	185	*
chr14	23423905	23424151	247	*
chr14	23425962	23426084	123	*
chr14	23427588	23427900	313	*
chr14	23430555	23430665	111	*
chr14	23433078	23433230	153	*
chr14	23532565	23532676	112	*
chr14	23556860	23556959	100	*
chr1	202894589	202894753	165	*
chr14	23562307	23562416	110	*
chr14	23577153	23577452	300	*
chr14	24058888	24058991	104	*
chr14	24059268	24059444	177	*
chr1	202895519	202895734	216	*
chr14	24076147	24076285	139	*
chr14	24099047	24099241	195	*
chr14	24103158	24103259	102	*
chr14	24119707	24119901	195	*
chr14	24151891	24151995	105	*
chr14	24155155	24155333	179	*
chr1	202911048	202911209	162	*
chr14	24190377	24190656	280	*
chr14	24237243	24237356	114	*
chr14	24269951	24270142	192	*
chr14	24304943	24305095	153	*
chr14	24318465	24318570	106	*
chr14	24322970	24323094	125	*
chr14	24329855	24330021	167	*
chr14	24372454	24372607	154	*
chr14	24373693	24373872	180	*
chr14	24436069	24436183	115	*
chr14	24437147	24437285	139	*
chr1	202941573	202941748	176	*
chr14	24441671	24441796	126	*
chr14	24857021	24857159	139	*
chr14	24974662	24974821	160	*
chr1	202942015	202942232	218	*
chr1	202943753	202943947	195	*
chr1	202944978	202945175	198	*
chr14	26448060	26449061	1002	*
chr1	202962527	202962704	178	*
chr1	202965367	202965502	136	*
chr1	202965882	202965995	114	*
chr1	203014884	203015050	167	*
chr1	203015955	203016150	196	*
chr1	203020791	203020954	164	*
chr1	203022837	203023021	185	*
chr1	203043928	203044097	170	*
chr14	29576898	29577459	562	*
chr14	29599649	29599833	185	*
chr1	203046251	203046388	138	*
chr14	30592320	30592451	132	*
chr14	30593469	30593643	175	*
chr14	30597418	30597534	117	*
chr14	30598486	30598602	117	*
chr1	203060215	203060423	209	*
chr14	30607876	30608075	200	*
chr14	30638113	30638250	138	*
chr14	30878800	30878949	150	*
chr14	30880585	30880738	154	*
chr14	30885383	30885623	241	*
chr14	30885795	30886316	522	*
chr14	30889610	30889789	180	*
chr14	30895109	30895583	475	*
chr14	30911035	30911166	132	*
chr14	30913493	30913671	179	*
chr1	203068449	203068636	188	*
chr14	31069829	31069934	106	*
chr14	31106641	31107254	614	*
chr14	31107564	31107709	146	*
chr14	31109394	31109601	208	*
chr1	22892879	22893049	171	*
chr14	31113275	31113495	221	*
chr14	31116231	31116463	233	*
chr14	31122905	31123056	152	*
chr14	31127778	31128034	257	*
chr14	31128604	31129533	930	*
chr14	31133227	31133416	190	*
chr14	31133504	31133677	174	*
chr14	31134857	31135197	341	*
chr14	31135471	31135620	150	*
chr14	31139888	31139999	112	*
chr14	31141855	31141956	102	*
chr14	31144801	31144944	144	*
chr14	31148890	31149174	285	*
chr14	31149995	31150223	229	*
chr14	31156835	31157012	178	*
chr14	31157163	31157306	144	*
chr14	31169349	31169470	122	*
chr14	31173154	31173432	279	*
chr14	31173520	31173808	289	*
chr14	31174908	31175140	233	*
chr14	31205790	31205970	181	*
chr14	31293276	31293614	339	*
chr14	31304902	31305179	278	*
chr14	31306730	31306881	152	*
chr14	31307889	31308023	135	*
chr14	31308932	31309185	254	*
chr14	31323559	31323815	257	*
chr14	31337471	31337620	150	*
chr14	31343889	31344070	182	*
chr14	31347746	31347909	164	*
chr14	31349777	31349985	209	*
chr14	31386418	31386578	161	*
chr14	31388837	31388946	110	*
chr14	31394047	31394229	183	*
chr14	31395195	31395350	156	*
chr14	31448130	31448470	341	*
chr14	31562095	31562234	140	*
chr14	31599287	31599386	100	*
chr14	31846469	31846582	114	*
chr14	32090609	32092845	2237	*
chr14	32093092	32094394	1303	*
chr14	32117119	32117299	181	*
chr14	32149890	32150044	155	*
chr1	203170338	203170455	118	*
chr14	32433454	32433822	369	*
chr14	32535551	32535807	257	*
chr14	32545220	32545486	267	*
chr14	32546496	32546856	361	*
chr14	32599400	32599841	442	*
chr14	32695848	32696512	665	*
chr14	32735636	32735909	274	*
chr1	203307101	203307439	339	*
chr14	32773672	32773899	228	*
chr14	32821660	32821959	300	*
chr14	32822476	32823303	828	*
chr14	32823892	32824226	335	*
chr1	203347328	203348057	730	*
chr1	203483338	203484163	826	*
chr14	33215171	33215431	261	*
chr1	203700796	203700928	133	*
chr1	203703642	203703816	175	*
chr14	33735199	33735337	139	*
chr1	203709299	203709546	248	*
chr1	203710875	203711110	236	*
chr14	33793894	33794047	154	*
chr14	33799731	33799913	183	*
chr14	33800649	33801109	461	*
chr1	22906707	22906959	253	*
chr14	33929072	33929209	138	*
chr14	33931093	33931226	134	*
chr14	33950391	33950753	363	*
chr1	203714163	203714280	118	*
chr14	34536090	34536277	188	*
chr1	203720548	203720740	193	*
chr14	34713220	34713565	346	*
chr14	34776130	34776450	321	*
chr14	34792769	34792940	172	*
chr14	34794744	34794893	150	*
chr14	34795667	34795768	102	*
chr1	203722466	203722694	229	*
chr14	34826004	34826166	163	*
chr14	34862040	34862346	307	*
chr14	35011507	35011666	160	*
chr14	35013798	35013910	113	*
chr14	35014730	35014833	104	*
chr14	35078920	35079039	120	*
chr14	35081105	35081228	124	*
chr14	35085589	35085796	208	*
chr1	203727423	203727574	152	*
chr14	35270399	35270554	156	*
chr14	35307987	35308095	109	*
chr14	35402389	35402665	277	*
chr14	35403197	35403362	166	*
chr14	35403687	35403801	115	*
chr14	35572557	35572720	164	*
chr14	35635461	35635604	144	*
chr14	35654357	35654483	127	*
chr14	35655804	35655918	115	*
chr14	35664637	35664770	134	*
chr14	35672863	35673034	172	*
chr14	35674513	35674720	208	*
chr14	35689278	35690017	740	*
chr14	35742453	35742567	115	*
chr14	35748582	35748831	250	*
chr14	35752021	35752168	148	*
chr14	35756790	35756912	123	*
chr14	35760823	35761007	185	*
chr14	35775629	35775753	125	*
chr14	35862588	35862690	103	*
chr14	35867902	35868037	136	*
chr14	35870354	35870490	137	*
chr1	203818568	203818696	129	*
chr14	36299084	36299190	107	*
chr14	36316676	36316844	169	*
chr1	203828297	203828437	141	*
chr14	36517278	36517496	219	*
chr14	36662925	36663303	379	*
chr1	203829778	203829899	122	*
chr14	36666459	36666605	147	*
chr14	36676171	36676453	283	*
chr14	36684716	36685522	807	*
chr14	36711314	36711485	172	*
chr1	22909019	22909178	160	*
chr14	36725543	36725712	170	*
chr1	204116504	204116674	171	*
chr14	37270408	37270547	140	*
chr14	37285309	37285453	145	*
chr14	37369433	37369835	403	*
chr14	37499900	37500057	158	*
chr14	37823741	37823898	158	*
chr14	38209556	38210484	929	*
chr14	39040729	39040889	161	*
chr14	39045161	39045335	175	*
chr14	39067168	39067299	132	*
chr14	39075931	39076112	182	*
chr1	204124638	204124860	223	*
chr14	39085759	39085909	151	*
chr14	39091475	39091721	247	*
chr14	39095894	39096142	249	*
chr14	39151740	39151845	106	*
chr14	39158284	39158407	124	*
chr14	39180497	39180953	457	*
chr14	39240552	39240656	105	*
chr14	39302127	39302251	125	*
chr14	39313334	39313444	111	*
chr1	22910380	22910578	199	*
chr14	39399065	39399789	725	*
chr14	39401170	39401883	714	*
chr14	41886576	41888015	1440	*
chr14	41891244	41892190	947	*
chr14	44931332	44931547	216	*
chr14	44945026	44945937	912	*
chr14	45004043	45004332	290	*
chr14	45006005	45006142	138	*
chr14	45008911	45009147	237	*
chr14	45027293	45027479	187	*
chr14	45032221	45032378	158	*
chr14	45044632	45044874	243	*
chr14	45052434	45052568	135	*
chr1	204223434	204223607	174	*
chr14	45066576	45066771	196	*
chr14	45068419	45068647	229	*
chr14	45073290	45073535	246	*
chr14	45096101	45096238	138	*
chr14	45107447	45107602	156	*
chr14	45109833	45110227	395	*
chr14	45110547	45110824	278	*
chr14	45121480	45121622	143	*
chr14	45129792	45129905	114	*
chr14	45153918	45154043	126	*
chr14	45164354	45164570	217	*
chr14	45166942	45167089	148	*
chr14	45170612	45170752	141	*
chr1	204228726	204228863	138	*
chr14	45173085	45173213	129	*
chr14	46651108	46651657	550	*
chr14	46841735	46842010	276	*
chr14	46845760	46845879	120	*
chr14	46855019	46855167	149	*
chr14	46873428	46873593	166	*
chr14	46882039	46882236	198	*
chr1	204230410	204230589	180	*
chr14	46920007	46920166	160	*
chr14	46957371	46957646	276	*
chr14	47035004	47035320	317	*
chr14	47131712	47131849	138	*
chr14	49607489	49608126	638	*
chr14	49614244	49614468	225	*
chr14	49622194	49622448	255	*
chr14	49633283	49633389	107	*
chr14	49650259	49650443	185	*
chr14	49674118	49674224	107	*
chr14	49679722	49679825	104	*
chr14	49774559	49774684	126	*
chr14	49780209	49780328	120	*
chr14	49806017	49806131	115	*
chr14	49814752	49814865	114	*
chr1	22913450	22913570	121	*
chr14	49834357	49834460	104	*
chr14	49846131	49846282	152	*
chr14	49851559	49851680	122	*
chr14	50130493	50130775	283	*
chr1	204248818	204248972	155	*
chr14	50138605	50138801	197	*
chr14	50139936	50140066	131	*
chr14	50145164	50145336	173	*
chr14	50145471	50145603	133	*
chr14	50150005	50150238	234	*
chr14	50161478	50161611	134	*
chr14	50174449	50174568	120	*
chr14	50182456	50182608	153	*
chr14	50199686	50199867	182	*
chr14	50200950	50201091	142	*
chr14	50204281	50204411	131	*
chr14	50267749	50267912	164	*
chr1	204257349	204257653	305	*
chr14	50283868	50284037	170	*
chr14	50294110	50294246	137	*
chr14	50323942	50324119	178	*
chr14	50342125	50342226	102	*
chr14	50434960	50435067	108	*
chr14	50587829	50588081	253	*
chr14	50590938	50591078	141	*
chr14	50614370	50614512	143	*
chr14	50620592	50620729	138	*
chr14	50628029	50628464	436	*
chr14	50644741	50645016	276	*
chr14	50725948	50726060	113	*
chr14	50729521	50729726	206	*
chr14	50741580	50741730	151	*
chr14	50743414	50743531	118	*
chr14	50744241	50744379	139	*
chr14	50771326	50771471	146	*
chr14	50772299	50772470	172	*
chr14	50772947	50773097	151	*
chr14	50821869	50822082	214	*
chr1	204261327	204261463	137	*
chr14	50905420	50905563	144	*
chr14	50909893	50910104	212	*
chr14	50911727	50911874	148	*
chr14	50914698	50914817	120	*
chr14	50915331	50915490	160	*
chr14	50917008	50917115	108	*
chr14	50979382	50979561	180	*
chr14	50981797	50982120	324	*
chr14	50985914	50986178	265	*
chr14	50998045	50998190	146	*
chr1	204264941	204265053	113	*
chr14	51010382	51010496	115	*
chr14	51243853	51243971	119	*
chr14	51708076	51708235	160	*
chr14	51999700	51999801	102	*
chr14	52005733	52005851	119	*
chr14	52014280	52014459	180	*
chr14	52040648	52040853	206	*
chr14	52042100	52042273	174	*
chr14	52042780	52042936	157	*
chr14	52327265	52327377	113	*
chr14	52439272	52439396	125	*
chr14	52632150	52632314	165	*
chr14	52633824	52633952	129	*
chr14	52653065	52653317	253	*
chr14	52666369	52666497	129	*
chr14	52720859	52720987	129	*
chr1	204410011	204410184	174	*
chr14	52727496	52727659	164	*
chr14	52778309	52778461	153	*
chr14	52781781	52781915	135	*
chr14	52864398	52864624	227	*
chr14	52864740	52864858	119	*
chr14	52881033	52881141	109	*
chr14	52881241	52881472	232	*
chr14	52893288	52893430	143	*
chr14	53046768	53046951	184	*
chr14	53058471	53058628	158	*
chr14	53062939	53063220	282	*
chr14	53072591	53072705	115	*
chr14	53950034	53950508	475	*
chr1	204432194	204432404	211	*
chr14	54417846	54417954	109	*
chr14	54432101	54432232	132	*
chr14	54477942	54478162	221	*
chr14	54480865	54480977	113	*
chr14	54483665	54483776	112	*
chr14	54522446	54522599	154	*
chr14	54537716	54537833	118	*
chr1	204433787	204433952	166	*
chr14	54702060	54702585	526	*
chr14	54748813	54748927	115	*
chr14	54770096	54770225	130	*
chr14	54776412	54776545	134	*
chr14	54844017	54844145	129	*
chr14	54865323	54865447	125	*
chr14	54957032	54957155	124	*
chr14	54967274	54967397	124	*
chr14	54984713	54984862	150	*
chr1	204438931	204439074	144	*
chr14	55352043	55352477	435	*
chr14	55385856	55386098	243	*
chr14	55629955	55630099	145	*
chr14	55633232	55633346	115	*
chr14	55634519	55634662	144	*
chr14	55637196	55637366	171	*
chr14	55648019	55648120	102	*
chr14	55650509	55650642	134	*
chr1	204442524	204442642	119	*
chr14	56288435	56288642	208	*
chr14	56296598	56297254	657	*
chr14	56585759	56585926	168	*
chr1	204444064	204444164	101	*
chr14	56632978	56633173	196	*
chr1	204444323	204444429	107	*
chr1	204454658	204454794	137	*
chr1	204455850	204456059	210	*
chr14	57208608	57208800	193	*
chr14	57219315	57219445	131	*
chr14	57222301	57222424	124	*
chr14	57229731	57229885	155	*
chr14	57231500	57231743	244	*
chr14	57274746	57274895	150	*
chr14	57280193	57280425	233	*
chr14	57564218	57564378	161	*
chr14	57569785	57569985	201	*
chr14	57589210	57589520	311	*
chr14	58005045	58005185	141	*
chr14	58211290	58211407	118	*
chr14	58252111	58252246	136	*
chr14	58257739	58257852	114	*
chr14	58301578	58301693	116	*
chr14	58318709	58318810	102	*
chr14	58346409	58346511	103	*
chr14	58347018	58347123	106	*
chr14	58360899	58361052	154	*
chr1	204530682	204530827	146	*
chr14	58640734	58640871	138	*
chr14	59263456	59263666	211	*
chr14	59322887	59323232	346	*
chr14	59324345	59324460	116	*
chr14	59326508	59326653	146	*
chr14	59352524	59352634	111	*
chr14	59363649	59363786	138	*
chr14	59607279	59607495	217	*
chr14	59938385	59938578	194	*
chr1	204549104	204549321	218	*
chr14	59977222	59977349	128	*
chr14	59985103	59985230	128	*
chr14	60006389	60006621	233	*
chr14	60019116	60019261	146	*
chr14	60022728	60022877	150	*
chr14	60027882	60028103	222	*
chr1	204549510	204549680	171	*
chr14	60115266	60115467	202	*
chr14	60124321	60124492	172	*
chr14	60133968	60134220	253	*
chr14	60282668	60283549	882	*
chr1	204618304	204618669	366	*
chr14	60646282	60646589	308	*
chr1	204618785	204619926	1142	*
chr14	60713686	60714205	520	*
chr14	60796214	60796375	162	*
chr14	60811979	60812129	151	*
chr14	60975658	60976128	471	*
chr14	61030434	61030533	100	*
chr14	61450840	61450974	135	*
chr14	61453224	61453358	135	*
chr14	61529070	61529215	146	*
chr14	61530404	61530601	198	*
chr14	61720380	61720579	200	*
chr14	61721504	61721660	157	*
chr14	61721733	61721857	125	*
chr14	61736868	61737115	248	*
chr14	61740497	61740629	133	*
chr1	204954185	204954390	206	*
chr14	61745682	61745823	142	*
chr14	62084193	62084391	199	*
chr14	62100393	62100706	314	*
chr1	204954826	204954957	132	*
chr14	62707504	62708458	955	*
chr14	62779723	62779931	209	*
chr14	62849650	62849862	213	*
chr14	62980867	62981276	410	*
chr14	63001324	63001462	139	*
chr14	63006358	63006476	119	*
chr14	63016825	63016960	136	*
chr14	63280968	63281137	170	*
chr14	63312928	63313138	211	*
chr14	63317641	63317830	190	*
chr14	63393816	63393935	120	*
chr1	204968795	204968988	194	*
chr14	63396580	63396701	122	*
chr14	63415135	63415241	107	*
chr14	63421988	63422105	118	*
chr14	63453677	63453903	227	*
chr14	63539524	63539707	184	*
chr14	63686103	63686658	556	*
chr14	63698560	63698665	106	*
chr14	63727258	63727575	318	*
chr1	204970613	204970752	140	*
chr14	63978890	63979019	130	*
chr14	64016465	64016638	174	*
chr1	204973287	204973423	137	*
chr14	64021403	64021516	114	*
chr14	64065555	64065656	102	*
chr14	64075941	64076103	163	*
chr14	64078463	64078610	148	*
chr14	64089560	64089701	142	*
chr14	64128448	64128558	111	*
chr1	23044267	23044595	329	*
chr1	204974648	204974827	180	*
chr14	64188548	64188712	165	*
chr14	64202799	64202968	170	*
chr14	64211959	64212100	142	*
chr14	64215253	64215361	109	*
chr14	64220533	64220640	108	*
chr14	64234967	64235160	194	*
chr14	64268789	64268914	126	*
chr14	64279973	64280168	196	*
chr14	64415637	64415741	105	*
chr14	64426017	64426197	181	*
chr14	64431529	64431642	114	*
chr14	64435567	64435674	108	*
chr14	64440124	64440271	148	*
chr14	64449443	64449627	185	*
chr14	64469546	64469676	131	*
chr14	64521502	64522241	740	*
chr14	64522742	64523647	906	*
chr14	64540850	64542447	1598	*
chr14	64731358	64731520	163	*
chr14	64770880	64771132	253	*
chr14	64772578	64772956	379	*
chr14	64784254	64784394	141	*
chr1	204987415	204987525	111	*
chr14	64786942	64787120	179	*
chr14	64793534	64793824	291	*
chr14	64799742	64799936	195	*
chr1	205001141	205001302	162	*
chr14	64803605	64803783	179	*
chr14	64822943	64823096	154	*
chr14	64939489	64939781	293	*
chr14	64942500	64942728	229	*
chr14	65040788	65040924	137	*
chr14	65076477	65076673	197	*
chr14	65077907	65078080	174	*
chr14	65093689	65093817	129	*
chr14	65616207	65616376	170	*
chr14	65629485	65629624	140	*
chr14	65721773	65722031	259	*
chr14	65724144	65724328	185	*
chr1	205009555	205009692	138	*
chr14	65742091	65742410	320	*
chr1	205016304	205016540	237	*
chr14	66965188	66965331	144	*
chr14	67088981	67089080	100	*
chr14	67110133	67110265	133	*
chr14	67113003	67113173	171	*
chr14	67179576	67179679	104	*
chr1	205058177	205058361	185	*
chr14	67203081	67203206	126	*
chr14	67279078	67279544	467	*
chr14	67292509	67292730	222	*
chr14	67302407	67302576	170	*
chr14	67320227	67320405	179	*
chr1	205058565	205058667	103	*
chr14	67332774	67332962	189	*
chr14	67352921	67353043	123	*
chr14	67376424	67376595	172	*
chr14	67381590	67381695	106	*
chr14	67383314	67383450	137	*
chr1	205059132	205059297	166	*
chr14	67387329	67387463	135	*
chr14	67392657	67392851	195	*
chr14	67395395	67395589	195	*
chr14	67397657	67397828	172	*
chr14	67473420	67473923	504	*
chr14	67573274	67573391	118	*
chr1	205059576	205059688	113	*
chr14	67577300	67577417	118	*
chr14	67578531	67578633	103	*
chr14	67579718	67579878	161	*
chr14	67582067	67582212	146	*
chr14	67583993	67584128	136	*
chr14	67593737	67593968	232	*
chr14	67648044	67648186	143	*
chr14	67659726	67659924	199	*
chr14	67691135	67691252	118	*
chr14	67692929	67693054	126	*
chr14	67725097	67725260	164	*
chr14	67726049	67726159	111	*
chr14	67726978	67727195	218	*
chr14	67729189	67729383	195	*
chr14	67733743	67733848	106	*
chr1	205062431	205062572	142	*
chr14	67748474	67748642	169	*
chr14	67754068	67754214	147	*
chr14	67755944	67756147	204	*
chr14	67761363	67761587	225	*
chr14	67762197	67762414	218	*
chr14	67766225	67766450	226	*
chr14	67769594	67769733	140	*
chr1	205067098	205067252	155	*
chr14	67777596	67777738	143	*
chr14	67783022	67783254	233	*
chr14	67784331	67784439	109	*
chr1	23055067	23055166	100	*
chr14	67789330	67789600	271	*
chr14	67790570	67790776	207	*
chr14	67802126	67802252	127	*
chr14	67804116	67804267	152	*
chr14	67805450	67805599	150	*
chr14	67806541	67806679	139	*
chr1	205094808	205095078	271	*
chr14	67825462	67825580	119	*
chr14	67864993	67865141	149	*
chr14	67885867	67885993	127	*
chr14	67887019	67887209	191	*
chr1	205096678	205096915	238	*
chr1	205098986	205099111	126	*
chr14	68682940	68683072	133	*
chr14	68789882	68790121	240	*
chr14	68874859	68875020	162	*
chr14	68877080	68877242	163	*
chr1	205099904	205100074	171	*
chr14	68879957	68880110	154	*
chr14	68880808	68880992	185	*
chr14	68882456	68882595	140	*
chr14	68882868	68883057	190	*
chr14	68884770	68884885	116	*
chr14	68890135	68890289	155	*
chr14	68892052	68892285	234	*
chr14	69054637	69054740	104	*
chr14	69055261	69055613	353	*
chr14	69062358	69062513	156	*
chr14	69118134	69118286	153	*
chr1	205103855	205104020	166	*
chr14	69320728	69320871	144	*
chr14	69328448	69328573	126	*
chr14	69338641	69338782	142	*
chr14	69339525	69339624	100	*
chr14	69352029	69352272	244	*
chr14	69380537	69380650	114	*
chr14	69399370	69399470	101	*
chr14	69442145	69442272	128	*
chr14	69500566	69500672	107	*
chr14	69524226	69524325	100	*
chr14	69527185	69527337	153	*
chr1	205114784	205114978	195	*
chr14	69528247	69528378	132	*
chr14	69769171	69769319	149	*
chr14	69796906	69797043	138	*
chr14	70010746	70010951	206	*
chr14	70013384	70013499	116	*
chr14	70045945	70046330	386	*
chr14	70048763	70049045	283	*
chr14	70063796	70063960	165	*
chr14	70166633	70166898	266	*
chr14	70166935	70167551	617	*
chr14	70388465	70388611	147	*
chr1	205148202	205148343	142	*
chr14	70597609	70597779	171	*
chr14	70667612	70667749	138	*
chr14	70740037	70740166	130	*
chr14	70962224	70962334	111	*
chr1	205150677	205150797	121	*
chr14	70977418	70977599	182	*
chr14	70977937	70978653	717	*
chr14	71012970	71013207	238	*
chr14	71019007	71019164	158	*
chr14	71026114	71026293	180	*
chr14	71036062	71036161	100	*
chr1	205157268	205157395	128	*
chr14	71073543	71073800	258	*
chr14	71076185	71076422	238	*
chr14	71089188	71089347	160	*
chr1	205159542	205159681	140	*
chr14	71103392	71103672	281	*
chr14	71108915	71109051	137	*
chr14	71109793	71109936	144	*
chr14	71588068	71589376	1309	*
chr14	71618754	71618892	139	*
chr14	71671117	71671697	581	*
chr14	71672338	71672625	288	*
chr14	71685360	71685482	123	*
chr1	205161252	205161403	152	*
chr14	71698978	71699131	154	*
chr14	71709219	71709667	449	*
chr14	71724668	71724838	171	*
chr14	71739016	71739163	148	*
chr1	205162031	205162215	185	*
chr14	72495150	72495264	115	*
chr1	205163720	205163958	239	*
chr14	72629616	72629753	138	*
chr14	72693070	72693218	149	*
chr14	72723627	72723730	104	*
chr14	72731805	72731941	137	*
chr14	72771731	72771896	166	*
chr1	205169642	205169838	197	*
chr14	72956383	72956502	120	*
chr14	72970792	72971116	325	*
chr14	72974775	72974982	208	*
chr14	72975548	72975723	176	*
chr14	72977923	72978046	124	*
chr14	72978131	72978240	110	*
chr14	72978856	72978970	115	*
chr14	72993137	72993360	224	*
chr14	72997806	72998323	518	*
chr14	73096940	73097112	173	*
chr1	205187414	205187548	135	*
chr14	73109339	73109496	158	*
chr14	73110829	73111160	332	*
chr14	73170827	73171058	232	*
chr1	205187579	205187808	230	*
chr14	73173570	73173712	143	*
chr14	73287108	73287317	210	*
chr14	73292727	73292877	151	*
chr14	73491871	73492615	745	*
chr14	73687248	73687385	138	*
chr14	73722693	73722851	159	*
chr14	73726599	73726709	111	*
chr14	73729634	73729942	309	*
chr14	73860534	73860662	129	*
chr14	73874021	73874218	198	*
chr14	73876994	73877172	179	*
chr14	73879094	73879306	213	*
chr14	73880048	73880178	131	*
chr14	73937600	73937715	116	*
chr1	205268946	205269889	944	*
chr14	74060644	74060749	106	*
chr14	74064817	74064929	113	*
chr14	74065221	74065368	148	*
chr14	74066701	74066888	188	*
chr14	74068856	74068994	139	*
chr1	205271811	205272124	314	*
chr14	74245162	74245292	131	*
chr14	74259599	74259788	190	*
chr14	74293151	74293251	101	*
chr14	74295852	74295982	131	*
chr14	74297925	74298072	148	*
chr14	74407844	74408000	157	*
chr14	74532418	74532551	134	*
chr14	74585996	74586121	126	*
chr14	74663718	74663827	110	*
chr14	74667463	74667588	126	*
chr14	74669644	74669789	146	*
chr14	74669943	74670129	187	*
chr14	74670756	74670879	124	*
chr14	74672851	74672954	104	*
chr14	74673073	74673220	148	*
chr14	74675697	74675948	252	*
chr14	74683291	74683536	246	*
chr14	74684425	74684695	271	*
chr14	74780406	74780585	180	*
chr14	74781323	74781578	256	*
chr14	74798952	74799104	153	*
chr14	74799138	74799705	568	*
chr1	205304390	205304515	126	*
chr14	74816929	74817108	180	*
chr14	74821054	74821168	115	*
chr14	74824173	74824324	152	*
chr14	74855117	74855305	189	*
chr14	74901060	74901238	179	*
chr14	74911243	74911382	140	*
chr1	205306182	205306312	131	*
chr14	74949354	74949555	202	*
chr14	75002990	75003159	170	*
chr14	75003273	75003397	125	*
chr14	75003549	75003701	153	*
chr14	75006575	75006717	143	*
chr14	75009025	75009178	154	*
chr1	205308576	205308735	160	*
chr14	75048538	75048783	246	*
chr14	75048810	75049292	483	*
chr14	75049313	75049661	349	*
chr14	75053484	75053661	178	*
chr14	75071744	75071888	145	*
chr1	205311702	205311827	126	*
chr14	75091266	75091427	162	*
chr14	75097095	75097274	180	*
chr14	75100986	75101161	176	*
chr14	75101652	75101770	119	*
chr14	75106495	75106705	211	*
chr14	75109679	75109880	202	*
chr14	75114200	75114315	116	*
chr14	75117189	75117340	152	*
chr14	75124042	75124227	186	*
chr14	75147661	75147791	131	*
chr14	75152026	75152148	123	*
chr14	75279875	75280130	256	*
chr14	75280558	75280672	115	*
chr14	75461424	75461535	112	*
chr14	75546459	75546580	122	*
chr14	75622064	75622225	162	*
chr14	75634908	75635019	112	*
chr14	75690177	75690328	152	*
chr14	75745092	75745214	123	*
chr1	205339192	205339414	223	*
chr14	75775481	75775635	155	*
chr14	75960920	75961078	159	*
chr1	205339638	205339810	173	*
chr14	75965583	75965698	116	*
chr14	75971553	75971722	170	*
chr14	75980534	75980909	376	*
chr1	205343224	205343600	377	*
chr14	76177881	76178048	168	*
chr14	76439338	76439490	153	*
chr14	76491444	76491719	276	*
chr14	76762915	76763135	221	*
chr14	76775889	76776275	387	*
chr14	76790634	76790776	143	*
chr14	76806543	76806643	101	*
chr14	76806669	76806861	193	*
chr14	76807916	76808071	156	*
chr14	76831208	76831381	174	*
chr1	205584873	205584996	124	*
chr14	77025404	77025700	297	*
chr14	77139207	77139474	268	*
chr1	205586031	205586212	182	*
chr14	77284944	77285049	106	*
chr14	77285477	77285634	158	*
chr14	77296158	77296275	118	*
chr14	77301082	77301252	171	*
chr14	77302830	77302951	122	*
chr14	77311943	77312042	100	*
chr14	77327908	77328039	132	*
chr14	77331067	77331193	127	*
chr14	77343176	77343485	310	*
chr14	77390997	77391177	181	*
chr14	77428998	77429097	100	*
chr1	205599128	205599261	134	*
chr14	77435257	77435395	139	*
chr14	77442555	77442664	110	*
chr14	77468080	77468190	111	*
chr14	77469075	77469249	175	*
chr1	205616545	205616657	113	*
chr14	77518033	77518177	145	*
chr14	77521443	77521583	141	*
chr14	77557038	77557149	112	*
chr14	77562390	77562492	103	*
chr14	77570379	77570510	132	*
chr14	77674101	77674243	143	*
chr14	77675652	77675855	204	*
chr14	77694733	77694902	170	*
chr14	77718365	77718533	169	*
chr14	77720709	77720830	122	*
chr14	77730985	77731132	148	*
chr14	77738963	77739067	105	*
chr14	77751316	77751482	167	*
chr14	77924450	77924552	103	*
chr14	78243094	78243807	714	*
chr1	23077225	23077363	139	*
chr1	205620734	205620854	121	*
chr1	205659236	205659440	205	*
chr14	78709177	78709658	482	*
chr14	78714753	78715025	273	*
chr14	78803616	78803831	216	*
chr14	78810134	78810437	304	*
chr14	78957214	78957367	154	*
chr14	78966023	78966412	390	*
chr14	78988020	78988147	128	*
chr1	205661859	205662128	270	*
chr1	205662829	205663045	217	*
chr1	205663132	205663435	304	*
chr1	205664479	205664656	178	*
chr14	79663776	79663952	177	*
chr1	23078988	23079180	193	*
chr14	79861005	79861964	960	*
chr1	205718355	205718498	144	*
chr14	80202715	80203179	465	*
chr1	205720495	205720658	164	*
chr14	80792757	80792983	227	*
chr14	80831138	80831299	162	*
chr14	80862755	80862875	121	*
chr14	81139676	81139873	198	*
chr14	81143073	81143745	673	*
chr14	81143767	81144228	462	*
chr14	81276899	81278046	1148	*
chr14	81278556	81278741	186	*
chr14	81476971	81477192	222	*
chr14	81487384	81487549	166	*
chr1	205774828	205774956	129	*
chr1	205794867	205795021	155	*
chr1	205795342	205795483	142	*
chr1	205798664	205798819	156	*
chr14	85622724	85623504	781	*
chr14	87941389	87941539	151	*
chr14	88011121	88011239	119	*
chr1	206116202	206116700	499	*
chr14	88187964	88188133	170	*
chr14	88192219	88192391	173	*
chr14	88227370	88227551	182	*
chr1	206187277	206187393	117	*
chr14	88472239	88472472	234	*
chr1	206195728	206195893	166	*
chr14	88507919	88508029	111	*
chr14	88550233	88550423	191	*
chr14	88568029	88568161	133	*
chr14	88572591	88572810	220	*
chr14	88574685	88574856	172	*
chr14	88601909	88602100	192	*
chr14	88602826	88602946	121	*
chr1	206201868	206202028	161	*
chr14	88609261	88609405	145	*
chr14	88616140	88616248	109	*
chr14	88618224	88618332	109	*
chr14	88618647	88618815	169	*
chr14	88621111	88621304	194	*
chr14	88622602	88622719	118	*
chr14	88626829	88627049	221	*
chr14	88638785	88638904	120	*
chr14	88681884	88682038	155	*
chr14	88696844	88696959	116	*
chr14	88712268	88712491	224	*
chr14	88736359	88736575	217	*
chr14	88746181	88746286	106	*
chr14	88852960	88853060	101	*
chr14	88872328	88872457	130	*
chr14	89162757	89162972	216	*
chr14	89411929	89412497	569	*
chr1	206392681	206392906	226	*
chr1	206393529	206393680	152	*
chr14	90184096	90184270	175	*
chr14	90270196	90270354	159	*
chr1	206401409	206401650	242	*
chr14	90304263	90304379	117	*
chr14	90403849	90403971	123	*
chr1	206405233	206405352	120	*
chr14	90541368	90541592	225	*
chr14	90593483	90593634	152	*
chr14	90603183	90603342	160	*
chr14	90610736	90610846	111	*
chr14	90654988	90655116	129	*
chr14	90657168	90657280	113	*
chr14	90689535	90689715	181	*
chr14	90744787	90744924	138	*
chr14	90786171	90786330	160	*
chr14	90875197	90875362	166	*
chr14	90899326	90899428	103	*
chr1	206437950	206438108	159	*
chr14	90920201	90920329	129	*
chr14	91234152	91234539	388	*
chr14	91234596	91235014	419	*
chr14	91289221	91289345	125	*
chr14	91294170	91294320	151	*
chr14	91305762	91305928	167	*
chr14	91315648	91315790	143	*
chr14	91321199	91321307	109	*
chr1	206446049	206446302	254	*
chr14	91325920	91326058	139	*
chr14	91339272	91339464	193	*
chr1	23093207	23094240	1034	*
chr1	206453198	206453383	186	*
chr14	91461378	91461619	242	*
chr14	91462043	91462241	199	*
chr14	91462735	91462876	142	*
chr14	91465249	91465421	173	*
chr14	91470829	91471010	182	*
chr14	91473234	91473382	149	*
chr14	91475843	91475968	126	*
chr14	91476402	91476547	146	*
chr14	91481568	91482192	625	*
chr14	91608290	91608406	117	*
chr14	91693144	91693246	103	*
chr14	91783097	91783220	124	*
chr14	91787507	91787635	129	*
chr14	91797778	91797887	110	*
chr14	91800279	91800378	100	*
chr14	91812351	91812483	133	*
chr14	91881287	91881424	138	*
chr14	91887189	91887315	127	*
chr14	91894947	91895084	138	*
chr14	91988285	91988386	102	*
chr1	206474328	206474477	150	*
chr14	92003417	92003930	514	*
chr14	92004033	92004387	355	*
chr14	92004410	92005254	845	*
chr14	92005322	92005464	143	*
chr14	92083124	92083265	142	*
chr14	92130985	92131139	155	*
chr14	92134009	92134173	165	*
chr14	92135365	92135502	138	*
chr14	92143043	92143298	256	*
chr14	92158980	92159284	305	*
chr14	92161109	92161259	151	*
chr14	92482742	92482853	112	*
chr14	92486663	92486783	121	*
chr14	92493473	92493621	149	*
chr1	206478953	206479100	148	*
chr14	92652751	92653034	284	*
chr14	92676473	92676608	136	*
chr14	92809298	92809521	224	*
chr14	92816249	92816424	176	*
chr14	92946326	92946496	171	*
chr1	23193097	23194111	1015	*
chr14	93016671	93016804	134	*
chr14	93186257	93186669	413	*
chr14	93209822	93209960	139	*
chr14	93212026	93212130	105	*
chr14	93253644	93253797	154	*
chr14	93257189	93257367	179	*
chr14	93263776	93264010	235	*
chr14	93293853	93294942	1090	*
chr14	93295966	93296178	213	*
chr14	93467669	93467810	142	*
chr14	93473918	93474399	482	*
chr14	93477531	93477734	204	*
chr14	93528530	93528653	124	*
chr14	93542464	93542701	238	*
chr14	93593678	93593829	152	*
chr14	93597355	93597542	188	*
chr14	93600567	93600777	211	*
chr14	93612781	93613089	309	*
chr14	93621956	93622182	227	*
chr14	93634519	93634643	125	*
chr1	206595714	206595842	129	*
chr14	93653739	93653858	120	*
chr14	93673349	93673458	110	*
chr14	93688661	93688845	185	*
chr14	93690115	93690314	200	*
chr14	93706700	93706903	204	*
chr14	93939179	93939675	497	*
chr14	93950993	93951247	255	*
chr1	206599739	206599842	104	*
chr14	93954312	93954475	164	*
chr14	94060091	94060615	525	*
chr14	94079023	94079211	189	*
chr14	94233642	94233770	129	*
chr14	94250162	94250282	121	*
chr14	94251737	94251899	163	*
chr14	94256458	94256612	155	*
chr14	94768955	94769220	266	*
chr1	206637626	206637767	142	*
chr14	95107606	95107764	159	*
chr14	95107875	95108095	221	*
chr1	206647682	206649006	1325	*
chr14	95111309	95111458	150	*
chr14	95113081	95113235	155	*
chr14	95117618	95117776	159	*
chr14	95130052	95130198	147	*
chr1	206728708	206728854	147	*
chr14	95133295	95133509	215	*
chr14	95452245	95452368	124	*
chr14	95465929	95466243	315	*
chr14	96240758	96240876	119	*
chr14	96240985	96241209	225	*
chr14	96309494	96309599	106	*
chr1	206732570	206732718	149	*
chr14	96322106	96322260	155	*
chr14	96322543	96322738	196	*
chr14	96323894	96324000	107	*
chr14	96332491	96332664	174	*
chr14	96341516	96341704	189	*
chr14	96344650	96344759	110	*
chr14	96345231	96345395	165	*
chr14	96451419	96451574	156	*
chr1	207049020	207049642	623	*
chr14	96527407	96527549	143	*
chr14	96532502	96532744	243	*
chr1	207050686	207050895	210	*
chr14	96544142	96544261	120	*
chr14	96547780	96547922	143	*
chr14	96555842	96555950	109	*
chr14	96556178	96556411	234	*
chr14	96856128	96856255	128	*
chr1	207065033	207065165	133	*
chr1	207067497	207067709	213	*
chr1	207070278	207070411	134	*
chr1	207072174	207072370	197	*
chr1	207887738	207887837	100	*
chr1	208028004	208028171	168	*
chr1	208028825	208029045	221	*
chr1	208031589	208031761	173	*
chr1	208033316	208033511	196	*
chr1	208034488	208034595	108	*
chr14	99175405	99176197	793	*
chr1	208039616	208039776	161	*
chr14	99405198	99405400	203	*
chr14	99458274	99458548	275	*
chr14	99461190	99461342	153	*
chr14	99492656	99492877	222	*
chr14	99493496	99493600	105	*
chr1	208042096	208042369	274	*
chr14	99522128	99522240	113	*
chr14	99652476	99652872	397	*
chr14	99659459	99659760	302	*
chr1	208043057	208043205	149	*
chr1	208044502	208044744	243	*
chr14	100262298	100262471	174	*
chr14	100292365	100293035	671	*
chr14	100329362	100329625	264	*
chr1	208045062	208045220	159	*
chr14	100342394	100342570	177	*
chr14	100354442	100354568	127	*
chr14	100360552	100360664	113	*
chr14	100734139	100734334	196	*
chr1	208045873	208046119	247	*
chr14	101856680	101856891	212	*
chr1	208051002	208051105	104	*
chr14	101985685	101986765	1081	*
chr14	101987451	101987634	184	*
chr14	102015854	102016013	160	*
chr14	102041571	102041733	163	*
chr14	102042382	102042509	128	*
chr14	102049711	102049887	177	*
chr1	208060680	208060849	170	*
chr14	102139865	102140183	319	*
chr14	102194935	102195128	194	*
chr14	102208582	102210047	1466	*
chr1	208082408	208082511	104	*
chr14	102408485	102408622	138	*
chr14	102428241	102428391	151	*
chr14	102440434	102440611	178	*
chr14	102452392	102452630	239	*
chr14	102707342	102707517	176	*
chr14	102722185	102722419	235	*
chr14	102875612	102875730	119	*
chr1	208096750	208096902	153	*
chr14	102963057	102963158	102	*
chr14	103335651	103335930	280	*
chr14	103340433	103340559	127	*
chr1	208103141	208103251	111	*
chr14	103502876	103503411	536	*
chr14	103520467	103520595	129	*
chr14	103679381	103679555	175	*
chr14	103735998	103736205	208	*
chr14	103737702	103737863	162	*
chr1	23318479	23318692	214	*
chr14	103740108	103740428	321	*
chr14	103752998	103753198	201	*
chr14	103754067	103754246	180	*
chr14	103797368	103797525	158	*
chr15	22939189	22939323	135	*
chr15	22947167	22947288	122	*
chr15	23023944	23024067	124	*
chr1	208142324	208142477	154	*
chr15	25354520	25354692	173	*
chr15	25370560	25371818	1259	*
chr15	26567574	26567735	162	*
chr15	26621308	26621537	230	*
chr15	28144670	28144806	137	*
chr15	28163089	28163287	199	*
chr1	208216727	208217808	1082	*
chr15	28169482	28169657	176	*
chr15	28174393	28174622	230	*
chr15	28191958	28192155	198	*
chr15	28212443	28212585	143	*
chr15	28214666	28214805	140	*
chr15	28228235	28228411	177	*
chr15	28229190	28229352	163	*
chr15	28229458	28229599	142	*
chr15	28233661	28233808	148	*
chr15	28238110	28238219	110	*
chr15	28238597	28238774	178	*
chr15	28256087	28256335	249	*
chr15	28292885	28293025	141	*
chr15	29106603	29106821	219	*
chr15	29108267	29108395	129	*
chr15	29718291	29718452	162	*
chr15	29719772	29720035	264	*
chr15	29720353	29720731	379	*
chr15	29726374	29726483	110	*
chr15	29726775	29726994	220	*
chr15	30910611	30910816	206	*
chr15	30922233	30922341	109	*
chr15	30954760	30954907	148	*
chr15	32623487	32623590	104	*
chr15	32629589	32629765	177	*
chr15	32679764	32679918	155	*
chr15	32684552	32684674	123	*
chr15	32730729	32731243	515	*
chr15	33539345	33539467	123	*
chr1	23323554	23323742	189	*
chr15	33613180	33613381	202	*
chr15	33632943	33633112	170	*
chr15	33634584	33634735	152	*
chr15	33635613	33635824	212	*
chr15	33636374	33636554	181	*
chr15	33644303	33644521	219	*
chr15	33646345	33646530	186	*
chr15	33649072	33649241	170	*
chr15	33660203	33660425	223	*
chr15	33662150	33662445	296	*
chr15	33663534	33663742	209	*
chr15	33696224	33696496	273	*
chr15	33700975	33701084	110	*
chr15	33706916	33707059	144	*
chr15	33722713	33722905	193	*
chr15	33726383	33726508	126	*
chr15	33731472	33731700	229	*
chr15	33738448	33738594	147	*
chr15	33739822	33740000	179	*
chr15	33748112	33748263	152	*
chr15	33750161	33750291	131	*
chr15	33755063	33755185	123	*
chr15	33771915	33772164	250	*
chr15	33785660	33785984	325	*
chr15	33788215	33788337	123	*
chr15	33810476	33810654	179	*
chr15	33816828	33816968	141	*
chr15	34062782	34063427	646	*
chr15	34063977	34064298	322	*
chr15	34147194	34147307	114	*
chr15	34152884	34153075	192	*
chr15	34228426	34228594	169	*
chr15	34235173	34235317	145	*
chr15	34236703	34236818	116	*
chr15	34242096	34242223	128	*
chr15	34341968	34342110	143	*
chr15	34365002	34365201	200	*
chr15	34752478	34753023	546	*
chr15	34753049	34753398	350	*
chr15	34790412	34790557	146	*
chr15	34793243	34793571	329	*
chr15	34873823	34874003	181	*
chr15	34874673	34874868	196	*
chr15	34900619	34900807	189	*
chr15	34904334	34904508	175	*
chr15	34906543	34906716	174	*
chr15	34930255	34930376	122	*
chr15	34948247	34948399	153	*
chr15	36709850	36709983	134	*
chr15	36950262	36950419	158	*
chr15	37036796	37036971	176	*
chr15	37093575	37093734	160	*
chr15	37096286	37096467	182	*
chr1	23337750	23337864	115	*
chr15	38339735	38339897	163	*
chr15	38351011	38351718	708	*
chr15	38464030	38464166	137	*
chr15	38465259	38465410	152	*
chr15	38503266	38503376	111	*
chr15	38507721	38508004	284	*
chr15	38516191	38516353	163	*
chr15	39584011	39584159	149	*
chr15	39588040	39588224	185	*
chr15	39588523	39588704	182	*
chr15	39589201	39589357	157	*
chr15	39589802	39590025	224	*
chr15	39591185	39591353	169	*
chr15	39591502	39591626	125	*
chr15	39592566	39592807	242	*
chr15	39593394	39593673	280	*
chr15	39594298	39594444	147	*
chr15	39713443	39713544	102	*
chr15	39801131	39801331	201	*
chr15	39801637	39802257	621	*
chr15	39807001	39807261	261	*
chr15	39949114	39949273	160	*
chr15	39976411	39976575	165	*
chr15	39987981	39988109	129	*
chr15	39996962	39997072	111	*
chr15	40003191	40003318	128	*
chr15	40008018	40008202	185	*
chr15	40017105	40017244	140	*
chr15	40019090	40019205	116	*
chr15	40020896	40021026	131	*
chr15	40030355	40030458	104	*
chr1	23338485	23338614	130	*
chr15	40034324	40034447	124	*
chr15	40176459	40176676	218	*
chr15	40183709	40183890	182	*
chr15	40212493	40212650	158	*
chr15	40220543	40220677	135	*
chr15	40264779	40264991	213	*
chr15	40265839	40266086	248	*
chr15	40272392	40272726	335	*
chr15	40272863	40273004	142	*
chr15	40273343	40273477	135	*
chr15	40273549	40273680	132	*
chr15	40275925	40276060	136	*
chr15	40292922	40293028	107	*
chr15	40294261	40294423	163	*
chr15	40298233	40298383	151	*
chr15	40298560	40298713	154	*
chr15	40299123	40299230	108	*
chr15	40302467	40302614	148	*
chr15	40367502	40368069	568	*
chr15	40368170	40368505	336	*
chr15	40368873	40369492	620	*
chr15	40411248	40411357	110	*
chr15	40418127	40418262	136	*
chr15	40465938	40466136	199	*
chr15	40471520	40471950	431	*
chr15	40471976	40472344	369	*
chr15	40557212	40557374	163	*
chr15	40629269	40629377	109	*
chr15	40701062	40701207	146	*
chr15	40718798	40718901	104	*
chr15	40729503	40729636	134	*
chr15	40744042	40744152	111	*
chr15	40767223	40767345	123	*
chr15	40767940	40768065	126	*
chr15	40853709	40853886	178	*
chr15	40854395	40854527	133	*
chr15	40899766	40900341	576	*
chr15	40900362	40901016	655	*
chr15	40902614	40902971	358	*
chr15	40932327	40932452	126	*
chr15	40934545	40934721	177	*
chr15	40934892	40935119	228	*
chr15	40936225	40936474	250	*
chr15	40936567	40936850	284	*
chr15	41016080	41016218	139	*
chr15	41049282	41049422	141	*
chr15	41058637	41058788	152	*
chr15	41069566	41069670	105	*
chr15	41262753	41262888	136	*
chr15	41278765	41278891	127	*
chr15	41396481	41396707	227	*
chr15	41438319	41438439	121	*
chr15	41457667	41457881	215	*
chr15	41464767	41464888	122	*
chr15	41470255	41470396	142	*
chr15	41475710	41475821	112	*
chr15	41501633	41501853	221	*
chr15	41501995	41502204	210	*
chr15	41502960	41503167	208	*
chr15	41527858	41528029	172	*
chr15	41528230	41528339	110	*
chr15	41534711	41534851	141	*
chr15	41572433	41572569	137	*
chr15	41573305	41573472	168	*
chr15	41711206	41711354	149	*
chr15	41727178	41727294	117	*
chr15	41736588	41736703	116	*
chr15	41775273	41775394	122	*
chr15	41811954	41812132	179	*
chr15	41812512	41812657	146	*
chr15	41812923	41813106	184	*
chr15	41813619	41813783	165	*
chr15	41814546	41814742	197	*
chr15	41815622	41815803	182	*
chr15	41816907	41817037	131	*
chr15	41817623	41817737	115	*
chr15	41818821	41818962	142	*
chr15	41834978	41835227	250	*
chr15	41836144	41836246	103	*
chr15	41844469	41844612	144	*
chr15	41845215	41845326	112	*
chr15	41900667	41901184	518	*
chr15	41909696	41909865	170	*
chr15	41919205	41919624	420	*
chr15	41972258	41972431	174	*
chr15	41989413	41989529	117	*
chr15	42163620	42163730	111	*
chr15	42164993	42165115	123	*
chr15	42165713	42165819	107	*
chr15	42166770	42166917	148	*
chr15	42167389	42167540	152	*
chr15	42169718	42169868	151	*
chr15	42173719	42173855	137	*
chr15	42184512	42184711	200	*
chr15	42187267	42187368	102	*
chr15	42226804	42226911	108	*
chr15	42287686	42287823	138	*
chr15	42329304	42329452	149	*
chr15	42338387	42338494	108	*
chr15	42349381	42349499	119	*
chr15	42359902	42360121	220	*
chr15	42386164	42386287	124	*
chr15	42387750	42387865	116	*
chr15	42388925	42389101	177	*
chr15	42399491	42399655	165	*
chr15	42401638	42401811	174	*
chr15	42444825	42444993	169	*
chr15	42449764	42450109	346	*
chr15	42456952	42457240	289	*
chr15	42515235	42515363	129	*
chr15	42545075	42545264	190	*
chr15	42547259	42547538	280	*
chr15	42548104	42548246	143	*
chr15	42585517	42585641	125	*
chr15	42638695	42638816	122	*
chr15	42674825	42674967	143	*
chr15	42717975	42718184	210	*
chr15	42718750	42718914	165	*
chr15	42729018	42729128	111	*
chr15	42730593	42730768	176	*
chr15	42731209	42731333	125	*
chr15	42731618	42731791	174	*
chr15	42733934	42734049	116	*
chr15	42734223	42734348	126	*
chr15	42735976	42736087	112	*
chr15	42751970	42752545	576	*
chr15	42775349	42775745	397	*
chr15	42794637	42794806	170	*
chr15	42810604	42810753	150	*
chr15	42827917	42828052	136	*
chr15	42872607	42872763	157	*
chr15	42952273	42952453	181	*
chr15	42976714	42976870	157	*
chr15	42988815	42988972	158	*
chr15	43002553	43002713	161	*
chr15	43015726	43015871	146	*
chr15	43048389	43048507	119	*
chr15	43059697	43059827	131	*
chr15	43070793	43070932	140	*
chr15	43151788	43151960	173	*
chr15	43345852	43345987	136	*
chr15	43383300	43383509	210	*
chr15	43385789	43385959	171	*
chr15	43386204	43386332	129	*
chr15	43395580	43395692	113	*
chr15	43398038	43398184	147	*
chr15	43401714	43401819	106	*
chr15	43403681	43403805	125	*
chr15	43521314	43522790	1477	*
chr15	43524040	43524218	179	*
chr15	43529659	43529875	217	*
chr1	209605533	209605678	146	*
chr15	43530067	43530222	156	*
chr15	43558843	43558942	100	*
chr15	43564067	43564179	113	*
chr15	43564860	43565016	157	*
chr15	43572765	43572878	114	*
chr15	43573029	43573152	124	*
chr15	43573352	43573486	135	*
chr15	43573807	43574034	228	*
chr1	23387271	23387422	152	*
chr1	209607840	209607939	100	*
chr15	43579014	43579126	113	*
chr15	43582093	43582254	162	*
chr15	43583402	43583610	209	*
chr15	43595049	43595176	128	*
chr15	43595854	43596082	229	*
chr15	43596405	43596538	134	*
chr15	43598825	43598956	132	*
chr15	43763075	43763212	138	*
chr15	43765448	43765572	125	*
chr15	43765882	43766014	133	*
chr15	43766711	43766915	205	*
chr15	43771092	43771218	127	*
chr15	43814495	43814687	193	*
chr15	43843899	43844059	161	*
chr15	43851102	43851249	148	*
chr15	43873909	43874130	222	*
chr1	209618534	209618664	131	*
chr15	43909864	43909989	126	*
chr15	44289045	44289362	318	*
chr15	44328683	44328792	110	*
chr15	44402817	44403127	311	*
chr15	44490777	44491005	229	*
chr15	44499716	44499816	101	*
chr15	44563121	44563266	146	*
chr15	44565852	44566011	160	*
chr15	44600462	44600634	173	*
chr15	44615355	44615568	214	*
chr15	44648863	44649027	165	*
chr15	44978487	44978622	136	*
chr15	45065269	45065394	126	*
chr15	45072315	45072445	131	*
chr15	45094558	45094693	136	*
chr1	209675685	209675865	181	*
chr15	45095432	45095598	167	*
chr15	45095864	45096062	199	*
chr15	45097235	45097395	161	*
chr15	45099376	45099485	110	*
chr15	45099659	45099854	196	*
chr15	45101812	45101991	180	*
chr1	209790488	209790890	403	*
chr15	45135145	45135294	150	*
chr15	45155799	45155932	134	*
chr15	45164776	45164901	126	*
chr15	45167947	45168136	190	*
chr15	45263879	45264028	150	*
chr15	45269336	45269480	145	*
chr15	45363897	45364021	125	*
chr1	209795284	209795425	142	*
chr15	45369321	45369524	204	*
chr15	45485163	45485331	169	*
chr15	45511132	45511287	156	*
chr15	45673604	45673804	201	*
chr15	45689037	45689222	186	*
chr1	209796343	209796563	221	*
chr15	47760136	47760427	292	*
chr15	47762198	47762322	125	*
chr15	47763845	47764071	227	*
chr1	209801235	209801418	184	*
chr15	47765886	47766014	129	*
chr15	47768555	47768793	239	*
chr15	47771055	47771662	608	*
chr15	48121854	48122042	189	*
chr15	48142822	48143088	267	*
chr15	48149156	48149373	218	*
chr1	209836972	209837215	244	*
chr15	48158762	48158924	163	*
chr15	48159607	48159828	222	*
chr15	48168628	48168848	221	*
chr15	48207958	48208144	187	*
chr15	48226460	48226592	133	*
chr15	48227060	48227179	120	*
chr15	48229183	48229334	152	*
chr15	48251612	48251775	164	*
chr1	209840845	209841058	214	*
chr15	48302748	48302884	137	*
chr1	209842263	209842453	191	*
chr15	48415531	48415770	240	*
chr15	48420681	48420812	132	*
chr15	48427563	48427783	221	*
chr15	48428341	48428474	134	*
chr15	48432861	48432991	131	*
chr15	48434592	48434717	126	*
chr15	48436955	48437079	125	*
chr15	48445371	48445506	136	*
chr15	48446704	48446832	129	*
chr1	209843449	209843700	252	*
chr15	48448762	48448898	137	*
chr15	48452559	48452686	128	*
chr15	48456634	48456764	131	*
chr15	48465565	48465695	131	*
chr15	48467932	48468104	173	*
chr15	48468407	48468536	130	*
chr15	48470632	48470758	127	*
chr15	48472548	48472678	131	*
chr15	48474523	48474653	131	*
chr15	48483813	48483951	139	*
chr15	48488364	48488495	132	*
chr15	48489849	48490081	233	*
chr1	210013619	210013804	186	*
chr15	48505020	48505153	134	*
chr15	48510041	48510172	132	*
chr15	48526128	48526261	134	*
chr15	48534075	48534213	139	*
chr15	48596282	48596381	100	*
chr15	48610722	48610829	108	*
chr15	48756108	48756468	361	*
chr15	48767335	48767465	131	*
chr15	48768217	48768325	109	*
chr15	48782133	48782232	100	*
chr15	48793317	48793464	148	*
chr1	210021024	210021259	236	*
chr15	48834766	48834957	192	*
chr15	49019415	49019556	142	*
chr15	49032962	49033106	145	*
chr15	49035329	49035669	341	*
chr15	49037588	49037775	188	*
chr15	49130716	49130818	103	*
chr15	49133928	49134115	188	*
chr15	49134331	49134523	193	*
chr15	49137344	49137536	193	*
chr15	49139523	49139656	134	*
chr15	49239206	49239370	165	*
chr15	49292322	49292542	221	*
chr15	49319611	49319810	200	*
chr15	49424258	49424590	333	*
chr15	49484293	49484559	267	*
chr15	49541677	49541814	138	*
chr15	49643319	49643537	219	*
chr15	49916932	49917041	110	*
chr15	49923373	49923496	124	*
chr15	49931116	49931313	198	*
chr1	210094315	210094600	286	*
chr15	50222963	50223163	201	*
chr15	50225973	50226081	109	*
chr15	50226977	50227180	204	*
chr15	50248239	50248354	116	*
chr15	50252425	50252524	100	*
chr15	50252606	50252777	172	*
chr1	210099998	210100481	484	*
chr15	50258398	50258522	125	*
chr15	50278483	50278797	315	*
chr15	50289481	50289671	191	*
chr15	50300781	50300904	124	*
chr1	23692606	23692763	158	*
chr1	210155710	210155959	250	*
chr15	50301211	50301373	163	*
chr15	50439073	50439179	107	*
chr15	50449388	50449488	101	*
chr15	50471627	50471797	171	*
chr15	50476847	50476949	103	*
chr15	50490261	50490530	270	*
chr15	50494069	50494284	216	*
chr15	50541046	50541186	141	*
chr15	50543596	50543804	209	*
chr15	50574270	50574483	214	*
chr15	50574846	50575140	295	*
chr15	50593615	50593751	137	*
chr15	50594424	50594615	192	*
chr15	50596250	50596383	134	*
chr15	50599117	50599305	189	*
chr15	50604858	50604982	125	*
chr15	50605008	50605152	145	*
chr15	50607195	50607335	141	*
chr15	50609575	50609730	156	*
chr15	50611091	50611324	234	*
chr15	50614117	50614275	159	*
chr15	50624162	50624302	141	*
chr15	50634376	50634558	183	*
chr15	50637417	50637601	185	*
chr15	50639419	50639552	134	*
chr15	50643337	50643555	219	*
chr15	50662963	50663066	104	*
chr15	50719937	50720107	171	*
chr1	210160716	210161042	327	*
chr15	50736096	50736208	113	*
chr15	50747478	50747634	157	*
chr15	50930803	50930975	173	*
chr15	50941661	50941779	119	*
chr15	50948001	50948169	169	*
chr15	50949819	50949938	120	*
chr15	51057880	51058445	566	*
chr15	51210948	51211061	114	*
chr15	51212315	51212564	250	*
chr1	210237938	210238050	113	*
chr15	51215130	51215237	108	*
chr15	51218534	51218657	124	*
chr15	51227776	51227936	161	*
chr15	51404271	51404732	462	*
chr15	51450124	51450348	225	*
chr15	51456060	51456199	140	*
chr15	51458504	51458629	126	*
chr15	51474341	51474595	255	*
chr15	51491575	51491752	178	*
chr15	51498548	51498828	281	*
chr15	51499378	51500088	711	*
chr15	51507128	51507270	143	*
chr15	51535654	51535786	133	*
chr15	51536160	51536400	241	*
chr15	51542330	51542514	185	*
chr15	51688253	51688408	156	*
chr15	51689216	51689365	150	*
chr15	51692204	51692340	137	*
chr15	51695873	51695996	124	*
chr15	51701112	51701247	136	*
chr15	51724994	51725127	134	*
chr15	51766436	51766575	140	*
chr15	51768260	51768421	162	*
chr15	51781042	51781177	136	*
chr15	51798195	51798342	148	*
chr15	51887577	51887713	137	*
chr15	51896408	51896532	125	*
chr15	51900147	51900303	157	*
chr15	51901887	51902041	155	*
chr15	51951841	51951982	142	*
chr15	51953125	51953243	119	*
chr15	51966062	51966506	445	*
chr15	52045828	52047018	1191	*
chr15	52049991	52050137	147	*
chr15	52058631	52058800	170	*
chr15	52125943	52126046	104	*
chr15	52153938	52154081	144	*
chr15	52184548	52184679	132	*
chr15	52196307	52196486	180	*
chr15	52204863	52205149	287	*
chr15	52205811	52205975	165	*
chr15	52211725	52211887	163	*
chr15	52223542	52223719	178	*
chr15	52239731	52239887	157	*
chr15	52247455	52247597	143	*
chr15	52275561	52275721	161	*
chr15	52278878	52279024	147	*
chr15	52313695	52313856	162	*
chr15	52319056	52319344	289	*
chr15	52321354	52321514	161	*
chr15	52327846	52328008	163	*
chr15	52330343	52330507	165	*
chr15	52336457	52336573	117	*
chr15	52337731	52337902	172	*
chr1	210400463	210400625	163	*
chr15	52340191	52340396	206	*
chr15	52351249	52351483	235	*
chr15	52353869	52354016	148	*
chr15	52364549	52364703	155	*
chr15	52370164	52370424	261	*
chr15	52372122	52372365	244	*
chr15	52375299	52375463	165	*
chr15	52379623	52379742	120	*
chr15	52384213	52384325	113	*
chr15	52389233	52389365	133	*
chr15	52391928	52392073	146	*
chr15	52408054	52408157	104	*
chr1	23694658	23694796	139	*
chr15	52416140	52416313	174	*
chr15	52428392	52428575	184	*
chr15	52557095	52557228	134	*
chr15	52584741	52584951	211	*
chr15	52609748	52609859	112	*
chr15	52610163	52610387	225	*
chr15	52611127	52611258	132	*
chr15	52611569	52611780	212	*
chr15	52613668	52613860	193	*
chr15	52757536	52757853	318	*
chr15	53615669	53615925	257	*
chr15	53705005	53705117	113	*
chr1	210623524	210623675	152	*
chr15	54013067	54013208	142	*
chr15	54013345	54014202	858	*
chr15	54015013	54015638	626	*
chr15	54264166	54264397	232	*
chr15	54293889	54294067	179	*
chr15	54297808	54297929	122	*
chr15	54300199	54300379	181	*
chr15	54393045	54393187	143	*
chr15	54626825	54627113	289	*
chr15	55192714	55192834	121	*
chr15	55205575	55205708	134	*
chr15	55228603	55228714	112	*
chr15	55354796	55354984	189	*
chr15	55360123	55360341	219	*
chr15	55360748	55360945	198	*
chr1	210683274	210683756	483	*
chr15	55491118	55491262	145	*
chr15	55546076	55546284	209	*
chr15	55680048	55680216	169	*
chr15	55682359	55682499	141	*
chr15	55683802	55683935	134	*
chr15	55833004	55833106	103	*
chr15	55834035	55834148	114	*
chr15	55840600	55840733	134	*
chr15	55862907	55863015	109	*
chr15	56093126	56095511	2386	*
chr15	56096155	56096624	470	*
chr15	56098076	56098393	318	*
chr15	56101356	56101582	227	*
chr15	56102166	56102276	111	*
chr1	210803962	210804171	210	*
chr15	56142773	56142902	130	*
chr15	56446838	56446946	109	*
chr15	56668818	56668960	143	*
chr15	56677573	56677679	107	*
chr15	56678657	56678823	167	*
chr15	56682252	56682389	138	*
chr1	211018851	211019283	433	*
chr15	57232289	57232435	147	*
chr15	57253258	57253472	215	*
chr15	57262091	57262211	121	*
chr15	57273028	57273267	240	*
chr15	57438828	57439278	451	*
chr15	57440369	57440479	111	*
chr15	57523485	57523645	161	*
chr15	57524579	57524755	177	*
chr15	57528652	57528815	164	*
chr15	57545589	57545706	118	*
chr15	57546074	57546244	171	*
chr15	57618078	57618193	116	*
chr1	211289172	211289399	228	*
chr15	57625771	57625895	125	*
chr15	57639435	57639550	116	*
chr15	57961132	57961297	166	*
chr15	57962010	57962178	169	*
chr15	57963882	57964081	200	*
chr15	57992700	57992829	130	*
chr1	211295646	211295760	115	*
chr15	58545795	58545978	184	*
chr15	58599593	58599731	139	*
chr15	58610285	58610458	174	*
chr15	58611803	58611993	191	*
chr15	58627694	58627898	205	*
chr1	211313454	211313766	313	*
chr15	58665094	58665201	108	*
chr15	58679115	58679298	184	*
chr15	58717571	58717736	166	*
chr15	58810217	58810393	177	*
chr15	58821715	58821827	113	*
chr15	58831763	58831921	159	*
chr15	58888382	58888569	188	*
chr15	58889428	58889556	129	*
chr15	58890279	58890464	186	*
chr15	58894428	58894584	157	*
chr15	58897112	58897224	113	*
chr15	58899255	58900160	906	*
chr15	59031457	59031704	248	*
chr15	59075952	59076221	270	*
chr15	59084126	59084260	135	*
chr15	59094781	59095508	728	*
chr15	59114462	59114616	155	*
chr15	59114751	59114878	128	*
chr15	59117226	59117373	148	*
chr15	59123515	59123632	118	*
chr15	59161067	59161233	167	*
chr15	59163151	59163306	156	*
chr15	59173743	59173917	175	*
chr15	59224704	59224829	126	*
chr15	59459931	59460210	280	*
chr15	59507210	59507345	136	*
chr15	59508860	59508974	115	*
chr15	59618609	59618732	124	*
chr1	211372174	211372695	522	*
chr15	59650664	59650781	118	*
chr15	59671181	59671326	146	*
chr1	211481118	211481416	299	*
chr1	211575388	211575993	606	*
chr15	60455001	60455164	164	*
chr15	60496629	60497632	1004	*
chr15	60499886	60500008	123	*
chr15	60500956	60501075	120	*
chr15	60502755	60502869	115	*
chr15	60503529	60503671	143	*
chr15	60511222	60511629	408	*
chr15	60531759	60531951	193	*
chr1	211670278	211670410	133	*
chr15	61869496	61869632	137	*
chr15	61875729	61875847	119	*
chr15	61880840	61880956	117	*
chr15	61882591	61882738	148	*
chr15	61890162	61890403	242	*
chr15	61907261	61907392	132	*
chr15	61908989	61909130	142	*
chr15	61910172	61910311	140	*
chr15	61911837	61912014	178	*
chr15	61913307	61913417	111	*
chr15	61915628	61916027	400	*
chr1	211749679	211750076	398	*
chr15	61918134	61918263	130	*
chr15	61927086	61927284	199	*
chr15	61929572	61929708	137	*
chr15	61940643	61940768	126	*
chr15	61941760	61942074	315	*
chr15	61961599	61961896	298	*
chr15	61962367	61962550	184	*
chr15	61969295	61969455	161	*
chr15	61974313	61974419	107	*
chr15	61977076	61977201	126	*
chr15	61983814	61984014	201	*
chr1	211778908	211779074	167	*
chr15	61984853	61985002	150	*
chr15	62007305	62007484	180	*
chr15	62008648	62008764	117	*
chr15	62023405	62023529	125	*
chr15	62034954	62035061	108	*
chr15	62647311	62647448	138	*
chr1	211783226	211783507	282	*
chr15	62655939	62656088	150	*
chr15	62675215	62675324	110	*
chr15	62708500	62708801	302	*
chr1	211787628	211787748	121	*
chr15	62736876	62737091	216	*
chr15	62738211	62738338	128	*
chr15	62752302	62752431	130	*
chr1	211793067	211793192	126	*
chr15	62755525	62755696	172	*
chr15	62763561	62763698	138	*
chr15	62770962	62771136	175	*
chr15	62776762	62776913	152	*
chr15	62796125	62796295	171	*
chr15	62800363	62800494	132	*
chr15	62805597	62805791	195	*
chr15	62820484	62820615	132	*
chr15	62833488	62833635	148	*
chr1	211941825	211942114	290	*
chr15	63043704	63043839	136	*
chr15	63056982	63057123	142	*
chr15	63059557	63059685	129	*
chr15	63061131	63061279	149	*
chr15	63063954	63064168	215	*
chr15	63069811	63069943	133	*
chr15	63071087	63071264	178	*
chr15	63127340	63127456	117	*
chr15	63129481	63129657	177	*
chr15	63141263	63141425	163	*
chr15	63141452	63141666	215	*
chr15	63346577	63346704	128	*
chr15	63559855	63559975	121	*
chr15	63570428	63570584	157	*
chr15	63588296	63588428	133	*
chr1	211968482	211968711	230	*
chr15	63612246	63612558	313	*
chr15	63615775	63615934	160	*
chr15	63624153	63624285	133	*
chr15	63625981	63626170	190	*
chr15	63630464	63630637	174	*
chr1	211975161	211975374	214	*
chr15	63632704	63632818	115	*
chr15	63633843	63633971	129	*
chr15	63637503	63637645	143	*
chr15	63638407	63638539	133	*
chr15	63640148	63640447	300	*
chr15	63641466	63641654	189	*
chr15	63643399	63643524	126	*
chr15	63648066	63648201	136	*
chr15	63652408	63652548	141	*
chr15	63654112	63654367	256	*
chr15	63659729	63659938	210	*
chr15	63661750	63662024	275	*
chr15	63662945	63663223	279	*
chr1	211978257	211978514	258	*
chr15	63666353	63666474	122	*
chr15	63669536	63669700	165	*
chr15	63674895	63675209	315	*
chr15	63677840	63678367	528	*
chr15	63680534	63680778	245	*
chr15	63690530	63690649	120	*
chr1	211981087	211981201	115	*
chr15	63692408	63692569	162	*
chr15	63694304	63694553	250	*
chr15	63694769	63694898	130	*
chr15	63698721	63699009	289	*
chr15	63712768	63712919	152	*
chr15	63718569	63718696	128	*
chr1	211982672	211982817	146	*
chr15	63727640	63727841	202	*
chr15	63734722	63734851	130	*
chr15	63746913	63747088	176	*
chr15	63747720	63747866	147	*
chr15	63749363	63749544	182	*
chr15	63749643	63749794	152	*
chr15	63754502	63754657	156	*
chr15	63755225	63755340	116	*
chr15	63756434	63756755	322	*
chr15	63758169	63758378	210	*
chr15	63774688	63775651	964	*
chr1	212006629	212006763	135	*
chr15	63971419	63971569	151	*
chr15	63983527	63983757	231	*
chr15	64126077	64126229	153	*
chr15	64131685	64131897	213	*
chr15	64137563	64137684	122	*
chr1	212042988	212043123	136	*
chr15	64156024	64156147	124	*
chr15	64160100	64160209	110	*
chr15	64162039	64162157	119	*
chr15	64204435	64204604	170	*
chr15	64207505	64207622	118	*
chr15	64213883	64214126	244	*
chr15	64216562	64216716	155	*
chr15	64300314	64300505	192	*
chr15	64397604	64397829	226	*
chr15	64418629	64418730	102	*
chr15	64445004	64445106	103	*
chr15	64454857	64455051	195	*
chr15	64622824	64623058	235	*
chr15	64674620	64675073	454	*
chr15	64675165	64675280	116	*
chr15	64675319	64676153	835	*
chr15	64680183	64680363	181	*
chr15	64688701	64688837	137	*
chr15	64749001	64749149	149	*
chr15	64816608	64816767	160	*
chr15	64820980	64821089	110	*
chr15	64821361	64821522	162	*
chr15	64822261	64822393	133	*
chr15	64848639	64848746	108	*
chr15	64859891	64860000	110	*
chr15	64969250	64969385	136	*
chr15	64974600	64974750	151	*
chr15	64983500	64983599	100	*
chr15	65054899	65055158	260	*
chr15	65058495	65058619	125	*
chr15	65118728	65118851	124	*
chr1	212072098	212072218	121	*
chr15	65119711	65119956	246	*
chr15	65129028	65129173	146	*
chr15	65155687	65155857	171	*
chr15	65156839	65156949	111	*
chr15	65180042	65180207	166	*
chr15	65196893	65198119	1227	*
chr15	65198145	65199112	968	*
chr15	65201867	65202031	165	*
chr15	65206777	65207043	267	*
chr15	65260882	65261028	147	*
chr15	65263145	65263326	182	*
chr15	65329724	65329866	143	*
chr15	65331045	65331218	174	*
chr15	65331939	65332107	169	*
chr15	65333254	65333417	164	*
chr15	65334723	65334865	143	*
chr1	212286150	212286294	145	*
chr15	65335807	65335960	154	*
chr15	65388803	65388981	179	*
chr15	65390153	65390341	189	*
chr1	212329118	212329336	219	*
chr15	65395092	65395260	169	*
chr15	65411271	65411373	103	*
chr15	65454257	65454425	169	*
chr15	65463756	65463908	153	*
chr15	65466675	65466822	148	*
chr15	65481494	65481617	124	*
chr15	65490184	65490317	134	*
chr15	65512290	65512565	276	*
chr15	65591595	65591694	100	*
chr15	65593425	65593591	167	*
chr15	65595728	65595830	103	*
chr1	212345796	212345936	141	*
chr15	65599769	65599930	162	*
chr15	65652640	65652814	175	*
chr15	65653879	65654072	194	*
chr15	65665340	65665465	126	*
chr15	65676514	65676636	123	*
chr15	65697271	65697386	116	*
chr15	65702868	65703011	144	*
chr1	212348384	212348505	122	*
chr15	65715472	65715637	166	*
chr15	65722841	65722970	130	*
chr15	65729527	65729681	155	*
chr15	65737700	65737837	138	*
chr15	65738702	65738878	177	*
chr15	65752374	65752630	257	*
chr15	65756134	65756464	331	*
chr15	65877325	65877532	208	*
chr15	65887697	65888026	330	*
chr15	65898720	65898947	228	*
chr15	65916142	65916278	137	*
chr15	65916823	65916957	135	*
chr15	65917961	65918111	151	*
chr15	65922335	65922475	141	*
chr15	65922818	65922971	154	*
chr15	65929715	65929886	172	*
chr15	65930819	65930946	128	*
chr1	212357140	212357289	150	*
chr15	65964905	65965123	219	*
chr15	66094396	66094497	102	*
chr15	66119079	66119330	252	*
chr15	66308701	66308846	146	*
chr15	66326186	66326297	112	*
chr15	66341147	66341273	127	*
chr15	66436744	66436894	151	*
chr15	66481752	66481884	133	*
chr15	66503353	66503531	179	*
chr15	66532245	66532407	163	*
chr15	66557733	66557863	131	*
chr15	66780994	66781516	523	*
chr15	67181238	67181455	218	*
chr15	67190404	67190538	135	*
chr15	67236403	67236506	104	*
chr15	67236625	67236770	146	*
chr15	67394913	67395538	626	*
chr15	67526405	67526546	142	*
chr1	23756272	23756390	119	*
chr15	67580709	67580899	191	*
chr15	67586733	67586919	187	*
chr1	212386881	212387102	222	*
chr15	67833739	67833838	100	*
chr15	68086289	68086755	467	*
chr15	68146563	68146714	152	*
chr15	68153574	68153701	128	*
chr15	68173728	68173897	170	*
chr15	68194015	68194123	109	*
chr15	68197437	68197630	194	*
chr15	68199535	68199683	149	*
chr15	68208143	68208412	270	*
chr15	68214287	68214391	105	*
chr15	68289605	68291241	1637	*
chr15	68317263	68317368	106	*
chr15	68320183	68320355	173	*
chr15	68331857	68332032	176	*
chr15	68339495	68339646	152	*
chr15	68350615	68350785	171	*
chr15	68645157	68645365	209	*
chr15	68710726	68710883	158	*
chr15	68711539	68711708	170	*
chr15	68713922	68714046	125	*
chr15	68714556	68714666	111	*
chr15	68715213	68715316	104	*
chr15	68718695	68718816	122	*
chr15	68784395	68784598	204	*
chr15	68787407	68787540	134	*
chr15	68787768	68787921	154	*
chr1	212615011	212615217	207	*
chr15	69256088	69256394	307	*
chr15	69268217	69268715	499	*
chr15	69268761	69269248	488	*
chr15	69379881	69380013	133	*
chr15	69384717	69384888	172	*
chr1	212618136	212618240	105	*
chr15	69421644	69421758	115	*
chr15	69421990	69422132	143	*
chr15	69440936	69441087	152	*
chr1	212619356	212619565	210	*
chr15	69444772	69445045	274	*
chr15	70052369	70052526	158	*
chr15	70055044	70055300	257	*
chr15	70058157	70058293	137	*
chr15	70060524	70060654	131	*
chr1	212804318	212804435	118	*
chr15	70667667	70667815	149	*
chr15	70668723	70668847	125	*
chr15	70676491	70676597	107	*
chr15	70678093	70678212	120	*
chr15	70687536	70687649	114	*
chr15	70699521	70699653	133	*
chr1	212815007	212815134	128	*
chr15	70832793	70832918	126	*
chr15	70832944	70833126	183	*
chr15	70904547	70904758	212	*
chr15	70963780	70963937	158	*
chr15	71009805	71009997	193	*
chr15	71660527	71660739	213	*
chr15	71728546	71728730	185	*
chr15	71731119	71731221	103	*
chr15	71777230	71777375	146	*
chr15	71827881	71828033	153	*
chr15	71852127	71852262	136	*
chr15	71854372	71854583	212	*
chr15	71862494	71862623	130	*
chr15	71879717	71879842	126	*
chr15	71880332	71880541	210	*
chr15	71888001	71888132	132	*
chr15	71898490	71898799	310	*
chr15	72045722	72046585	864	*
chr15	72139621	72140129	509	*
chr15	72166990	72167095	106	*
chr15	72200473	72200656	184	*
chr15	72202443	72202643	201	*
chr15	72203010	72203195	186	*
chr15	72256462	72256592	131	*
chr15	72315839	72315938	100	*
chr15	72346525	72346637	113	*
chr1	212951540	212951826	287	*
chr15	72349077	72349262	186	*
chr15	72353065	72353171	107	*
chr15	72544792	72544967	176	*
chr15	72570165	72570313	149	*
chr15	72580720	72580994	275	*
chr1	212961142	212961262	121	*
chr15	72583196	72583684	489	*
chr15	72709677	72709785	109	*
chr15	72715280	72715408	129	*
chr15	72724526	72724659	134	*
chr15	72731300	72731463	164	*
chr15	72760404	72760541	138	*
chr15	73116538	73116862	325	*
chr15	73126470	73126574	105	*
chr15	73249058	73249210	153	*
chr15	73249581	73249726	146	*
chr15	73260268	73260468	201	*
chr1	212995048	212995221	174	*
chr15	73273802	73274008	207	*
chr15	73289141	73289244	104	*
chr1	212997148	212997334	187	*
chr15	73298346	73298616	271	*
chr15	73323664	73323952	289	*
chr1	213000818	213000922	105	*
chr15	73329568	73329794	227	*
chr15	73332157	73332294	138	*
chr15	73343380	73343819	440	*
chr1	213005020	213005257	238	*
chr15	73570145	73570280	136	*
chr15	73570304	73570426	123	*
chr15	73573656	73573802	147	*
chr15	73596932	73597425	494	*
chr15	73704314	73704473	160	*
chr15	73947805	73947907	103	*
chr15	73949457	73949581	125	*
chr15	74456550	74456673	124	*
chr15	74458678	74458867	190	*
chr15	74589817	74590009	193	*
chr15	74591149	74591285	137	*
chr15	74624899	74625024	126	*
chr15	74625800	74625974	175	*
chr15	74629698	74629885	188	*
chr15	74640464	74640622	159	*
chr15	74720508	74720695	188	*
chr1	213104443	213104579	137	*
chr15	74798612	74798731	120	*
chr15	74798824	74798945	122	*
chr15	74839553	74839716	164	*
chr15	74842071	74842198	128	*
chr15	74845107	74845219	113	*
chr15	74850505	74850676	172	*
chr15	74851348	74851484	137	*
chr15	74906276	74906376	101	*
chr15	74923643	74923772	130	*
chr15	74926758	74926890	133	*
chr15	74956245	74956513	269	*
chr15	75016557	75016757	201	*
chr15	75043438	75043542	105	*
chr15	75044384	75044520	137	*
chr15	75208423	75208829	407	*
chr1	213167849	213167969	121	*
chr15	75389648	75389828	181	*
chr15	75394675	75394864	190	*
chr15	75400727	75400942	216	*
chr15	75401846	75401972	127	*
chr15	75411490	75411745	256	*
chr15	75412758	75413045	288	*
chr15	75414200	75414313	114	*
chr15	75607214	75607315	102	*
chr15	75649820	75650578	759	*
chr15	75657007	75657215	209	*
chr15	75689500	75689671	172	*
chr15	75690379	75690482	104	*
chr1	23786312	23786428	117	*
chr15	76274402	76274507	106	*
chr15	76285631	76285744	114	*
chr15	76287841	76287956	116	*
chr15	76292425	76292524	100	*
chr15	76471203	76471336	134	*
chr15	76504852	76504979	128	*
chr15	76947418	76947523	106	*
chr15	76949067	76949221	155	*
chr15	77037077	77037179	103	*
chr15	77052773	77052944	172	*
chr15	77054173	77054281	109	*
chr15	77114370	77114779	410	*
chr15	77133420	77133754	335	*
chr15	77178943	77179346	404	*
chr15	77179914	77180419	506	*
chr15	77180467	77180696	230	*
chr15	77467092	77467312	221	*
chr15	77470904	77471047	144	*
chr15	77479176	77479326	151	*
chr15	77614046	77615498	1453	*
chr15	77615613	77615905	293	*
chr15	78163504	78163615	112	*
chr15	78173590	78173842	253	*
chr15	78178673	78178833	161	*
chr15	78181967	78182148	182	*
chr15	78471739	78471929	191	*
chr1	213261484	213261645	162	*
chr15	78473240	78473383	144	*
chr15	78476186	78476361	176	*
chr15	78493907	78494061	155	*
chr15	78494140	78494267	128	*
chr15	78580808	78580968	161	*
chr15	82549454	82549663	210	*
chr15	82552475	82552618	144	*
chr15	82553361	82553566	206	*
chr15	82557754	82557990	237	*
chr1	213272521	213272635	115	*
chr15	82665455	82665577	123	*
chr15	82676458	82676640	183	*
chr15	82681418	82681582	165	*
chr15	82768910	82769032	123	*
chr15	82769747	82769886	140	*
chr15	82826738	82826848	111	*
chr15	82854642	82854802	161	*
chr15	82989880	82990065	186	*
chr15	83018702	83018856	155	*
chr15	83136477	83136673	197	*
chr15	83257440	83257674	235	*
chr15	83263971	83264245	275	*
chr15	83264439	83264560	122	*
chr15	84687622	84687780	159	*
chr15	84691532	84691662	131	*
chr15	84827482	84827609	128	*
chr15	85113871	85114043	173	*
chr15	85521426	85521582	157	*
chr15	85533582	85533866	285	*
chr15	85721988	85722118	131	*
chr1	23794222	23794327	106	*
chr15	85741130	85741359	230	*
chr15	85743588	85743709	122	*
chr15	85768041	85769012	972	*
chr15	85769147	85769814	668	*
chr15	86397364	86397552	189	*
chr15	89116321	89116527	207	*
chr15	89195219	89195436	218	*
chr15	89210694	89210812	119	*
chr15	89260746	89260848	103	*
chr15	89268404	89268527	124	*
chr15	89283134	89283255	122	*
chr15	89314610	89314710	101	*
chr15	89317370	89317548	179	*
chr15	89320761	89321014	254	*
chr15	89321120	89321262	143	*
chr15	89321733	89321840	108	*
chr15	89324103	89324229	127	*
chr15	89325507	89325688	182	*
chr15	89333091	89333448	358	*
chr15	89477832	89477976	145	*
chr15	89483062	89483218	157	*
chr15	89486838	89486988	151	*
chr15	89608797	89608914	118	*
chr15	89803884	89804005	122	*
chr15	90073068	90073265	198	*
chr15	90087110	90087266	157	*
chr15	90088354	90088505	152	*
chr15	90426107	90426270	164	*
chr15	90454420	90454558	139	*
chr15	90476661	90476823	163	*
chr15	90477657	90477891	235	*
chr15	90483359	90483595	237	*
chr15	90484245	90484357	113	*
chr15	90497229	90497346	118	*
chr15	90762991	90763159	169	*
chr15	90766908	90767027	120	*
chr15	90769431	90769591	161	*
chr15	90784910	90785084	175	*
chr15	90790646	90790850	205	*
chr15	90803519	90803723	205	*
chr15	90804165	90804361	197	*
chr15	90905843	90906013	171	*
chr15	90906738	90906918	181	*
chr15	90907314	90907497	184	*
chr15	90909324	90909506	183	*
chr15	90916121	90916258	138	*
chr15	90940304	90940480	177	*
chr15	90942986	90943089	104	*
chr15	90944966	90945068	103	*
chr15	90946602	90946918	317	*
chr15	90948672	90948798	127	*
chr15	92901217	92901320	104	*
chr15	92942841	92943070	230	*
chr15	92948950	92949083	134	*
chr15	92953354	92953581	228	*
chr15	92956449	92956654	206	*
chr15	92978225	92978387	163	*
chr15	92980812	92980917	106	*
chr15	92992856	92993003	148	*
chr15	93012343	93012448	106	*
chr15	93020009	93020260	252	*
chr15	93024569	93024706	138	*
chr15	93051989	93052510	522	*
chr15	94356142	94356303	162	*
chr15	94384008	94384130	123	*
chr15	94440174	94440304	131	*
chr15	96334264	96334610	347	*
chr15	96337325	96337670	346	*
chr1	23804395	23804533	139	*
chr1	23808132	23808325	194	*
chr15	98934822	98935058	237	*
chr15	98939191	98939366	176	*
chr15	98957059	98957442	384	*
chr15	99131119	99131266	148	*
chr15	99255957	99256135	179	*
chr15	99287812	99287954	143	*
chr15	99333921	99334136	216	*
chr15	99729609	99729739	131	*
chr15	99976039	99976226	188	*
chr15	100152607	100152765	159	*
chr15	100155175	100155322	148	*
chr15	100199313	100199428	116	*
chr15	100476081	100476182	102	*
chr15	100484545	100484674	130	*
chr15	100569891	100570078	188	*
chr15	100612163	100612433	271	*
chr15	100629423	100630049	627	*
chr15	100648297	100648616	320	*
chr15	100885264	100885373	110	*
chr15	100893951	100894084	134	*
chr15	100988631	100988819	189	*
chr15	100989248	100989364	117	*
chr15	101010672	101010843	172	*
chr15	101066638	101066746	109	*
chr15	101068668	101068846	179	*
chr15	101177206	101178983	1778	*
chr15	101235074	101235583	510	*
chr15	101646723	101646875	153	*
chr15	101649998	101650150	153	*
chr15	101656918	101657024	107	*
chr1	214005134	214005279	146	*
chr16	58340	58762	423	*
chr16	59244	59352	109	*
chr16	59730	59830	101	*
chr16	61579	61698	120	*
chr16	62971	63184	214	*
chr16	85508	85615	108	*
chr16	86718	86873	156	*
chr16	88697	88893	197	*
chr16	93213	93328	116	*
chr16	199059	199241	183	*
chr16	227236	227373	138	*
chr16	548991	549203	213	*
chr16	551300	551429	130	*
chr16	578782	578941	160	*
chr16	1519876	1520049	174	*
chr16	1520129	1520345	217	*
chr16	1520600	1520810	211	*
chr16	1523826	1523959	134	*
chr16	1525229	1525329	101	*
chr16	1534276	1534428	153	*
chr16	1653031	1653158	128	*
chr16	1666071	1666183	113	*
chr16	1668040	1668198	159	*
chr16	1747026	1747277	252	*
chr16	1748600	1748722	123	*
chr16	1762349	1762483	135	*
chr16	2071508	2071611	104	*
chr16	2072239	2072365	127	*
chr16	2074197	2074394	198	*
chr16	2081593	2081802	210	*
chr16	2086192	2086381	190	*
chr16	2088225	2088328	104	*
chr16	2100394	2100568	175	*
chr16	2103420	2103650	231	*
chr16	2110167	2110434	268	*
chr16	2113158	2113295	138	*
chr16	2264572	2264826	255	*
chr16	2277944	2278072	129	*
chr16	2278941	2279132	192	*
chr16	2496164	2496724	561	*
chr16	2565549	2565699	151	*
chr16	2971685	2971948	264	*
chr16	3557587	3557693	107	*
chr16	3563005	3563289	285	*
chr16	3564071	3564293	223	*
chr1	23848667	23848842	176	*
chr16	3727717	3728361	645	*
chr16	3728694	3728923	230	*
chr16	3728946	3729876	931	*
chr16	3757284	3757390	107	*
chr16	3757807	3758063	257	*
chr16	3791973	3792096	124	*
chr16	3850291	3850701	411	*
chr16	3965967	3966902	936	*
chr16	4192154	4192584	431	*
chr16	4197797	4197918	122	*
chr16	4341366	4341508	143	*
chr16	4361983	4362168	186	*
chr16	4434378	4434523	146	*
chr16	4443015	4443169	155	*
chr16	4446884	4447019	136	*
chr16	4507726	4508206	481	*
chr16	4556490	4556599	110	*
chr16	4650362	4650488	127	*
chr16	4652676	4652830	155	*
chr16	4657244	4657366	123	*
chr16	4673495	4673662	168	*
chr16	4729975	4730149	175	*
chr16	4797712	4797843	132	*
chr16	4811620	4811804	185	*
chr16	4813733	4813866	134	*
chr16	4817596	4817703	108	*
chr16	4831977	4832089	113	*
chr16	4852878	4853168	291	*
chr16	4858557	4858669	113	*
chr1	8865280	8865490	211	*
chr16	4870514	4870640	127	*
chr16	4884732	4885404	673	*
chr16	4893211	4893356	146	*
chr16	4897673	4897773	101	*
chr16	4910845	4910952	108	*
chr16	4996852	4997045	194	*
chr16	5075386	5075538	153	*
chr1	214330165	214330282	118	*
chr1	214330932	214331077	146	*
chr1	214331999	214332196	198	*
chr1	214334188	214334311	124	*
chr16	7579764	7579926	163	*
chr16	7594876	7595826	951	*
chr16	7710558	7711936	1379	*
chr1	214376215	214376443	229	*
chr16	8750419	8750544	126	*
chr16	8776342	8776493	152	*
chr16	8796124	8796262	139	*
chr16	8801793	8801914	122	*
chr16	8855181	8855329	149	*
chr16	8899597	8899759	163	*
chr16	8923223	8923423	201	*
chr16	9768897	9769091	195	*
chr16	9822259	9822426	168	*
chr16	9849751	9849880	130	*
chr16	9890981	9891136	156	*
chr16	9938314	9938556	243	*
chr1	214401676	214401786	111	*
chr16	10179993	10180204	212	*
chr16	10694395	10694509	115	*
chr16	10761755	10761861	107	*
chr16	10971119	10971235	117	*
chr16	10972929	10973066	138	*
chr16	10977222	10977404	183	*
chr16	10982876	10982997	122	*
chr16	11120613	11120769	157	*
chr16	11676052	11676326	275	*
chr16	11733977	11734087	111	*
chr16	11736079	11736235	157	*
chr16	11761903	11762048	146	*
chr16	11767414	11767583	170	*
chr16	11877404	11877590	187	*
chr16	11885180	11885280	101	*
chr16	11886775	11886945	171	*
chr1	214464625	214464807	183	*
chr16	13922029	13922218	190	*
chr16	13926558	13926759	202	*
chr16	13928020	13928238	219	*
chr16	13930698	13930892	195	*
chr16	13934178	13934305	128	*
chr16	13947612	13948235	624	*
chr16	14240231	14240486	256	*
chr16	14644426	14644613	188	*
chr1	214613754	214613918	165	*
chr16	14649855	14649978	124	*
chr16	14655064	14655212	149	*
chr16	14667640	14667827	188	*
chr16	15034284	15034383	100	*
chr16	15038572	15038695	124	*
chr16	15047988	15048127	140	*
chr16	15065217	15065375	159	*
chr16	15070064	15070256	193	*
chr16	15071115	15071259	145	*
chr16	15079992	15080101	110	*
chr16	15581213	15581335	123	*
chr16	15601990	15602160	171	*
chr16	15617048	15617182	135	*
chr16	15617296	15617537	242	*
chr16	15630325	15630510	186	*
chr16	15633614	15633845	232	*
chr16	15634753	15634935	183	*
chr16	15635649	15636116	468	*
chr16	15714905	15715022	118	*
chr16	15719582	15719715	134	*
chr16	15720837	15721053	217	*
chr16	15724648	15724801	154	*
chr16	15732562	15732708	147	*
chr1	214622074	214622284	211	*
chr16	15735364	15735580	217	*
chr16	15747567	15747741	175	*
chr16	15748042	15748171	130	*
chr16	15753389	15753510	122	*
chr16	15756338	15756517	180	*
chr16	15837901	15838262	362	*
chr16	16056091	16056301	211	*
chr16	16068151	16068305	155	*
chr16	16079346	16079482	137	*
chr16	16090403	16090547	145	*
chr16	16114764	16115081	318	*
chr16	16121973	16122178	206	*
chr16	16136476	16136646	171	*
chr16	16138368	16138562	195	*
chr16	16188829	16188975	147	*
chr1	214639962	214640088	127	*
chr16	17108694	17108871	178	*
chr16	17117641	17117985	345	*
chr16	17127661	17127864	204	*
chr16	17141148	17141371	224	*
chr16	17200478	17200657	180	*
chr1	214640158	214640332	175	*
chr16	17258983	17259165	183	*
chr16	18797919	18798054	136	*
chr16	18798695	18798836	142	*
chr16	18811943	18812129	187	*
chr16	18816366	18816539	174	*
chr1	214643136	214643292	157	*
chr16	18817286	18817479	194	*
chr16	18819498	18819661	164	*
chr16	18828029	18828173	145	*
chr16	18829922	18830118	197	*
chr16	18836356	18836536	181	*
chr16	18837249	18837446	198	*
chr16	18838350	18838462	113	*
chr16	18838550	18838694	145	*
chr16	18842205	18842456	252	*
chr16	18847448	18847612	165	*
chr16	18852065	18852212	148	*
chr16	18853581	18853869	289	*
chr16	18854650	18854911	262	*
chr16	18858167	18858293	127	*
chr16	18863999	18864149	151	*
chr16	18866616	18866781	166	*
chr16	18869100	18869312	213	*
chr16	18870607	18870722	116	*
chr16	18871359	18871487	129	*
chr16	18872491	18872643	153	*
chr16	18876123	18876405	283	*
chr16	18877125	18877235	111	*
chr16	18879469	18879734	266	*
chr16	18882160	18882341	182	*
chr16	18885536	18885675	140	*
chr16	18889366	18889589	224	*
chr16	18892216	18892360	145	*
chr16	19016472	19016600	129	*
chr16	19045338	19045445	108	*
chr16	19183526	19184151	626	*
chr16	19223042	19223169	128	*
chr16	19266879	19267076	198	*
chr16	19487182	19487296	115	*
chr16	19504926	19505105	180	*
chr1	215005854	215005964	111	*
chr1	215086342	215086682	341	*
chr16	19699496	19699653	158	*
chr16	19700377	19700476	100	*
chr16	20031735	20032685	951	*
chr16	20737701	20737956	256	*
chr1	215169154	215169375	222	*
chr16	20796350	20796495	146	*
chr16	20797861	20798029	169	*
chr16	20825830	20825951	122	*
chr16	20860278	20860382	105	*
chr16	20862102	20862649	548	*
chr16	20915513	20915720	208	*
chr16	20920120	20920224	105	*
chr16	20933154	20933521	368	*
chr16	20936646	20936855	210	*
chr16	20944492	20944669	178	*
chr16	20959173	20959406	234	*
chr16	20963279	20963466	188	*
chr16	20963578	20965429	1852	*
chr16	20982718	20982888	171	*
chr16	20985304	20985717	414	*
chr16	20987938	20988068	131	*
chr16	20997280	20997473	194	*
chr16	21019621	21019819	199	*
chr16	21021970	21022107	138	*
chr16	21069410	21069608	199	*
chr16	21086847	21087065	219	*
chr16	21249725	21250067	343	*
chr16	21267551	21267740	190	*
chr16	21612634	21612843	210	*
chr16	21617864	21618077	214	*
chr16	21700886	21701032	147	*
chr16	21971523	21971625	103	*
chr16	21983057	21983170	114	*
chr16	22080684	22081061	378	*
chr16	22123606	22123710	105	*
chr16	22148160	22148311	152	*
chr16	22251149	22251324	176	*
chr16	22257251	22257387	137	*
chr16	22266685	22266878	194	*
chr16	22280205	22280379	175	*
chr16	22313618	22313731	114	*
chr16	22326084	22326285	202	*
chr16	22332057	22332188	132	*
chr16	22349697	22349852	156	*
chr16	22814937	22815100	164	*
chr16	22914943	22915561	619	*
chr16	23073718	23073887	170	*
chr16	23079945	23080174	230	*
chr16	23082433	23082560	128	*
chr16	23084856	23084993	138	*
chr16	23087722	23087837	116	*
chr16	23102316	23102465	150	*
chr16	23194169	23194279	111	*
chr16	23209747	23209851	105	*
chr16	23380418	23380539	122	*
chr16	23406071	23406265	195	*
chr1	215611817	215611924	108	*
chr16	23424844	23424950	107	*
chr16	23433542	23433670	129	*
chr16	23442470	23442647	178	*
chr16	23445043	23445166	124	*
chr16	23534885	23535362	478	*
chr16	23570445	23570684	240	*
chr16	23587193	23587297	105	*
chr16	23658505	23658630	126	*
chr16	23665616	23665732	117	*
chr16	23667042	23667144	103	*
chr16	23683876	23684041	166	*
chr16	23695195	23695319	125	*
chr16	24092789	24092953	165	*
chr16	24094160	24094302	143	*
chr16	24180787	24180930	144	*
chr16	24191088	24191236	149	*
chr16	24214622	24214800	179	*
chr16	24346723	24346822	100	*
chr16	24546156	24546267	112	*
chr16	24556306	24556454	149	*
chr16	24561610	24561718	109	*
chr16	24567134	24567513	380	*
chr16	24805603	24805736	134	*
chr16	24823430	24823807	378	*
chr16	26135610	26136235	626	*
chr16	27471743	27471925	183	*
chr16	27484206	27484358	153	*
chr1	23970826	23971441	616	*
chr16	27492613	27492715	103	*
chr16	27493195	27493298	104	*
chr1	215650586	215650803	218	*
chr16	27528594	27528724	131	*
chr16	27533286	27533393	108	*
chr16	27828793	27828959	167	*
chr16	28101453	28101696	244	*
chr16	28107519	28107690	172	*
chr16	28156070	28156528	459	*
chr16	28169748	28169918	171	*
chr16	28844949	28845058	110	*
chr16	28845312	28845482	171	*
chr16	28871779	28871907	129	*
chr16	28882448	28882594	147	*
chr16	28887481	28887724	244	*
chr16	28894819	28894958	140	*
chr16	28900584	28900921	338	*
chr16	28901860	28902088	229	*
chr16	28902182	28902316	135	*
chr16	28902781	28902916	136	*
chr16	29861105	29861261	157	*
chr16	29872182	29872285	104	*
chr16	29878284	29878430	147	*
chr16	29977767	29977903	137	*
chr16	29978250	29978358	109	*
chr16	29979192	29979313	122	*
chr16	29981659	29981759	101	*
chr16	29982732	29982904	173	*
chr16	29985211	29985580	370	*
chr16	29990795	29990971	177	*
chr16	29991050	29991178	129	*
chr16	30095248	30095353	106	*
chr16	30116690	30116792	103	*
chr16	30116890	30117005	116	*
chr16	30118047	30118167	121	*
chr16	30118347	30118536	190	*
chr16	30185275	30185409	135	*
chr16	30364895	30365008	114	*
chr16	30365103	30365215	113	*
chr16	30381125	30381247	123	*
chr16	30713206	30713379	174	*
chr16	30716074	30716207	134	*
chr16	30716291	30716485	195	*
chr16	30733278	30733452	175	*
chr16	30733600	30733800	201	*
chr16	30733892	30734010	119	*
chr16	30753391	30753564	174	*
chr16	30756891	30757017	127	*
chr16	30766377	30766560	184	*
chr16	30927305	30927461	157	*
chr16	30953236	30953483	248	*
chr16	30953682	30953810	129	*
chr16	30961265	30961539	275	*
chr16	30966228	30966389	162	*
chr16	30993345	30993486	142	*
chr16	31038508	31038649	142	*
chr16	31091179	31091325	147	*
chr16	31110195	31110325	131	*
chr16	31111089	31111223	135	*
chr16	31130015	31130161	147	*
chr16	31182511	31182670	160	*
chr16	31189663	31189800	138	*
chr16	31499299	31499413	115	*
chr16	46661713	46661864	152	*
chr16	46662238	46662484	247	*
chr16	46662981	46663171	191	*
chr16	46668924	46669054	131	*
chr16	46674308	46674478	171	*
chr16	46674562	46674662	101	*
chr16	46681371	46681519	149	*
chr16	46692374	46692548	175	*
chr16	46809598	46809817	220	*
chr16	46824382	46824484	103	*
chr16	46906838	46906980	143	*
chr16	46909789	46909932	144	*
chr16	46918618	46918763	146	*
chr16	46922240	46922421	182	*
chr16	46924387	46924546	160	*
chr16	46926923	46927039	117	*
chr16	46967512	46967649	138	*
chr16	46971339	46971576	238	*
chr16	47128321	47128595	275	*
chr16	47497389	47497493	105	*
chr16	47596355	47596536	182	*
chr16	47649098	47649207	110	*
chr16	47660656	47660824	169	*
chr16	47696373	47696494	122	*
chr1	215782030	215782198	169	*
chr16	47698435	47698595	161	*
chr16	48083907	48084076	170	*
chr16	48087923	48088087	165	*
chr16	48088543	48088680	138	*
chr16	48252128	48252295	168	*
chr16	48262776	48262875	100	*
chr16	48361262	48362436	1175	*
chr1	215789801	215790303	503	*
chr16	49635876	49638962	3087	*
chr16	50216072	50216201	130	*
chr16	50223172	50223391	220	*
chr16	50225091	50225291	201	*
chr16	50312887	50313034	148	*
chr16	50314299	50314410	112	*
chr16	50323582	50323700	119	*
chr16	50325744	50325887	144	*
chr16	50675802	50675904	103	*
chr16	50782322	50782471	150	*
chr16	50794210	50794431	222	*
chr16	50796323	50796504	182	*
chr16	51137113	51137555	443	*
chr16	51138685	51140250	1566	*
chr16	51140366	51141102	737	*
chr16	51141422	51141729	308	*
chr16	52439487	52439586	100	*
chr16	52450270	52450548	279	*
chr1	215900748	215901104	357	*
chr16	53470744	53470926	183	*
chr16	53480565	53480763	199	*
chr16	53495068	53495176	109	*
chr1	24071140	24071257	118	*
chr16	54111760	54111884	125	*
chr1	24075352	24075477	126	*
chr16	55327720	55327842	123	*
chr16	55482907	55483137	231	*
chr16	55484014	55484169	156	*
chr16	55485295	55485429	135	*
chr16	55485602	55485782	181	*
chr16	55489649	55489827	179	*
chr16	55491799	55491960	162	*
chr16	55567275	55567451	177	*
chr16	55574625	55574732	108	*
chr16	55579107	55579250	144	*
chr16	55656861	55656973	113	*
chr16	55669562	55669700	139	*
chr16	55671936	55672181	246	*
chr16	55694007	55694118	112	*
chr16	55699551	55699655	105	*
chr16	56343761	56343951	191	*
chr16	56351382	56351539	158	*
chr16	56354863	56355089	227	*
chr16	56369189	56369329	141	*
chr16	56447783	56447991	209	*
chr16	56462532	56462636	105	*
chr16	56470485	56470650	166	*
chr16	56476038	56476141	104	*
chr16	56485585	56485741	157	*
chr16	56496961	56497081	121	*
chr16	56499773	56499909	137	*
chr16	56500852	56501030	179	*
chr16	56502669	56502809	141	*
chr16	56505940	56506047	108	*
chr16	56511157	56511287	131	*
chr16	56758536	56758660	125	*
chr16	56830519	56830687	169	*
chr16	56833212	56833411	200	*
chr16	56836590	56836719	130	*
chr16	56837606	56837730	125	*
chr16	56870094	56870240	147	*
chr16	56940049	56940250	202	*
chr16	57125863	57125995	133	*
chr16	57221260	57221422	163	*
chr16	57230709	57230819	111	*
chr16	57231160	57231323	164	*
chr16	57235120	57235232	113	*
chr16	57429171	57429283	113	*
chr16	57456916	57457022	107	*
chr16	57473896	57474045	150	*
chr16	57518620	57518744	125	*
chr16	57525895	57526022	128	*
chr16	57701950	57702132	183	*
chr16	57727297	57727411	115	*
chr16	57751938	57752057	120	*
chr16	57752775	57752933	159	*
chr16	57756354	57756476	123	*
chr16	57756812	57756945	134	*
chr16	57760721	57760958	238	*
chr16	57766872	57766988	117	*
chr16	57770525	57770703	179	*
chr16	57897394	57897545	152	*
chr16	58037464	58037628	165	*
chr16	58165554	58165710	157	*
chr16	58166578	58166699	122	*
chr16	58167202	58167311	110	*
chr16	58278479	58278639	161	*
chr16	58404497	58404729	233	*
chr16	58528472	58528650	179	*
chr16	58530242	58530360	119	*
chr16	58532230	58532397	168	*
chr16	58534142	58534398	257	*
chr16	58536910	58537224	315	*
chr16	58538766	58538916	151	*
chr16	58539762	58539964	203	*
chr16	58542226	58542338	113	*
chr16	58543602	58543905	304	*
chr16	58546316	58546510	195	*
chr16	58547181	58547298	118	*
chr16	58547561	58547683	123	*
chr16	58549716	58549900	185	*
chr16	58558470	58558686	217	*
chr16	58560206	58560364	159	*
chr16	58578694	58578954	261	*
chr16	58583054	58583188	135	*
chr16	58585332	58585510	179	*
chr16	58586541	58586750	210	*
chr16	58587773	58587880	108	*
chr16	58588796	58588911	116	*
chr16	58716659	58716819	161	*
chr1	24081326	24081441	116	*
chr16	61727060	61727237	178	*
chr16	61901170	61901499	330	*
chr16	62021138	62021514	377	*
chr16	64947630	64947815	186	*
chr16	64971577	64971713	137	*
chr16	64988152	64988352	201	*
chr16	64998646	64998858	213	*
chr1	216207312	216207433	122	*
chr1	216217379	216217573	195	*
chr16	66821446	66821562	117	*
chr16	66826674	66826785	112	*
chr16	66847066	66847232	167	*
chr16	66885291	66885577	287	*
chr16	66885612	66885840	229	*
chr16	66922167	66922322	156	*
chr16	66923511	66923724	214	*
chr16	67132815	67132916	102	*
chr16	67149323	67149564	242	*
chr16	67203117	67203226	110	*
chr16	67227834	67227937	104	*
chr16	67228974	67229113	140	*
chr16	67231440	67231552	113	*
chr16	67238200	67238312	113	*
chr16	67256467	67256652	186	*
chr16	67256909	67257038	130	*
chr16	67264349	67264465	117	*
chr16	67285287	67285540	254	*
chr16	67286442	67286671	230	*
chr16	67287896	67288017	122	*
chr16	67291353	67291456	104	*
chr16	67295258	67295411	154	*
chr16	67299361	67299496	136	*
chr16	67480951	67481097	147	*
chr16	67540577	67540706	130	*
chr16	67541482	67541585	104	*
chr16	67611939	67612123	185	*
chr16	67616743	67616883	141	*
chr16	67621440	67621597	158	*
chr16	67629381	67629537	157	*
chr16	67675456	67676055	600	*
chr16	67685453	67685649	197	*
chr16	67727749	67727898	150	*
chr16	67744286	67744457	172	*
chr16	67806299	67806449	151	*
chr16	67824581	67824783	203	*
chr16	67825678	67825813	136	*
chr16	67876871	67876977	107	*
chr16	67877503	67877663	161	*
chr16	67878735	67878842	108	*
chr16	67882427	67882599	173	*
chr16	67882677	67882867	191	*
chr16	67882955	67883180	226	*
chr16	67883592	67883737	146	*
chr16	67883953	67884129	177	*
chr16	67940184	67940479	296	*
chr16	67944840	67944952	113	*
chr16	67945947	67946084	138	*
chr16	67946436	67946560	125	*
chr16	67952178	67952365	188	*
chr16	68021623	68022002	380	*
chr16	68070938	68071111	174	*
chr16	68078747	68078865	119	*
chr16	68174372	68174518	147	*
chr16	68363772	68363871	100	*
chr16	68829652	68829802	151	*
chr16	69114340	69115180	841	*
chr16	69245600	69245820	221	*
chr16	69284044	69284246	203	*
chr16	69316005	69316125	121	*
chr16	69319385	69319549	165	*
chr16	69322557	69322705	149	*
chr16	69324201	69324312	112	*
chr16	69340192	69340334	143	*
chr16	69343407	69343636	230	*
chr16	69356921	69357061	141	*
chr16	69626400	69626544	145	*
chr16	69655602	69655802	201	*
chr16	69659723	69659905	183	*
chr16	69677200	69677344	145	*
chr16	69691819	69692620	802	*
chr16	69693340	69693461	122	*
chr1	216506792	216507204	413	*
chr16	69694122	69694244	123	*
chr16	69933967	69934127	161	*
chr16	69936331	69936457	127	*
chr16	70153389	70153574	186	*
chr16	70252723	70252913	191	*
chr16	70258026	70258220	195	*
chr16	70261039	70261159	121	*
chr16	70264955	70265105	151	*
chr16	70270193	70270342	150	*
chr16	70315967	70316104	138	*
chr16	70329283	70329470	188	*
chr16	70332965	70333159	195	*
chr16	70365015	70365136	122	*
chr16	70366080	70366265	186	*
chr16	70366619	70366866	248	*
chr16	70398187	70398395	209	*
chr16	70398417	70398533	117	*
chr16	70466130	70466259	130	*
chr16	70468846	70468971	126	*
chr16	70481353	70481490	138	*
chr16	70481760	70481870	111	*
chr16	70496264	70496433	170	*
chr16	70497220	70497390	171	*
chr16	70500954	70501093	140	*
chr16	70512236	70512437	202	*
chr16	70532477	70532581	105	*
chr16	70554443	70554599	157	*
chr16	70556884	70557034	151	*
chr16	70565063	70565275	213	*
chr16	70567409	70567539	131	*
chr16	70569039	70569144	106	*
chr16	70570003	70570151	149	*
chr16	70571080	70571204	125	*
chr16	70697132	70697259	128	*
chr16	70698634	70698814	181	*
chr16	70781861	70782006	146	*
chr16	70783028	70783141	114	*
chr16	70783440	70783558	119	*
chr16	70784108	70784221	114	*
chr16	70837686	70837891	206	*
chr16	70860716	70860912	197	*
chr16	70868613	70868785	173	*
chr16	71031676	71031841	166	*
chr16	71283641	71283766	126	*
chr16	71284509	71285724	1216	*
chr16	71572184	71572328	145	*
chr16	71575917	71576028	112	*
chr16	71655238	71655389	152	*
chr16	71658230	71658366	137	*
chr16	71658650	71658820	171	*
chr16	71663897	71664011	115	*
chr16	71681789	71681907	119	*
chr16	71690514	71690712	199	*
chr16	71732872	71733161	290	*
chr16	71738940	71739107	168	*
chr16	71745140	71745278	139	*
chr16	71745471	71745622	152	*
chr16	71746583	71746694	112	*
chr16	71750207	71750339	133	*
chr16	71756011	71756162	152	*
chr16	71758804	71758923	120	*
chr16	71771147	71771255	109	*
chr16	71774463	71774599	137	*
chr16	71789273	71789486	214	*
chr16	71849966	71850207	242	*
chr16	71851107	71851489	383	*
chr16	71860018	71860620	603	*
chr16	71861772	71861948	177	*
chr16	71916460	71916647	188	*
chr16	71921341	71921458	118	*
chr16	71923283	71923386	104	*
chr16	71927673	71927814	142	*
chr16	72021122	72021316	195	*
chr16	72086638	72086804	167	*
chr16	72098924	72099049	126	*
chr1	216564214	216564415	202	*
chr16	72107337	72107550	214	*
chr16	72107649	72107801	153	*
chr16	72108225	72108380	156	*
chr16	72108471	72108611	141	*
chr16	72787762	72788456	695	*
chr16	72788707	72788850	144	*
chr16	72793248	72795238	1991	*
chr16	72795271	72796942	1672	*
chr16	72797127	72797458	332	*
chr16	72797721	72798639	919	*
chr16	72800021	72800132	112	*
chr16	72829749	72829865	117	*
chr16	74453083	74453336	254	*
chr16	74457868	74457996	129	*
chr16	74462089	74462197	109	*
chr16	74468943	74469066	124	*
chr16	74483017	74483125	109	*
chr16	74485790	74485924	135	*
chr16	74503524	74503748	225	*
chr16	74716345	74716514	170	*
chr16	74727239	74727389	151	*
chr16	74874209	74874447	239	*
chr16	74885645	74885800	156	*
chr16	74889695	74889822	128	*
chr16	74903942	74904102	161	*
chr16	74912196	74912365	170	*
chr16	74938144	74938269	126	*
chr16	74956473	74956612	140	*
chr16	75242892	75243104	213	*
chr16	75451660	75451847	188	*
chr16	75478903	75479030	128	*
chr16	75568034	75568214	181	*
chr16	75577261	75577422	162	*
chr16	75608221	75608333	113	*
chr16	75629411	75629556	146	*
chr16	75631691	75631858	168	*
chr16	75634171	75634295	125	*
chr16	75635676	75635807	132	*
chr16	75635910	75636101	192	*
chr16	76475937	76476050	114	*
chr16	76479416	76479548	133	*
chr16	76522032	76522186	155	*
chr16	77193615	77193779	165	*
chr16	77198105	77198246	142	*
chr16	77294919	77295129	211	*
chr16	77325862	77326040	179	*
chr16	77355937	77356080	144	*
chr16	77431398	77431614	217	*
chr16	77862736	77862895	160	*
chr16	78164181	78164294	114	*
chr1	216677069	216677501	433	*
chr16	81042279	81042477	199	*
chr16	81043783	81043984	202	*
chr16	81262134	81262285	152	*
chr16	81351569	81351702	134	*
chr16	81377441	81377596	156	*
chr16	81652200	81652368	169	*
chr16	81786017	81786189	173	*
chr16	81900610	81900781	172	*
chr16	81910518	81910723	206	*
chr16	81956693	81956884	192	*
chr16	81999229	81999763	535	*
chr16	84074595	84074746	152	*
chr16	84093709	84093823	115	*
chr16	84131214	84131328	115	*
chr16	84222344	84222799	456	*
chr16	84236968	84237320	353	*
chr1	24337986	24338105	120	*
chr16	84566846	84566957	112	*
chr16	84760166	84760276	111	*
chr16	84872990	84873095	106	*
chr16	85071781	85071887	107	*
chr16	85171534	85171749	216	*
chr16	85806736	85806870	135	*
chr16	85908988	85909177	190	*
chr16	86548462	86548579	118	*
chr16	87334141	87334289	149	*
chr16	87412072	87412604	533	*
chr16	87689687	87689823	137	*
chr16	88018425	88018673	249	*
chr16	88837619	88837771	153	*
chr16	88842700	88842834	135	*
chr16	89708425	89708534	110	*
chr16	89727277	89727379	103	*
chr16	89733919	89734040	122	*
chr16	89737976	89738178	203	*
chr16	89932569	89932684	116	*
chr16	89934726	89935005	280	*
chr16	89935156	89935806	651	*
chr16	90031296	90031501	206	*
chr16	90036378	90036588	211	*
chr17	443164	443496	333	*
chr17	519824	519932	109	*
chr17	537022	537179	158	*
chr17	560421	560581	161	*
chr17	586263	586367	105	*
chr17	628083	628240	158	*
chr17	653295	653413	119	*
chr17	741297	741527	231	*
chr17	745005	745126	122	*
chr17	745185	745408	224	*
chr17	747645	747769	125	*
chr17	791528	791666	139	*
chr17	791860	792027	168	*
chr17	803677	803809	133	*
chr17	805092	805250	159	*
chr17	819434	819547	114	*
chr17	825958	826080	123	*
chr17	1009675	1009787	113	*
chr17	1010724	1010866	143	*
chr1	8871887	8871989	103	*
chr17	1072645	1072757	113	*
chr17	1083518	1083631	114	*
chr17	1091663	1091852	190	*
chr17	1361093	1361299	207	*
chr17	1364854	1365060	207	*
chr17	1423502	1423664	163	*
chr17	1467986	1468126	141	*
chr17	1468398	1468503	106	*
chr17	1480773	1480882	110	*
chr17	1506976	1507091	116	*
chr17	1534097	1534236	140	*
chr17	1535177	1535296	120	*
chr17	1548290	1548389	100	*
chr17	1553001	1553156	156	*
chr17	1593182	1593282	101	*
chr17	1616556	1616696	141	*
chr17	1656389	1656580	192	*
chr17	1660986	1661164	179	*
chr17	1661269	1661408	140	*
chr17	1673078	1673199	122	*
chr17	1673354	1673570	217	*
chr17	1675922	1676057	136	*
chr17	1676503	1676713	211	*
chr17	1676974	1677175	202	*
chr17	1677558	1677696	139	*
chr17	1679605	1679801	197	*
chr17	1680927	1681055	129	*
chr17	1681472	1681692	221	*
chr17	1682124	1682260	137	*
chr17	1733966	1734221	256	*
chr17	1737363	1737585	223	*
chr17	1776529	1776704	176	*
chr17	1777328	1777445	118	*
chr17	1800309	1800517	209	*
chr17	1843895	1844004	110	*
chr17	1844572	1844690	119	*
chr17	1853090	1853193	104	*
chr17	1877206	1877320	115	*
chr17	1879213	1879412	200	*
chr17	1888673	1888857	185	*
chr17	1936830	1937750	921	*
chr17	2036832	2036962	131	*
chr17	2065466	2065681	216	*
chr17	2081808	2081959	152	*
chr17	2172346	2172862	517	*
chr17	2236489	2236640	152	*
chr17	2361635	2361735	101	*
chr17	2362987	2363140	154	*
chr17	2364057	2364185	129	*
chr17	2364894	2365029	136	*
chr17	2367235	2367413	179	*
chr17	2372948	2373083	136	*
chr17	2376957	2377073	117	*
chr17	2379034	2379206	173	*
chr17	2419977	2420119	143	*
chr17	2477736	2477888	153	*
chr17	2502199	2502331	133	*
chr17	2665361	2665462	102	*
chr17	2672649	2672762	114	*
chr17	2674057	2674291	235	*
chr17	2680160	2680327	168	*
chr17	2693898	2694042	145	*
chr17	2694121	2694282	162	*
chr17	2694855	2695103	249	*
chr17	2695369	2695530	162	*
chr17	2697891	2698592	702	*
chr17	2703317	2703491	175	*
chr17	2963850	2964070	221	*
chr17	2995335	2995470	136	*
chr17	3020474	3020599	126	*
chr17	3518574	3518797	224	*
chr17	3524196	3524373	178	*
chr17	3573631	3573853	223	*
chr17	3588182	3588369	188	*
chr17	3589803	3590107	305	*
chr17	3590247	3590397	151	*
chr17	3725460	3725569	110	*
chr17	3865902	3866013	112	*
chr17	3947386	3947859	474	*
chr17	4009599	4009750	152	*
chr17	4014088	4014195	108	*
chr17	4016320	4016468	149	*
chr17	4017480	4017736	257	*
chr17	4019664	4019771	108	*
chr17	4032826	4033008	183	*
chr17	4050879	4051046	168	*
chr17	4074161	4074357	197	*
chr17	4075261	4075431	171	*
chr17	4077877	4078003	127	*
chr17	4109647	4109866	220	*
chr17	4112603	4112811	209	*
chr17	4170709	4170864	156	*
chr17	4172554	4172682	129	*
chr17	4173906	4174059	154	*
chr17	4177121	4177304	184	*
chr17	4182176	4182352	177	*
chr17	4183396	4183554	159	*
chr17	4183808	4183912	105	*
chr17	4235770	4235893	124	*
chr17	4446052	4446204	153	*
chr17	4525054	4525196	143	*
chr17	4881130	4881262	133	*
chr17	4884361	4884475	115	*
chr17	4896427	4896593	167	*
chr17	4896672	4896815	144	*
chr17	4900985	4901092	108	*
chr17	4938332	4938431	100	*
chr17	4938764	4938978	215	*
chr17	4955073	4955298	226	*
chr17	4978496	4978643	148	*
chr17	4981673	4981834	162	*
chr17	5002462	5002644	183	*
chr17	5338017	5338139	123	*
chr17	5474675	5474784	110	*
chr17	5480385	5480582	198	*
chr17	5488863	5488977	115	*
chr17	6120307	6120661	355	*
chr17	6461370	6461543	174	*
chr17	6470258	6470410	153	*
chr17	6477973	6478100	128	*
chr17	6478542	6478743	202	*
chr17	6695753	6695868	116	*
chr17	6703949	6704052	104	*
chr17	6706639	6706783	145	*
chr17	6707035	6707159	125	*
chr17	6800756	6800945	190	*
chr17	6815198	6815309	112	*
chr17	7203690	7203841	152	*
chr17	7227402	7227537	136	*
chr17	7227669	7227785	117	*
chr17	7309636	7309802	167	*
chr17	7319047	7319211	165	*
chr17	7327550	7327887	338	*
chr17	7463678	7463888	211	*
chr17	7495939	7496078	140	*
chr17	7496208	7496352	145	*
chr17	7497647	7497872	226	*
chr17	7498076	7498211	136	*
chr17	7499037	7499165	129	*
chr17	7500938	7501110	173	*
chr17	7565438	7565590	153	*
chr17	7575118	7575260	143	*
chr17	7576522	7576698	177	*
chr17	7577054	7577167	114	*
chr17	7578340	7578484	145	*
chr17	7595822	7596000	179	*
chr17	7653377	7653504	128	*
chr17	7733150	7733318	169	*
chr17	7734181	7734300	120	*
chr17	7737065	7737260	196	*
chr17	7740808	7740928	121	*
chr17	7758492	7758654	163	*
chr17	7759788	7759943	156	*
chr17	7760738	7760936	199	*
chr17	7764115	7764279	165	*
chr17	7765386	7765529	144	*
chr17	7766350	7766483	134	*
chr17	7767898	7768063	166	*
chr17	7770759	7770898	140	*
chr17	7777444	7777637	194	*
chr17	7794252	7794360	109	*
chr17	7798155	7798326	172	*
chr17	7798555	7798720	166	*
chr17	7818312	7818461	150	*
chr17	7824118	7824309	192	*
chr17	7857020	7857137	118	*
chr17	7890939	7891066	128	*
chr17	7900288	7900414	127	*
chr1	24514369	24514572	204	*
chr17	7900850	7900995	146	*
chr17	7910426	7910564	139	*
chr17	7931729	7931832	104	*
chr17	7936364	7936486	123	*
chr17	8015326	8015505	180	*
chr17	8141824	8141958	135	*
chr17	8149482	8149664	183	*
chr17	8263106	8263267	162	*
chr17	8269008	8269179	172	*
chr17	8379794	8379938	145	*
chr17	8448548	8448689	142	*
chr17	8476874	8477050	177	*
chr17	8480105	8480320	216	*
chr17	8480400	8480517	118	*
chr17	8487431	8487579	149	*
chr17	8504689	8504887	199	*
chr17	8513784	8513896	113	*
chr17	8535753	8535933	181	*
chr17	8542104	8542282	179	*
chr17	8604822	8604994	173	*
chr17	8904775	8904919	145	*
chr17	9022530	9023254	725	*
chr17	9179804	9179959	156	*
chr17	9221089	9221247	159	*
chr17	9632885	9633035	151	*
chr17	9779920	9780037	118	*
chr17	9791126	9791284	159	*
chr17	9880376	9880521	146	*
chr17	9943117	9943238	122	*
chr17	10313155	10313357	203	*
chr17	10315689	10315813	125	*
chr17	10343853	10344111	259	*
chr17	10345462	10345618	157	*
chr17	10346677	10346800	124	*
chr17	10513816	10513915	100	*
chr17	10515924	10516083	160	*
chr17	10516193	10516344	152	*
chr17	10523083	10523184	102	*
chr17	10523490	10523668	179	*
chr17	10523754	10523887	134	*
chr17	10524464	10524672	209	*
chr17	10524788	10524981	194	*
chr17	10526937	10527058	122	*
chr17	10528687	10528809	123	*
chr17	10535071	10535192	122	*
chr17	10542872	10542975	104	*
chr17	10634838	10635025	188	*
chr17	10635364	10635565	202	*
chr17	10639041	10639195	155	*
chr17	10639558	10639784	227	*
chr17	10640108	10640253	146	*
chr17	10640561	10640689	129	*
chr17	10642467	10642725	259	*
chr17	10642823	10642998	176	*
chr17	10645705	10645848	144	*
chr17	10695735	10695846	112	*
chr17	11379409	11379546	138	*
chr17	11555730	11555898	169	*
chr17	11557998	11558304	307	*
chr17	11610394	11610556	163	*
chr17	11619641	11619786	146	*
chr17	11651129	11651328	200	*
chr17	11652759	11653005	247	*
chr17	11689564	11690127	564	*
chr17	11704201	11704447	247	*
chr17	11705023	11705187	165	*
chr17	11719331	11719493	163	*
chr17	11744795	11745087	293	*
chr17	11757542	11757695	154	*
chr17	11768447	11768632	186	*
chr17	11781006	11781179	174	*
chr17	11783644	11783751	108	*
chr17	11793501	11793675	175	*
chr17	11797630	11797797	168	*
chr17	11854000	11854358	359	*
chr17	11881202	11881415	214	*
chr17	11886822	11886967	146	*
chr17	11902731	11902917	187	*
chr1	217431189	217431377	189	*
chr17	11929864	11930096	233	*
chr17	12081283	12081561	279	*
chr17	12113230	12113366	137	*
chr17	12928926	12929049	124	*
chr17	12949138	12949253	116	*
chr17	12955864	12955985	122	*
chr17	12956652	12956751	100	*
chr17	12958714	12958900	187	*
chr17	13496203	13496820	618	*
chr17	14345025	14345646	622	*
chr17	15540423	15540566	144	*
chr17	15593332	15593498	167	*
chr17	15974676	15974778	103	*
chr17	16026538	16026701	164	*
chr17	16061392	16061638	247	*
chr17	16064868	16065021	154	*
chr17	16146374	16146550	177	*
chr17	16422738	16422894	157	*
chr17	16432100	16432302	203	*
chr17	16443709	16444019	311	*
chr17	17264798	17264983	186	*
chr17	18317875	18318153	279	*
chr17	18330550	18330674	125	*
chr17	18959133	18959244	112	*
chr17	18960545	18960658	114	*
chr17	18979545	18979674	130	*
chr17	18988242	18988417	176	*
chr17	19003515	19003699	185	*
chr17	19003805	19004042	238	*
chr17	19024228	19024390	163	*
chr17	19283217	19283393	177	*
chr17	19381029	19381417	389	*
chr17	19383076	19383191	116	*
chr1	24646664	24647309	646	*
chr17	19663331	19663502	172	*
chr17	19797394	19797524	131	*
chr17	19816775	19816922	148	*
chr17	19843119	19843226	108	*
chr17	19865731	19865840	110	*
chr17	19924404	19924530	127	*
chr17	19936282	19936434	153	*
chr17	19939708	19939851	144	*
chr17	19940883	19941024	142	*
chr17	19947402	19947510	109	*
chr17	19962835	19963024	190	*
chr17	27306772	27307039	268	*
chr17	27605432	27605816	385	*
chr17	27609189	27609335	147	*
chr17	27611492	27611634	143	*
chr17	27617292	27617434	143	*
chr17	27762794	27762905	112	*
chr17	27768976	27769156	181	*
chr17	27774255	27774453	199	*
chr17	27778879	27779058	180	*
chr17	27781034	27781179	146	*
chr17	27787673	27787833	161	*
chr17	28042799	28043338	540	*
chr17	28161131	28161275	145	*
chr17	28168443	28168660	218	*
chr17	28191010	28191225	216	*
chr17	28339465	28339731	267	*
chr17	28342241	28342444	204	*
chr17	28360733	28360853	121	*
chr17	28368870	28369027	158	*
chr17	28381200	28381824	625	*
chr17	28385037	28385277	241	*
chr17	28396154	28396258	105	*
chr17	28400606	28400768	163	*
chr17	28490709	28490808	100	*
chr17	28491516	28491623	108	*
chr17	28495718	28495821	104	*
chr17	28496447	28496591	145	*
chr17	28534327	28534543	217	*
chr17	28547671	28547852	182	*
chr17	28547993	28548107	115	*
chr17	28554849	28555008	160	*
chr17	28556824	28556975	152	*
chr17	28558471	28558593	123	*
chr17	28574064	28574252	189	*
chr17	28616613	28616756	144	*
chr17	28618789	28618973	185	*
chr17	28623758	28623968	211	*
chr17	28631472	28631684	213	*
chr17	28631818	28631922	105	*
chr17	28632947	28633166	220	*
chr17	28633277	28633403	127	*
chr17	28633889	28634087	199	*
chr17	28634512	28634991	480	*
chr17	28635032	28635201	170	*
chr17	28637038	28637176	139	*
chr17	28638253	28638418	166	*
chr17	28639893	28640028	136	*
chr17	28681879	28681984	106	*
chr17	28682725	28682858	134	*
chr17	28683619	28683818	200	*
chr17	28695350	28695552	203	*
chr17	28696842	28697087	246	*
chr17	28697618	28697738	121	*
chr17	28697904	28698032	129	*
chr17	28766579	28766713	135	*
chr17	28881187	28881383	197	*
chr17	28881809	28882031	223	*
chr17	28882113	28882239	127	*
chr17	28882571	28882695	125	*
chr17	28884208	28884349	142	*
chr17	28885805	28886040	236	*
chr17	28901163	28901269	107	*
chr17	28901489	28901619	131	*
chr17	28910224	28910400	177	*
chr17	28911106	28911260	155	*
chr17	28913875	28914040	166	*
chr17	28919138	28919283	146	*
chr17	28923904	28924307	404	*
chr17	28957961	28958144	184	*
chr17	28981859	28981969	111	*
chr17	29092341	29092460	120	*
chr17	29092853	29093005	153	*
chr17	29093978	29094092	115	*
chr17	29094934	29095061	128	*
chr17	29114904	29115101	198	*
chr17	29115660	29115842	183	*
chr17	29120611	29120761	151	*
chr17	29121035	29121213	179	*
chr17	29253638	29253791	154	*
chr17	29254200	29254346	147	*
chr17	29286828	29287092	265	*
chr17	29287113	29287719	607	*
chr17	29451455	29451685	231	*
chr17	29480356	29480488	133	*
chr17	29498316	29498527	212	*
chr17	29502587	29502729	143	*
chr17	29507892	29508135	244	*
chr17	29522278	29522521	244	*
chr17	29530405	29530630	226	*
chr17	29534116	29534303	188	*
chr17	29542559	29543049	491	*
chr17	29581923	29582146	224	*
chr17	29582697	29582806	110	*
chr17	29609083	29609280	198	*
chr17	29612113	29612277	165	*
chr17	29617497	29617635	139	*
chr17	29619058	29619194	137	*
chr17	29621222	29621426	205	*
chr17	29632408	29632535	128	*
chr17	30179088	30179301	214	*
chr17	30180889	30181018	130	*
chr17	30203169	30203349	181	*
chr17	30207726	30207834	109	*
chr17	30212738	30212873	136	*
chr17	30215605	30215722	118	*
chr17	30216077	30216218	142	*
chr17	30218110	30218339	230	*
chr17	30218794	30218934	141	*
chr17	30221607	30221751	145	*
chr17	30249017	30249174	158	*
chr17	30271268	30271391	124	*
chr17	30274037	30274200	164	*
chr17	30384987	30385239	253	*
chr17	30422844	30423027	184	*
chr17	30423497	30423700	204	*
chr17	30442310	30442450	141	*
chr17	30492662	30492761	100	*
chr17	30784188	30784455	268	*
chr17	30793447	30793679	233	*
chr17	30796158	30796349	192	*
chr17	30865701	30865805	105	*
chr17	30869493	30869652	160	*
chr17	30876364	30876523	160	*
chr17	30887190	30887381	192	*
chr17	30893286	30893409	124	*
chr17	30922938	30923072	135	*
chr17	31155981	31156136	156	*
chr17	31223426	31223572	147	*
chr17	31226433	31226690	258	*
chr17	31229023	31229469	447	*
chr17	31229832	31229979	148	*
chr17	31230257	31230387	131	*
chr17	31232071	31232193	123	*
chr17	31233000	31233218	219	*
chr17	31258319	31258507	189	*
chr17	31295568	31296397	830	*
chr17	31325815	31326043	229	*
chr17	31330278	31330503	226	*
chr17	31336625	31336922	298	*
chr17	31337364	31337585	222	*
chr17	31360469	31360709	241	*
chr17	31521912	31522053	142	*
chr17	31523509	31523616	108	*
chr17	31525088	31525233	146	*
chr17	31528404	31528540	137	*
chr17	31531613	31531732	120	*
chr17	31975477	31975716	240	*
chr17	31993235	31993336	102	*
chr17	31995555	31995767	213	*
chr17	31998654	31999156	503	*
chr17	32182751	32182868	118	*
chr17	32192199	32192302	104	*
chr17	32193981	32194113	133	*
chr17	32199396	32199560	165	*
chr17	32208093	32208421	329	*
chr17	32288789	32289019	231	*
chr17	32294289	32294448	160	*
chr17	32298085	32298209	125	*
chr17	32305329	32305447	119	*
chr17	32320938	32321216	279	*
chr17	32331782	32331984	203	*
chr17	32358501	32358645	145	*
chr17	32365325	32365492	168	*
chr17	32366568	32366820	253	*
chr17	32446927	32447051	125	*
chr17	32638716	32638844	129	*
chr17	32653839	32653964	126	*
chr17	32654470	32654602	133	*
chr17	32659113	32659339	227	*
chr17	32711986	32712198	213	*
chr17	32738249	32738403	155	*
chr17	32755489	32755665	177	*
chr17	32933172	32933310	139	*
chr17	32936330	32936450	121	*
chr17	32940784	32940991	208	*
chr17	33111913	33112069	157	*
chr17	33291394	33291613	220	*
chr17	34155972	34156492	521	*
chr17	34634796	34635092	297	*
chr17	34637625	34637843	219	*
chr17	34962225	34962685	461	*
chr17	35150046	35150187	142	*
chr17	35154572	35154746	175	*
chr17	35168055	35168366	312	*
chr17	35605703	35605844	142	*
chr17	35717188	35717354	167	*
chr17	35838422	35838556	135	*
chr17	36505293	36505406	114	*
chr17	36506962	36507067	106	*
chr17	36507801	36507927	127	*
chr17	36514444	36514550	107	*
chr17	36577979	36578240	262	*
chr17	36579243	36579422	180	*
chr17	36581342	36581540	199	*
chr17	36585280	36585453	174	*
chr17	36585837	36585972	136	*
chr17	36586993	36587251	259	*
chr17	36589183	36589869	687	*
chr17	36602240	36602353	114	*
chr17	36938187	36938373	187	*
chr17	36940287	36940517	231	*
chr17	36953763	36953912	150	*
chr17	37113085	37113267	183	*
chr17	37149858	37149976	119	*
chr17	37151297	37151423	127	*
chr17	37161778	37162062	285	*
chr17	37191117	37191276	160	*
chr17	37192084	37192308	225	*
chr17	37206780	37206885	106	*
chr17	37241951	37242074	124	*
chr17	37244585	37244737	153	*
chr17	37257696	37257880	185	*
chr17	37258208	37258376	169	*
chr17	37270749	37270863	115	*
chr17	37283261	37283409	149	*
chr17	37440502	37440668	167	*
chr17	37465415	37465546	132	*
chr17	37512255	37512867	613	*
chr17	37535974	37536130	157	*
chr17	37538314	37538426	113	*
chr17	37541967	37542110	144	*
chr17	37553069	37553496	428	*
chr17	37571789	37571994	206	*
chr17	37577367	37577637	271	*
chr17	37585322	37585438	117	*
chr17	37621122	37621280	159	*
chr17	37625893	37626112	220	*
chr17	37628558	37628678	121	*
chr17	37630027	37630178	152	*
chr17	37699072	37699196	125	*
chr17	37733553	37733776	224	*
chr17	37739433	37739643	211	*
chr17	38377708	38377847	140	*
chr17	38395338	38395447	110	*
chr17	38551152	38551390	239	*
chr17	38753148	38753340	193	*
chr17	38762408	38762511	104	*
chr17	38770431	38770541	111	*
chr17	38771009	38771274	266	*
chr17	38777684	38777802	119	*
chr17	38820899	38821075	177	*
chr17	38852599	38852734	136	*
chr17	38898410	38898524	115	*
chr17	39184026	39184147	122	*
chr17	39191472	39191596	125	*
chr17	39202315	39202444	130	*
chr17	39204536	39204679	144	*
chr17	39215115	39215219	105	*
chr17	39217073	39217175	103	*
chr17	39264170	39264398	229	*
chr17	39282726	39282862	137	*
chr17	39285475	39285587	113	*
chr17	39298987	39299086	100	*
chr17	39408888	39409199	312	*
chr17	39409540	39410725	1186	*
chr17	39419715	39419919	205	*
chr17	39423328	39423447	120	*
chr17	39423695	39423823	129	*
chr17	39447789	39447923	135	*
chr1	218304969	218305132	164	*
chr17	39490551	39490741	191	*
chr17	39492739	39492892	154	*
chr17	39494521	39494697	177	*
chr17	39511523	39511635	113	*
chr17	39658402	39658528	127	*
chr17	39669640	39669839	200	*
chr17	39685918	39686029	112	*
chr17	39724723	39724914	192	*
chr17	39744551	39744666	116	*
chr17	39765790	39766503	714	*
chr17	39791408	39791610	203	*
chr17	39922550	39922687	138	*
chr17	39923106	39923266	161	*
chr17	39924028	39924203	176	*
chr17	39944051	39944661	611	*
chr17	39986573	39986715	143	*
chr17	40033054	40033208	155	*
chr17	40035236	40035352	117	*
chr17	40077505	40077613	109	*
chr17	40162000	40162155	156	*
chr17	40190431	40190533	103	*
chr17	40193662	40193785	124	*
chr17	40260533	40260673	141	*
chr17	40273784	40274006	223	*
chr17	40277081	40277189	109	*
chr17	40291461	40291670	210	*
chr17	40293444	40293637	194	*
chr17	40352329	40352512	184	*
chr17	40400846	40401089	244	*
chr17	40406381	40406496	116	*
chr17	40407965	40408130	166	*
chr17	40408489	40408635	147	*
chr17	40412753	40412979	227	*
chr17	40413477	40413636	160	*
chr17	40452989	40453149	161	*
chr17	40456446	40456583	138	*
chr17	40554742	40555216	475	*
chr17	40661911	40662046	136	*
chr17	40664998	40665175	178	*
chr17	40864804	40864964	161	*
chr17	41758397	41758519	123	*
chr17	41764709	41764818	110	*
chr17	41764918	41765069	152	*
chr17	41818086	41818280	195	*
chr17	41819207	41819346	140	*
chr17	41845406	41845723	318	*
chr17	41893028	41893173	146	*
chr17	41898625	41898788	164	*
chr17	41901691	41901818	128	*
chr17	41905520	41905661	142	*
chr17	41906526	41906648	123	*
chr17	41912415	41912544	130	*
chr17	41913711	41913879	169	*
chr17	41938555	41938723	169	*
chr17	41938963	41939177	215	*
chr17	41955214	41955322	109	*
chr17	41973706	41973924	219	*
chr17	41981853	41982009	157	*
chr17	41982252	41982404	153	*
chr17	41988727	41988898	172	*
chr17	41997109	41997241	133	*
chr17	42023652	42023894	243	*
chr17	42034220	42034345	126	*
chr17	42037735	42037863	129	*
chr17	42042859	42043018	160	*
chr17	42113650	42113848	199	*
chr17	42114485	42114607	123	*
chr17	42114890	42115037	148	*
chr17	42117033	42117163	131	*
chr17	42117382	42117599	218	*
chr17	42119535	42119720	186	*
chr17	42120220	42120372	153	*
chr17	42128645	42128803	159	*
chr17	42175573	42175739	167	*
chr17	42218148	42218337	190	*
chr17	42224773	42224877	105	*
chr17	42227584	42227699	116	*
chr17	42348382	42348516	135	*
chr17	42460891	42461017	127	*
chr17	42466413	42466513	101	*
chr17	42468001	42468111	111	*
chr17	42477566	42477745	180	*
chr17	42480650	42480755	106	*
chr17	42487152	42487373	222	*
chr17	42495031	42495194	164	*
chr17	42507519	42507632	114	*
chr17	42538334	42538487	154	*
chr17	42543058	42543397	340	*
chr17	42569505	42569611	107	*
chr17	42569976	42570185	210	*
chr17	42573475	42573629	155	*
chr17	42585116	42585264	149	*
chr17	42586759	42586906	148	*
chr17	42592052	42592164	113	*
chr17	42610420	42610592	173	*
chr17	42612944	42613078	135	*
chr17	42613891	42614003	113	*
chr17	42614257	42614414	158	*
chr17	42614842	42615042	201	*
chr17	42660146	42660318	173	*
chr17	42663375	42663508	134	*
chr17	42665720	42665832	113	*
chr17	42666321	42666489	169	*
chr17	42666601	42666800	200	*
chr17	42684034	42684231	198	*
chr17	42686007	42686145	139	*
chr17	42690737	42690944	208	*
chr17	42698615	42698732	118	*
chr17	42706005	42706187	183	*
chr17	42707953	42708085	133	*
chr17	42720271	42720455	185	*
chr17	42722792	42722921	130	*
chr17	42727657	42727765	109	*
chr17	42782756	42782935	180	*
chr17	42805719	42805887	169	*
chr17	42806671	42806821	151	*
chr17	42807754	42807866	113	*
chr17	42810759	42810933	175	*
chr17	42811674	42811799	126	*
chr17	42815904	42816061	158	*
chr17	42818215	42818423	209	*
chr17	42850079	42850209	131	*
chr17	42956203	42956305	103	*
chr17	42999931	43000104	174	*
chr17	43016302	43016555	254	*
chr17	43018034	43018211	178	*
chr17	43018589	43018801	213	*
chr17	43191365	43191525	161	*
chr17	43193343	43193553	211	*
chr17	43196475	43196595	121	*
chr17	43196988	43197112	125	*
chr17	43209910	43210069	160	*
chr17	43492772	43493043	272	*
chr17	43493472	43493594	123	*
chr17	43493681	43493888	208	*
chr17	43507000	43507203	204	*
chr17	43507801	43508021	221	*
chr17	43508397	43508522	126	*
chr17	43523626	43523847	222	*
chr17	43528571	43528745	175	*
chr17	43529133	43529239	107	*
chr17	43529502	43529683	182	*
chr17	43533855	43533988	134	*
chr17	43643486	43643627	142	*
chr17	43877809	43877986	178	*
chr1	219210519	219210653	135	*
chr17	44011928	44012239	312	*
chr17	44040141	44040275	135	*
chr17	44079142	44079279	138	*
chr17	44080761	44080884	124	*
chr17	44084563	44084677	115	*
chr17	44085017	44085157	141	*
chr17	44189047	44189198	152	*
chr17	44197217	44197402	186	*
chr17	44253228	44253373	146	*
chr17	44254494	44254665	172	*
chr17	44255671	44255771	101	*
chr17	44312577	44312697	121	*
chr17	44356439	44356576	138	*
chr17	44397568	44398012	445	*
chr17	44405916	44406062	147	*
chr17	44424345	44424498	154	*
chr17	44665373	44665498	126	*
chr17	44666351	44667231	881	*
chr17	44667262	44668235	974	*
chr17	44669373	44669526	154	*
chr17	44673362	44673551	190	*
chr17	44678866	44679060	195	*
chr17	44777164	44777271	108	*
chr17	44804627	44805346	720	*
chr17	44805507	44805821	315	*
chr17	44849252	44849392	141	*
chr17	44852407	44852580	174	*
chr17	44859078	44859189	112	*
chr17	44859902	44860030	129	*
chr17	44864928	44865068	141	*
chr17	44872441	44872576	136	*
chr17	44886583	44886720	138	*
chr17	44894415	44894526	112	*
chr17	44901021	44901143	123	*
chr17	44904334	44904476	143	*
chr17	44904628	44904867	240	*
chr17	44911231	44911458	228	*
chr17	44934231	44934433	203	*
chr17	44935257	44935418	162	*
chr17	44936030	44936173	144	*
chr17	45093683	45093809	127	*
chr17	45096191	45096290	100	*
chr17	45097116	45097249	134	*
chr17	45099402	45099514	113	*
chr17	45103725	45103881	157	*
chr17	45104856	45104999	144	*
chr17	45149627	45150240	614	*
chr17	45242343	45242467	125	*
chr17	45243790	45243943	154	*
chr17	45245251	45245419	169	*
chr17	45245629	45245735	107	*
chr17	45264640	45264792	153	*
chr17	45265158	45265268	111	*
chr17	45266585	45266687	103	*
chr17	45270410	45270565	156	*
chr17	45271056	45271223	168	*
chr17	45274118	45274262	145	*
chr17	45284809	45284954	146	*
chr17	45287245	45287367	123	*
chr17	45439472	45439636	165	*
chr17	45450612	45450765	154	*
chr17	45829213	45829326	114	*
chr17	45830414	45830575	162	*
chr17	45834621	45834751	131	*
chr17	45846387	45846489	103	*
chr17	46023953	46024171	219	*
chr17	46066531	46066751	221	*
chr17	46094556	46094716	161	*
chr17	46170848	46171320	473	*
chr17	46570756	46570871	116	*
chr17	46637374	46637543	170	*
chr17	46640052	46640164	113	*
chr17	46643102	46643265	164	*
chr17	46694471	46694667	197	*
chr17	46704757	46704860	104	*
chr17	46713851	46713989	139	*
chr17	46749771	46749910	140	*
chr17	46768386	46768800	415	*
chr17	46769777	46770051	275	*
chr17	46773665	46773911	247	*
chr17	46935024	46935171	148	*
chr17	47137147	47137362	216	*
chr17	47138736	47138899	164	*
chr17	47141848	47142047	200	*
chr17	47142224	47142444	221	*
chr17	47143879	47143984	106	*
chr17	47151802	47151934	133	*
chr17	47156908	47157130	223	*
chr17	47158200	47158324	125	*
chr17	47169912	47170044	133	*
chr17	47171912	47172067	156	*
chr17	47286273	47286427	155	*
chr17	47299306	47299534	229	*
chr17	47596351	47596466	116	*
chr17	47603906	47604054	149	*
chr17	47619007	47619169	163	*
chr17	47652691	47652882	192	*
chr17	47665055	47665162	108	*
chr17	47669672	47669877	206	*
chr17	47710495	47710629	135	*
chr17	47743069	47743194	126	*
chr17	47808859	47809001	143	*
chr17	47813264	47813394	131	*
chr17	47813624	47813756	133	*
chr1	219973236	219973419	184	*
chr17	47818984	47819106	123	*
chr17	47828541	47828673	133	*
chr17	47838267	47838452	186	*
chr17	47838579	47838698	120	*
chr17	47840189	47840374	186	*
chr17	47840710	47840821	112	*
chr17	47923121	47923279	159	*
chr17	47924969	47925089	121	*
chr17	47925350	47925543	194	*
chr17	47975512	47975656	145	*
chr17	47980588	47980803	216	*
chr17	48113299	48113407	109	*
chr1	219980082	219980242	161	*
chr17	48137236	48137343	108	*
chr1	219983186	219983400	215	*
chr1	24840770	24840937	168	*
chr1	219987138	219987405	268	*
chr17	48576789	48577035	247	*
chr1	220001134	220001284	151	*
chr17	48607906	48608090	185	*
chr17	48622899	48623155	257	*
chr17	48625724	48625878	155	*
chr17	48791375	48791536	162	*
chr17	48801249	48801391	143	*
chr17	48801522	48801645	124	*
chr1	220007192	220007353	162	*
chr17	48916073	48916191	119	*
chr17	48930475	48930615	141	*
chr17	49038165	49038454	290	*
chr17	49042239	49042382	144	*
chr17	49043976	49044088	113	*
chr17	49166113	49166259	147	*
chr17	49224658	49224969	312	*
chr17	49298690	49298927	238	*
chr17	49311922	49312050	129	*
chr17	49316819	49316991	173	*
chr17	49404992	49405125	134	*
chr17	49409326	49409475	150	*
chr17	49411674	49411849	176	*
chr1	24919234	24919346	113	*
chr17	49611278	49611466	189	*
chr17	49618975	49619111	137	*
chr17	49619267	49619397	131	*
chr17	49621940	49622070	131	*
chr17	49704093	49704236	144	*
chr17	49705122	49705288	167	*
chr17	49716159	49716289	131	*
chr17	49791854	49792035	182	*
chr1	220019981	220020228	248	*
chr17	49817835	49817973	139	*
chr17	49821329	49821430	102	*
chr17	49973132	49973274	143	*
chr1	220022342	220022525	184	*
chr17	50081307	50081414	108	*
chr17	50097421	50097569	149	*
chr17	50117405	50117545	141	*
chr17	50118177	50118330	154	*
chr1	220032382	220032537	156	*
chr17	50194344	50194449	106	*
chr1	220033499	220033682	184	*
chr17	50201443	50201740	298	*
chr17	50354852	50355058	207	*
chr17	50358205	50358544	340	*
chr17	50380811	50380928	118	*
chr17	50385113	50385293	181	*
chr17	50392395	50392509	115	*
chr17	50392736	50392913	178	*
chr17	50461240	50461375	136	*
chr17	50462182	50462307	126	*
chr17	50483338	50483492	155	*
chr17	50536554	50537059	506	*
chr17	50548808	50548969	162	*
chr17	50549040	50549191	152	*
chr17	50549982	50550119	138	*
chr17	50551985	50552185	201	*
chr17	50554249	50554452	204	*
chr17	50568854	50568983	130	*
chr17	50569163	50569301	139	*
chr17	50569683	50569808	126	*
chr17	50571875	50572043	169	*
chr1	220067297	220067407	111	*
chr17	50572705	50572857	153	*
chr17	50573019	50573126	108	*
chr17	50575540	50575745	206	*
chr17	50576044	50576228	185	*
chr17	50590469	50590624	156	*
chr17	50591433	50591624	192	*
chr17	50594966	50595086	121	*
chr17	50600723	50600828	106	*
chr17	50605894	50606025	132	*
chr17	50607824	50608078	255	*
chr1	220073963	220074076	114	*
chr17	50615359	50615515	157	*
chr17	50616273	50616388	116	*
chr17	50617423	50617573	151	*
chr17	50618028	50618132	105	*
chr17	50657059	50657185	127	*
chr17	50669350	50669531	182	*
chr17	50696935	50697124	190	*
chr1	220096112	220096230	119	*
chr17	50741099	50741251	153	*
chr17	50746538	50746709	172	*
chr17	50839497	50839878	382	*
chr17	50839913	50840202	290	*
chr17	50840243	50841003	761	*
chr17	50862208	50863243	1036	*
chr17	50863305	50864046	742	*
chr17	51161158	51161274	117	*
chr17	51166843	51166958	116	*
chr17	51169935	51170051	117	*
chr17	51192776	51193018	243	*
chr17	51201588	51201701	114	*
chr17	51218925	51219070	146	*
chr17	51277128	51277309	182	*
chr1	220139006	220139144	139	*
chr17	51633470	51633652	183	*
chr17	51635851	51636011	161	*
chr1	220141800	220141954	155	*
chr17	54912664	54912819	156	*
chr1	24927569	24927732	164	*
chr17	54999342	54999454	113	*
chr17	55031162	55031268	107	*
chr17	55315224	55315468	245	*
chr17	55320660	55320993	334	*
chr17	55394299	55394538	240	*
chr17	55403761	55403886	126	*
chr17	55411254	55411420	167	*
chr17	55720667	55721073	407	*
chr1	220147487	220147631	145	*
chr17	56372644	56372850	207	*
chr17	56442840	56442939	100	*
chr17	56456855	56456966	112	*
chr17	56457253	56457392	140	*
chr17	56466354	56466575	222	*
chr17	56477485	56477653	169	*
chr17	56482004	56482740	737	*
chr17	56498880	56499102	223	*
chr17	56510469	56510666	198	*
chr17	56862137	56862257	121	*
chr17	56981114	56981233	120	*
chr17	56987693	56987854	162	*
chr17	57615852	57616090	239	*
chr17	57674435	57675133	699	*
chr17	57679546	57679793	248	*
chr17	57840934	57841063	130	*
chr17	57868143	57868253	111	*
chr17	57879609	57879743	135	*
chr17	57974411	57974919	509	*
chr17	57982695	57983420	726	*
chr17	58006338	58006533	196	*
chr17	58089134	58089278	145	*
chr17	58200222	58200399	178	*
chr17	58266149	58266254	106	*
chr17	58271651	58271827	177	*
chr17	58272746	58272920	175	*
chr17	58307609	58307709	101	*
chr17	58316021	58316135	115	*
chr17	58325550	58325677	128	*
chr17	58326288	58326420	133	*
chr17	58370909	58371039	131	*
chr17	58415321	58415616	296	*
chr17	58422316	58422441	126	*
chr17	58458761	58458950	190	*
chr1	220193237	220193397	161	*
chr17	58462777	58463062	286	*
chr17	58463109	58463306	198	*
chr17	58466883	58466985	103	*
chr17	58479891	58480285	395	*
chr17	58492839	58492954	116	*
chr17	58504048	58504222	175	*
chr17	58504364	58504491	128	*
chr17	58506740	58506873	134	*
chr17	58508159	58508283	125	*
chr17	58508463	58508573	111	*
chr17	58508676	58508844	169	*
chr17	58512384	58512509	126	*
chr17	58521961	58522106	146	*
chr17	58525070	58525206	137	*
chr17	58602473	58602593	121	*
chr17	58622908	58623015	108	*
chr17	58695034	58695192	159	*
chr17	58965692	58965901	210	*
chr17	58972810	58972931	122	*
chr17	58979972	58980561	590	*
chr17	59047677	59047821	145	*
chr17	59056871	59057060	190	*
chr17	59070821	59070950	130	*
chr17	59079750	59079889	140	*
chr1	220210385	220210491	107	*
chr17	59081091	59081228	138	*
chr17	59088285	59088409	125	*
chr17	59104286	59104401	116	*
chr17	59210596	59211811	1216	*
chr17	59212835	59213411	577	*
chr17	59245401	59245559	159	*
chr1	220579345	220579565	221	*
chr17	59273650	59273754	105	*
chr17	59389358	59389474	117	*
chr17	59573114	59573244	131	*
chr17	59573730	59573969	240	*
chr17	59577261	59577367	107	*
chr17	59644274	59644434	161	*
chr17	59648237	59648406	170	*
chr17	59661441	59661646	206	*
chr1	220618634	220618761	128	*
chr17	59663840	59663998	159	*
chr17	59664785	59664911	127	*
chr17	59666472	59666647	176	*
chr17	59666795	59666979	185	*
chr17	59674699	59674846	148	*
chr17	59676951	59677195	245	*
chr17	59680910	59681063	154	*
chr1	220631023	220631138	116	*
chr17	59681290	59681481	192	*
chr17	59681645	59681841	197	*
chr17	59682269	59682434	166	*
chr17	59683093	59683266	174	*
chr17	59683623	59683756	134	*
chr17	59685585	59685812	228	*
chr17	59697439	59697816	378	*
chr17	59735311	59735480	170	*
chr17	59764970	59765144	175	*
chr17	59860320	59860426	107	*
chr17	59863658	59863785	128	*
chr17	59874533	59874706	174	*
chr17	59886076	59886235	160	*
chr17	59890828	59891005	178	*
chr17	59912652	59912817	166	*
chr17	59926425	59926589	165	*
chr17	59931589	59931746	158	*
chr17	59935192	59935302	111	*
chr17	59946536	59946792	257	*
chr17	60179255	60179431	177	*
chr1	9553621	9553811	191	*
chr17	60185457	60185653	197	*
chr17	60236133	60236252	120	*
chr17	60271345	60271484	140	*
chr17	60288516	60288689	174	*
chr17	60426158	60426339	182	*
chr17	60426716	60426821	106	*
chr17	60447462	60447836	375	*
chr17	60454300	60454508	209	*
chr17	60460654	60460793	140	*
chr17	60461805	60461926	122	*
chr17	60479142	60479273	132	*
chr17	60494463	60494586	124	*
chr17	60623516	60623751	236	*
chr17	60633851	60633982	132	*
chr17	60868571	60868686	116	*
chr17	60910513	60910704	192	*
chr17	60989969	60990239	271	*
chr17	61026766	61026952	187	*
chr17	61037887	61038057	171	*
chr17	61040718	61040900	183	*
chr17	61078327	61078534	208	*
chr17	61368325	61368497	173	*
chr17	61391972	61392124	153	*
chr17	61403058	61403209	152	*
chr17	61405489	61405700	212	*
chr17	61465817	61465943	127	*
chr17	61467508	61467662	155	*
chr17	61478622	61478781	160	*
chr17	61480084	61480322	239	*
chr17	61743010	61743140	131	*
chr17	61744429	61744593	165	*
chr17	61849107	61849245	139	*
chr17	61869729	61869853	125	*
chr17	61893762	61893908	147	*
chr17	61907535	61907637	103	*
chr17	61911518	61911697	180	*
chr17	61919397	61919524	128	*
chr17	61924959	61925101	143	*
chr17	61926349	61926644	296	*
chr17	61955379	61955569	191	*
chr17	61955678	61955843	166	*
chr17	61960864	61961104	241	*
chr17	61962749	61962978	230	*
chr17	61966459	61966654	196	*
chr17	61968032	61968266	235	*
chr17	61982195	61983116	922	*
chr17	61984166	61984369	204	*
chr17	61984645	61984870	226	*
chr17	61986999	61987131	133	*
chr17	61995147	61995376	230	*
chr17	62010592	62011238	647	*
chr17	62031440	62031644	205	*
chr17	62033784	62033995	212	*
chr17	62035453	62035625	173	*
chr17	62052532	62052708	177	*
chr17	62063063	62063304	242	*
chr17	62407045	62407217	173	*
chr17	62426295	62426410	116	*
chr17	62440629	62440760	132	*
chr17	62444834	62444945	112	*
chr17	62448571	62448707	137	*
chr17	62524227	62524346	120	*
chr17	62536145	62536344	200	*
chr17	62578475	62578579	105	*
chr17	62586127	62586232	106	*
chr17	62596582	62596683	102	*
chr17	62602040	62602187	148	*
chr17	62608039	62608153	115	*
chr17	62612385	62612589	205	*
chr17	62671665	62671842	178	*
chr17	62671995	62672154	160	*
chr17	62674061	62674174	114	*
chr17	62680797	62680964	168	*
chr17	62724935	62725116	182	*
chr17	63267745	63267875	131	*
chr17	63318943	63319093	151	*
chr17	63354781	63355395	615	*
chr17	63406151	63406283	133	*
chr17	63415524	63415680	157	*
chr17	63418272	63418439	168	*
chr17	63482464	63482636	173	*
chr17	63491206	63491383	178	*
chr17	63493919	63494068	150	*
chr17	63533884	63534315	432	*
chr17	63542239	63542440	202	*
chr17	63652555	63652658	104	*
chr17	63657792	63657914	123	*
chr17	63681761	63681905	145	*
chr17	63690262	63690414	153	*
chr17	63698796	63698941	146	*
chr17	63707245	63707420	176	*
chr17	63710489	63710616	128	*
chr17	63713403	63713529	127	*
chr17	63751938	63752110	173	*
chr17	63756236	63756352	117	*
chr17	63761223	63761353	131	*
chr17	63800435	63800625	191	*
chr17	63808818	63808955	138	*
chr17	63833067	63833172	106	*
chr1	25223266	25223433	168	*
chr17	63833296	63833422	127	*
chr17	63833907	63834008	102	*
chr17	63836924	63837046	123	*
chr17	63941015	63941985	971	*
chr17	63945453	63945641	189	*
chr17	63947885	63948067	183	*
chr17	63957156	63957520	365	*
chr17	63964478	63964680	203	*
chr17	63968205	63968357	153	*
chr17	64044031	64044203	173	*
chr17	64047856	64047987	132	*
chr17	64057798	64057914	117	*
chr17	64063983	64064160	178	*
chr17	64066665	64066933	269	*
chr17	64071976	64072106	131	*
chr17	64152943	64153157	215	*
chr17	64160796	64160940	145	*
chr17	64177322	64177485	164	*
chr17	64194891	64195116	226	*
chr17	64212934	64213052	119	*
chr17	64213151	64213784	634	*
chr17	64480284	64480386	103	*
chr17	64500086	64500238	153	*
chr17	64555806	64556004	199	*
chr17	64562767	64562972	206	*
chr17	64571790	64572117	328	*
chr17	65014247	65014838	592	*
chr17	65168188	65168287	100	*
chr17	66029866	66030049	184	*
chr17	66183190	66183295	106	*
chr17	66687097	66687273	177	*
chr17	67030461	67031004	544	*
chr17	67044660	67044839	180	*
chr17	67109392	67109694	303	*
chr17	67120397	67120622	226	*
chr1	221702412	221702696	285	*
chr17	67135967	67136201	235	*
chr17	67137929	67138123	195	*
chr17	67188303	67188632	330	*
chr17	67189584	67189699	116	*
chr17	67190152	67190374	223	*
chr1	221706089	221706470	382	*
chr17	67340763	67341064	302	*
chr17	67532792	67532955	164	*
chr17	67669506	67669667	162	*
chr17	67692569	67692889	321	*
chr17	67719673	67719792	120	*
chr17	67721376	67721532	157	*
chr17	67853929	67854768	840	*
chr17	67866460	67866691	232	*
chr1	221738931	221739801	871	*
chr17	67875507	67875750	244	*
chr17	67912814	67913212	399	*
chr17	67920011	67920148	138	*
chr17	67959734	67959881	148	*
chr17	67963318	67963641	324	*
chr17	67964184	67964406	223	*
chr17	68307578	68307715	138	*
chr17	68421747	68421853	107	*
chr17	68436376	68436483	108	*
chr17	68515406	68515580	175	*
chr17	68523722	68523821	100	*
chr17	68530274	68530449	176	*
chr17	68537586	68537752	167	*
chr17	68541979	68542167	189	*
chr1	222577439	222577646	208	*
chr17	69287608	69287744	137	*
chr17	69289174	69289308	135	*
chr17	69289859	69290049	191	*
chr17	69297184	69297365	182	*
chr17	69301134	69301293	160	*
chr17	69302712	69302920	209	*
chr17	69304659	69304816	158	*
chr17	69306713	69306967	255	*
chr17	69309259	69309431	173	*
chr17	69314311	69314422	112	*
chr17	69523508	69523645	138	*
chr17	70175339	70176330	992	*
chr1	222645511	222645691	181	*
chr1	222654641	222654798	158	*
chr17	72122717	72122973	257	*
chr17	72649165	72649276	112	*
chr17	73031550	73031716	167	*
chr17	73169430	73170161	732	*
chr17	73170184	73170429	246	*
chr17	73227161	73227269	109	*
chr1	222669890	222670006	117	*
chr17	73390285	73390487	203	*
chr17	73393555	73393695	141	*
chr17	73399165	73399292	128	*
chr17	73401652	73401754	103	*
chr17	73401944	73402143	200	*
chr1	222673307	222673447	141	*
chr17	73419164	73419308	145	*
chr1	222686925	222687038	114	*
chr17	74243371	74243476	106	*
chr17	74299715	74299859	145	*
chr17	74740770	74740888	119	*
chr1	222718903	222719032	130	*
chr17	74763364	74763525	162	*
chr17	74768529	74768656	128	*
chr17	74785476	74785608	133	*
chr17	74795003	74795117	115	*
chr1	222719254	222719362	109	*
chr17	74835925	74836687	763	*
chr17	74919492	74919605	114	*
chr17	74922904	74923075	172	*
chr17	74925554	74925697	144	*
chr17	74930332	74930432	101	*
chr17	74930608	74930813	206	*
chr1	222722414	222722520	107	*
chr17	74960021	74960250	230	*
chr17	74963734	74963913	180	*
chr17	74964481	74964635	155	*
chr17	75001339	75001493	155	*
chr17	75042523	75042650	128	*
chr17	75049217	75049333	117	*
chr1	222727155	222727260	106	*
chr17	75218176	75218311	136	*
chr17	75225340	75225465	126	*
chr17	75226044	75226160	117	*
chr17	75232849	75232970	122	*
chr17	75233051	75233163	113	*
chr17	75238911	75239086	176	*
chr17	75265700	75265923	224	*
chr17	75266742	75266925	184	*
chr17	75267532	75267633	102	*
chr17	75267741	75267904	164	*
chr17	75273494	75273648	155	*
chr17	75278196	75278305	110	*
chr17	75320380	75320558	179	*
chr17	75332694	75332802	109	*
chr17	75658295	75658461	167	*
chr17	75662477	75662999	523	*
chr17	75665047	75665179	133	*
chr17	75706338	75706521	184	*
chr17	75736045	75736159	115	*
chr17	75742339	75742494	156	*
chr1	222732614	222732714	101	*
chr17	75742579	75742763	185	*
chr17	75752172	75752362	191	*
chr17	75756449	75756621	173	*
chr17	75756701	75756861	161	*
chr17	75762699	75762886	188	*
chr17	75763012	75763153	142	*
chr17	75778813	75778966	154	*
chr17	75809757	75809975	219	*
chr17	75813073	75813215	143	*
chr17	75813758	75813880	123	*
chr17	75828876	75828986	111	*
chr17	75874659	75874776	118	*
chr17	75899153	75899296	144	*
chr17	75899512	75899676	165	*
chr17	75949748	75949899	152	*
chr17	75951413	75951578	166	*
chr17	75960209	75960417	209	*
chr17	75978531	75978695	165	*
chr17	76007161	76007738	578	*
chr17	76008742	76008938	197	*
chr17	76008964	76009498	535	*
chr17	76009900	76010030	131	*
chr17	76021865	76022031	167	*
chr17	76039699	76039939	241	*
chr17	76043824	76043960	137	*
chr17	76061108	76061222	115	*
chr17	76076634	76076802	169	*
chr17	76084004	76084141	138	*
chr17	76085312	76085411	100	*
chr17	76101268	76101379	112	*
chr17	76139895	76140320	426	*
chr17	76152326	76152494	169	*
chr17	76161838	76162005	168	*
chr17	76167004	76167128	125	*
chr17	76270191	76270506	316	*
chr17	76280286	76280453	168	*
chr1	223110497	223110961	465	*
chr17	76330546	76330679	134	*
chr17	76332258	76332441	184	*
chr17	76386828	76387069	242	*
chr17	76391906	76392115	210	*
chr17	76395719	76395863	145	*
chr17	76396123	76396237	115	*
chr17	76396262	76396539	278	*
chr17	76398833	76398994	162	*
chr17	76400144	76400299	156	*
chr17	76401009	76401157	149	*
chr1	223111344	223111620	277	*
chr17	76402599	76402702	104	*
chr17	76405201	76405318	118	*
chr17	76475025	76475143	119	*
chr17	76476828	76476984	157	*
chr17	76530971	76531156	186	*
chr17	76677587	76677717	131	*
chr17	76718727	76718865	139	*
chr17	76725465	76725858	394	*
chr1	9579952	9580113	162	*
chr1	25446747	25446909	163	*
chr17	76740954	76741070	117	*
chr17	76774995	76775132	138	*
chr17	77206227	77206403	177	*
chr17	77209340	77209478	139	*
chr17	77211948	77212204	257	*
chr17	78698815	78698970	156	*
chr17	78700329	78700446	118	*
chr17	78828892	78829009	118	*
chr17	78855668	78855866	199	*
chr17	78857517	78857649	133	*
chr1	223770418	223770528	111	*
chr18	204562	204697	136	*
chr18	216480	216639	160	*
chr18	226796	226919	124	*
chr18	259170	259279	110	*
chr18	2577954	2578146	193	*
chr1	25448785	25448941	157	*
chr18	2595414	2595623	210	*
chr18	2599016	2599177	162	*
chr18	2616434	2616546	113	*
chr18	2673970	2674150	181	*
chr18	2688388	2688515	128	*
chr18	2688623	2688750	128	*
chr18	2694524	2694699	176	*
chr18	2700729	2700931	203	*
chr18	2728455	2728601	147	*
chr18	2732263	2732498	236	*
chr18	2751256	2751399	144	*
chr1	223802726	223802900	175	*
chr19	7963389	7963824	436	*
chr1	224157336	224158463	1128	*
chr1	224189575	224190325	751	*
chr1	25456643	25456837	195	*
chr1	224296499	224296629	131	*
chr19	10680290	10680450	161	*
chr1	224371281	224371427	147	*
chr1	224418254	224418419	166	*
chr1	224424513	224424755	243	*
chr1	25484101	25484277	177	*
chr1	224730460	224730579	120	*
chr1	224734558	224734711	154	*
chr1	225514590	225514718	129	*
chr1	225853629	225853797	169	*
chr1	225860856	225861004	149	*
chr1	225921856	225922081	226	*
chr1	225985302	225985504	203	*
chr1	225992391	225992570	180	*
chr1	226152333	226152624	292	*
chr1	226164785	226164950	166	*
chr1	226165855	226166003	149	*
chr1	226266209	226266338	130	*
chr1	226287641	226287804	164	*
chr1	226363937	226364077	141	*
chr1	226367476	226367613	138	*
chr1	226390404	226390635	232	*
chr1	226883797	226883924	128	*
chr1	226894003	226894131	129	*
chr1	226895422	226895578	157	*
chr1	25557150	25557272	123	*
chr1	226961364	226961567	204	*
chr1	227016911	227017059	149	*
chr1	227031291	227031532	242	*
chr1	227072200	227072310	111	*
chr1	227073859	227074037	179	*
chr1	227080878	227081025	148	*
chr1	227100988	227101265	278	*
chr1	25686437	25686541	105	*
chr1	227112665	227112932	268	*
chr1	227147353	227147562	210	*
chr1	227193782	227193936	155	*
chr1	227199552	227199657	106	*
chr1	228097071	228097266	196	*
chr1	228097340	228097457	118	*
chr1	228097849	228098295	447	*
chr1	228157753	228158085	333	*
chr1	25780938	25781114	177	*
chr1	228275757	228275874	118	*
chr1	228279172	228279301	130	*
chr1	228315845	228316121	277	*
chr1	228341093	228341255	163	*
chr1	228341434	228341620	187	*
chr1	228342116	228342235	120	*
chr1	228349884	228350059	176	*
chr1	228351318	228351454	137	*
chr1	228377483	228377647	165	*
chr1	229297479	229297642	164	*
chr1	229298953	229299075	123	*
chr1	229432549	229432888	340	*
chr1	229452517	229452645	129	*
chr1	229458159	229458298	140	*
chr1	229460608	229460774	167	*
chr1	25813878	25813989	112	*
chr1	229463539	229463684	146	*
chr1	229465414	229465527	114	*
chr1	229477592	229477770	179	*
chr1	229495879	229496061	183	*
chr1	25826638	25826830	193	*
chr1	229498130	229498308	179	*
chr1	229525934	229526119	186	*
chr1	229539453	229539594	142	*
chr1	229540600	229540754	155	*
chr1	229594291	229595097	807	*
chr1	229602183	229602934	752	*
chr1	229627634	229627764	131	*
chr1	229632267	229632448	182	*
chr1	229634972	229635172	201	*
chr1	25829733	25829836	104	*
chr1	229659098	229659297	200	*
chr1	230203124	230203296	173	*
chr1	230250455	230250565	111	*
chr1	230255215	230255348	134	*
chr1	230265230	230265373	144	*
chr1	230279297	230279465	169	*
chr1	230323403	230323622	220	*
chr1	230350953	230351094	142	*
chr1	230356889	230357325	437	*
chr1	25862946	25863137	192	*
chr1	230688416	230688564	149	*
chr1	25863340	25863554	215	*
chr1	230908936	230909038	103	*
chr20	38521495	38521701	207	*
chr20	38524762	38524949	188	*
chr1	230916183	230916308	126	*
chr1	230921406	230921508	103	*
chr1	230925514	230925655	142	*
chr1	230928931	230929096	166	*
chr1	230931730	230931884	155	*
chr1	230939382	230939498	117	*
chr1	230940436	230940564	129	*
chr1	231200146	231200260	115	*
chr1	231201348	231201523	176	*
chr1	9595888	9596012	125	*
chr1	231206647	231206795	149	*
chr1	231208945	231209252	308	*
chr1	231213809	231213980	172	*
chr1	231265291	231265422	132	*
chr1	25901489	25901684	196	*
chr1	231335568	231336101	534	*
chr1	231336268	231336820	553	*
chr1	231336854	231337239	386	*
chr1	231347794	231347927	134	*
chr1	25903637	25903818	182	*
chr1	231537204	231537332	129	*
chr1	231542479	231542613	135	*
chr1	231561125	231561264	140	*
chr1	231564561	231564904	344	*
chr1	232399138	232399275	138	*
chr1	232415490	232415640	151	*
chr1	232425627	232425816	190	*
chr1	232441280	232441406	127	*
chr1	232445586	232445789	204	*
chr1	232460890	232461181	292	*
chr1	232464847	232465418	572	*
chr1	232483787	232483980	194	*
chr1	232513852	232514527	676	*
chr1	232514564	232515138	575	*
chr1	233000302	233000540	239	*
chr1	233090056	233090193	138	*
chr1	233179060	233179179	120	*
chr1	233208510	233208701	192	*
chr1	233218026	233218192	167	*
chr1	233258093	233258293	201	*
chr1	233354822	233355015	194	*
chr1	233362051	233362211	161	*
chr1	233666592	233666996	405	*
chr1	234420700	234420816	117	*
chr1	235175178	235175404	227	*
chr1	235196028	235196129	102	*
chr1	235213739	235214154	416	*
chr1	26043396	26043558	163	*
chr1	235246414	235246514	101	*
chr1	235260639	235260746	108	*
chr1	235342009	235342768	760	*
chr1	235480051	235480151	101	*
chr1	235484320	235484517	198	*
chr1	235494678	235494830	153	*
chr1	235583736	235583878	143	*
chr1	26044296	26044446	151	*
chr1	235662940	235663090	151	*
chr21	33576395	33576972	578	*
chr1	235709085	235709335	251	*
chr1	235715197	235715360	164	*
chr1	235720651	235720909	259	*
chr1	235724022	235724196	175	*
chr1	235746332	235746535	204	*
chr1	235751204	235751374	171	*
chr1	235753039	235753283	245	*
chr1	235757278	235757467	190	*
chr1	26114290	26114596	307	*
chr1	235788698	235788804	107	*
chr1	235793491	235793614	124	*
chr1	235800863	235801047	185	*
chr1	26121835	26122578	744	*
chr1	235806142	235806555	414	*
chr1	235808863	235810102	1240	*
chr1	235830221	235830438	218	*
chr1	236011917	236012053	137	*
chr1	236032398	236032665	268	*
chr1	236178411	236178639	229	*
chr1	236179866	236180034	169	*
chr1	236226264	236226517	254	*
chr1	236269870	236269999	130	*
chr1	236558234	236558520	287	*
chr1	236568991	236569127	137	*
chr1	236574659	236574830	172	*
chr1	236576773	236576951	179	*
chr1	9598447	9598627	181	*
chr1	236587943	236588046	104	*
chr1	236603157	236603378	222	*
chr1	236603949	236604097	149	*
chr1	236718892	236719015	124	*
chr1	236753945	236754085	141	*
chr1	236755012	236755200	189	*
chr1	236761056	236761175	120	*
chr22	36564348	36564889	542	*
chr1	236810501	236810602	102	*
chr1	236838411	236838529	119	*
chr1	236885119	236885225	107	*
chr1	236891130	236891267	138	*
chr1	236894355	236894559	205	*
chr1	236895352	236895552	201	*
chr1	236897004	236897122	119	*
chr1	237441317	237441487	171	*
chr1	237445396	237445525	130	*
chr1	26199907	26200016	110	*
chr1	237469082	237469190	109	*
chr1	237496509	237496757	249	*
chr1	237503287	237503508	222	*
chr1	26258138	26258265	128	*
chr1	237566564	237566777	214	*
chr1	237589790	237590006	217	*
chr1	237593465	237593641	177	*
chr1	237617284	237617488	205	*
chr1	237627799	237628083	285	*
chr1	237633566	237633716	151	*
chr1	237638355	237638495	141	*
chr1	237648422	237648615	194	*
chr1	237654272	237654418	147	*
chr1	237657911	237658026	116	*
chr1	237659978	237660079	102	*
chr1	237706931	237707273	343	*
chr1	26277159	26277291	133	*
chr1	237783673	237784629	957	*
chr1	26280762	26280880	119	*
chr1	237798033	237798175	143	*
chr1	237819033	237819195	163	*
chr1	239907626	239908282	657	*
chr1	239908304	239908776	473	*
chr1	239908798	239909220	423	*
chr1	240329066	240329172	107	*
chr1	240330596	240330755	160	*
chr1	240806138	240806329	192	*
chr1	26426240	26426391	152	*
chr1	241497827	241497972	146	*
chr1	241504041	241504252	212	*
chr1	241508601	241508788	188	*
chr1	241517176	241517318	143	*
chr1	241549671	241549777	107	*
chr1	241550948	241551050	103	*
chr1	26438162	26438289	128	*
chr1	241560631	241560734	104	*
chr1	241566488	241566617	130	*
chr1	241660525	241660663	139	*
chr1	241679476	241679602	127	*
chr1	26442712	26442881	170	*
chr1	241738359	241738492	134	*
chr1	241744390	241744520	131	*
chr1	241858504	241858722	219	*
chr1	241860510	241860713	204	*
chr1	241861383	241861507	125	*
chr1	26446314	26446437	124	*
chr1	242113875	242114033	159	*
chr1	242219985	242220132	148	*
chr1	242265307	242265452	146	*
chr1	242288359	242288532	174	*
chr1	26447557	26447662	106	*
chr1	243126448	243126743	296	*
chr1	243129348	243129455	108	*
chr1	243139931	243140136	206	*
chr1	243142179	243142489	311	*
chr1	243185775	243186425	651	*
chr1	243211878	243211998	121	*
chr1	243316753	243316896	144	*
chr1	9610503	9610708	206	*
chr1	26468885	26469127	243	*
chr1	243415700	243416442	743	*
chr1	243552723	243552949	227	*
chr1	243563715	243563863	149	*
chr1	243613662	243613761	100	*
chr1	243637610	243637745	136	*
chr1	243664767	243664895	129	*
chr1	26546865	26546988	124	*
chr1	243695585	243695743	159	*
chr1	244054602	244055381	780	*
chr1	26554594	26554740	147	*
chr1	244415979	244416081	103	*
chr1	26556995	26557102	108	*
chr1	244423949	244424071	123	*
chr1	244841928	244842082	155	*
chr1	26560724	26560853	130	*
chr1	244856448	244856633	186	*
chr1	26571447	26571615	169	*
chr1	244860366	244860478	113	*
chr1	245366818	245367373	556	*
chr1	26572173	26572295	123	*
chr1	245607645	245607757	113	*
chr1	245684146	245684400	255	*
chr1	245685402	245685804	403	*
chr1	245698885	245699043	159	*
chr1	245927925	245928036	112	*
chr1	246335360	246335475	116	*
chr1	246591657	246591780	124	*
chr1	246735959	246736059	101	*
chr1	246740145	246740302	158	*
chr1	246758216	246758359	144	*
chr1	246759026	246759157	132	*
chr1	246767188	246767298	111	*
chr1	246843790	246843930	141	*
chr1	26729640	26729865	226	*
chr1	246867702	246867823	122	*
chr1	246876054	246876195	142	*
chr1	246876942	246877096	155	*
chr1	246887218	246887358	141	*
chr1	26732674	26732798	125	*
chr1	246900040	246900248	209	*
chr1	246902517	246902678	162	*
chr1	246913228	246913423	196	*
chr1	246916133	246916410	278	*
chr2	252996	253121	126	*
chr1	26760854	26761099	246	*
chr1	9710452	9710599	148	*
chr1	26771113	26771331	219	*
chr2	8958491	8958654	164	*
chr2	9388393	9388549	157	*
chr2	9412267	9412407	141	*
chr2	9433865	9433966	102	*
chr2	9436208	9436364	157	*
chr2	9502171	9502279	109	*
chr2	9505202	9505367	166	*
chr2	9527842	9527965	124	*
chr1	26774644	26775223	580	*
chr2	9543149	9543293	145	*
chr2	9588160	9588332	173	*
chr2	9630154	9630452	299	*
chr2	9845218	9845322	105	*
chr2	9910731	9910917	187	*
chr2	9913151	9913255	105	*
chr2	9961068	9961439	372	*
chr1	26779021	26779154	134	*
chr2	10052225	10052449	225	*
chr2	10124710	10124855	146	*
chr2	10126873	10126974	102	*
chr1	26779302	26779492	191	*
chr2	10443697	10443807	111	*
chr2	10589038	10589308	271	*
chr1	26779553	26780297	745	*
chr2	10589575	10589753	179	*
chr2	10681964	10682071	108	*
chr2	10774976	10775078	103	*
chr2	10782247	10782382	136	*
chr1	26794443	26794594	152	*
chr2	10802493	10802643	151	*
chr2	10912496	10913603	1108	*
chr2	11192153	11192364	212	*
chr2	11198675	11198780	106	*
chr1	26832445	26832612	168	*
chr2	11214837	11215110	274	*
chr2	11221191	11221359	169	*
chr2	11235693	11235964	272	*
chr2	11249656	11249805	150	*
chr1	26848605	26848762	158	*
chr2	11566478	11566662	185	*
chr2	11600840	11601000	161	*
chr2	11629945	11630112	168	*
chr2	11640289	11640450	162	*
chr2	11767761	11767860	100	*
chr2	11784920	11785078	159	*
chr2	11791841	11792011	171	*
chr1	26852747	26852869	123	*
chr2	12718305	12718581	277	*
chr2	12723257	12723557	301	*
