seqnames	start	end	element_accelerated_ranking_name	cluster
chr8	23088132	23088243	ncAvAR-1	1238
chr2	17791100	17791319	ncAvAR-2	379
chr7	15227998	15228097	ncAvAR-3	1135
chr1	82959579	82959712	ncAvAR-4	137
chr2	69270073	69270178	ncAvAR-5	496
chr1	131089913	131090137	ncAvAR-6	217
chr1	166901384	166901538	ncAvAR-7	296
chr2	145144828	145144935	ncAvAR-8	613
chr3	100194958	100195111	ncAvAR-9	792
chr18	7505309	7505445	ncAvAR-10	1478
chr5	8246789	8246926	ncAvAR-11	945
chr6	23347348	23347491	ncAvAR-12	1084
chr2	43317908	43318053	ncAvAR-13	436
chr9	19154701	19154849	ncAvAR-14	1291
chr20	9153379	9153528	ncAvAR-15	1508
chr2	50663995	50664145	ncAvAR-16	450
chr1	137391043	137391219	ncAvAR-17	233
chr4	89450465	89450592	ncAvAR-18	932
chr3	95767732	95767936	ncAvAR-19	786
chr7	33569675	33569957	ncAvAR-20	1185
chr1	81867127	81867307	ncAvAR-21	127
chr1	136698507	136698637	ncAvAR-22	232
chr8	20817551	20817657	ncAvAR-23	1228
chr8	20255379	20255539	ncAvAR-24	1226
chr1	82268423	82268587	ncAvAR-25	131
chr5	37119249	37119389	ncAvAR-26	1012
chr2	33311527	33311754	ncAvAR-27	417
chr1	51059417	51059530	ncAvAR-28	85
chr11	19564926	19565155	ncAvAR-29	1381
chr2	126641788	126641902	ncAvAR-30	587
chr10	17866132	17866275	ncAvAR-31	1323
chr3	43082002	43082176	ncAvAR-32	704
chr8	21996192	21996367	ncAvAR-33	1231
chr2	5303383	5303500	ncAvAR-34	334
chr7	20758562	20758711	ncAvAR-35	1152
chr8	18887007	18887126	ncAvAR-36	1224
chr1	134357608	134357787	ncAvAR-37	224
chr3	11595832	11595983	ncAvAR-38	640
chr1	157408484	157408696	ncAvAR-39	276
chr2	104292450	104292784	ncAvAR-40	536
chr1	43745651	43745773	ncAvAR-41	72
chr4	57268312	57268435	ncAvAR-42	900
chr8	5574848	5575037	ncAvAR-43	1201
chr3	19974391	19974553	ncAvAR-44	660
chr3	23491606	23491900	ncAvAR-45	673
chr1	131707458	131707557	ncAvAR-46	219
chr1	4892725	4892824	ncAvAR-47	6
chr1	82750171	82750338	ncAvAR-48	137
chr4	870414	870514	ncAvAR-49	826
chr8	21083458	21083593	ncAvAR-50	1228
chr9	10364759	10364895	ncAvAR-51	1274
chr1	5007524	5007661	ncAvAR-52	7
chr4	9217857	9218098	ncAvAR-53	840
chr12	10351507	10351680	ncAvAR-54	1394
chr3	106073575	106073749	ncAvAR-55	809
chr23	1555133	1555237	ncAvAR-56	1527
chr11	17517729	17517940	ncAvAR-57	1374
chr3	98606468	98606647	ncAvAR-58	788
chr1	83626470	83626577	ncAvAR-59	142
chr12	10597976	10598155	ncAvAR-60	1396
chr3	72303823	72304076	ncAvAR-61	756
chr2	103912392	103912682	ncAvAR-62	535
chr10	13322818	13322927	ncAvAR-63	1305
chr6	33357714	33357860	ncAvAR-64	1105
chr5	52377372	52377556	ncAvAR-65	1050
chr2	125071802	125071914	ncAvAR-66	578
chr3	26276953	26277481	ncAvAR-67	681
chr5	33879272	33879460	ncAvAR-68	994
chr2	35450767	35451183	ncAvAR-69	423
chr7	8297031	8297182	ncAvAR-70	1124
chr7	25679755	25680021	ncAvAR-71	1164
chr13	11678799	11678952	ncAvAR-72	1436
chr1	46487776	46487929	ncAvAR-73	76
chr1	61742217	61742370	ncAvAR-74	106
chr6	28128341	28128572	ncAvAR-75	1094
chr17	3333625	3333781	ncAvAR-76	1468
chr2	91442631	91442946	ncAvAR-77	524
chr2	63732501	63732860	ncAvAR-78	479
chr2	73970454	73970614	ncAvAR-79	498
chr7	24474680	24474801	ncAvAR-80	1163
chr3	40947412	40947574	ncAvAR-81	702
chr3	34926254	34926498	ncAvAR-82	694
chr2	90934662	90934785	ncAvAR-83	521
chr1	51893929	51894095	ncAvAR-84	89
chr20	11488596	11488762	ncAvAR-85	1512
chr1	173735191	173735399	ncAvAR-86	303
chr2	67881973	67882182	ncAvAR-87	492
chr1	51317395	51317520	ncAvAR-88	86
chr1	83229478	83229815	ncAvAR-89	140
chr7	25754425	25754593	ncAvAR-90	1164
chr3	18611188	18611356	ncAvAR-91	654
chr7	33588940	33589195	ncAvAR-92	1185
chr1	134366822	134366950	ncAvAR-93	224
chr2	27322485	27322656	ncAvAR-94	393
chr1	48706060	48706188	ncAvAR-95	79
chr1	135768852	135769024	ncAvAR-96	227
chr12	3244304	3244564	ncAvAR-97	1385
chr12	10676048	10676221	ncAvAR-98	1397
chr3	72212971	72213102	ncAvAR-99	755
chr3	107981219	107981350	ncAvAR-100	816
chr1	3294777	3294953	ncAvAR-101	2
chr1	63210880	63211146	ncAvAR-102	107
chr3	100475891	100476113	ncAvAR-103	793
chr4	57926410	57926543	ncAvAR-104	903
chr5	32152089	32152356	ncAvAR-105	992
chr8	15182151	15182418	ncAvAR-106	1212
chr1	26191734	26191867	ncAvAR-107	46
chr12	10625240	10625552	ncAvAR-108	1396
chr1	102241584	102241853	ncAvAR-109	179
chr4	77568804	77568984	ncAvAR-110	919
chr1	131182352	131182668	ncAvAR-111	217
chr5	10386451	10386586	ncAvAR-112	951
chr1	111248421	111248556	ncAvAR-113	195
chr2	63774141	63774504	ncAvAR-114	479
chr3	35017362	35017634	ncAvAR-115	694
chr1	61744218	61744536	ncAvAR-116	106
chr3	1786447	1786811	ncAvAR-117	625
chr2	5898598	5898735	ncAvAR-118	336
chr21	3033403	3033540	ncAvAR-119	1521
chr3	1654493	1654676	ncAvAR-120	625
chr5	13877799	13878029	ncAvAR-121	962
chr1	119862219	119862403	ncAvAR-122	208
chr12	10705344	10705528	ncAvAR-123	1397
chr2	27543200	27543432	ncAvAR-124	395
chr7	25870109	25870249	ncAvAR-125	1165
chr1	52186554	52186742	ncAvAR-126	90
chr11	14445764	14445905	ncAvAR-127	1367
chr1	135813923	135814065	ncAvAR-128	227
chr2	2585460	2585603	ncAvAR-129	331
chr1	48703409	48703552	ncAvAR-130	79
chr23	1286985	1287272	ncAvAR-131	1525
chr3	49732825	49732968	ncAvAR-132	710
chr4	4459980	4460268	ncAvAR-133	827
chr10	17056699	17056843	ncAvAR-134	1321
chr2	5867731	5867875	ncAvAR-135	336
chr3	62665790	62666031	ncAvAR-136	735
chr1	63643843	63644037	ncAvAR-137	111
chr3	103555428	103555574	ncAvAR-138	806
chr13	11752311	11752457	ncAvAR-139	1436
chr2	103911239	103911583	ncAvAR-140	535
chr9	12143410	12143705	ncAvAR-141	1278
chr2	8249865	8250012	ncAvAR-142	346
chr1	83192047	83192245	ncAvAR-143	140
chr3	18670754	18670953	ncAvAR-144	654
chr1	13479352	13479652	ncAvAR-145	25
chr4	57601346	57601596	ncAvAR-146	902
chr3	34903279	34903479	ncAvAR-147	694
chr2	104948179	104948380	ncAvAR-148	538
chr3	21566458	21566558	ncAvAR-149	667
chr2	91176400	91176551	ncAvAR-150	523
chr12	13642306	13642508	ncAvAR-151	1407
chr2	6034689	6034891	ncAvAR-152	338
chr2	104072860	104073062	ncAvAR-153	535
chr1	145857684	145857988	ncAvAR-154	251
chr4	17902850	17902951	ncAvAR-155	850
chr1	154899917	154900018	ncAvAR-156	269
chr1	90592796	90593001	ncAvAR-157	153
chr14	3525383	3525588	ncAvAR-158	1451
chr3	79562720	79562874	ncAvAR-159	769
chr20	8043183	8043545	ncAvAR-160	1503
chr7	22115552	22115707	ncAvAR-161	1158
chr18	9600117	9600220	ncAvAR-162	1482
chr1	48715685	48715892	ncAvAR-163	79
chr1	53775767	53776131	ncAvAR-164	94
chr1	53021527	53021788	ncAvAR-165	91
chr1	145873434	145873644	ncAvAR-166	251
chr2	62014219	62014429	ncAvAR-167	473
chr3	20243349	20243559	ncAvAR-168	662
chr3	50868137	50868347	ncAvAR-169	713
chr1	46392083	46392399	ncAvAR-170	75
chr8	24319065	24319223	ncAvAR-171	1247
chr2	130136647	130136752	ncAvAR-172	595
chr2	139415484	139415589	ncAvAR-173	608
chr2	124942835	124942994	ncAvAR-174	578
chr2	13395196	13395302	ncAvAR-175	362
chr3	30763012	30763118	ncAvAR-176	688
chr4	13520576	13520790	ncAvAR-177	844
chr13	1697770	1697877	ncAvAR-178	1418
chr2	96048249	96048356	ncAvAR-179	526
chr2	126114424	126114585	ncAvAR-180	584
chr2	17767464	17767842	ncAvAR-181	379
chr6	28078250	28078412	ncAvAR-182	1094
chr11	17659670	17659832	ncAvAR-183	1375
chr3	51601082	51601353	ncAvAR-184	717
chr1	186359626	186359954	ncAvAR-185	319
chr2	42517347	42517621	ncAvAR-186	435
chr1	6402750	6402859	ncAvAR-187	15
chr3	21642109	21642219	ncAvAR-188	667
chr1	135867410	135867688	ncAvAR-189	228
chr8	20997902	20998069	ncAvAR-190	1228
chr1	34464673	34464840	ncAvAR-191	60
chr1	180077946	180078283	ncAvAR-192	314
chr3	21467976	21468144	ncAvAR-193	667
chr2	124906025	124906475	ncAvAR-194	578
chr1	5975125	5975406	ncAvAR-195	12
chr1	82681617	82681842	ncAvAR-196	136
chr1	113801968	113802193	ncAvAR-197	201
chr2	30169560	30169672	ncAvAR-198	402
chr1	136304462	136304632	ncAvAR-199	230
chr13	5987765	5987878	ncAvAR-200	1428
chr3	59690801	59690972	ncAvAR-201	730
chr1	155345298	155345412	ncAvAR-202	273
chr6	15506384	15506556	ncAvAR-203	1075
chr10	13745191	13745363	ncAvAR-204	1307
chr4	75543773	75544003	ncAvAR-205	913
chr3	75207502	75207675	ncAvAR-206	760
chr1	81438703	81438818	ncAvAR-207	125
chr5	29651102	29651391	ncAvAR-208	983
chr3	93281573	93281689	ncAvAR-209	777
chr26	3510325	3510558	ncAvAR-210	1538
chr2	103778941	103779175	ncAvAR-211	534
chr5	10253558	10253851	ncAvAR-212	950
chr1	83031530	83031706	ncAvAR-213	138
chr1	97814909	97815026	ncAvAR-214	167
chr7	3714520	3714814	ncAvAR-215	1117
chr1	157952082	157952317	ncAvAR-216	279
chr11	4464837	4465014	ncAvAR-217	1333
chr4	7091250	7091428	ncAvAR-218	834
chr2	35120809	35120987	ncAvAR-219	421
chr2	103930230	103930707	ncAvAR-220	535
chr1	86683532	86683830	ncAvAR-221	147
chr2	112597016	112597494	ncAvAR-222	554
chr3	91127836	91127955	ncAvAR-223	772
chr4	21288365	21288484	ncAvAR-224	856
chr8	28101997	28102296	ncAvAR-225	1264
chr24	2256426	2256725	ncAvAR-226	1533
chr8	18251867	18252107	ncAvAR-227	1222
chr3	35013751	35014112	ncAvAR-228	694
chr3	61271295	61271476	ncAvAR-229	734
chr8	27263094	27263275	ncAvAR-230	1256
chr13	13865808	13865929	ncAvAR-231	1440
chr2	27311175	27311480	ncAvAR-232	393
chr1	122546163	122546346	ncAvAR-233	209
chr8	21000098	21000343	ncAvAR-234	1228
chr12	8330233	8330355	ncAvAR-235	1391
chr3	1029870	1029992	ncAvAR-236	621
chr1	51909275	51909459	ncAvAR-237	89
chr2	134866062	134866309	ncAvAR-238	600
chr24	2108499	2108746	ncAvAR-239	1532
chr2	35291986	35292234	ncAvAR-240	422
chr12	12599278	12599464	ncAvAR-241	1400
chr3	76083399	76083523	ncAvAR-242	764
chr19	4132753	4132877	ncAvAR-243	1485
chr2	13378447	13378696	ncAvAR-244	362
chr2	59812304	59812491	ncAvAR-245	464
chr3	17757310	17757497	ncAvAR-246	650
chr3	95646448	95646698	ncAvAR-247	785
chr8	22521310	22521498	ncAvAR-248	1234
chr1	134362343	134362468	ncAvAR-249	224
chr1	60605562	60605687	ncAvAR-250	103
chr1	63176428	63176680	ncAvAR-251	107
chr2	48587565	48587818	ncAvAR-252	442
chr1	134195871	134196255	ncAvAR-253	223
chr3	91199793	91200049	ncAvAR-254	773
chr1	49892521	49892649	ncAvAR-255	82
chr7	28638855	28639048	ncAvAR-256	1170
chr10	18639535	18639728	ncAvAR-257	1325
chr2	114490668	114490927	ncAvAR-258	560
chr11	8576648	8576908	ncAvAR-259	1349
chr12	14954567	14954697	ncAvAR-260	1408
chr17	10158795	10158925	ncAvAR-261	1472
chr1	125006752	125006948	ncAvAR-262	210
chr2	114357815	114358077	ncAvAR-263	560
chr3	25391003	25391265	ncAvAR-264	674
chr2	8270493	8270756	ncAvAR-265	346
chr2	47098364	47098495	ncAvAR-266	440
chr1	51959307	51959571	ncAvAR-267	89
chr8	25970513	25970712	ncAvAR-268	1250
chr12	16504024	16504223	ncAvAR-269	1414
chr5	18685090	18685290	ncAvAR-270	973
chr6	21683423	21683690	ncAvAR-271	1082
chr1	77911686	77911887	ncAvAR-272	123
chr13	3958523	3958724	ncAvAR-273	1423
chr1	72731264	72731668	ncAvAR-274	121
chr2	113065492	113065626	ncAvAR-275	556
chr1	54129760	54130164	ncAvAR-276	95
chr13	18588826	18589164	ncAvAR-277	1449
chr1	63207375	63207849	ncAvAR-278	107
chr10	16588840	16588975	ncAvAR-279	1316
chr13	5397201	5397540	ncAvAR-280	1426
chr17	10172529	10172732	ncAvAR-281	1472
chr1	63519713	63519985	ncAvAR-282	110
chr1	113700069	113700205	ncAvAR-283	200
chr1	189577994	189578130	ncAvAR-284	323
chr2	64764190	64764326	ncAvAR-285	484
chr2	137459456	137459592	ncAvAR-286	607
chr1	167039844	167040049	ncAvAR-287	297
chr1	90413557	90413694	ncAvAR-288	152
chr2	145670408	145670545	ncAvAR-289	614
chr3	32417525	32417662	ncAvAR-290	691
chr10	16240887	16241371	ncAvAR-291	1314
chr1	81902038	81902453	ncAvAR-292	127
chr2	119296256	119296463	ncAvAR-293	570
chr3	101044038	101044176	ncAvAR-294	798
chr8	27577315	27577592	ncAvAR-295	1260
chr11	8845191	8845329	ncAvAR-296	1351
chr2	114447825	114447963	ncAvAR-297	560
chr1	63760756	63761033	ncAvAR-298	111
chr3	19704206	19704344	ncAvAR-299	658
chr8	22105084	22105433	ncAvAR-300	1231
chr1	20099046	20099185	ncAvAR-301	33
chr5	39764530	39764670	ncAvAR-302	1021
chr2	105784309	105784590	ncAvAR-303	540
chr2	125534064	125534345	ncAvAR-304	583
chr1	25749147	25749640	ncAvAR-305	41
chr1	191176655	191176866	ncAvAR-306	327
chr1	111055836	111055977	ncAvAR-307	194
chr2	59679765	59680050	ncAvAR-308	463
chr2	125376785	125376927	ncAvAR-309	582
chr4	27422639	27422996	ncAvAR-310	861
chr14	4225737	4225952	ncAvAR-311	1452
chr2	103883122	103883409	ncAvAR-312	535
chr5	47546641	47546929	ncAvAR-313	1036
chr18	7658703	7658919	ncAvAR-314	1479
chr2	128747871	128748087	ncAvAR-315	593
chr2	103659245	103659536	ncAvAR-316	533
chr2	134850179	134850325	ncAvAR-317	600
chr13	11759108	11759328	ncAvAR-318	1436
chr1	41805631	41805851	ncAvAR-319	69
chr1	49319965	49320259	ncAvAR-320	81
chr3	54022712	54023006	ncAvAR-321	721
chr5	11554922	11555143	ncAvAR-322	957
chr2	14781236	14781457	ncAvAR-323	370
chr1	56672624	56672845	ncAvAR-324	98
chr4	40606155	40606674	ncAvAR-325	884
chr13	3580280	3580502	ncAvAR-326	1421
chr1	142419756	142419904	ncAvAR-327	243
chr2	17758114	17758486	ncAvAR-328	379
chr1	8262818	8263117	ncAvAR-329	18
chr12	2081269	2081418	ncAvAR-330	1384
chr8	27201102	27201327	ncAvAR-331	1256
chr1	20147940	20148165	ncAvAR-332	33
chr8	27099007	27099157	ncAvAR-333	1255
chr4	42003375	42003677	ncAvAR-334	888
chr13	11043841	11043992	ncAvAR-335	1435
chr2	70163492	70163719	ncAvAR-336	497
chr1	46380530	46380910	ncAvAR-337	75
chr1	174297031	174297259	ncAvAR-338	304
chr1	41482078	41482306	ncAvAR-339	68
chr2	7922638	7922866	ncAvAR-340	343
chr1	94731667	94731819	ncAvAR-341	160
chr2	67075315	67075773	ncAvAR-342	488
chr20	13014358	13014510	ncAvAR-343	1519
chr7	33670359	33670588	ncAvAR-344	1186
chr11	18591531	18591838	ncAvAR-345	1377
chr12	16145092	16145400	ncAvAR-346	1411
chr1	147032035	147032266	ncAvAR-347	256
chr2	96855945	96856176	ncAvAR-348	528
chr12	16195428	16195892	ncAvAR-349	1411
chr7	32375285	32375674	ncAvAR-350	1179
chr2	104949875	104950186	ncAvAR-351	538
chr3	50905273	50905742	ncAvAR-352	713
chr3	51339496	51339809	ncAvAR-353	715
chr4	11130094	11130251	ncAvAR-354	842
chr1	44030030	44030266	ncAvAR-355	73
chr8	25543805	25544121	ncAvAR-356	1249
chr9	17131724	17131961	ncAvAR-357	1287
chr1	135570600	135570837	ncAvAR-358	226
chr3	70927028	70927186	ncAvAR-359	749
chr7	22114258	22114416	ncAvAR-360	1158
chr13	11648355	11648672	ncAvAR-361	1436
chr5	28694533	28695011	ncAvAR-362	982
chr1	131084806	131085045	ncAvAR-363	217
chr2	3078614	3078854	ncAvAR-364	332
chr1	157552181	157552341	ncAvAR-365	277
chr2	30808078	30808238	ncAvAR-366	407
chr22	1526864	1527024	ncAvAR-367	1523
chr6	34933731	34933972	ncAvAR-368	1110
chr8	20962081	20962322	ncAvAR-369	1228
chr3	47158101	47158342	ncAvAR-370	707
chr8	20796999	20797241	ncAvAR-371	1228
chr2	124895329	124895571	ncAvAR-372	578
chr1	164741970	164742294	ncAvAR-373	291
chr5	23958526	23958769	ncAvAR-374	977
chr7	21490030	21490192	ncAvAR-375	1155
chr1	181246928	181247090	ncAvAR-376	316
chr2	9048919	9049244	ncAvAR-377	350
chr5	50078228	50078472	ncAvAR-378	1043
chr8	22602080	22602324	ncAvAR-379	1235
chr2	91249237	91249726	ncAvAR-380	524
chr4	9079511	9079838	ncAvAR-381	839
chr1	96968741	96968986	ncAvAR-382	164
chr9	16173712	16173875	ncAvAR-383	1283
chr2	66799652	66799815	ncAvAR-384	486
chr1	147022753	147022999	ncAvAR-385	256
chr13	5984194	5984523	ncAvAR-386	1428
chr4	74218786	74218951	ncAvAR-387	911
chr5	10107247	10107580	ncAvAR-388	948
chr13	6323434	6323684	ncAvAR-389	1429
chr12	9765472	9765806	ncAvAR-390	1393
chr4	7382524	7382691	ncAvAR-391	836
chr4	32616812	32617063	ncAvAR-392	871
chr13	11592223	11592474	ncAvAR-393	1436
chr14	2852112	2852363	ncAvAR-394	1450
chr1	156388728	156388980	ncAvAR-395	275
chr1	158120423	158120760	ncAvAR-396	280
chr11	4694575	4694743	ncAvAR-397	1336
chr3	20427521	20427689	ncAvAR-398	663
chr5	58610193	58610531	ncAvAR-399	1061
chr13	11480627	11480965	ncAvAR-400	1436
chr4	33013080	33013249	ncAvAR-401	873
chr7	5125356	5125866	ncAvAR-402	1119
chr5	58811248	58811503	ncAvAR-403	1062
chr2	35030665	35030920	ncAvAR-404	421
chr3	91950114	91950284	ncAvAR-405	774
chr1	186748445	186748615	ncAvAR-406	320
chr15	12797210	12797380	ncAvAR-407	1467
chr2	130024636	130024977	ncAvAR-408	594
chr2	22764217	22764901	ncAvAR-409	384
chr8	27803158	27803500	ncAvAR-410	1262
chr7	21530509	21530938	ncAvAR-411	1155
chr1	134360598	134360769	ncAvAR-412	224
chr13	10112482	10112739	ncAvAR-413	1432
chr1	147852022	147852194	ncAvAR-414	260
chr1	48670105	48670277	ncAvAR-415	79
chr24	2058422	2058594	ncAvAR-416	1532
chr1	155149008	155149613	ncAvAR-417	272
chr3	34977660	34978092	ncAvAR-418	694
chr8	21162787	21163046	ncAvAR-419	1229
chr18	2970646	2970905	ncAvAR-420	1474
chr2	145036633	145036893	ncAvAR-421	612
chr1	61722679	61722852	ncAvAR-422	106
chr2	24356516	24356951	ncAvAR-423	387
chr15	9609483	9609831	ncAvAR-424	1464
chr1	25583856	25584118	ncAvAR-425	40
chr3	30076341	30076603	ncAvAR-426	685
chr3	71856324	71856674	ncAvAR-427	753
chr13	15074618	15074793	ncAvAR-428	1443
chr6	28097204	28097555	ncAvAR-429	1094
chr8	13628656	13628919	ncAvAR-430	1211
chr10	15136300	15136475	ncAvAR-431	1308
chr12	18059511	18059686	ncAvAR-432	1417
chr1	49296373	49296812	ncAvAR-433	81
chr2	112997206	112997381	ncAvAR-434	555
chr1	63659801	63660064	ncAvAR-435	111
chr20	4211681	4212033	ncAvAR-436	1492
chr10	16891119	16891383	ncAvAR-437	1319
chr12	12484757	12485021	ncAvAR-438	1399
chr5	56010540	56010716	ncAvAR-439	1060
chr1	147901599	147901775	ncAvAR-440	260
chr15	3685226	3685402	ncAvAR-441	1461
chr3	20625885	20626238	ncAvAR-442	664
chr9	22684909	22685086	ncAvAR-443	1298
chr1	26612543	26612809	ncAvAR-444	50
chr12	10419359	10419536	ncAvAR-445	1394
chr12	10676249	10676426	ncAvAR-446	1397
chr13	11421868	11422136	ncAvAR-447	1436
chr6	7315445	7315624	ncAvAR-448	1064
chr8	16079015	16079374	ncAvAR-449	1216
chr1	141239812	141239991	ncAvAR-450	241
chr2	8219202	8219381	ncAvAR-451	346
chr2	11809695	11809874	ncAvAR-452	360
chr4	77619811	77620261	ncAvAR-453	920
chr1	108258508	108258869	ncAvAR-454	186
chr1	145695416	145695687	ncAvAR-455	250
chr1	160706246	160706517	ncAvAR-456	286
chr2	35011129	35011400	ncAvAR-457	421
chr1	136174800	136175163	ncAvAR-458	230
chr2	6206595	6206958	ncAvAR-459	340
chr2	32552796	32553068	ncAvAR-460	412
chr2	91082342	91082523	ncAvAR-461	523
chr1	46476464	46476919	ncAvAR-462	76
chr6	18038342	18038615	ncAvAR-463	1078
chr3	94336962	94337236	ncAvAR-464	779
chr3	54744874	54745148	ncAvAR-465	723
chr2	66853643	66853826	ncAvAR-466	487
chr2	91166486	91166761	ncAvAR-467	523
chr1	81962974	81963250	ncAvAR-468	128
chr1	85003223	85003407	ncAvAR-469	144
chr5	54108134	54108411	ncAvAR-470	1054
chr7	34240942	34241219	ncAvAR-471	1190
chr9	12210015	12210292	ncAvAR-472	1278
chr2	51103694	51104064	ncAvAR-473	455
chr2	127726569	127726939	ncAvAR-474	589
chr3	19783940	19784310	ncAvAR-475	659
chr11	8585793	8586164	ncAvAR-476	1349
chr13	13252366	13252644	ncAvAR-477	1439
chr5	13700989	13701268	ncAvAR-478	961
chr1	93070912	93071191	ncAvAR-479	156
chr3	34439190	34439469	ncAvAR-480	693
chr4	33421333	33421519	ncAvAR-481	874
chr5	32142683	32143056	ncAvAR-482	992
chr5	58853145	58853331	ncAvAR-483	1062
chr10	5182241	5182427	ncAvAR-484	1300
chr2	34986757	34987130	ncAvAR-485	421
chr1	63803161	63803628	ncAvAR-486	111
chr2	11127310	11127590	ncAvAR-487	357
chr7	20723199	20723573	ncAvAR-488	1152
chr17	3870111	3870298	ncAvAR-489	1469
chr11	14900451	14900921	ncAvAR-490	1370
chr8	2119988	2120364	ncAvAR-491	1197
chr1	132252588	132252964	ncAvAR-492	220
chr1	158490009	158490386	ncAvAR-493	282
chr2	106682680	106682868	ncAvAR-494	542
chr2	29505763	29506047	ncAvAR-495	401
chr2	88254703	88254892	ncAvAR-496	514
chr2	120357919	120358108	ncAvAR-497	576
chr6	30013828	30014018	ncAvAR-498	1096
chr10	17952418	17952608	ncAvAR-499	1324
chr12	10723956	10724146	ncAvAR-500	1397
chr20	12569051	12569241	ncAvAR-501	1516
chr1	93572745	93572936	ncAvAR-502	158
chr8	17372475	17372666	ncAvAR-503	1217
chr1	113884127	113884318	ncAvAR-504	202
chr3	71398083	71398275	ncAvAR-505	751
chr6	23564866	23565058	ncAvAR-506	1085
chr2	86199330	86199522	ncAvAR-507	506
chr5	36767793	36768275	ncAvAR-508	1009
chr1	133917538	133918022	ncAvAR-509	221
chr3	11151525	11151718	ncAvAR-510	636
chr4	62553755	62554046	ncAvAR-511	904
chr5	36926220	36926511	ncAvAR-512	1010
chr9	13115754	13115948	ncAvAR-513	1280
chr2	33293495	33293689	ncAvAR-514	417
chr1	66404941	66405135	ncAvAR-515	118
chr2	119786581	119786873	ncAvAR-516	573
chr4	4559369	4559759	ncAvAR-517	828
chr9	12406757	12406952	ncAvAR-518	1279
chr1	99545654	99546046	ncAvAR-519	172
chr5	39721973	39722267	ncAvAR-520	1021
chr1	61694187	61694481	ncAvAR-521	106
chr12	8216570	8216963	ncAvAR-522	1390
chr6	28198906	28199201	ncAvAR-523	1094
chr2	60718239	60718633	ncAvAR-524	468
chr1	82874756	82874953	ncAvAR-525	137
chr3	20020576	20020972	ncAvAR-526	660
chr4	76952320	76952617	ncAvAR-527	917
chr11	14837655	14837952	ncAvAR-528	1370
chr1	93114125	93114524	ncAvAR-529	156
chr2	109842929	109843028	ncAvAR-530	551
chr2	112579650	112579949	ncAvAR-531	554
chr2	125596831	125597131	ncAvAR-532	583
chr8	22080634	22080834	ncAvAR-533	1231
chr1	113808695	113808895	ncAvAR-534	201
chr2	91439196	91439396	ncAvAR-535	524
chr3	18819393	18819593	ncAvAR-536	655
chr5	24677952	24678353	ncAvAR-537	979
chr7	31251331	31251632	ncAvAR-538	1176
chr4	76111682	76111782	ncAvAR-539	915
chr2	32813706	32813907	ncAvAR-540	414
chr1	63542826	63542926	ncAvAR-541	110
chr1	37415752	37416055	ncAvAR-542	64
chr5	10281837	10282040	ncAvAR-543	950
chr12	10599851	10600157	ncAvAR-544	1396
chr1	36066840	36067146	ncAvAR-545	61
chr3	63392069	63392273	ncAvAR-546	737
chr5	56068118	56068426	ncAvAR-547	1060
chr2	145077878	145077980	ncAvAR-548	612
chr5	54028131	54028545	ncAvAR-549	1053
chr4	15392157	15392260	ncAvAR-550	848
chr2	33421014	33421325	ncAvAR-551	417
chr1	48531104	48531207	ncAvAR-552	78
chr2	34971450	34972178	ncAvAR-553	421
chr2	104481681	104482097	ncAvAR-554	537
chr4	36996623	36996831	ncAvAR-555	877
chr1	84462769	84462977	ncAvAR-556	143
chr12	9720092	9720300	ncAvAR-557	1393
chr2	85940658	85940866	ncAvAR-558	504
chr2	103587285	103587493	ncAvAR-559	532
chr3	21450927	21451135	ncAvAR-560	667
chr5	17414842	17415155	ncAvAR-561	967
chr1	21100391	21100809	ncAvAR-562	34
chr1	83361864	83362073	ncAvAR-563	141
chr8	24244118	24244327	ncAvAR-564	1246
chr1	130145244	130145453	ncAvAR-565	212
chr1	154214741	154215055	ncAvAR-566	264
chr2	119357013	119357222	ncAvAR-567	571
chr5	33805772	33805982	ncAvAR-568	993
chr6	23942864	23943074	ncAvAR-569	1088
chr2	60990890	60991100	ncAvAR-570	470
chr4	31419778	31420095	ncAvAR-571	865
chr7	32658520	32658731	ncAvAR-572	1180
chr1	22957829	22958040	ncAvAR-573	36
chr4	53459184	53459502	ncAvAR-574	897
chr7	25718601	25718919	ncAvAR-575	1164
chr2	103916889	103917207	ncAvAR-576	535
chr1	72222079	72222398	ncAvAR-577	120
chr1	87730479	87730798	ncAvAR-578	149
chr5	47256074	47256501	ncAvAR-579	1034
chr6	23944885	23944991	ncAvAR-580	1088
chr20	13675626	13675839	ncAvAR-581	1520
chr4	81212521	81212735	ncAvAR-582	925
chr7	20650357	20650571	ncAvAR-583	1151
chr2	32776046	32776260	ncAvAR-584	414
chr5	46721115	46721330	ncAvAR-585	1031
chr7	20560171	20560494	ncAvAR-586	1151
chr9	4481992	4482315	ncAvAR-587	1270
chr9	15546807	15547022	ncAvAR-588	1282
chr11	4640966	4641289	ncAvAR-589	1335
chr3	101296187	101296511	ncAvAR-590	800
chr7	31407561	31407777	ncAvAR-591	1177
chr11	4240400	4240616	ncAvAR-592	1331
chr6	23911872	23912197	ncAvAR-593	1088
chr1	83095321	83095429	ncAvAR-594	139
chr7	13296959	13297067	ncAvAR-595	1133
chr7	33224697	33224805	ncAvAR-596	1183
chr1	180970181	180970289	ncAvAR-597	315
chr10	16093597	16093923	ncAvAR-598	1313
chr11	4381180	4381288	ncAvAR-599	1332
chr2	37704848	37705175	ncAvAR-600	428
chr2	12457528	12458074	ncAvAR-601	361
chr20	5664574	5664792	ncAvAR-602	1500
chr3	4973081	4973299	ncAvAR-603	628
chr1	111967034	111967143	ncAvAR-604	197
chr9	16841105	16841434	ncAvAR-605	1285
chr2	6050799	6051129	ncAvAR-606	338
chr8	5758602	5758822	ncAvAR-607	1203
chr6	34615508	34615839	ncAvAR-608	1108
chr1	131119424	131119755	ncAvAR-609	217
chr4	742886	742996	ncAvAR-610	825
chr6	18036703	18036813	ncAvAR-611	1078
chr1	186748203	186748424	ncAvAR-612	320
chr12	6378636	6378968	ncAvAR-613	1386
chr1	36859245	36859577	ncAvAR-614	63
chr9	5996092	5996314	ncAvAR-615	1272
chr2	91368936	91369604	ncAvAR-616	524
chr20	7500242	7500464	ncAvAR-617	1501
chr3	47615080	47615302	ncAvAR-618	708
chr10	17045869	17046203	ncAvAR-619	1321
chr7	15313095	15313541	ncAvAR-620	1136
chr3	76105251	76105362	ncAvAR-621	764
chr5	35623867	35624090	ncAvAR-622	1003
chr7	21434218	21434553	ncAvAR-623	1155
chr1	164892586	164892809	ncAvAR-624	292
chr20	8144549	8144772	ncAvAR-625	1504
chr5	24620006	24620457	ncAvAR-626	978
chr8	26023745	26023970	ncAvAR-627	1251
chr13	10428932	10429157	ncAvAR-628	1433
chr1	51324415	51324640	ncAvAR-629	86
chr1	7144210	7144548	ncAvAR-630	16
chr6	23927386	23927838	ncAvAR-631	1088
chr5	4954792	4955131	ncAvAR-632	936
chr5	55888267	55888493	ncAvAR-633	1059
chr2	28165754	28165980	ncAvAR-634	397
chr7	21427360	21427473	ncAvAR-635	1155
chr3	11244384	11244497	ncAvAR-636	637
chr1	68812612	68812954	ncAvAR-637	119
chr4	73763980	73764322	ncAvAR-638	908
chr4	40459785	40460013	ncAvAR-639	883
chr6	30484042	30484270	ncAvAR-640	1100
chr1	141141053	141141281	ncAvAR-641	241
chr2	59962920	59963148	ncAvAR-642	465
chr2	113063092	113063664	ncAvAR-643	556
chr6	33427865	33428667	ncAvAR-644	1106
chr3	65270846	65271075	ncAvAR-645	740
chr5	47431543	47431772	ncAvAR-646	1035
chr8	20868131	20868360	ncAvAR-647	1228
chr1	136034737	136035081	ncAvAR-648	229
chr13	10547135	10547249	ncAvAR-649	1434
chr2	28263033	28263492	ncAvAR-650	397
chr1	88026051	88026281	ncAvAR-651	150
chr8	25951975	25952205	ncAvAR-652	1250
chr1	61694723	61694953	ncAvAR-653	106
chr1	166747767	166747882	ncAvAR-654	295
chr10	15978679	15978910	ncAvAR-655	1312
chr2	24275643	24275990	ncAvAR-656	386
chr2	91149009	91149588	ncAvAR-657	523
chr2	106147113	106147345	ncAvAR-658	541
chr8	22006433	22006783	ncAvAR-659	1231
chr1	108215072	108215422	ncAvAR-660	186
chr2	136364716	136364832	ncAvAR-661	606
chr4	78820902	78821136	ncAvAR-662	923
chr4	85081821	85082055	ncAvAR-663	929
chr20	12392652	12392886	ncAvAR-664	1515
chr3	66231424	66231541	ncAvAR-665	742
chr3	108652021	108652374	ncAvAR-666	822
chr13	11030374	11030491	ncAvAR-667	1435
chr2	10522349	10522466	ncAvAR-668	355
chr2	28212240	28212357	ncAvAR-669	397
chr3	30609731	30609848	ncAvAR-670	687
chr2	96674145	96674499	ncAvAR-671	527
chr1	26525097	26525928	ncAvAR-672	49
chr1	86462422	86462659	ncAvAR-673	146
chr8	22319364	22319720	ncAvAR-674	1232
chr1	135525228	135525465	ncAvAR-675	226
chr13	4039528	4039884	ncAvAR-676	1424
chr1	48448546	48448664	ncAvAR-677	77
chr1	170717726	170717844	ncAvAR-678	301
chr7	5194957	5195195	ncAvAR-679	1120
chr1	145425550	145425788	ncAvAR-680	248
chr2	44442388	44442746	ncAvAR-681	438
chr1	140953569	140953928	ncAvAR-682	239
chr13	14657990	14658109	ncAvAR-683	1442
chr2	28152057	28152176	ncAvAR-684	397
chr2	31821506	31821745	ncAvAR-685	408
chr1	55022603	55022962	ncAvAR-686	97
chr3	15089330	15089569	ncAvAR-687	647
chr3	101949844	101950084	ncAvAR-688	801
chr18	6004611	6004851	ncAvAR-689	1476
chr2	49672357	49672718	ncAvAR-690	446
chr3	1592745	1593468	ncAvAR-691	625
chr12	16213861	16214102	ncAvAR-692	1411
chr2	106610922	106611042	ncAvAR-693	542
chr1	53334649	53334890	ncAvAR-694	92
chr1	83288256	83288740	ncAvAR-695	141
chr1	77536359	77536601	ncAvAR-696	122
chr4	18313038	18313280	ncAvAR-697	852
chr2	125544767	125545131	ncAvAR-698	583
chr3	48570659	48570780	ncAvAR-699	709
chr1	66171079	66171323	ncAvAR-700	117
chr5	23195475	23195597	ncAvAR-701	976
chr1	191028367	191028489	ncAvAR-702	326
chr2	28011899	28012144	ncAvAR-703	396
chr2	32315199	32315567	ncAvAR-704	411
chr2	85546317	85546439	ncAvAR-705	503
chr5	10394915	10395161	ncAvAR-706	951
chr2	34855956	34856202	ncAvAR-707	420
chr2	43379614	43379860	ncAvAR-708	436
chr11	9074705	9074952	ncAvAR-709	1353
chr2	15817383	15818003	ncAvAR-710	374
chr5	31542385	31542881	ncAvAR-711	989
chr17	10139260	10139632	ncAvAR-712	1472
chr19	8495671	8495919	ncAvAR-713	1487
chr3	11013275	11013773	ncAvAR-714	635
chr1	82537594	82537718	ncAvAR-715	134
chr5	36992339	36992463	ncAvAR-716	1011
chr1	138350158	138350407	ncAvAR-717	236
chr11	10727218	10727467	ncAvAR-718	1360
chr13	3967910	3968159	ncAvAR-719	1423
chr2	35142196	35142445	ncAvAR-720	421
chr2	38710347	38710721	ncAvAR-721	430
chr2	50950719	50950968	ncAvAR-722	454
chr7	22286609	22286734	ncAvAR-723	1159
chr13	11851439	11851816	ncAvAR-724	1437
chr2	108333099	108333350	ncAvAR-725	546
chr1	66135929	66136180	ncAvAR-726	117
chr1	158223421	158223925	ncAvAR-727	280
chr9	16183112	16183364	ncAvAR-728	1283
chr4	27223745	27223871	ncAvAR-729	859
chr2	15323496	15323622	ncAvAR-730	372
chr2	32666898	32667024	ncAvAR-731	413
chr2	89623372	89623625	ncAvAR-732	517
chr24	2169500	2169753	ncAvAR-733	1532
chr3	11477217	11477343	ncAvAR-734	639
chr3	23374759	23374885	ncAvAR-735	672
chr1	113915064	113915445	ncAvAR-736	202
chr7	34103723	34103977	ncAvAR-737	1189
chr11	14728079	14728333	ncAvAR-738	1370
chr2	114673967	114674221	ncAvAR-739	561
chr8	22691393	22691775	ncAvAR-740	1236
chr3	11424314	11424696	ncAvAR-741	639
chr3	107098409	107098536	ncAvAR-742	812
chr1	82802154	82802281	ncAvAR-743	137
chr6	34833912	34834039	ncAvAR-744	1109
chr10	16426612	16426739	ncAvAR-745	1315
chr11	4458124	4458251	ncAvAR-746	1333
chr2	6144905	6145032	ncAvAR-747	339
chr3	8939361	8939488	ncAvAR-748	633
chr4	39918658	39918914	ncAvAR-749	882
chr1	93192699	93192955	ncAvAR-750	157
chr1	5138530	5138786	ncAvAR-751	8
chr1	51916160	51916416	ncAvAR-752	89
chr1	176557003	176557388	ncAvAR-753	309
chr20	2739727	2740112	ncAvAR-754	1489
chr3	76188195	76188323	ncAvAR-755	765
chr11	6750905	6751033	ncAvAR-756	1345
chr12	9639493	9639621	ncAvAR-757	1393
chr11	8702502	8703018	ncAvAR-758	1350
chr4	57500939	57501197	ncAvAR-759	901
chr1	145843541	145843799	ncAvAR-760	251
chr4	32459996	32460255	ncAvAR-761	870
chr5	22182750	22183009	ncAvAR-762	974
chr8	27088175	27088434	ncAvAR-763	1255
chr10	16274935	16275064	ncAvAR-764	1314
chr13	17278370	17278499	ncAvAR-765	1447
chr20	9010861	9010990	ncAvAR-766	1507
chr3	20452780	20453039	ncAvAR-767	663
chr5	30666079	30666339	ncAvAR-768	984
chr2	87445049	87445309	ncAvAR-769	512
chr7	10057738	10057868	ncAvAR-770	1126
chr8	15303458	15303588	ncAvAR-771	1212
chr1	131133471	131133863	ncAvAR-772	217
chr20	7527385	7527646	ncAvAR-773	1501
chr2	112461362	112461624	ncAvAR-774	553
chr5	11665810	11666204	ncAvAR-775	958
chr2	114138707	114138970	ncAvAR-776	558
chr20	8502488	8502751	ncAvAR-777	1506
chr5	14024353	14024618	ncAvAR-778	963
chr5	32167872	32168004	ncAvAR-779	992
chr1	175253598	175253863	ncAvAR-780	307
chr1	46308838	46309369	ncAvAR-781	74
chr1	49127695	49127960	ncAvAR-782	80
chr5	35986139	35986405	ncAvAR-783	1005
chr12	13357636	13357902	ncAvAR-784	1406
chr2	140311002	140311268	ncAvAR-785	610
chr1	128273761	128273894	ncAvAR-786	211
chr20	8135531	8135664	ncAvAR-787	1504
chr4	85017971	85018238	ncAvAR-788	928
chr14	11212398	11212665	ncAvAR-789	1455
chr2	135453633	135453900	ncAvAR-790	604
chr1	147106885	147107287	ncAvAR-791	257
chr3	106092094	106092363	ncAvAR-792	809
chr1	9375988	9376122	ncAvAR-793	21
chr7	11603162	11603431	ncAvAR-794	1130
chr8	26069790	26069924	ncAvAR-795	1251
chr10	16177116	16177250	ncAvAR-796	1314
chr1	29951851	29951985	ncAvAR-797	54
chr3	294509	294643	ncAvAR-798	617
chr3	102113732	102114137	ncAvAR-799	802
chr11	4006340	4006881	ncAvAR-800	1329
chr1	9314755	9315026	ncAvAR-801	20
chr8	18866809	18866944	ncAvAR-802	1224
chr8	20841408	20841543	ncAvAR-803	1228
chr2	86820723	86821266	ncAvAR-804	509
chr20	11626812	11627083	ncAvAR-805	1513
chr1	61493551	61493686	ncAvAR-806	105
chr3	54770802	54771482	ncAvAR-807	723
chr3	108455712	108455984	ncAvAR-808	820
chr8	20175255	20175527	ncAvAR-809	1225
chr9	12333562	12333834	ncAvAR-810	1279
chr5	47212300	47212709	ncAvAR-811	1034
chr6	23858659	23858932	ncAvAR-812	1087
chr8	24064204	24064477	ncAvAR-813	1245
chr2	3037557	3037693	ncAvAR-814	332
chr2	39160758	39160894	ncAvAR-815	431
chr2	114612915	114613051	ncAvAR-816	561
chr4	73938369	73938643	ncAvAR-817	909
chr13	11709079	11709628	ncAvAR-818	1436
chr3	108142064	108142201	ncAvAR-819	817
chr8	25416017	25416430	ncAvAR-820	1248
chr12	1930181	1930456	ncAvAR-821	1382
chr15	12073614	12074028	ncAvAR-822	1465
chr3	18515190	18515604	ncAvAR-823	653
chr1	65781482	65781758	ncAvAR-824	114
chr3	102366508	102366785	ncAvAR-825	803
chr1	160499022	160499438	ncAvAR-826	285
chr13	11643091	11643368	ncAvAR-827	1436
chr24	3245010	3245148	ncAvAR-828	1535
chr5	35290824	35291241	ncAvAR-829	1001
chr7	34123460	34123877	ncAvAR-830	1189
chr5	55838214	55838492	ncAvAR-831	1059
chr1	145698346	145698624	ncAvAR-832	250
chr4	899791	899930	ncAvAR-833	826
chr5	36867017	36867156	ncAvAR-834	1010
chr6	15930741	15931020	ncAvAR-835	1076
chr1	169001369	169001508	ncAvAR-836	300
chr2	91425782	91426201	ncAvAR-837	524
chr23	1338075	1338354	ncAvAR-838	1526
chr24	1904988	1905127	ncAvAR-839	1530
chr3	34442587	34442866	ncAvAR-840	693
chr5	38050623	38051043	ncAvAR-841	1015
chr5	55741133	55741413	ncAvAR-842	1058
chr1	155101516	155101796	ncAvAR-843	272
chr5	10360617	10360757	ncAvAR-844	951
chr8	6328641	6328922	ncAvAR-845	1205
chr11	17109922	17110062	ncAvAR-846	1372
chr14	2902413	2902553	ncAvAR-847	1450
chr3	15115219	15115500	ncAvAR-848	647
chr4	10583851	10584133	ncAvAR-849	841
chr3	27947105	27947387	ncAvAR-850	684
chr2	124922045	124922752	ncAvAR-851	578
chr2	21376173	21376314	ncAvAR-852	382
chr2	103877512	103877795	ncAvAR-853	535
chr1	106538093	106538519	ncAvAR-854	182
chr3	25975826	25976110	ncAvAR-855	679
chr5	34319547	34320117	ncAvAR-856	997
chr4	30919198	30919769	ncAvAR-857	863
chr11	6077976	6078404	ncAvAR-858	1342
chr1	34450000	34450285	ncAvAR-859	60
chr3	56618057	56618199	ncAvAR-860	727
chr2	11180920	11181206	ncAvAR-861	358
chr3	51520617	51520903	ncAvAR-862	716
chr1	146196763	146197050	ncAvAR-863	252
chr1	158076435	158076722	ncAvAR-864	280
chr14	2810353	2810496	ncAvAR-865	1450
chr2	13620384	13620527	ncAvAR-866	364
chr2	114269671	114269958	ncAvAR-867	559
chr1	63832730	63832873	ncAvAR-868	111
chr8	24257057	24257489	ncAvAR-869	1246
chr3	36383051	36383483	ncAvAR-870	696
chr1	99727276	99727854	ncAvAR-871	173
chr4	68287046	68287480	ncAvAR-872	907
chr6	23751824	23752403	ncAvAR-873	1086
chr10	15814924	15815213	ncAvAR-874	1311
chr10	16165666	16165955	ncAvAR-875	1314
chr2	63388668	63388957	ncAvAR-876	476
chr2	128001896	128002620	ncAvAR-877	591
chr3	21527079	21527514	ncAvAR-878	667
chr3	67718550	67718840	ncAvAR-879	745
chr1	130624374	130624664	ncAvAR-880	213
chr1	146476848	146477138	ncAvAR-881	254
chr6	23969368	23969659	ncAvAR-882	1088
chr1	109832960	109833543	ncAvAR-883	191
chr2	113066217	113066654	ncAvAR-884	556
chr5	55845945	55846237	ncAvAR-885	1059
chr1	23532429	23532721	ncAvAR-886	37
chr2	35027127	35027566	ncAvAR-887	421
chr5	8209464	8209904	ncAvAR-888	945
chr2	5745818	5746111	ncAvAR-889	335
chr2	28006158	28006451	ncAvAR-890	396
chr3	22862884	22863030	ncAvAR-891	671
chr11	3778936	3779524	ncAvAR-892	1327
chr7	25859863	25860157	ncAvAR-893	1165
chr1	60494832	60495126	ncAvAR-894	102
chr3	87513735	87513882	ncAvAR-895	771
chr7	20512039	20512334	ncAvAR-896	1151
chr8	23252457	23252900	ncAvAR-897	1240
chr11	19158480	19158775	ncAvAR-898	1378
chr2	39250488	39250783	ncAvAR-899	432
chr2	139633331	139633626	ncAvAR-900	609
chr3	52867341	52867488	ncAvAR-901	718
chr11	6271669	6271965	ncAvAR-902	1344
chr2	59833785	59834081	ncAvAR-903	464
chr2	64079267	64079563	ncAvAR-904	482
chr7	28736316	28736614	ncAvAR-905	1171
chr2	39165373	39165671	ncAvAR-906	431
chr3	22788720	22789018	ncAvAR-907	670
chr8	22066742	22067190	ncAvAR-908	1231
chr5	34832320	34832469	ncAvAR-909	998
chr5	54790046	54790195	ncAvAR-910	1057
chr7	35993052	35993201	ncAvAR-911	1193
chr2	139638599	139638898	ncAvAR-912	609
chr3	1484569	1484718	ncAvAR-913	624
chr2	63735730	63736030	ncAvAR-914	479
chr3	25766848	25767148	ncAvAR-915	677
chr3	99400087	99400388	ncAvAR-916	791
chr4	18595299	18595449	ncAvAR-917	855
chr8	12909687	12909988	ncAvAR-918	1207
chr1	109236692	109236993	ncAvAR-919	190
chr1	4361649	4361799	ncAvAR-920	5
chr2	106653809	106654110	ncAvAR-921	542
chr2	50786838	50787140	ncAvAR-922	452
chr4	30944001	30944152	ncAvAR-923	863
chr12	1989670	1989821	ncAvAR-924	1383
chr13	11760975	11761278	ncAvAR-925	1436
chr3	11056382	11056533	ncAvAR-926	635
chr8	5656957	5657413	ncAvAR-927	1202
chr10	3243448	3243752	ncAvAR-928	1299
chr11	4249322	4249626	ncAvAR-929	1331
chr12	16182727	16183031	ncAvAR-930	1411
chr8	13529518	13529823	ncAvAR-931	1210
chr8	21064873	21065178	ncAvAR-932	1228
chr1	3979311	3979463	ncAvAR-933	4
chr2	6773606	6773911	ncAvAR-934	341
chr20	4585108	4585413	ncAvAR-935	1495
chr6	21794456	21794762	ncAvAR-936	1083
chr6	27938072	27938378	ncAvAR-937	1093
chr1	148674034	148674340	ncAvAR-938	262
chr3	94289350	94289810	ncAvAR-939	779
chr1	54945866	54946480	ncAvAR-940	96
chr3	101963615	101963922	ncAvAR-941	801
chr8	15833813	15834120	ncAvAR-942	1214
chr2	27393225	27393840	ncAvAR-943	394
chr2	91418564	91418871	ncAvAR-944	524
chr2	109482906	109483213	ncAvAR-945	548
chr1	66015760	66015913	ncAvAR-946	116
chr3	11430253	11430716	ncAvAR-947	639
chr3	25420380	25420843	ncAvAR-948	674
chr1	82948562	82948716	ncAvAR-949	137
chr1	25158735	25158889	ncAvAR-950	38
chr1	26348582	26348736	ncAvAR-951	47
chr1	51653976	51654130	ncAvAR-952	87
chr1	63735510	63735664	ncAvAR-953	111
chr3	11223881	11224190	ncAvAR-954	637
chr3	34934595	34934904	ncAvAR-955	694
chr10	16416089	16416399	ncAvAR-956	1315
chr1	38750050	38750360	ncAvAR-957	65
chr1	83224735	83225201	ncAvAR-958	140
chr1	20041142	20041764	ncAvAR-959	32
chr8	20834982	20835137	ncAvAR-960	1228
chr26	4485807	4485962	ncAvAR-961	1539
chr3	41154020	41154175	ncAvAR-962	703
chr2	27196967	27197436	ncAvAR-963	392
chr5	51548085	51548241	ncAvAR-964	1048
chr8	26199597	26199910	ncAvAR-965	1252
chr11	14762184	14762654	ncAvAR-966	1370
chr2	24408240	24408553	ncAvAR-967	387
chr2	86021395	86021551	ncAvAR-968	505
chr2	91352677	91352833	ncAvAR-969	524
chr3	37734894	37735050	ncAvAR-970	698
chr14	2854496	2854810	ncAvAR-971	1450
chr3	1171804	1172118	ncAvAR-972	622
chr3	27748086	27748400	ncAvAR-973	682
chr3	51183577	51183891	ncAvAR-974	714
chr3	67416580	67416895	ncAvAR-975	743
chr3	75934818	75935133	ncAvAR-976	763
chr1	82076161	82076476	ncAvAR-977	129
chr5	39210537	39210694	ncAvAR-978	1019
chr1	147739453	147739610	ncAvAR-979	259
chr1	148579362	148579519	ncAvAR-980	261
chr1	177429608	177429765	ncAvAR-981	310
chr24	2391281	2391438	ncAvAR-982	1534
chr3	21377006	21377322	ncAvAR-983	667
chr4	18507658	18507816	ncAvAR-984	854
chr5	9237049	9237207	ncAvAR-985	947
chr6	24874695	24875012	ncAvAR-986	1090
chr1	38874506	38874664	ncAvAR-987	66
chr2	109709493	109709651	ncAvAR-988	550
chr1	5331192	5331510	ncAvAR-989	10
chr2	103570923	103571241	ncAvAR-990	532
chr12	13622798	13623277	ncAvAR-991	1407
chr2	50108726	50109045	ncAvAR-992	448
chr2	140313875	140314034	ncAvAR-993	610
chr3	8198545	8198704	ncAvAR-994	630
chr12	10929302	10929622	ncAvAR-995	1398
chr20	5610772	5611092	ncAvAR-996	1499
chr1	83330795	83331276	ncAvAR-997	141
chr20	4776667	4777148	ncAvAR-998	1498
chr3	70952785	70952945	ncAvAR-999	749
chr18	8528466	8528787	ncAvAR-1000	1480
chr19	2267326	2267647	ncAvAR-1001	1484
chr3	51118852	51119012	ncAvAR-1002	714
chr2	32426899	32427382	ncAvAR-1003	411
chr5	50072913	50073235	ncAvAR-1004	1043
chr12	16725673	16725995	ncAvAR-1005	1416
chr3	12855471	12855793	ncAvAR-1006	643
chr1	27408354	27409000	ncAvAR-1007	51
chr5	28622347	28622508	ncAvAR-1008	981
chr6	15414195	15414356	ncAvAR-1009	1074
chr7	33794807	33794968	ncAvAR-1010	1187
chr1	43710825	43710986	ncAvAR-1011	72
chr20	11102272	11102757	ncAvAR-1012	1510
chr3	11370805	11371128	ncAvAR-1013	639
chr12	16068409	16068895	ncAvAR-1014	1410
chr5	5723732	5724056	ncAvAR-1015	941
chr3	11688366	11689015	ncAvAR-1016	641
chr13	11500696	11501183	ncAvAR-1017	1436
chr6	30626088	30626413	ncAvAR-1018	1100
chr1	178879350	178879512	ncAvAR-1019	312
chr1	187951639	187951801	ncAvAR-1020	322
chr12	16409165	16409327	ncAvAR-1021	1413
chr2	37750395	37750557	ncAvAR-1022	428
chr3	20131437	20131762	ncAvAR-1023	661
chr1	84453936	84454262	ncAvAR-1024	143
chr2	59971213	59971539	ncAvAR-1025	465
chr18	6225706	6226196	ncAvAR-1026	1477
chr6	15372100	15372918	ncAvAR-1027	1074
chr15	4742416	4742579	ncAvAR-1028	1462
chr2	54190113	54190276	ncAvAR-1029	456
chr3	1030033	1030196	ncAvAR-1030	621
chr2	130203577	130204070	ncAvAR-1031	596
chr4	14283547	14283711	ncAvAR-1032	845
chr8	16142284	16142448	ncAvAR-1033	1216
chr4	33018902	33019232	ncAvAR-1034	873
chr10	16074444	16074774	ncAvAR-1035	1313
chr7	28622282	28622778	ncAvAR-1036	1170
chr1	63383987	63384483	ncAvAR-1037	108
chr4	5469713	5470044	ncAvAR-1038	830
chr5	8447393	8447558	ncAvAR-1039	946
chr1	106485579	106485910	ncAvAR-1040	181
chr12	9721317	9721482	ncAvAR-1041	1393
chr2	135112699	135113196	ncAvAR-1042	602
chr3	11788587	11789084	ncAvAR-1043	642
chr3	21593746	21593911	ncAvAR-1044	667
chr7	5237573	5237905	ncAvAR-1045	1120
chr3	25472697	25473029	ncAvAR-1046	674
chr7	11701750	11701916	ncAvAR-1047	1131
chr7	23187186	23187352	ncAvAR-1048	1160
chr1	13301533	13302201	ncAvAR-1049	24
chr12	9755557	9755891	ncAvAR-1050	1393
chr2	91191381	91191715	ncAvAR-1051	523
chr1	41965444	41965946	ncAvAR-1052	70
chr3	60002722	60003057	ncAvAR-1053	731
chr4	80558766	80558933	ncAvAR-1054	924
chr5	46748787	46749290	ncAvAR-1055	1031
chr6	24022408	24022575	ncAvAR-1056	1089
chr11	5545427	5545762	ncAvAR-1057	1339
chr2	24209578	24209745	ncAvAR-1058	385
chr2	57202574	57202909	ncAvAR-1059	459
chr3	1565562	1565729	ncAvAR-1060	625
chr5	49509451	49509787	ncAvAR-1061	1042
chr12	16617792	16618128	ncAvAR-1062	1415
chr1	9162729	9163234	ncAvAR-1063	19
chr4	32902018	32902186	ncAvAR-1064	872
chr6	30017212	30017380	ncAvAR-1065	1096
chr12	7380264	7380432	ncAvAR-1066	1387
chr2	125644289	125644626	ncAvAR-1067	583
chr3	30034126	30034294	ncAvAR-1068	685
chr5	5639100	5639438	ncAvAR-1069	940
chr7	33562002	33562340	ncAvAR-1070	1185
chr8	22419064	22419233	ncAvAR-1071	1233
chr1	154897100	154897439	ncAvAR-1072	269
chr1	9150196	9150537	ncAvAR-1073	19
chr4	6813841	6814182	ncAvAR-1074	832
chr1	111771531	111771701	ncAvAR-1075	196
chr1	131061368	131061710	ncAvAR-1076	217
chr11	8475829	8476171	ncAvAR-1077	1348
chr3	18533736	18534078	ncAvAR-1078	653
chr1	157782481	157782995	ncAvAR-1079	278
chr3	71888198	71888885	ncAvAR-1080	753
chr3	108219765	108219936	ncAvAR-1081	818
chr1	82005093	82005438	ncAvAR-1082	128
chr1	83397701	83397873	ncAvAR-1083	141
chr8	27649504	27650022	ncAvAR-1084	1261
chr14	2847463	2847635	ncAvAR-1085	1450
chr1	6466556	6466901	ncAvAR-1086	15
chr27	6225227	6225399	ncAvAR-1087	1541
chr1	65614092	65614437	ncAvAR-1088	113
chr8	21006654	21007173	ncAvAR-1089	1228
chr1	13904429	13904776	ncAvAR-1090	27
chr2	34771979	34772326	ncAvAR-1091	419
chr5	37231056	37231404	ncAvAR-1092	1013
chr13	11625917	11626265	ncAvAR-1093	1436
chr3	40968952	40969300	ncAvAR-1094	702
chr4	30851136	30851485	ncAvAR-1095	862
chr1	81596235	81596584	ncAvAR-1096	126
chr5	10336100	10336449	ncAvAR-1097	951
chr5	36067321	36067670	ncAvAR-1098	1006
chr5	47433603	47433952	ncAvAR-1099	1035
chr5	55843799	55844148	ncAvAR-1100	1059
chr8	22521555	22521729	ncAvAR-1101	1234
chr8	27415737	27415911	ncAvAR-1102	1258
chr1	172084998	172085172	ncAvAR-1103	302
chr13	10545511	10545860	ncAvAR-1104	1434
chr3	54832555	54832904	ncAvAR-1105	724
chr1	63830066	63830416	ncAvAR-1106	111
chr12	9680736	9681262	ncAvAR-1107	1393
chr1	107931287	107931462	ncAvAR-1108	185
chr12	9733901	9734252	ncAvAR-1109	1393
chr2	125267437	125267788	ncAvAR-1110	581
chr5	56012687	56013039	ncAvAR-1111	1060
chr8	2328490	2328842	ncAvAR-1112	1199
chr2	13552614	13552966	ncAvAR-1113	363
chr3	102389858	102390034	ncAvAR-1114	803
chr4	65505700	65505876	ncAvAR-1115	905
chr6	9218229	9218582	ncAvAR-1116	1068
chr8	20921771	20922124	ncAvAR-1117	1228
chr10	15806401	15806577	ncAvAR-1118	1311
chr2	18039031	18039207	ncAvAR-1119	380
chr2	61788135	61788311	ncAvAR-1120	471
chr2	103910858	103911211	ncAvAR-1121	535
chr3	107831484	107831838	ncAvAR-1122	815
chr12	10482058	10482412	ncAvAR-1123	1395
chr1	111071171	111071526	ncAvAR-1124	194
chr1	3331833	3332010	ncAvAR-1125	2
chr1	29428968	29429323	ncAvAR-1126	52
chr12	16133748	16133925	ncAvAR-1127	1411
chr8	18162743	18163099	ncAvAR-1128	1221
chr2	28261356	28261712	ncAvAR-1129	397
chr20	4809828	4810184	ncAvAR-1130	1498
chr1	82302524	82302702	ncAvAR-1131	131
chr7	23820773	23821130	ncAvAR-1132	1161
chr2	135672463	135672820	ncAvAR-1133	605
chr6	23748468	23748826	ncAvAR-1134	1086
chr20	4818460	4818818	ncAvAR-1135	1498
chr1	85834687	85835046	ncAvAR-1136	145
chr5	47940404	47940583	ncAvAR-1137	1039
chr6	28278153	28278513	ncAvAR-1138	1094
chr5	50847586	50847766	ncAvAR-1139	1045
chr1	136241639	136241819	ncAvAR-1140	230
chr13	4039926	4040106	ncAvAR-1141	1424
chr2	26471618	26471798	ncAvAR-1142	391
chr2	103679952	103680313	ncAvAR-1143	533
chr1	83610402	83610583	ncAvAR-1144	142
chr5	47996389	47996752	ncAvAR-1145	1040
chr7	9303559	9303740	ncAvAR-1146	1125
chr7	28637658	28637839	ncAvAR-1147	1170
chr1	137948037	137948218	ncAvAR-1148	235
chr2	35199592	35199773	ncAvAR-1149	421
chr2	91250490	91250853	ncAvAR-1150	524
chr2	146713848	146714029	ncAvAR-1151	615
chr3	1664129	1664310	ncAvAR-1152	625
chr3	65119896	65120261	ncAvAR-1153	739
chr5	11591024	11591389	ncAvAR-1154	957
chr6	28064339	28064521	ncAvAR-1155	1094
chr1	158235271	158235636	ncAvAR-1156	280
chr2	103681972	103682337	ncAvAR-1157	533
chr2	13967350	13967899	ncAvAR-1158	366
chr2	62532813	62533363	ncAvAR-1159	474
chr7	29800976	29801159	ncAvAR-1160	1174
chr1	146452549	146452732	ncAvAR-1161	254
chr10	13682314	13682497	ncAvAR-1162	1306
chr12	12596715	12596898	ncAvAR-1163	1400
chr12	16238646	16238829	ncAvAR-1164	1411
chr3	1454573	1454756	ncAvAR-1165	624
chr5	31199059	31199611	ncAvAR-1166	986
chr11	4584748	4585300	ncAvAR-1167	1334
chr3	1247024	1247392	ncAvAR-1168	623
chr5	11041881	11042435	ncAvAR-1169	953
chr8	12844368	12844737	ncAvAR-1170	1207
chr1	147742501	147742685	ncAvAR-1171	259
chr2	91452634	91452818	ncAvAR-1172	524
chr6	15259244	15259614	ncAvAR-1173	1073
chr5	11454397	11454768	ncAvAR-1174	956
chr1	98491168	98491539	ncAvAR-1175	171
chr7	21773740	21773925	ncAvAR-1176	1157
chr8	16136636	16137007	ncAvAR-1177	1216
chr12	16127033	16127404	ncAvAR-1178	1411
chr1	32360787	32361158	ncAvAR-1179	56
chr1	158317467	158317839	ncAvAR-1180	280
chr8	16113334	16113520	ncAvAR-1181	1216
chr13	1779633	1779819	ncAvAR-1182	1419
chr5	17513477	17513851	ncAvAR-1183	968
chr7	28796775	28797150	ncAvAR-1184	1172
chr1	164857905	164858092	ncAvAR-1185	292
chr2	57105856	57106419	ncAvAR-1186	458
chr3	20077473	20077848	ncAvAR-1187	661
chr6	30567318	30567882	ncAvAR-1188	1100
chr1	82788126	82788691	ncAvAR-1189	137
chr7	33011087	33011275	ncAvAR-1190	1182
chr12	12920803	12921180	ncAvAR-1191	1404
chr1	51283843	51284031	ncAvAR-1192	86
chr28	4902084	4902461	ncAvAR-1193	1542
chr5	13483299	13483678	ncAvAR-1194	960
chr5	52756218	52756407	ncAvAR-1195	1052
chr1	166944420	166944609	ncAvAR-1196	296
chr1	48462980	48463549	ncAvAR-1197	77
chr2	28226953	28227523	ncAvAR-1198	397
chr2	32476455	32476835	ncAvAR-1199	411
chr9	4034360	4034550	ncAvAR-1200	1268
chr1	25999071	25999261	ncAvAR-1201	44
chr2	32863507	32863697	ncAvAR-1202	414
chr5	18200646	18202180	ncAvAR-1203	972
chr1	10780296	10780487	ncAvAR-1204	23
chr7	20448467	20448658	ncAvAR-1205	1151
chr1	178843704	178843895	ncAvAR-1206	312
chr2	39598866	39599249	ncAvAR-1207	433
chr3	10032125	10032316	ncAvAR-1208	634
chr3	10032433	10032816	ncAvAR-1209	634
chr1	51820375	51820758	ncAvAR-1210	88
chr5	46417716	46417908	ncAvAR-1211	1030
chr1	116276389	116276581	ncAvAR-1212	203
chr10	15806830	15807215	ncAvAR-1213	1311
chr3	77381408	77381794	ncAvAR-1214	768
chr12	16175511	16175897	ncAvAR-1215	1411
chr1	83435929	83436316	ncAvAR-1216	141
chr10	15798577	15798770	ncAvAR-1217	1311
chr11	14659098	14659291	ncAvAR-1218	1369
chr18	7628909	7629296	ncAvAR-1219	1479
chr1	65895918	65896111	ncAvAR-1220	115
chr3	25644832	25645219	ncAvAR-1221	675
chr3	34950253	34950446	ncAvAR-1222	694
chr5	37079027	37079609	ncAvAR-1223	1012
chr11	14867201	14867589	ncAvAR-1224	1370
chr3	10990432	10990820	ncAvAR-1225	635
chr1	154269278	154269861	ncAvAR-1226	265
chr3	102590369	102590758	ncAvAR-1227	804
chr11	14948658	14949242	ncAvAR-1228	1370
chr2	130143063	130143257	ncAvAR-1229	595
chr2	145665151	145665345	ncAvAR-1230	614
chr3	19426128	19426518	ncAvAR-1231	657
chr5	35636576	35637162	ncAvAR-1232	1003
chr3	101081570	101081961	ncAvAR-1233	798
chr1	136218629	136218824	ncAvAR-1234	230
chr3	21430413	21430804	ncAvAR-1235	667
chr7	16278888	16279083	ncAvAR-1236	1140
chr2	87528798	87529386	ncAvAR-1237	512
chr3	77390744	77391136	ncAvAR-1238	768
chr1	142774657	142775049	ncAvAR-1239	246
chr1	60875662	60876054	ncAvAR-1240	104
chr4	13312994	13313190	ncAvAR-1241	843
chr6	30354158	30354354	ncAvAR-1242	1099
chr2	31920939	31921333	ncAvAR-1243	409
chr3	50480810	50481204	ncAvAR-1244	711
chr3	95654815	95655210	ncAvAR-1245	785
chr4	32972900	32973295	ncAvAR-1246	873
chr7	32977728	32977925	ncAvAR-1247	1182
chr2	105139987	105140382	ncAvAR-1248	539
chr1	53751068	53751463	ncAvAR-1249	94
chr1	32667459	32667855	ncAvAR-1250	57
chr2	60175146	60175542	ncAvAR-1251	467
chr3	804025	804818	ncAvAR-1252	618
chr3	1408840	1409236	ncAvAR-1253	624
chr3	97839846	97840044	ncAvAR-1254	787
chr4	18109232	18109430	ncAvAR-1255	851
chr13	11885281	11885877	ncAvAR-1256	1437
chr15	12035956	12036154	ncAvAR-1257	1465
chr1	40063741	40063939	ncAvAR-1258	67
chr1	53664440	53664638	ncAvAR-1259	93
chr20	4572809	4573007	ncAvAR-1260	1495
chr3	108049749	108050147	ncAvAR-1261	817
chr5	48023213	48023611	ncAvAR-1262	1040
chr7	29432022	29432221	ncAvAR-1263	1173
chr7	32309406	32309605	ncAvAR-1264	1178
chr8	26260957	26261156	ncAvAR-1265	1253
chr2	38620370	38620569	ncAvAR-1266	429
chr2	40504844	40505043	ncAvAR-1267	434
chr20	4785732	4785931	ncAvAR-1268	1498
chr8	17464463	17464663	ncAvAR-1269	1218
chr9	20162108	20162308	ncAvAR-1270	1293
chr2	38759066	38759467	ncAvAR-1271	430
chr1	131173324	131173726	ncAvAR-1272	217
chr3	77143493	77143896	ncAvAR-1273	767
chr10	13767620	13767821	ncAvAR-1274	1307
chr11	14359819	14360020	ncAvAR-1275	1366
chr8	1034412	1034816	ncAvAR-1276	1195
chr11	8421453	8421857	ncAvAR-1277	1347
chr2	60165013	60165417	ncAvAR-1278	467
chr2	89382856	89383260	ncAvAR-1279	516
chr3	20257609	20258013	ncAvAR-1280	662
chr4	34221429	34221631	ncAvAR-1281	876
chr6	32427922	32428124	ncAvAR-1282	1103
chr1	154094664	154094866	ncAvAR-1283	263
chr1	158313222	158313627	ncAvAR-1284	280
chr6	27746931	27747337	ncAvAR-1285	1091
chr8	16139033	16139643	ncAvAR-1286	1216
chr3	80994666	80994869	ncAvAR-1287	770
chr1	82837777	82837980	ncAvAR-1288	137
chr6	14646070	14646273	ncAvAR-1289	1071
chr8	20957082	20957285	ncAvAR-1290	1228
chr9	17236265	17236672	ncAvAR-1291	1288
chr1	141187871	141188074	ncAvAR-1292	241
chr13	11435488	11435895	ncAvAR-1293	1436
chr2	47656599	47657007	ncAvAR-1294	441
chr7	21299597	21299801	ncAvAR-1295	1153
chr1	174268335	174268539	ncAvAR-1296	304
chr4	53333309	53333514	ncAvAR-1297	896
chr4	85294177	85294382	ncAvAR-1298	931
chr5	14746495	14746700	ncAvAR-1299	966
chr1	108966325	108966530	ncAvAR-1300	189
chr9	3174165	3174370	ncAvAR-1301	1267
chr1	112065887	112066092	ncAvAR-1302	198
chr2	27623717	27623922	ncAvAR-1303	395
chr20	4645797	4646002	ncAvAR-1304	1496
chr6	14587830	14588036	ncAvAR-1305	1070
chr3	16164031	16164444	ncAvAR-1306	649
chr1	141274175	141274589	ncAvAR-1307	241
chr2	87754920	87755334	ncAvAR-1308	513
chr6	34990150	34990357	ncAvAR-1309	1111
chr11	8987165	8987372	ncAvAR-1310	1353
chr11	19428383	19428590	ncAvAR-1311	1380
chr1	41961921	41962336	ncAvAR-1312	70
chr2	8691168	8691375	ncAvAR-1313	348
chr2	33401870	33402285	ncAvAR-1314	417
chr3	68348997	68349413	ncAvAR-1315	746
chr3	71848288	71848704	ncAvAR-1316	753
chr7	33323999	33324415	ncAvAR-1317	1184
chr7	15150215	15150423	ncAvAR-1318	1135
chr7	34002447	34002864	ncAvAR-1319	1188
chr8	5625787	5625995	ncAvAR-1320	1202
chr8	16065907	16066533	ncAvAR-1321	1216
chr1	119587073	119587281	ncAvAR-1322	207
chr1	154724213	154724630	ncAvAR-1323	268
chr12	9672799	9673426	ncAvAR-1324	1393
chr2	32354463	32354881	ncAvAR-1325	411
chr3	76175535	76175744	ncAvAR-1326	765
chr5	14089254	14089463	ncAvAR-1327	964
chr1	52216410	52216619	ncAvAR-1328	90
chr1	52222729	52222938	ncAvAR-1329	90
chr3	18612984	18613403	ncAvAR-1330	654
chr2	103947071	103947491	ncAvAR-1331	535
chr5	17641376	17641797	ncAvAR-1332	969
chr5	37358881	37359091	ncAvAR-1333	1014
chr5	40341782	40341992	ncAvAR-1334	1024
chr5	50580562	50580772	ncAvAR-1335	1044
chr8	5752821	5753031	ncAvAR-1336	1203
chr9	20444935	20445356	ncAvAR-1337	1296
chr2	5981231	5981441	ncAvAR-1338	337
chr2	34907585	34907795	ncAvAR-1339	420
chr2	86674083	86674505	ncAvAR-1340	508
chr3	60551160	60551583	ncAvAR-1341	733
chr5	33980824	33981459	ncAvAR-1342	995
chr7	16996410	16996833	ncAvAR-1343	1144
chr1	158277898	158278109	ncAvAR-1344	280
chr2	13960961	13961384	ncAvAR-1345	366
chr2	21509544	21509967	ncAvAR-1346	383
chr2	108216226	108216437	ncAvAR-1347	545
chr1	145876909	145877333	ncAvAR-1348	251
chr2	125026497	125027346	ncAvAR-1349	578
chr1	130822085	130822722	ncAvAR-1350	215
chr4	5382229	5382441	ncAvAR-1351	829
chr5	5450228	5450440	ncAvAR-1352	938
chr5	13903596	13903808	ncAvAR-1353	962
chr8	20882989	20883201	ncAvAR-1354	1228
chr15	12773428	12773853	ncAvAR-1355	1467
chr2	15116550	15116762	ncAvAR-1356	371
chr2	112319122	112319334	ncAvAR-1357	553
chr3	44017275	44017487	ncAvAR-1358	705
chr2	35099815	35100241	ncAvAR-1359	421
chr2	103986202	103986628	ncAvAR-1360	535
chr1	84426055	84426268	ncAvAR-1361	143
chr1	166865974	166866187	ncAvAR-1362	296
chr13	16400379	16400592	ncAvAR-1363	1445
chr2	31942752	31942965	ncAvAR-1364	409
chr2	110407049	110407262	ncAvAR-1365	552
chr24	693248	693461	ncAvAR-1366	1529
chr3	21491549	21491762	ncAvAR-1367	667
chr19	1653628	1653842	ncAvAR-1368	1483
chr2	60158397	60158611	ncAvAR-1369	467
chr23	1280861	1281075	ncAvAR-1370	1525
chr13	5790099	5790529	ncAvAR-1371	1427
chr2	9359347	9359777	ncAvAR-1372	353
chr3	8737655	8737870	ncAvAR-1373	632
chr12	10693776	10693991	ncAvAR-1374	1397
chr2	5174971	5175186	ncAvAR-1375	333
chr2	8957720	8957935	ncAvAR-1376	349
chr6	15171967	15172399	ncAvAR-1377	1073
chr1	131171849	131172281	ncAvAR-1378	217
chr2	29274978	29275410	ncAvAR-1379	400
chr4	17697986	17698202	ncAvAR-1380	849
chr1	26637592	26637808	ncAvAR-1381	50
chr3	13089849	13090065	ncAvAR-1382	644
chr5	38750985	38751420	ncAvAR-1383	1016
chr5	51450872	51451307	ncAvAR-1384	1047
chr14	6126159	6126376	ncAvAR-1385	1453
chr2	103441632	103442285	ncAvAR-1386	531
chr4	57305308	57305962	ncAvAR-1387	900
chr1	190281957	190282393	ncAvAR-1388	324
chr10	15802345	15802781	ncAvAR-1389	1311
chr3	795836	796272	ncAvAR-1390	618
chr5	13880975	13881193	ncAvAR-1391	962
chr5	47452900	47453556	ncAvAR-1392	1035
chr7	20586292	20586729	ncAvAR-1393	1151
chr1	175496589	175496807	ncAvAR-1394	308
chr2	31938146	31938364	ncAvAR-1395	409
chr2	64228950	64229168	ncAvAR-1396	483
chr20	8390649	8390867	ncAvAR-1397	1505
chr3	100746092	100746751	ncAvAR-1398	796
chr7	20479973	20480192	ncAvAR-1399	1151
chr13	4136883	4137323	ncAvAR-1400	1425
chr1	89618615	89618835	ncAvAR-1401	151
chr9	11842467	11842687	ncAvAR-1402	1275
chr1	174509653	174510094	ncAvAR-1403	305
chr12	9768830	9769271	ncAvAR-1404	1393
chr3	53636740	53637182	ncAvAR-1405	719
chr4	33002117	33002560	ncAvAR-1406	873
chr8	2205477	2205698	ncAvAR-1407	1198
chr8	21366303	21366524	ncAvAR-1408	1230
chr1	130913024	130913467	ncAvAR-1409	216
chr1	136365935	136366156	ncAvAR-1410	231
chr1	154866039	154866482	ncAvAR-1411	269
chr2	18043729	18043950	ncAvAR-1412	380
chr2	100819512	100819733	ncAvAR-1413	530
chr1	6328487	6328708	ncAvAR-1414	14
chr7	12796027	12796471	ncAvAR-1415	1132
chr6	13133686	13133908	ncAvAR-1416	1069
chr6	30085318	30085540	ncAvAR-1417	1097
chr7	17185151	17185596	ncAvAR-1418	1145
chr7	33242145	33242367	ncAvAR-1419	1183
chr1	158826956	158827401	ncAvAR-1420	284
chr18	3966010	3966232	ncAvAR-1421	1475
chr2	14652531	14652753	ncAvAR-1422	369
chr2	91767923	91768145	ncAvAR-1423	525
chr1	6439578	6439800	ncAvAR-1424	15
chr4	27437514	27437737	ncAvAR-1425	861
chr8	15310149	15311044	ncAvAR-1426	1212
chr2	91121267	91121490	ncAvAR-1427	523
chr3	3658293	3658741	ncAvAR-1428	626
chr5	37150019	37150692	ncAvAR-1429	1012
chr7	20373614	20374063	ncAvAR-1430	1150
chr1	116240095	116240319	ncAvAR-1431	203
chr2	114644481	114644705	ncAvAR-1432	561
chr3	18039890	18040114	ncAvAR-1433	651
chr1	97628264	97628489	ncAvAR-1434	166
chr6	34479142	34479594	ncAvAR-1435	1108
chr1	158172027	158172479	ncAvAR-1436	280
chr2	11333288	11333740	ncAvAR-1437	359
chr4	43520455	43520908	ncAvAR-1438	891
chr4	76413104	76413330	ncAvAR-1439	916
chr1	84413545	84413771	ncAvAR-1440	143
chr9	16801598	16802051	ncAvAR-1441	1285
chr21	3804483	3804709	ncAvAR-1442	1522
chr3	31079357	31079583	ncAvAR-1443	690
chr1	135888474	135888928	ncAvAR-1444	228
chr1	191797689	191798143	ncAvAR-1445	328
chr1	135727249	135727476	ncAvAR-1446	227
chr1	22608335	22608562	ncAvAR-1447	35
chr1	43672017	43672244	ncAvAR-1448	72
chr2	35446736	35446963	ncAvAR-1449	423
chr3	30919167	30919394	ncAvAR-1450	689
chr4	75367932	75368160	ncAvAR-1451	912
chr1	108772474	108772702	ncAvAR-1452	187
chr9	17323291	17323519	ncAvAR-1453	1289
chr1	135713401	135713858	ncAvAR-1454	227
chr1	157666851	157667079	ncAvAR-1455	278
chr11	19272741	19272969	ncAvAR-1456	1379
chr12	8031752	8032438	ncAvAR-1457	1389
chr3	54324344	54324572	ncAvAR-1458	722
chr5	35692315	35693233	ncAvAR-1459	1004
chr1	9292926	9293155	ncAvAR-1460	20
chr5	2476291	2476520	ncAvAR-1461	934
chr6	19463948	19464638	ncAvAR-1462	1080
chr10	16959637	16960328	ncAvAR-1463	1320
chr1	82628234	82628464	ncAvAR-1464	135
chr5	39464798	39465028	ncAvAR-1465	1020
chr5	52700191	52700421	ncAvAR-1466	1051
chr8	15922739	15922969	ncAvAR-1467	1215
chr12	16187406	16187636	ncAvAR-1468	1411
chr3	30244081	30244311	ncAvAR-1469	686
chr2	108200477	108200939	ncAvAR-1470	545
chr6	9144240	9144471	ncAvAR-1471	1067
chr13	2777226	2777457	ncAvAR-1472	1420
chr6	30353535	30353999	ncAvAR-1473	1099
chr6	34539960	34540424	ncAvAR-1474	1108
chr5	31205541	31206006	ncAvAR-1475	986
chr11	8672859	8673091	ncAvAR-1476	1350
chr12	10736265	10736497	ncAvAR-1477	1397
chr2	6218310	6218775	ncAvAR-1478	340
chr1	7368009	7368474	ncAvAR-1479	17
chr19	1651048	1651514	ncAvAR-1480	1483
chr4	51364859	51365092	ncAvAR-1481	895
chr7	25872019	25872252	ncAvAR-1482	1165
chr1	14771078	14771311	ncAvAR-1483	28
chr3	56586276	56586509	ncAvAR-1484	727
chr9	17147647	17148115	ncAvAR-1485	1287
chr2	114634688	114635156	ncAvAR-1486	561
chr4	68273558	68273792	ncAvAR-1487	907
chr8	15127529	15127763	ncAvAR-1488	1212
chr8	28204605	28204839	ncAvAR-1489	1265
chr3	51485670	51486140	ncAvAR-1490	716
chr7	15179684	15180155	ncAvAR-1491	1135
chr7	15927140	15927611	ncAvAR-1492	1137
chr8	7060443	7060678	ncAvAR-1493	1206
chr4	39062014	39062250	ncAvAR-1494	881
chr5	48857103	48857339	ncAvAR-1495	1041
chr8	24079182	24079418	ncAvAR-1496	1245
chr9	21219148	21219384	ncAvAR-1497	1297
chr20	11756468	11756704	ncAvAR-1498	1514
chr2	84220771	84221007	ncAvAR-1499	502
chr1	83314646	83315121	ncAvAR-1500	141
chr10	16427402	16427639	ncAvAR-1501	1315
chr1	32823075	32823312	ncAvAR-1502	58
chr1	6290629	6291104	ncAvAR-1503	14
chr5	32164523	32164761	ncAvAR-1504	992
chr8	24177125	24177363	ncAvAR-1505	1246
chr1	183990100	183990338	ncAvAR-1506	318
chr1	25938847	25939085	ncAvAR-1507	43
chr17	4648561	4648799	ncAvAR-1508	1470
chr1	6352455	6352693	ncAvAR-1509	14
chr2	119416850	119417327	ncAvAR-1510	571
chr3	41188994	41189232	ncAvAR-1511	703
chr3	71876065	71876782	ncAvAR-1512	753
chr3	75301625	75301864	ncAvAR-1513	761
chr1	84473093	84473332	ncAvAR-1514	143
chr5	47098474	47098713	ncAvAR-1515	1033
chr7	20757738	20757977	ncAvAR-1516	1152
chr10	16225471	16225710	ncAvAR-1517	1314
chr11	3991655	3991894	ncAvAR-1518	1329
chr2	80955141	80955380	ncAvAR-1519	500
chr2	130297758	130297997	ncAvAR-1520	597
chr2	146996688	146996927	ncAvAR-1521	616
chr2	103450604	103451084	ncAvAR-1522	531
chr4	8339467	8339707	ncAvAR-1523	837
chr1	90462161	90462401	ncAvAR-1524	152
chr6	30509320	30509560	ncAvAR-1525	1100
chr7	20617809	20618049	ncAvAR-1526	1151
chr1	130918524	130919006	ncAvAR-1527	216
chr6	18136672	18136913	ncAvAR-1528	1079
chr10	16321461	16321702	ncAvAR-1529	1314
chr1	3318473	3318714	ncAvAR-1530	2
chr12	13655348	13655589	ncAvAR-1531	1407
chr2	130194609	130194850	ncAvAR-1532	596
chr20	11482641	11482882	ncAvAR-1533	1512
chr1	83566456	83566940	ncAvAR-1534	142
chr6	34410066	34410550	ncAvAR-1535	1107
chr3	106622884	106623126	ncAvAR-1536	811
chr4	27322140	27322382	ncAvAR-1537	860
chr9	4324298	4324540	ncAvAR-1538	1269
chr11	9654383	9654868	ncAvAR-1539	1358
chr2	59753478	59753720	ncAvAR-1540	463
chr3	5312707	5312949	ncAvAR-1541	629
chr5	40668991	40669234	ncAvAR-1542	1025
chr1	51034936	51035179	ncAvAR-1543	85
chr3	8650130	8650373	ncAvAR-1544	631
chr1	63675034	63675521	ncAvAR-1545	111
chr1	98248889	98249622	ncAvAR-1546	168
chr3	94860097	94860341	ncAvAR-1547	782
chr4	57166505	57166749	ncAvAR-1548	899
chr5	52383636	52383880	ncAvAR-1549	1050
chr7	11612867	11613356	ncAvAR-1550	1130
chr1	113300043	113300287	ncAvAR-1551	199
chr2	32831105	32831349	ncAvAR-1552	414
chr3	64725114	64725604	ncAvAR-1553	738
chr3	19714384	19715120	ncAvAR-1554	658
chr9	12298307	12299044	ncAvAR-1555	1279
chr1	177426999	177427244	ncAvAR-1556	310
chr10	19431283	19431528	ncAvAR-1557	1326
chr1	5018249	5018494	ncAvAR-1558	7
chr2	62531955	62532200	ncAvAR-1559	474
chr13	10449882	10450374	ncAvAR-1560	1433
chr3	71824605	71824851	ncAvAR-1561	753
chr1	82353804	82354050	ncAvAR-1562	132
chr7	12837971	12838217	ncAvAR-1563	1132
chr9	20064745	20064991	ncAvAR-1564	1292
chr1	113695455	113695701	ncAvAR-1565	200
chr17	4844990	4845236	ncAvAR-1566	1471
chr3	15113992	15114238	ncAvAR-1567	647
chr1	65568694	65568940	ncAvAR-1568	113
chr3	34943496	34943742	ncAvAR-1569	694
chr1	131129699	131130193	ncAvAR-1570	217
chr2	27161439	27161933	ncAvAR-1571	392
chr6	30599534	30599781	ncAvAR-1572	1100
chr7	6140972	6141219	ncAvAR-1573	1122
chr18	3884391	3884638	ncAvAR-1574	1475
chr2	33363820	33364067	ncAvAR-1575	417
chr21	3803230	3803477	ncAvAR-1576	1522
chr5	38814665	38814913	ncAvAR-1577	1017
chr10	15552440	15552689	ncAvAR-1578	1309
chr12	13263363	13263612	ncAvAR-1579	1405
chr2	91181920	91182169	ncAvAR-1580	523
chr3	10993516	10993765	ncAvAR-1581	635
chr5	11521538	11522038	ncAvAR-1582	957
chr4	9218927	9219177	ncAvAR-1583	840
chr20	12553567	12554069	ncAvAR-1584	1516
chr7	21358075	21358326	ncAvAR-1585	1154
chr2	8189497	8189748	ncAvAR-1586	346
chr2	25351666	25352422	ncAvAR-1587	388
chr5	17768323	17768575	ncAvAR-1588	971
chr8	25542138	25542390	ncAvAR-1589	1249
chr13	3777541	3777793	ncAvAR-1590	1422
chr13	18097648	18097900	ncAvAR-1591	1448
chr4	40906364	40906617	ncAvAR-1592	887
chr8	24164139	24164392	ncAvAR-1593	1246
chr12	10381952	10382205	ncAvAR-1594	1394
chr3	19596702	19596955	ncAvAR-1595	658
chr1	94728898	94729152	ncAvAR-1596	160
chr7	7895976	7896230	ncAvAR-1597	1123
chr2	89600596	89600850	ncAvAR-1598	517
chr5	17700984	17701496	ncAvAR-1599	970
chr3	68390457	68390713	ncAvAR-1600	746
chr5	4502972	4503228	ncAvAR-1601	935
chr5	35462606	35462862	ncAvAR-1602	1002
chr5	55939493	55940006	ncAvAR-1603	1059
chr8	24066425	24066681	ncAvAR-1604	1245
chr8	26486836	26487092	ncAvAR-1605	1254
chr1	135031507	135031763	ncAvAR-1606	225
chr12	8329367	8329623	ncAvAR-1607	1391
chr13	3966892	3967148	ncAvAR-1608	1423
chr13	11586762	11587018	ncAvAR-1609	1436
chr2	86868185	86868441	ncAvAR-1610	509
chr7	16520698	16521213	ncAvAR-1611	1142
chr7	21410189	21410446	ncAvAR-1612	1155
chr1	136150588	136150845	ncAvAR-1613	230
chr1	140702649	140702906	ncAvAR-1614	237
chr13	11522207	11522464	ncAvAR-1615	1436
chr13	11570985	11571242	ncAvAR-1616	1436
chr3	70854797	70855313	ncAvAR-1617	748
chr5	22549993	22550251	ncAvAR-1618	975
chr5	32177128	32177645	ncAvAR-1619	992
chr5	51818216	51818474	ncAvAR-1620	1049
chr1	93069253	93069511	ncAvAR-1621	156
chr6	34929393	34929910	ncAvAR-1622	1110
chr7	35934256	35934514	ncAvAR-1623	1192
chr1	136294893	136295410	ncAvAR-1624	230
chr1	2749367	2749625	ncAvAR-1625	1
chr2	112308703	112308961	ncAvAR-1626	553
chr6	18141021	18141280	ncAvAR-1627	1079
chr1	164770204	164770463	ncAvAR-1628	291
chr2	32870487	32871006	ncAvAR-1629	414
chr20	12906934	12907453	ncAvAR-1630	1518
chr1	136041000	136041520	ncAvAR-1631	229
chr3	107336009	107336269	ncAvAR-1632	813
chr10	18676701	18676961	ncAvAR-1633	1325
chr1	26236132	26236392	ncAvAR-1634	46
chr12	8300421	8300681	ncAvAR-1635	1391
chr2	37703836	37704358	ncAvAR-1636	428
chr2	103960852	103961374	ncAvAR-1637	535
chr3	67717979	67718502	ncAvAR-1638	745
chr3	109575930	109576191	ncAvAR-1639	824
chr4	9242255	9242516	ncAvAR-1640	840
chr5	33857463	33857724	ncAvAR-1641	994
chr7	16118220	16118481	ncAvAR-1642	1138
chr7	21444460	21444721	ncAvAR-1643	1155
chr1	158549686	158550209	ncAvAR-1644	282
chr2	104048361	104048622	ncAvAR-1645	535
chr2	106737683	106738206	ncAvAR-1646	542
chr4	43270646	43270908	ncAvAR-1647	889
chr4	77668982	77669507	ncAvAR-1648	920
chr5	31442941	31443203	ncAvAR-1649	988
chr5	43357167	43357429	ncAvAR-1650	1027
chr1	18152362	18152624	ncAvAR-1651	29
chr2	10640435	10640697	ncAvAR-1652	356
chr2	63713264	63713526	ncAvAR-1653	479
chr1	66097173	66097435	ncAvAR-1654	117
chr3	93065985	93066248	ncAvAR-1655	775
chr1	100263562	100263825	ncAvAR-1656	176
chr2	28164968	28165495	ncAvAR-1657	397
chr3	50863795	50864058	ncAvAR-1658	713
chr2	87318180	87318708	ncAvAR-1659	511
chr1	82006839	82007103	ncAvAR-1660	128
chr9	12051108	12051637	ncAvAR-1661	1277
chr1	26589870	26590134	ncAvAR-1662	50
chr2	39184320	39184584	ncAvAR-1663	431
chr28	4904622	4904886	ncAvAR-1664	1542
chr3	38491447	38491977	ncAvAR-1665	699
chr3	63105424	63105689	ncAvAR-1666	736
chr7	25842286	25842551	ncAvAR-1667	1165
chr3	99414423	99414689	ncAvAR-1668	791
chr4	57378991	57379257	ncAvAR-1669	900
chr5	36814769	36815035	ncAvAR-1670	1009
chr2	63505503	63505769	ncAvAR-1671	477
chr2	130111760	130112026	ncAvAR-1672	595
chr4	84356213	84356747	ncAvAR-1673	926
chr2	112490116	112490650	ncAvAR-1674	553
chr1	25584439	25584974	ncAvAR-1675	40
chr1	6215647	6215914	ncAvAR-1676	13
chr22	2399575	2399842	ncAvAR-1677	1524
chr1	63536820	63537087	ncAvAR-1678	110
chr5	55935408	55935944	ncAvAR-1679	1059
chr5	58608282	58608550	ncAvAR-1680	1061
chr1	166958875	166959143	ncAvAR-1681	296
chr1	175171006	175171274	ncAvAR-1682	306
chr10	16694776	16695313	ncAvAR-1683	1317
chr3	1502832	1503100	ncAvAR-1684	624
chr2	32378988	32379795	ncAvAR-1685	411
chr4	31119014	31119283	ncAvAR-1686	864
chr4	84661813	84662082	ncAvAR-1687	927
chr1	87339705	87339974	ncAvAR-1688	148
chr5	55818107	55818376	ncAvAR-1689	1059
chr9	14604232	14604501	ncAvAR-1690	1281
chr1	157946804	157947073	ncAvAR-1691	279
chr11	10487881	10488150	ncAvAR-1692	1359
chr12	1917583	1917852	ncAvAR-1693	1382
chr12	13266060	13266329	ncAvAR-1694	1405
chr1	50109860	50110129	ncAvAR-1695	84
chr2	89713087	89714166	ncAvAR-1696	518
chr2	91063623	91063892	ncAvAR-1697	523
chr1	106918710	106919520	ncAvAR-1698	183
chr7	33363759	33364029	ncAvAR-1699	1184
chr10	15959805	15960075	ncAvAR-1700	1312
chr13	16152059	16152329	ncAvAR-1701	1444
chr2	34033765	34034035	ncAvAR-1702	418
chr2	124892817	124893087	ncAvAR-1703	578
chr23	4410083	4410353	ncAvAR-1704	1528
chr11	4455841	4456383	ncAvAR-1705	1333
chr1	134308414	134308685	ncAvAR-1706	224
chr14	10847940	10848211	ncAvAR-1707	1454
chr2	27556588	27556859	ncAvAR-1708	395
chr2	35237660	35237931	ncAvAR-1709	421
chr1	49982669	49982940	ncAvAR-1710	83
chr3	35021087	35021358	ncAvAR-1711	694
chr6	34486315	34486859	ncAvAR-1712	1108
chr3	68415799	68416071	ncAvAR-1713	746
chr3	56433883	56434974	ncAvAR-1714	726
chr11	14144863	14145409	ncAvAR-1715	1364
chr6	15090590	15090863	ncAvAR-1716	1073
chr6	18017761	18018034	ncAvAR-1717	1078
chr2	43337053	43337326	ncAvAR-1718	436
chr12	16518629	16518903	ncAvAR-1719	1414
chr2	25505374	25505648	ncAvAR-1720	389
chr1	95187441	95187716	ncAvAR-1721	162
chr6	34514847	34515398	ncAvAR-1722	1108
chr2	60107394	60107669	ncAvAR-1723	467
chr2	139455455	139455730	ncAvAR-1724	608
chr2	114242597	114243149	ncAvAR-1725	559
chr5	31111242	31111518	ncAvAR-1726	985
chr5	33750016	33750292	ncAvAR-1727	993
chr7	4160041	4160317	ncAvAR-1728	1118
chr12	10474353	10474629	ncAvAR-1729	1395
chr18	3964010	3964286	ncAvAR-1730	1475
chr3	20785820	20786650	ncAvAR-1731	666
chr1	49152277	49152553	ncAvAR-1732	80
chr3	100592348	100592902	ncAvAR-1733	794
chr20	8106253	8106807	ncAvAR-1734	1504
chr5	40240307	40240584	ncAvAR-1735	1023
chr11	18091042	18091319	ncAvAR-1736	1376
chr1	5564936	5565213	ncAvAR-1737	11
chr11	4764949	4765784	ncAvAR-1738	1336
chr5	12299097	12299375	ncAvAR-1739	959
chr7	32738636	32738914	ncAvAR-1740	1181
chr3	18641508	18642065	ncAvAR-1741	654
chr12	8337187	8337745	ncAvAR-1742	1391
chr2	63605823	63606381	ncAvAR-1743	478
chr2	119875607	119876165	ncAvAR-1744	574
chr3	76087957	76088236	ncAvAR-1745	764
chr1	82429770	82430049	ncAvAR-1746	133
chr5	54511959	54512238	ncAvAR-1747	1056
chr8	27808422	27808701	ncAvAR-1748	1262
chr19	8594795	8595074	ncAvAR-1749	1488
chr3	51501769	51502048	ncAvAR-1750	716
chr4	57275365	57275645	ncAvAR-1751	900
chr20	2864251	2864531	ncAvAR-1752	1490
chr1	13716363	13716925	ncAvAR-1753	26
chr2	61931225	61932069	ncAvAR-1754	472
chr1	9465922	9466203	ncAvAR-1755	22
chr5	38761410	38761691	ncAvAR-1756	1016
chr7	15297112	15297393	ncAvAR-1757	1136
chr15	1962908	1963189	ncAvAR-1758	1457
chr2	67038250	67038531	ncAvAR-1759	488
chr2	90711017	90711298	ncAvAR-1760	519
chr5	37133850	37134414	ncAvAR-1761	1012
chr3	59580330	59580612	ncAvAR-1762	729
chr1	82109069	82109351	ncAvAR-1763	129
chr1	65545028	65545310	ncAvAR-1764	113
chr2	64054537	64055103	ncAvAR-1765	482
chr1	66427024	66427590	ncAvAR-1766	118
chr5	47408330	47408613	ncAvAR-1767	1035
chr5	47751849	47752132	ncAvAR-1768	1038
chr6	27939031	27939314	ncAvAR-1769	1093
chr9	5926600	5926883	ncAvAR-1770	1271
chr13	11584079	11584362	ncAvAR-1771	1436
chr2	8646443	8646726	ncAvAR-1772	348
chr24	3422701	3422984	ncAvAR-1773	1536
chr1	158213427	158213995	ncAvAR-1774	280
chr3	95507975	95508259	ncAvAR-1775	784
chr3	107841408	107841692	ncAvAR-1776	815
chr2	80876684	80876968	ncAvAR-1777	499
chr3	50941408	50941692	ncAvAR-1778	713
chr1	100163981	100164551	ncAvAR-1779	175
chr5	32175935	32176220	ncAvAR-1780	992
chr6	28149803	28150088	ncAvAR-1781	1094
chr1	99518406	99518691	ncAvAR-1782	172
chr2	27114461	27114746	ncAvAR-1783	392
chr2	32607304	32607589	ncAvAR-1784	413
chr2	134931150	134931435	ncAvAR-1785	601
chr3	23364788	23365360	ncAvAR-1786	672
chr12	10551217	10551503	ncAvAR-1787	1396
chr2	32617233	32617519	ncAvAR-1788	413
chr2	63764732	63765018	ncAvAR-1789	479
chr3	14027802	14028088	ncAvAR-1790	646
chr8	17890006	17890292	ncAvAR-1791	1219
chr4	697371	697658	ncAvAR-1792	825
chr1	79383631	79384206	ncAvAR-1793	124
chr6	21746676	21746963	ncAvAR-1794	1083
chr8	23414270	23414557	ncAvAR-1795	1242
chr1	41980449	41980736	ncAvAR-1796	70
chr20	11034709	11034996	ncAvAR-1797	1509
chr5	47361952	47362528	ncAvAR-1798	1035
chr9	4346826	4347114	ncAvAR-1799	1269
chr2	98883268	98883556	ncAvAR-1800	529
chr2	108330378	108330666	ncAvAR-1801	546
chr3	27803370	27803658	ncAvAR-1802	683
chr6	27719137	27719715	ncAvAR-1803	1091
chr11	8912350	8912928	ncAvAR-1804	1352
chr3	108465829	108466118	ncAvAR-1805	820
chr1	82162645	82162934	ncAvAR-1806	130
chr5	8002377	8002666	ncAvAR-1807	944
chr7	3651410	3651699	ncAvAR-1808	1116
chr7	20323890	20324179	ncAvAR-1809	1150
chr2	91354472	91354761	ncAvAR-1810	524
chr20	4508035	4508324	ncAvAR-1811	1495
chr24	2116502	2116791	ncAvAR-1812	1532
chr3	32802889	32803178	ncAvAR-1813	692
chr5	55897414	55897994	ncAvAR-1814	1059
chr1	83365387	83365677	ncAvAR-1815	141
chr11	5685627	5685917	ncAvAR-1816	1340
chr1	3785995	3786285	ncAvAR-1817	3
chr1	166424094	166424676	ncAvAR-1818	293
chr3	103762191	103762482	ncAvAR-1819	808
chr11	17521839	17522130	ncAvAR-1820	1374
chr2	27292176	27292467	ncAvAR-1821	393
chr2	50726431	50727015	ncAvAR-1822	451
chr3	93398104	93398396	ncAvAR-1823	778
chr5	35169555	35169847	ncAvAR-1824	999
chr6	35109852	35110144	ncAvAR-1825	1112
chr2	7549080	7549372	ncAvAR-1826	342
chr2	106691090	106691382	ncAvAR-1827	542
chr3	47624783	47625075	ncAvAR-1828	708
chr9	1776442	1776735	ncAvAR-1829	1266
chr2	90998131	90998718	ncAvAR-1830	522
chr2	129985211	129985504	ncAvAR-1831	594
chr5	11150619	11150913	ncAvAR-1832	954
chr10	16570808	16571102	ncAvAR-1833	1316
chr2	32411674	32411968	ncAvAR-1834	411
chr2	106781866	106782455	ncAvAR-1835	542
chr5	13705942	13706237	ncAvAR-1836	961
chr6	23854419	23854714	ncAvAR-1837	1087
chr7	320596	320891	ncAvAR-1838	1114
chr7	15898198	15898493	ncAvAR-1839	1137
chr8	22984441	22984736	ncAvAR-1840	1237
chr2	32039729	32040320	ncAvAR-1841	410
chr2	91555721	91556016	ncAvAR-1842	524
chr2	112209746	112210041	ncAvAR-1843	553
chr2	132147451	132147746	ncAvAR-1844	599
chr3	15043908	15044203	ncAvAR-1845	647
chr1	177467859	177468451	ncAvAR-1846	310
chr5	36679232	36679528	ncAvAR-1847	1008
chr1	107417404	107417700	ncAvAR-1848	184
chr1	179618588	179618884	ncAvAR-1849	313
chr2	32403935	32404528	ncAvAR-1850	411
chr24	2374627	2374923	ncAvAR-1851	1534
chr1	136175360	136175954	ncAvAR-1852	230
chr5	7235309	7235606	ncAvAR-1853	943
chr2	14521662	14521959	ncAvAR-1854	368
chr2	91549825	91550420	ncAvAR-1855	524
chr20	4551610	4551907	ncAvAR-1856	1495
chr5	31180217	31180814	ncAvAR-1857	986
chr2	114625403	114625701	ncAvAR-1858	561
chr3	108072382	108072980	ncAvAR-1859	817
chr5	31355856	31356155	ncAvAR-1860	987
chr2	9296384	9296683	ncAvAR-1861	352
chr26	4467996	4468295	ncAvAR-1862	1539
chr1	63883338	63883937	ncAvAR-1863	111
chr1	145855758	145856358	ncAvAR-1864	251
chr4	18344666	18344966	ncAvAR-1865	852
chr6	27840436	27840736	ncAvAR-1866	1092
chr8	21043656	21043956	ncAvAR-1867	1228
chr11	19387872	19388172	ncAvAR-1868	1380
chr17	10174200	10174500	ncAvAR-1869	1472
chr2	90923112	90923412	ncAvAR-1870	521
chr3	25775400	25775700	ncAvAR-1871	677
chr5	38995341	38995943	ncAvAR-1872	1018
chr7	33358015	33358316	ncAvAR-1873	1184
chr1	168368958	168369259	ncAvAR-1874	299
chr1	190409668	190409969	ncAvAR-1875	325
chr11	8861193	8861796	ncAvAR-1876	1351
chr12	9654892	9655495	ncAvAR-1877	1393
chr2	60943973	60944274	ncAvAR-1878	470
chr2	68851151	68851452	ncAvAR-1879	495
chr2	91333096	91333397	ncAvAR-1880	524
chr2	125331166	125331467	ncAvAR-1881	582
chr3	11398388	11398689	ncAvAR-1882	639
chr3	11457108	11457409	ncAvAR-1883	639
chr1	154735073	154735677	ncAvAR-1884	268
chr2	49685375	49685677	ncAvAR-1885	446
chr12	16142406	16143012	ncAvAR-1886	1411
chr9	12470077	12470380	ncAvAR-1887	1279
chr1	52162865	52163168	ncAvAR-1888	90
chr2	139670172	139670475	ncAvAR-1889	609
chr7	16353715	16354019	ncAvAR-1890	1141
chr2	119183074	119183378	ncAvAR-1891	569
chr2	130361619	130361923	ncAvAR-1892	598
chr3	1699280	1699584	ncAvAR-1893	625
chr3	20613747	20614051	ncAvAR-1894	664
chr1	25699166	25700081	ncAvAR-1895	41
chr7	17435549	17436159	ncAvAR-1896	1146
chr6	32602452	32602757	ncAvAR-1897	1104
chr9	11950945	11951250	ncAvAR-1898	1276
chr11	19561007	19561312	ncAvAR-1899	1381
chr2	61829899	61830204	ncAvAR-1900	471
chr2	103696876	103697181	ncAvAR-1901	533
chr20	8516687	8516992	ncAvAR-1902	1506
chr12	7798779	7799085	ncAvAR-1903	1388
chr2	108187774	108188080	ncAvAR-1904	545
chr1	82535931	82536238	ncAvAR-1905	134
chr5	10842079	10842386	ncAvAR-1906	952
chr6	33326825	33327132	ncAvAR-1907	1105
chr3	20703368	20703675	ncAvAR-1908	665
chr4	7245322	7245938	ncAvAR-1909	835
chr14	2884002	2884311	ncAvAR-1910	1450
chr2	35059566	35059875	ncAvAR-1911	421
chr2	107794476	107794785	ncAvAR-1912	544
chr2	119685724	119686033	ncAvAR-1913	572
chr4	45018962	45019272	ncAvAR-1914	892
chr4	45112738	45113048	ncAvAR-1915	893
chr7	3370652	3370962	ncAvAR-1916	1115
chr1	131060184	131060495	ncAvAR-1917	217
chr1	158523054	158523365	ncAvAR-1918	282
chr10	5225547	5225858	ncAvAR-1919	1300
chr2	67191947	67192258	ncAvAR-1920	489
chr24	2002815	2003126	ncAvAR-1921	1531
chr3	21389095	21389406	ncAvAR-1922	667
chr10	15637633	15638257	ncAvAR-1923	1310
chr8	22042713	22043025	ncAvAR-1924	1231
chr8	27350673	27350985	ncAvAR-1925	1257
chr2	35107224	35107536	ncAvAR-1926	421
chr2	143577902	143578214	ncAvAR-1927	611
chr3	71858376	71858689	ncAvAR-1928	753
chr4	53418177	53418490	ncAvAR-1929	897
chr5	56060495	56060808	ncAvAR-1930	1060
chr12	12790136	12790449	ncAvAR-1931	1402
chr2	28236630	28236943	ncAvAR-1932	397
chr20	4794631	4794944	ncAvAR-1933	1498
chr1	60044951	60045264	ncAvAR-1934	100
chr3	36484859	36485172	ncAvAR-1935	697
chr3	101151502	101151816	ncAvAR-1936	799
chr4	8309983	8310297	ncAvAR-1937	837
chr1	9193494	9194123	ncAvAR-1938	19
chr1	83383418	83383732	ncAvAR-1939	141
chr5	2269745	2270059	ncAvAR-1940	933
chr6	9090062	9090691	ncAvAR-1941	1066
chr1	145790042	145790356	ncAvAR-1942	251
chr1	154695202	154695516	ncAvAR-1943	268
chr1	175300013	175300327	ncAvAR-1944	307
chr3	75408346	75408661	ncAvAR-1945	762
chr1	82914090	82914405	ncAvAR-1946	137
chr5	36677608	36677923	ncAvAR-1947	1008
chr8	23325426	23325741	ncAvAR-1948	1241
chr11	6133572	6134203	ncAvAR-1949	1343
chr2	32293554	32293869	ncAvAR-1950	411
chr3	19857278	19857593	ncAvAR-1951	659
chr3	20093725	20094040	ncAvAR-1952	661
chr4	43438152	43438468	ncAvAR-1953	890
chr5	36601863	36602179	ncAvAR-1954	1008
chr6	27798216	27798532	ncAvAR-1955	1092
chr2	27601357	27601673	ncAvAR-1956	395
chr2	114399125	114399441	ncAvAR-1957	560
chr3	21443639	21444272	ncAvAR-1958	667
chr8	22504064	22504381	ncAvAR-1959	1234
chr1	192038796	192039113	ncAvAR-1960	329
chr11	17353600	17353917	ncAvAR-1961	1373
chr11	19360990	19361307	ncAvAR-1962	1380
chr2	110426443	110426760	ncAvAR-1963	552
chr2	17141322	17141640	ncAvAR-1964	377
chr1	66020927	66021245	ncAvAR-1965	116
chr4	32058235	32058554	ncAvAR-1966	868
chr7	17971580	17972539	ncAvAR-1967	1148
chr7	18296591	18296910	ncAvAR-1968	1149
chr13	4105507	4105826	ncAvAR-1969	1425
chr7	20282104	20282424	ncAvAR-1970	1150
chr1	155072703	155073023	ncAvAR-1971	272
chr1	46263575	46263895	ncAvAR-1972	74
chr2	34798026	34798346	ncAvAR-1973	419
chr2	125591792	125592112	ncAvAR-1974	583
chr24	3286193	3286513	ncAvAR-1975	1535
chr4	44984372	44984693	ncAvAR-1976	892
chr4	85134852	85135173	ncAvAR-1977	930
chr2	8899621	8900264	ncAvAR-1978	349
chr3	21603235	21603556	ncAvAR-1979	667
chr1	137886350	137886672	ncAvAR-1980	234
chr11	14299610	14299932	ncAvAR-1981	1365
chr18	2923430	2923752	ncAvAR-1982	1474
chr5	31329033	31329356	ncAvAR-1983	987
chr12	16033140	16033463	ncAvAR-1984	1410
chr2	9357037	9357360	ncAvAR-1985	353
chr1	50111841	50112164	ncAvAR-1986	84
chr5	45963877	45964201	ncAvAR-1987	1029
chr8	12854035	12854359	ncAvAR-1988	1207
chr1	166568675	166568999	ncAvAR-1989	294
chr2	30249124	30249448	ncAvAR-1990	403
chr2	108400900	108401224	ncAvAR-1991	547
chr3	21366488	21366812	ncAvAR-1992	667
chr2	35233081	35233731	ncAvAR-1993	421
chr5	35815548	35816199	ncAvAR-1994	1004
chr7	21604959	21605284	ncAvAR-1995	1156
chr2	135389252	135389577	ncAvAR-1996	603
chr24	2121065	2121390	ncAvAR-1997	1532
chr5	5225863	5226189	ncAvAR-1998	937
chr6	19541704	19542030	ncAvAR-1999	1081
chr7	10608073	10608399	ncAvAR-2000	1127
chr8	22069861	22070187	ncAvAR-2001	1231
chr11	9458155	9458481	ncAvAR-2002	1356
chr1	4867212	4867538	ncAvAR-2003	6
chr2	57525701	57526027	ncAvAR-2004	461
chr2	107243711	107244037	ncAvAR-2005	543
chr2	124978138	124978464	ncAvAR-2006	578
chr5	8203878	8204205	ncAvAR-2007	945
chr8	27096203	27096530	ncAvAR-2008	1255
chr1	136039007	136039334	ncAvAR-2009	229
chr10	11826509	11826836	ncAvAR-2010	1303
chr10	15691864	15692191	ncAvAR-2011	1310
chr2	96627158	96627485	ncAvAR-2012	527
chr4	65559369	65559697	ncAvAR-2013	906
chr2	43504249	43504577	ncAvAR-2014	437
chr2	89730128	89730456	ncAvAR-2015	518
chr3	20016011	20016339	ncAvAR-2016	660
chr3	19725857	19726515	ncAvAR-2017	658
chr12	15285088	15285417	ncAvAR-2018	1409
chr15	12248329	12248658	ncAvAR-2019	1466
chr2	60940628	60940957	ncAvAR-2020	470
chr3	77426614	77427274	ncAvAR-2021	768
chr3	20781035	20781695	ncAvAR-2022	666
chr1	145777200	145777530	ncAvAR-2023	251
chr4	77696056	77696718	ncAvAR-2024	920
chr5	54380955	54381286	ncAvAR-2025	1055
chr8	28114921	28115252	ncAvAR-2026	1264
chr24	3501705	3502036	ncAvAR-2027	1537
chr2	119189273	119189937	ncAvAR-2028	569
chr5	39820642	39820974	ncAvAR-2029	1022
chr6	34697311	34697643	ncAvAR-2030	1109
chr7	25883320	25883652	ncAvAR-2031	1165
chr8	18791794	18792126	ncAvAR-2032	1223
chr10	5632414	5632746	ncAvAR-2033	1301
chr3	21368507	21368839	ncAvAR-2034	667
chr8	1886322	1886655	ncAvAR-2035	1196
chr1	110056423	110056756	ncAvAR-2036	192
chr1	166524056	166524389	ncAvAR-2037	294
chr2	33320772	33321105	ncAvAR-2038	417
chr4	6867431	6867765	ncAvAR-2039	833
chr2	90946858	90947528	ncAvAR-2040	521
chr1	72718289	72718624	ncAvAR-2041	121
chr3	107873177	107873848	ncAvAR-2042	815
chr1	82101065	82101400	ncAvAR-2043	129
chr1	154960443	154961114	ncAvAR-2044	270
chr2	125090901	125091236	ncAvAR-2045	578
chr12	9757650	9757986	ncAvAR-2046	1393
chr13	6548644	6549317	ncAvAR-2047	1430
chr3	71581639	71581976	ncAvAR-2048	752
chr1	98364307	98364644	ncAvAR-2049	170
chr8	27916212	27916549	ncAvAR-2050	1263
chr20	4709623	4709960	ncAvAR-2051	1497
chr1	158266951	158267289	ncAvAR-2052	280
chr12	6362132	6362470	ncAvAR-2053	1386
chr2	10681808	10682146	ncAvAR-2054	356
chr2	14366272	14366610	ncAvAR-2055	367
chr2	49322705	49323043	ncAvAR-2056	443
chr3	101160162	101160501	ncAvAR-2057	799
chr1	154953224	154953563	ncAvAR-2058	270
chr3	102146583	102147264	ncAvAR-2059	802
chr20	12822611	12822951	ncAvAR-2060	1517
chr3	51148396	51148736	ncAvAR-2061	714
chr4	32919703	32920044	ncAvAR-2062	872
chr5	14568048	14568389	ncAvAR-2063	965
chr6	28247231	28247572	ncAvAR-2064	1094
chr7	20356894	20357235	ncAvAR-2065	1150
chr2	103720772	103721113	ncAvAR-2066	533
chr5	56068496	56069181	ncAvAR-2067	1060
chr13	11430827	11431169	ncAvAR-2068	1436
chr2	91556464	91556806	ncAvAR-2069	524
chr2	126451947	126452289	ncAvAR-2070	585
chr3	19117969	19118311	ncAvAR-2071	656
chr5	37972913	37973600	ncAvAR-2072	1015
chr5	39701339	39701682	ncAvAR-2073	1021
chr14	11195942	11196285	ncAvAR-2074	1455
chr3	77018964	77019308	ncAvAR-2075	766
chr4	32259151	32259495	ncAvAR-2076	869
chr6	34808416	34808760	ncAvAR-2077	1109
chr9	22649950	22650294	ncAvAR-2078	1298
chr2	103715386	103715730	ncAvAR-2079	533
chr3	3677172	3677516	ncAvAR-2080	626
chr2	6071261	6071606	ncAvAR-2081	338
chr4	38998426	38999118	ncAvAR-2082	880
chr20	4291425	4291771	ncAvAR-2083	1493
chr3	76189867	76190561	ncAvAR-2084	765
chr5	31367814	31368161	ncAvAR-2085	987
chr1	136287605	136287952	ncAvAR-2086	230
chr1	18881932	18882279	ncAvAR-2087	30
chr2	60784934	60785281	ncAvAR-2088	469
chr7	33067011	33067359	ncAvAR-2089	1182
chr11	9502173	9502521	ncAvAR-2090	1356
chr2	45280916	45281264	ncAvAR-2091	439
chr2	112255850	112256198	ncAvAR-2092	553
chr5	37989505	37990203	ncAvAR-2093	1015
chr1	135524089	135524438	ncAvAR-2094	226
chr1	25559935	25560284	ncAvAR-2095	40
chr11	14792482	14792831	ncAvAR-2096	1370
chr3	75117806	75118156	ncAvAR-2097	759
chr5	5810999	5811349	ncAvAR-2098	942
chr1	117252832	117253533	ncAvAR-2099	204
chr11	5222616	5222966	ncAvAR-2100	1337
chr2	39269717	39270067	ncAvAR-2101	432
chr2	113982339	113982689	ncAvAR-2102	557
chr5	58559563	58559914	ncAvAR-2103	1061
chr2	116281821	116282172	ncAvAR-2104	562
chr12	10559635	10559987	ncAvAR-2105	1396
chr2	91162883	91163235	ncAvAR-2106	523
chr2	117808125	117808477	ncAvAR-2107	567
chr15	2096413	2097119	ncAvAR-2108	1459
chr3	100935466	100935819	ncAvAR-2109	797
chr3	108344721	108345074	ncAvAR-2110	819
chr5	48103757	48104464	ncAvAR-2111	1040
chr7	14392103	14392456	ncAvAR-2112	1134
chr18	8678168	8678521	ncAvAR-2113	1481
chr5	10985273	10985627	ncAvAR-2114	953
chr7	29755899	29756253	ncAvAR-2115	1174
chr2	28637361	28637715	ncAvAR-2116	398
chr3	11298109	11298818	ncAvAR-2117	638
chr1	63336625	63337335	ncAvAR-2118	108
chr4	33044768	33045123	ncAvAR-2119	873
chr5	40657225	40657580	ncAvAR-2120	1025
chr1	140915763	140916475	ncAvAR-2121	239
chr11	19267733	19268089	ncAvAR-2122	1379
chr6	35108228	35108585	ncAvAR-2123	1112
chr3	55771744	55772101	ncAvAR-2124	725
chr3	56400337	56401053	ncAvAR-2125	726
chr7	16198493	16199210	ncAvAR-2126	1139
chr1	135694405	135694764	ncAvAR-2127	227
chr2	8023208	8023567	ncAvAR-2128	344
chr2	49758472	49758831	ncAvAR-2129	447
chr3	53723621	53723980	ncAvAR-2130	720
chr5	36669274	36669994	ncAvAR-2131	1008
chr6	5674990	5675350	ncAvAR-2132	1063
chr2	8228405	8228765	ncAvAR-2133	346
chr1	98502851	98503212	ncAvAR-2134	171
chr2	35402152	35402513	ncAvAR-2135	423
chr3	1607531	1607892	ncAvAR-2136	625
chr13	11987216	11987939	ncAvAR-2137	1438
chr3	103160335	103160697	ncAvAR-2138	805
chr1	106540013	106540375	ncAvAR-2139	182
chr13	10490399	10490761	ncAvAR-2140	1433
chr1	82487583	82487946	ncAvAR-2141	134
chr1	168156254	168156617	ncAvAR-2142	298
chr1	26254405	26254768	ncAvAR-2143	46
chr2	112364175	112364538	ncAvAR-2144	553
chr1	141067404	141067768	ncAvAR-2145	240
chr1	145891867	145892231	ncAvAR-2146	251
chr1	187832720	187833084	ncAvAR-2147	321
chr3	56550342	56550706	ncAvAR-2148	727
chr7	10599678	10600043	ncAvAR-2149	1127
chr3	30595543	30595908	ncAvAR-2150	687
chr4	32997615	32997981	ncAvAR-2151	873
chr1	94416327	94416693	ncAvAR-2152	159
chr8	7047997	7048363	ncAvAR-2153	1206
chr1	136194250	136194616	ncAvAR-2154	230
chr2	109560111	109560477	ncAvAR-2155	549
chr8	15189440	15190174	ncAvAR-2156	1212
chr8	22424572	22424939	ncAvAR-2157	1233
chr2	30344548	30344915	ncAvAR-2158	404
chr3	15375166	15375902	ncAvAR-2159	648
chr4	17866215	17866583	ncAvAR-2160	850
chr4	43541946	43542314	ncAvAR-2161	891
chr11	13528736	13529104	ncAvAR-2162	1363
chr2	89590888	89591256	ncAvAR-2163	517
chr3	39765184	39765552	ncAvAR-2164	700
chr6	33332579	33332948	ncAvAR-2165	1105
chr5	42676055	42676425	ncAvAR-2166	1026
chr7	28034449	28034820	ncAvAR-2167	1169
chr9	12165688	12166059	ncAvAR-2168	1278
chr8	2542254	2542626	ncAvAR-2169	1200
chr8	15727657	15728029	ncAvAR-2170	1213
chr11	6719515	6719887	ncAvAR-2171	1345
chr1	34457424	34457796	ncAvAR-2172	60
chr3	44163082	44163454	ncAvAR-2173	706
chr5	38990383	38990756	ncAvAR-2174	1018
chr7	21474751	21475124	ncAvAR-2175	1155
chr2	9176160	9176534	ncAvAR-2176	351
chr5	5666527	5666902	ncAvAR-2177	940
chr7	10681944	10682319	ncAvAR-2178	1128
chr2	86178762	86179137	ncAvAR-2179	506
chr3	20406681	20407056	ncAvAR-2180	663
chr4	5418212	5418588	ncAvAR-2181	829
chr5	29624547	29624923	ncAvAR-2182	983
chr2	10118557	10118933	ncAvAR-2183	354
chr2	103895145	103895521	ncAvAR-2184	535
chr3	99060809	99061186	ncAvAR-2185	789
chr11	9402064	9402441	ncAvAR-2186	1356
chr2	112546841	112547596	ncAvAR-2187	554
chr2	83377570	83378326	ncAvAR-2188	501
chr1	34262086	34262464	ncAvAR-2189	59
chr3	1685612	1685990	ncAvAR-2190	625
chr13	6940843	6941222	ncAvAR-2191	1431
chr4	43431036	43431796	ncAvAR-2192	890
chr5	31459089	31459469	ncAvAR-2193	988
chr6	30297248	30297628	ncAvAR-2194	1098
chr7	20615736	20616116	ncAvAR-2195	1151
chr10	11834440	11834820	ncAvAR-2196	1303
chr1	19255263	19255644	ncAvAR-2197	31
chr13	14554438	14554819	ncAvAR-2198	1441
chr2	8099369	8100132	ncAvAR-2199	345
chr1	131118979	131119361	ncAvAR-2200	217
chr11	9060013	9060395	ncAvAR-2201	1353
chr2	25344801	25345183	ncAvAR-2202	388
chr2	37587713	37588095	ncAvAR-2203	426
chr6	27940883	27941266	ncAvAR-2204	1093
chr6	34573136	34573519	ncAvAR-2205	1108
chr1	99926320	99926703	ncAvAR-2206	174
chr2	17406734	17407117	ncAvAR-2207	378
chr2	119371426	119371809	ncAvAR-2208	571
chr2	130227292	130228060	ncAvAR-2209	596
chr4	25988983	25989367	ncAvAR-2210	858
chr9	12365233	12365618	ncAvAR-2211	1279
chr9	20198765	20199150	ncAvAR-2212	1293
chr13	4144015	4144400	ncAvAR-2213	1425
chr18	3905176	3905561	ncAvAR-2214	1475
chr2	34753405	34753790	ncAvAR-2215	419
chr2	91135149	91135534	ncAvAR-2216	523
chr2	126507924	126508695	ncAvAR-2217	586
chr4	4476705	4477091	ncAvAR-2218	827
chr11	13420220	13420606	ncAvAR-2219	1362
chr13	11501308	11501694	ncAvAR-2220	1436
chr6	34471002	34471389	ncAvAR-2221	1108
chr11	4097964	4098351	ncAvAR-2222	1330
chr3	19969809	19970196	ncAvAR-2223	660
chr5	11553533	11554310	ncAvAR-2224	957
chr1	25582557	25582945	ncAvAR-2225	40
chr1	6332857	6333245	ncAvAR-2226	14
chr2	119787391	119787779	ncAvAR-2227	573
chr5	39475944	39476333	ncAvAR-2228	1020
chr1	51994495	51994884	ncAvAR-2229	89
chr3	1739424	1739813	ncAvAR-2230	625
chr3	3814392	3814781	ncAvAR-2231	627
chr3	72056172	72056562	ncAvAR-2232	754
chr6	28215026	28215416	ncAvAR-2233	1094
chr1	34381610	34382000	ncAvAR-2234	60
chr2	33232155	33232545	ncAvAR-2235	416
chr5	56043022	56043413	ncAvAR-2236	1060
chr1	134123237	134123628	ncAvAR-2237	222
chr1	4940618	4941009	ncAvAR-2238	6
chr5	31717653	31718046	ncAvAR-2239	990
chr1	156126565	156126958	ncAvAR-2240	274
chr3	19657121	19657908	ncAvAR-2241	658
chr4	31604616	31605404	ncAvAR-2242	866
chr11	3929887	3930281	ncAvAR-2243	1328
chr13	16191839	16192233	ncAvAR-2244	1444
chr2	87482468	87482862	ncAvAR-2245	512
chr2	127653301	127653695	ncAvAR-2246	588
chr1	63441990	63442384	ncAvAR-2247	109
chr1	163202879	163203274	ncAvAR-2248	287
chr2	35100916	35101311	ncAvAR-2249	421
chr2	103700340	103700735	ncAvAR-2250	533
chr1	55063093	55063488	ncAvAR-2251	97
chr2	34788287	34789079	ncAvAR-2252	419
chr8	13576166	13576562	ncAvAR-2253	1210
chr12	12862387	12862783	ncAvAR-2254	1403
chr2	32341121	32341517	ncAvAR-2255	411
chr2	5195009	5195406	ncAvAR-2256	333
chr1	157812684	157813082	ncAvAR-2257	278
chr3	855762	856160	ncAvAR-2258	619
chr3	11775334	11775732	ncAvAR-2259	642
chr3	66169658	66170057	ncAvAR-2260	741
chr8	13440451	13440850	ncAvAR-2261	1209
chr1	136007887	136008686	ncAvAR-2262	229
chr13	16173808	16174207	ncAvAR-2263	1444
chr20	11349769	11350168	ncAvAR-2264	1511
chr6	34763554	34763954	ncAvAR-2265	1109
chr1	98386998	98387398	ncAvAR-2266	170
chr7	28695431	28695831	ncAvAR-2267	1171
chr1	108236484	108236884	ncAvAR-2268	186
chr2	33122490	33122890	ncAvAR-2269	415
chr3	19593027	19593427	ncAvAR-2270	658
chr5	51311498	51311899	ncAvAR-2271	1046
chr7	12813107	12813508	ncAvAR-2272	1132
chr2	108412869	108413270	ncAvAR-2273	547
chr5	37095871	37096273	ncAvAR-2274	1012
chr1	92395829	92396231	ncAvAR-2275	154
chr1	83544712	83545115	ncAvAR-2276	142
chr6	15205555	15205958	ncAvAR-2277	1073
chr8	848564	848967	ncAvAR-2278	1194
chr5	36887892	36888296	ncAvAR-2279	1010
chr1	83324109	83324514	ncAvAR-2280	141
chr11	12155569	12155974	ncAvAR-2281	1361
chr2	31895270	31895675	ncAvAR-2282	409
chr3	103671412	103671818	ncAvAR-2283	807
chr8	26494822	26495228	ncAvAR-2284	1254
chr2	91772238	91772644	ncAvAR-2285	525
chr1	50110971	50111785	ncAvAR-2286	84
chr1	131055759	131056166	ncAvAR-2287	217
chr11	15324537	15324944	ncAvAR-2288	1371
chr2	86024871	86025278	ncAvAR-2289	505
chr1	147690137	147690953	ncAvAR-2290	259
chr1	142357535	142357943	ncAvAR-2291	242
chr12	8518557	8518965	ncAvAR-2292	1392
chr1	157743693	157744102	ncAvAR-2293	278
chr2	35867935	35868344	ncAvAR-2294	424
chr4	5670749	5671159	ncAvAR-2295	831
chr4	42011088	42011498	ncAvAR-2296	888
chr2	13905017	13905427	ncAvAR-2297	365
chr3	107940344	107940755	ncAvAR-2298	816
chr7	33348335	33348746	ncAvAR-2299	1184
chr1	147627113	147627524	ncAvAR-2300	258
chr11	9416086	9416497	ncAvAR-2301	1356
chr2	66728268	66728679	ncAvAR-2302	485
chr3	25863784	25864195	ncAvAR-2303	678
chr5	48058028	48058440	ncAvAR-2304	1040
chr1	136140506	136140918	ncAvAR-2305	230
chr2	91359827	91360240	ncAvAR-2306	524
chr1	187928272	187928686	ncAvAR-2307	322
chr2	24338535	24338949	ncAvAR-2308	387
chr2	87548850	87549264	ncAvAR-2309	512
chr1	22912791	22913206	ncAvAR-2310	36
chr10	15685927	15686342	ncAvAR-2311	1310
chr12	9664573	9664988	ncAvAR-2312	1393
chr12	16065667	16066082	ncAvAR-2313	1410
chr26	4832114	4832529	ncAvAR-2314	1540
chr11	14126493	14126909	ncAvAR-2315	1364
chr2	116861486	116861902	ncAvAR-2316	564
chr18	3947988	3948405	ncAvAR-2317	1475
chr2	32540791	32541208	ncAvAR-2318	412
chr2	50659189	50659606	ncAvAR-2319	450
chr7	23931711	23932129	ncAvAR-2320	1162
chr13	16364932	16365350	ncAvAR-2321	1445
chr2	24403888	24404306	ncAvAR-2322	387
chr1	60227303	60228140	ncAvAR-2323	101
chr13	4045224	4046062	ncAvAR-2324	1424
chr3	60317098	60317517	ncAvAR-2325	732
chr3	108599009	108599428	ncAvAR-2326	821
chr3	109290042	109290461	ncAvAR-2327	823
chr5	36629240	36629659	ncAvAR-2328	1008
chr1	136237133	136237553	ncAvAR-2329	230
chr2	126626393	126626813	ncAvAR-2330	587
chr5	36709211	36710054	ncAvAR-2331	1008
chr8	27236100	27236521	ncAvAR-2332	1256
chr13	11637400	11637821	ncAvAR-2333	1436
chr5	10180573	10180996	ncAvAR-2334	949
chr1	31627937	31628360	ncAvAR-2335	55
chr3	26186904	26187328	ncAvAR-2336	680
chr12	16074651	16075076	ncAvAR-2337	1410
chr1	65542764	65543189	ncAvAR-2338	113
chr3	72180205	72180631	ncAvAR-2339	755
chr7	5376126	5376552	ncAvAR-2340	1121
chr1	158404025	158404878	ncAvAR-2341	281
chr1	158620128	158620554	ncAvAR-2342	283
chr3	77057766	77058193	ncAvAR-2343	766
chr3	103222144	103222571	ncAvAR-2344	805
chr7	25971553	25971980	ncAvAR-2345	1166
chr1	4919653	4920080	ncAvAR-2346	6
chr2	34897595	34898022	ncAvAR-2347	420
chr2	91294845	91295700	ncAvAR-2348	524
chr3	72459009	72459437	ncAvAR-2349	757
chr4	15162858	15163286	ncAvAR-2350	847
chr5	33768971	33769399	ncAvAR-2351	993
chr1	157673514	157673942	ncAvAR-2352	278
chr2	8395841	8396269	ncAvAR-2353	347
chr2	40494236	40494664	ncAvAR-2354	434
chr6	33291141	33291570	ncAvAR-2355	1105
chr1	25556093	25556522	ncAvAR-2356	40
chr13	11707867	11708296	ncAvAR-2357	1436
chr4	11120475	11120905	ncAvAR-2358	842
chr1	174497622	174498053	ncAvAR-2359	305
chr3	94722490	94722922	ncAvAR-2360	781
chr7	33844028	33844460	ncAvAR-2361	1187
chr12	12737717	12738149	ncAvAR-2362	1401
chr2	15740168	15740600	ncAvAR-2363	373
chr2	104998844	104999277	ncAvAR-2364	538
chr1	94905348	94905782	ncAvAR-2365	161
chr6	18089316	18089750	ncAvAR-2366	1079
chr1	157701166	157701600	ncAvAR-2367	278
chr2	30503389	30503823	ncAvAR-2368	405
chr2	63990690	63991559	ncAvAR-2369	481
chr4	33070797	33071232	ncAvAR-2370	873
chr11	4721036	4721471	ncAvAR-2371	1336
chr2	63330870	63331305	ncAvAR-2372	475
chr2	103455311	103455746	ncAvAR-2373	531
chr5	31520659	31521095	ncAvAR-2374	989
chr10	16545439	16545875	ncAvAR-2375	1316
chr10	16795221	16795658	ncAvAR-2376	1318
chr2	27614391	27614828	ncAvAR-2377	395
chr5	31784490	31784928	ncAvAR-2378	990
chr1	99909022	99909460	ncAvAR-2379	174
chr5	11207984	11208423	ncAvAR-2380	955
chr9	12068393	12068832	ncAvAR-2381	1277
chr15	2035237	2035676	ncAvAR-2382	1458
chr3	23466574	23467013	ncAvAR-2383	673
chr6	30540173	30540614	ncAvAR-2384	1100
chr4	18438495	18438937	ncAvAR-2385	853
chr5	56058469	56058911	ncAvAR-2386	1060
chr13	10141067	10141509	ncAvAR-2387	1432
chr2	89732938	89733380	ncAvAR-2388	518
chr5	37019818	37020261	ncAvAR-2389	1011
chr1	46315985	46316428	ncAvAR-2390	74
chr3	72026589	72027033	ncAvAR-2391	754
chr11	9156750	9157194	ncAvAR-2392	1354
chr2	56596628	56597517	ncAvAR-2393	457
chr2	128114157	128114601	ncAvAR-2394	592
chr2	122260630	122261075	ncAvAR-2395	577
chr20	4770503	4770948	ncAvAR-2396	1498
chr1	26433171	26433617	ncAvAR-2397	48
chr8	24194484	24195378	ncAvAR-2398	1246
chr5	58812795	58813242	ncAvAR-2399	1062
chr5	58858128	58858575	ncAvAR-2400	1062
chr8	12873176	12873623	ncAvAR-2401	1207
chr8	28091036	28091483	ncAvAR-2402	1264
chr1	146379435	146379882	ncAvAR-2403	253
chr2	91133676	91134123	ncAvAR-2404	523
chr3	953833	954280	ncAvAR-2405	620
chr1	157912147	157912595	ncAvAR-2406	279
chr1	25886201	25886649	ncAvAR-2407	42
chr6	14826666	14827115	ncAvAR-2408	1072
chr9	12072990	12073439	ncAvAR-2409	1277
chr1	64585506	64585955	ncAvAR-2410	112
chr1	25580437	25580888	ncAvAR-2411	40
chr2	67479158	67479609	ncAvAR-2412	491
chr6	34919978	34920430	ncAvAR-2413	1110
chr8	13512658	13513110	ncAvAR-2414	1210
chr5	47758056	47758509	ncAvAR-2415	1038
chr10	13346231	13346684	ncAvAR-2416	1305
chr4	8474829	8475283	ncAvAR-2417	838
chr4	78708585	78709039	ncAvAR-2418	922
chr11	4704548	4705002	ncAvAR-2419	1336
chr4	78638762	78639217	ncAvAR-2420	921
chr1	158483692	158484147	ncAvAR-2421	282
chr2	117110906	117111361	ncAvAR-2422	566
chr4	40750348	40750804	ncAvAR-2423	886
chr13	11591372	11591828	ncAvAR-2424	1436
chr8	23731048	23731505	ncAvAR-2425	1243
chr2	35391729	35392186	ncAvAR-2426	423
chr2	13997047	13997505	ncAvAR-2427	366
chr1	57689004	57689462	ncAvAR-2428	99
chr3	67520148	67520607	ncAvAR-2429	744
chr10	11971544	11972003	ncAvAR-2430	1304
chr2	125019852	125020771	ncAvAR-2431	578
chr3	18444315	18444775	ncAvAR-2432	652
chr1	157666298	157666759	ncAvAR-2433	278
chr12	16149019	16149480	ncAvAR-2434	1411
chr2	59755674	59756135	ncAvAR-2435	463
chr4	37438732	37439194	ncAvAR-2436	879
chr7	25728265	25728727	ncAvAR-2437	1164
chr1	66040011	66040473	ncAvAR-2438	116
chr5	33984908	33985834	ncAvAR-2439	995
chr5	35239681	35240144	ncAvAR-2440	1000
chr1	158133270	158133733	ncAvAR-2441	280
chr10	16154986	16155449	ncAvAR-2442	1314
chr2	49412706	49413169	ncAvAR-2443	444
chr2	104030850	104031313	ncAvAR-2444	535
chr20	12905795	12906258	ncAvAR-2445	1518
chr4	73795181	73795645	ncAvAR-2446	908
chr9	17308143	17308607	ncAvAR-2447	1289
chr11	19403814	19404278	ncAvAR-2448	1380
chr2	103565124	103565588	ncAvAR-2449	532
chr20	8473021	8473485	ncAvAR-2450	1506
chr6	9060413	9060878	ncAvAR-2451	1066
chr1	99755702	99756167	ncAvAR-2452	173
chr13	11615904	11616836	ncAvAR-2453	1436
chr3	68664757	68665224	ncAvAR-2454	747
chr5	35737605	35738072	ncAvAR-2455	1004
chr2	29063315	29063782	ncAvAR-2456	399
chr8	23140198	23140666	ncAvAR-2457	1239
chr11	5302318	5302786	ncAvAR-2458	1338
chr2	67317163	67317631	ncAvAR-2459	490
chr4	8487850	8488319	ncAvAR-2460	838
chr8	23831711	23832180	ncAvAR-2461	1244
chr8	18090178	18090648	ncAvAR-2462	1220
chr9	8045832	8046773	ncAvAR-2463	1273
chr1	195490833	195491304	ncAvAR-2464	330
chr10	17117528	17117999	ncAvAR-2465	1322
chr1	142344381	142344853	ncAvAR-2466	242
chr1	181689129	181689601	ncAvAR-2467	317
chr3	56427962	56428434	ncAvAR-2468	726
chr7	5205813	5206286	ncAvAR-2469	1120
chr1	100639421	100639894	ncAvAR-2470	178
chr3	106563782	106564256	ncAvAR-2471	810
chr3	1587233	1587708	ncAvAR-2472	625
chr5	5448579	5449055	ncAvAR-2473	938
chr5	36479730	36480206	ncAvAR-2474	1007
chr5	44542856	44543332	ncAvAR-2475	1028
chr3	21410233	21410709	ncAvAR-2476	667
chr7	32937288	32937765	ncAvAR-2477	1182
chr2	33333889	33334366	ncAvAR-2478	417
chr2	57335585	57336062	ncAvAR-2479	460
chr3	41163516	41163993	ncAvAR-2480	703
chr1	22963625	22964103	ncAvAR-2481	36
chr14	11436696	11437174	ncAvAR-2482	1456
chr2	50791527	50792005	ncAvAR-2483	452
chr2	59663798	59664276	ncAvAR-2484	463
chr18	3866109	3867067	ncAvAR-2485	1475
chr5	36633273	36633752	ncAvAR-2486	1008
chr1	92624523	92625002	ncAvAR-2487	155
chr7	30124809	30125288	ncAvAR-2488	1175
chr15	2482596	2483076	ncAvAR-2489	1460
chr1	98311523	98312005	ncAvAR-2490	169
chr2	87536237	87536719	ncAvAR-2491	512
chr7	35936657	35937140	ncAvAR-2492	1192
chr17	10096369	10096852	ncAvAR-2493	1472
chr2	91604612	91605095	ncAvAR-2494	524
chr2	37649650	37650134	ncAvAR-2495	427
chr4	25667882	25668368	ncAvAR-2496	857
chr4	31692824	31693310	ncAvAR-2497	867
chr5	47328545	47329031	ncAvAR-2498	1035
chr9	11913791	11914277	ncAvAR-2499	1276
chr1	25497188	25497674	ncAvAR-2500	39
chr2	30597902	30598389	ncAvAR-2501	406
chr6	34522471	34522959	ncAvAR-2502	1108
chr8	16180632	16181120	ncAvAR-2503	1216
chr10	16090019	16090507	ncAvAR-2504	1313
chr12	12844087	12844575	ncAvAR-2505	1403
chr2	91758532	91759020	ncAvAR-2506	525
chr3	100680358	100680847	ncAvAR-2507	795
chr3	50727037	50727527	ncAvAR-2508	712
chr2	112403970	112404461	ncAvAR-2509	553
chr13	10489615	10490107	ncAvAR-2510	1433
chr2	38703640	38704132	ncAvAR-2511	430
chr2	57069166	57069658	ncAvAR-2512	458
chr3	25471547	25472039	ncAvAR-2513	674
chr1	36237857	36238350	ncAvAR-2514	62
chr3	23520068	23520561	ncAvAR-2515	673
chr2	20257017	20257511	ncAvAR-2516	381
chr13	5982387	5982882	ncAvAR-2517	1428
chr2	119086215	119086710	ncAvAR-2518	568
chr3	21718451	21718946	ncAvAR-2519	668
chr2	35174378	35174874	ncAvAR-2520	421
chr1	100139515	100140013	ncAvAR-2521	175
chr1	166974739	166975237	ncAvAR-2522	296
chr2	91627259	91627757	ncAvAR-2523	524
chr5	32101184	32101684	ncAvAR-2524	992
chr4	39875165	39875666	ncAvAR-2525	882
chr2	125146107	125146608	ncAvAR-2526	579
chr7	34111491	34111994	ncAvAR-2527	1189
chr5	46788998	46789502	ncAvAR-2528	1031
chr13	5759665	5760169	ncAvAR-2529	1427
chr3	20681981	20682485	ncAvAR-2530	665
chr6	15228631	15229136	ncAvAR-2531	1073
chr8	27510575	27511080	ncAvAR-2532	1259
chr2	16926896	16927401	ncAvAR-2533	376
chr2	103941817	103942322	ncAvAR-2534	535
chr1	136228481	136228987	ncAvAR-2535	230
chr2	50567029	50567535	ncAvAR-2536	449
chr1	54950204	54950710	ncAvAR-2537	96
chr5	47477263	47477770	ncAvAR-2538	1035
chr2	86707604	86708112	ncAvAR-2539	508
chr3	1768554	1769062	ncAvAR-2540	625
chr1	110963066	110963575	ncAvAR-2541	193
chr1	4880858	4881367	ncAvAR-2542	6
chr3	1146186	1146695	ncAvAR-2543	622
chr2	59145795	59146305	ncAvAR-2544	462
chr1	145531180	145531691	ncAvAR-2545	249
chr12	16513666	16514177	ncAvAR-2546	1414
chr4	18508941	18509453	ncAvAR-2547	854
chr5	47204824	47205336	ncAvAR-2548	1034
chr6	30883996	30884508	ncAvAR-2549	1102
chr1	145815772	145816286	ncAvAR-2550	251
chr18	2443442	2443957	ncAvAR-2551	1473
chr2	117040603	117041119	ncAvAR-2552	565
chr4	57154013	57154530	ncAvAR-2553	899
chr9	16901877	16902395	ncAvAR-2554	1286
chr1	158117775	158118293	ncAvAR-2555	280
chr3	108413498	108414018	ncAvAR-2556	820
chr1	130733583	130734105	ncAvAR-2557	214
chr10	11790998	11791520	ncAvAR-2558	1303
chr9	16734230	16734753	ncAvAR-2559	1284
chr10	16153337	16153860	ncAvAR-2560	1314
chr11	15323664	15324187	ncAvAR-2561	1371
chr4	40657129	40657653	ncAvAR-2562	885
chr4	9282657	9283182	ncAvAR-2563	840
chr3	71984684	71985211	ncAvAR-2564	754
chr1	154337085	154337612	ncAvAR-2565	266
chr3	21412700	21413227	ncAvAR-2566	667
chr3	40860482	40861009	ncAvAR-2567	701
chr10	5587852	5588380	ncAvAR-2568	1301
chr3	25466882	25467410	ncAvAR-2569	674
chr3	72539188	72539717	ncAvAR-2570	758
chr6	15135618	15136148	ncAvAR-2571	1073
chr2	91290904	91291965	ncAvAR-2572	524
chr3	103792364	103792895	ncAvAR-2573	808
chr11	8584338	8584870	ncAvAR-2574	1349
chr1	154548453	154548986	ncAvAR-2575	267
chr13	10411211	10411744	ncAvAR-2576	1433
chr2	127890590	127891123	ncAvAR-2577	590
chr1	63842823	63843357	ncAvAR-2578	111
chr5	31974082	31974617	ncAvAR-2579	991
chr1	119259111	119259647	ncAvAR-2580	206
chr1	158212760	158213296	ncAvAR-2581	280
chr2	134936685	134937221	ncAvAR-2582	601
chr20	12830812	12831349	ncAvAR-2583	1517
chr7	16641706	16642244	ncAvAR-2584	1143
chr2	114440446	114441523	ncAvAR-2585	560
chr3	35127106	35127645	ncAvAR-2586	695
chr7	34302971	34303511	ncAvAR-2587	1191
chr9	5896029	5896569	ncAvAR-2588	1271
chr13	6015734	6016274	ncAvAR-2589	1428
chr15	3674716	3675256	ncAvAR-2590	1461
chr3	40960391	40960931	ncAvAR-2591	702
chr20	4193817	4194358	ncAvAR-2592	1492
chr6	17669215	17669757	ncAvAR-2593	1077
chr8	15070703	15071245	ncAvAR-2594	1212
chr2	112423716	112424258	ncAvAR-2595	553
chr5	31759526	31760070	ncAvAR-2596	990
chr3	100767073	100767618	ncAvAR-2597	796
chr1	79363090	79363636	ncAvAR-2598	124
chr1	135592041	135593137	ncAvAR-2599	226
chr8	15818443	15818991	ncAvAR-2600	1214
chr1	65997921	65998469	ncAvAR-2601	116
chr5	38001057	38001606	ncAvAR-2602	1015
chr2	117837637	117838186	ncAvAR-2603	567
chr2	126631602	126632151	ncAvAR-2604	587
chr3	25898934	25900033	ncAvAR-2605	678
chr3	94846460	94847010	ncAvAR-2606	782
chr4	46752491	46753041	ncAvAR-2607	894
chr5	27178614	27179164	ncAvAR-2608	980
chr2	8944107	8944658	ncAvAR-2609	349
chr5	33907151	33907703	ncAvAR-2610	994
chr7	10806471	10807023	ncAvAR-2611	1129
chr3	56998350	56998902	ncAvAR-2612	728
chr5	47652965	47653518	ncAvAR-2613	1037
chr2	106566512	106567065	ncAvAR-2614	542
chr7	33373511	33374065	ncAvAR-2615	1184
chr11	6834102	6834657	ncAvAR-2616	1346
chr3	13578549	13579104	ncAvAR-2617	645
chr2	35418476	35419032	ncAvAR-2618	423
chr1	119287275	119287832	ncAvAR-2619	206
chr2	114466254	114466811	ncAvAR-2620	560
chr13	4156416	4156974	ncAvAR-2621	1425
chr5	46737484	46738045	ncAvAR-2622	1031
chr1	164177074	164177635	ncAvAR-2623	290
chr4	57546157	57546719	ncAvAR-2624	901
chr7	33801901	33802463	ncAvAR-2625	1187
chr8	5829321	5829883	ncAvAR-2626	1204
chr13	16710502	16711064	ncAvAR-2627	1446
chr2	130443293	130443855	ncAvAR-2628	598
chr3	70914691	70915254	ncAvAR-2629	749
chr3	71882918	71883482	ncAvAR-2630	753
chr4	81243497	81244062	ncAvAR-2631	925
chr2	119639642	119640208	ncAvAR-2632	572
chr4	40672928	40673495	ncAvAR-2633	885
chr2	68134822	68135389	ncAvAR-2634	493
chr3	103180275	103180843	ncAvAR-2635	805
chr5	54803635	54804203	ncAvAR-2636	1057
chr1	163865485	163866053	ncAvAR-2637	288
chr2	50882743	50883311	ncAvAR-2638	453
chr1	95848535	95849104	ncAvAR-2639	163
chr1	143199243	143199812	ncAvAR-2640	247
chr3	1746207	1746776	ncAvAR-2641	625
chr8	20437014	20437584	ncAvAR-2642	1227
chr13	11635747	11636317	ncAvAR-2643	1436
chr15	2024811	2025382	ncAvAR-2644	1458
chr8	25412660	25413233	ncAvAR-2645	1248
chr1	134125322	134125895	ncAvAR-2646	222
chr11	3784722	3785295	ncAvAR-2647	1327
chr2	32844771	32845344	ncAvAR-2648	414
chr3	56417279	56417853	ncAvAR-2649	726
chr7	32889787	32890362	ncAvAR-2650	1182
chr8	22449536	22450112	ncAvAR-2651	1233
chr11	14933272	14933848	ncAvAR-2652	1370
chr5	10993802	10994379	ncAvAR-2653	953
chr5	38028952	38029529	ncAvAR-2654	1015
chr1	158601216	158601793	ncAvAR-2655	283
chr3	93217493	93218071	ncAvAR-2656	776
chr2	32408401	32408980	ncAvAR-2657	411
chr2	119791694	119792273	ncAvAR-2658	573
chr2	120035237	120035816	ncAvAR-2659	575
chr20	3999579	4000158	ncAvAR-2660	1491
chr5	10402799	10403379	ncAvAR-2661	951
chr6	28184825	28185405	ncAvAR-2662	1094
chr2	11340124	11340705	ncAvAR-2663	359
chr2	91412428	91413010	ncAvAR-2664	524
chr7	20604713	20605297	ncAvAR-2665	1151
chr2	86393292	86393876	ncAvAR-2666	507
chr1	26578831	26579423	ncAvAR-2667	50
chr11	14582537	14583129	ncAvAR-2668	1368
chr19	8404604	8405196	ncAvAR-2669	1486
chr1	29634595	29635189	ncAvAR-2670	53
chr4	43592254	43592849	ncAvAR-2671	891
chr1	100326847	100327442	ncAvAR-2672	177
chr9	18879061	18879656	ncAvAR-2673	1290
chr2	9168824	9169419	ncAvAR-2674	351
chr3	20436242	20436837	ncAvAR-2675	663
chr2	91667606	91668202	ncAvAR-2676	524
chr5	39824625	39825222	ncAvAR-2677	1022
chr1	5191930	5192527	ncAvAR-2678	9
chr2	91429828	91430425	ncAvAR-2679	524
chr2	106709918	106710517	ncAvAR-2680	542
chr1	90629561	90630163	ncAvAR-2681	153
chr1	140888194	140888796	ncAvAR-2682	239
chr6	28377291	28377896	ncAvAR-2683	1095
chr2	24280169	24280774	ncAvAR-2684	386
chr1	146762852	146763457	ncAvAR-2685	255
chr1	140740422	140741029	ncAvAR-2686	237
chr7	17903809	17904418	ncAvAR-2687	1147
chr11	5672525	5673134	ncAvAR-2688	1340
chr12	16300162	16300771	ncAvAR-2689	1412
chr3	87539271	87539881	ncAvAR-2690	771
chr5	34215693	34216303	ncAvAR-2691	996
chr3	25702559	25703171	ncAvAR-2692	676
chr4	37112570	37113183	ncAvAR-2693	878
chr20	7649962	7650575	ncAvAR-2694	1502
chr1	136133917	136134531	ncAvAR-2695	230
chr1	142586937	142587552	ncAvAR-2696	245
chr7	28811491	28812108	ncAvAR-2697	1172
chr8	27206043	27206660	ncAvAR-2698	1256
chr1	26297209	26297826	ncAvAR-2699	46
chr2	57496701	57497318	ncAvAR-2700	461
chr2	68663135	68663752	ncAvAR-2701	494
chr6	9050903	9051521	ncAvAR-2702	1066
chr7	26683066	26683686	ncAvAR-2703	1168
chr11	6858734	6859354	ncAvAR-2704	1346
chr1	34407166	34407786	ncAvAR-2705	60
chr1	135588573	135589195	ncAvAR-2706	226
chr2	9189975	9190598	ncAvAR-2707	351
chr3	21311203	21311828	ncAvAR-2708	667
chr4	14396782	14397408	ncAvAR-2709	846
chr8	23799377	23800003	ncAvAR-2710	1244
chr1	53668571	53669197	ncAvAR-2711	93
chr2	125213810	125214437	ncAvAR-2712	580
chr6	34732539	34733167	ncAvAR-2713	1109
chr2	130397423	130398051	ncAvAR-2714	598
chr1	135521771	135522400	ncAvAR-2715	226
chr4	57343059	57343689	ncAvAR-2716	900
chr3	71590310	71590941	ncAvAR-2717	752
chr5	54359435	54360068	ncAvAR-2718	1055
chr2	16490223	16490856	ncAvAR-2719	375
chr4	57634898	57635532	ncAvAR-2720	902
chr9	12434094	12434728	ncAvAR-2721	1279
chr2	35038188	35038823	ncAvAR-2722	421
chr7	33026878	33027513	ncAvAR-2723	1182
chr3	99343577	99344213	ncAvAR-2724	790
chr5	31816792	31817430	ncAvAR-2725	990
chr8	15260330	15260970	ncAvAR-2726	1212
chr5	17789949	17790591	ncAvAR-2727	971
chr10	16814100	16814742	ncAvAR-2728	1318
chr2	127907272	127907914	ncAvAR-2729	590
chr3	950822	951464	ncAvAR-2730	620
chr20	4444191	4444835	ncAvAR-2731	1494
chr1	131239588	131240233	ncAvAR-2732	218
chr5	35818408	35819054	ncAvAR-2733	1004
chr11	9012618	9013264	ncAvAR-2734	1353
chr2	49497933	49498579	ncAvAR-2735	445
chr2	30260552	30261202	ncAvAR-2736	403
chr7	20379172	20379826	ncAvAR-2737	1150
chr4	77119665	77120320	ncAvAR-2738	918
chr1	164101043	164101698	ncAvAR-2739	289
chr1	119166328	119166986	ncAvAR-2740	205
chr2	25779342	25780000	ncAvAR-2741	390
chr2	14680761	14681420	ncAvAR-2742	369
chr2	63437192	63437852	ncAvAR-2743	476
chr2	91281878	91282539	ncAvAR-2744	524
chr2	91491818	91492479	ncAvAR-2745	524
chr4	55392920	55393582	ncAvAR-2746	898
chr15	6345697	6346359	ncAvAR-2747	1463
chr10	15614839	15615503	ncAvAR-2748	1310
chr3	20076337	20077002	ncAvAR-2749	661
chr2	120013859	120015193	ncAvAR-2750	575
chr2	106680982	106681649	ncAvAR-2751	542
chr2	60025091	60025760	ncAvAR-2752	466
chr2	90871473	90872142	ncAvAR-2753	520
chr8	15195325	15195995	ncAvAR-2754	1212
chr7	20445655	20446326	ncAvAR-2755	1151
chr12	16155276	16155947	ncAvAR-2756	1411
chr12	16359709	16360383	ncAvAR-2757	1413
chr2	57166312	57166987	ncAvAR-2758	459
chr4	33735062	33735738	ncAvAR-2759	875
chr11	9564717	9565393	ncAvAR-2760	1357
chr9	12147905	12148582	ncAvAR-2761	1278
chr8	28086352	28087724	ncAvAR-2762	1264
chr11	9253528	9254215	ncAvAR-2763	1355
chr1	42545577	42546264	ncAvAR-2764	71
chr3	19813664	19814351	ncAvAR-2765	659
chr8	15211302	15211992	ncAvAR-2766	1212
chr1	108907276	108907968	ncAvAR-2767	188
chr6	30679761	30680455	ncAvAR-2768	1101
chr8	17334401	17335096	ncAvAR-2769	1217
chr2	116503085	116503780	ncAvAR-2770	563
chr1	135785908	135786604	ncAvAR-2771	227
chr6	8783123	8783822	ncAvAR-2772	1065
chr7	34234974	34235674	ncAvAR-2773	1190
chr2	27295552	27296252	ncAvAR-2774	393
chr2	30609717	30610422	ncAvAR-2775	406
chr1	97334623	97335330	ncAvAR-2776	165
chr5	17457203	17457914	ncAvAR-2777	967
chr1	105377877	105378588	ncAvAR-2778	180
chr5	35800041	35800753	ncAvAR-2779	1004
chr1	135496638	135497352	ncAvAR-2780	226
chr2	60112683	60113401	ncAvAR-2781	467
chr2	112299612	112300330	ncAvAR-2782	553
chr1	25502161	25502880	ncAvAR-2783	39
chr1	119316927	119317647	ncAvAR-2784	206
chr5	5630619	5631340	ncAvAR-2785	940
chr2	89234663	89235387	ncAvAR-2786	515
chr2	36752370	36753099	ncAvAR-2787	425
chr2	59718152	59718881	ncAvAR-2788	463
chr5	46947759	46948494	ncAvAR-2789	1032
chr3	108093007	108093747	ncAvAR-2790	817
chr2	63978288	63979028	ncAvAR-2791	481
chr1	26096277	26097761	ncAvAR-2792	45
chr4	40692424	40693168	ncAvAR-2793	885
chr6	36179864	36180608	ncAvAR-2794	1113
chr3	107736281	107737026	ncAvAR-2795	814
chr5	5514363	5515108	ncAvAR-2796	939
chr1	136150969	136151716	ncAvAR-2797	230
chr6	15237823	15238576	ncAvAR-2798	1073
chr7	5331021	5331776	ncAvAR-2799	1121
chr11	3825836	3826593	ncAvAR-2800	1327
chr7	26462796	26463560	ncAvAR-2801	1167
chr5	35763070	35763837	ncAvAR-2802	1004
chr8	27229612	27230380	ncAvAR-2803	1256
chr2	8718688	8719457	ncAvAR-2804	348
chr1	65792080	65792851	ncAvAR-2805	114
chr9	20276729	20277501	ncAvAR-2806	1294
chr6	30563535	30564309	ncAvAR-2807	1100
chr2	86980435	86981213	ncAvAR-2808	510
chr10	8209343	8210122	ncAvAR-2809	1302
chr2	35008111	35008892	ncAvAR-2810	421
chr5	5829885	5830672	ncAvAR-2811	942
chr2	8124346	8125133	ncAvAR-2812	345
chr2	112569342	112570133	ncAvAR-2813	554
chr11	4538501	4539299	ncAvAR-2814	1334
chr7	15346649	15349862	ncAvAR-2815	1136
chr3	71034250	71035059	ncAvAR-2816	750
chr5	35187759	35188573	ncAvAR-2817	999
chr3	3651521	3652335	ncAvAR-2818	626
chr6	35128292	35129111	ncAvAR-2819	1112
chr2	32380447	32381267	ncAvAR-2820	411
chr1	145830724	145831552	ncAvAR-2821	251
chr3	1369115	1369948	ncAvAR-2822	624
chr9	12078633	12079468	ncAvAR-2823	1277
chr1	83437782	83438619	ncAvAR-2824	141
chr3	67532368	67533206	ncAvAR-2825	744
chr2	87538057	87538897	ncAvAR-2826	512
chr3	50813663	50814503	ncAvAR-2827	713
chr11	5795213	5796056	ncAvAR-2828	1341
chr2	91343790	91344636	ncAvAR-2829	524
chr5	11013419	11014270	ncAvAR-2830	953
chr1	155016401	155017253	ncAvAR-2831	271
chr1	141189473	141190328	ncAvAR-2832	241
chr1	135483796	135484656	ncAvAR-2833	226
chr11	6831559	6832423	ncAvAR-2834	1346
chr2	63507962	63508832	ncAvAR-2835	477
chr2	103788339	103789214	ncAvAR-2836	534
chr9	20372151	20373027	ncAvAR-2837	1295
chr2	119347848	119348726	ncAvAR-2838	571
chr2	114256735	114257614	ncAvAR-2839	559
chr1	63548986	63549868	ncAvAR-2840	110
chr3	71968835	71969720	ncAvAR-2841	754
chr3	21769928	21770816	ncAvAR-2842	669
chr2	119388730	119389625	ncAvAR-2843	571
chr6	15544786	15545683	ncAvAR-2844	1075
chr1	130852599	130853498	ncAvAR-2845	215
chr1	25657489	25658388	ncAvAR-2846	41
chr1	177469098	177469998	ncAvAR-2847	310
chr4	57484270	57485175	ncAvAR-2848	901
chr2	103690466	103691372	ncAvAR-2849	533
chr2	91499907	91500818	ncAvAR-2850	524
chr8	15102319	15103237	ncAvAR-2851	1212
chr3	77427317	77428239	ncAvAR-2852	768
chr8	13252566	13253488	ncAvAR-2853	1208
chr1	177567925	177568852	ncAvAR-2854	311
chr3	19640778	19641705	ncAvAR-2855	658
chr1	154700584	154701516	ncAvAR-2856	268
chr2	63833646	63834587	ncAvAR-2857	480
chr5	31683280	31684226	ncAvAR-2858	990
chr3	75375106	75376060	ncAvAR-2859	762
chr7	5233122	5234078	ncAvAR-2860	1120
chr3	94546871	94547831	ncAvAR-2861	780
chr1	63687606	63688569	ncAvAR-2862	111
chr2	8892062	8893026	ncAvAR-2863	349
chr2	103693728	103694694	ncAvAR-2864	533
chr2	112192814	112193800	ncAvAR-2865	553
chr4	74049403	74050397	ncAvAR-2866	910
chr3	95349613	95350621	ncAvAR-2867	783
chr3	25861722	25862732	ncAvAR-2868	678
chr20	12837117	12838145	ncAvAR-2869	1517
chr1	142517797	142518849	ncAvAR-2870	244
chr1	174502759	174503814	ncAvAR-2871	305
chr5	5545086	5546201	ncAvAR-2872	939
chr5	46009791	46010915	ncAvAR-2873	1029
chr1	140795218	140796342	ncAvAR-2874	238
chr5	34233354	34234484	ncAvAR-2875	996
chr3	44206989	44208124	ncAvAR-2876	706
chr3	21349079	21350224	ncAvAR-2877	667
chr4	75871067	75872214	ncAvAR-2878	914
chr1	119280320	119281469	ncAvAR-2879	206
chr3	21408977	21410148	ncAvAR-2880	667
chr5	48052694	48053874	ncAvAR-2881	1040
chr1	158099705	158100890	ncAvAR-2882	280
chr6	34580468	34581660	ncAvAR-2883	1108
chr1	135558031	135559259	ncAvAR-2884	226
chr8	15137946	15139314	ncAvAR-2885	1212
chr1	177431555	177432960	ncAvAR-2886	310
chr6	34867091	34868964	ncAvAR-2887	1109
chr7	15349898	15355908	ncAvAR-2888	1136
