seqnames	start	end	element_accelerated_ranking_name	cluster
chr2	163762290	163762419	ncMAR-1	391
chr6	41073005	41073173	ncMAR-2	997
chr14	76089218	76089323	ncMAR-3	1933
chr2	222100654	222100767	ncMAR-4	484
chr14	26987885	26987992	ncMAR-5	1863
chr1	84384590	84384822	ncMAR-6	72
chr11	45726522	45726695	ncMAR-7	1610
chr1	228313591	228313891	ncMAR-8	206
chr10	112356218	112356343	ncMAR-9	1519
chr1	84372126	84372231	ncMAR-10	72
chr11	44134697	44134856	ncMAR-11	1607
chr3	158841621	158841838	ncMAR-12	640
chr2	214602587	214602690	ncMAR-13	475
chr14	30482398	30482605	ncMAR-14	1879
chr9	116223481	116223619	ncMAR-15	1364
chr2	173496558	173496721	ncMAR-16	407
chr7	137843582	137843688	ncMAR-17	1121
chr10	101918568	101918788	ncMAR-18	1503
chr1	146743390	146743515	ncMAR-19	126
chr2	22301122	22301227	ncMAR-20	231
chr6	14291087	14291327	ncMAR-21	969
chr2	194757000	194757147	ncMAR-22	440
chr2	176561121	176561605	ncMAR-23	422
chr1	84369902	84370009	ncMAR-24	72
chr10	66013750	66013871	ncMAR-25	1452
chr16	73744086	73744263	ncMAR-26	2107
chr10	52540994	52541175	ncMAR-27	1440
chr3	141183558	141183671	ncMAR-28	624
chr3	70302662	70302861	ncMAR-29	555
chr11	13714941	13715156	ncMAR-30	1563
chr1	209222802	209222902	ncMAR-31	165
chr2	67075510	67075669	ncMAR-32	297
chr1	86634354	86634456	ncMAR-33	75
chr1	112316505	112316623	ncMAR-34	123
chr1	214574074	214574213	ncMAR-35	175
chr14	78491169	78491355	ncMAR-36	1940
chr11	15274963	15275181	ncMAR-37	1565
chr3	18843922	18844079	ncMAR-38	507
chr11	131907467	131907624	ncMAR-39	1672
chr9	13181712	13181871	ncMAR-40	1263
chr2	31109695	31109823	ncMAR-41	243
chr1	88238429	88238559	ncMAR-42	85
chr1	90187189	90187319	ncMAR-43	89
chr11	132405421	132405619	ncMAR-44	1675
chr5	35896187	35896286	ncMAR-45	825
chr10	129206060	129206177	ncMAR-46	1550
chr9	128572735	128572836	ncMAR-47	1393
chr3	135694633	135694905	ncMAR-48	616
chr3	17912518	17912660	ncMAR-49	502
chr5	124461446	124461678	ncMAR-50	938
chr17	38596057	38596166	ncMAR-51	2138
chr1	228314774	228314993	ncMAR-52	206
chr1	208918071	208918328	ncMAR-53	162
chr10	106265375	106265540	ncMAR-54	1513
chr15	60183060	60183171	ncMAR-55	2005
chr2	172976737	172977072	ncMAR-56	404
chr3	135894883	135895032	ncMAR-57	617
chr15	95191162	95191461	ncMAR-58	2030
chr12	53710025	53710231	ncMAR-59	1715
chr16	79567983	79568095	ncMAR-60	2116
chr5	102665025	102665157	ncMAR-61	901
chr12	23948387	23948576	ncMAR-62	1704
chr2	36173041	36173193	ncMAR-63	245
chr17	73449235	73449387	ncMAR-64	2170
chr10	113291073	113291303	ncMAR-65	1526
chr5	103939108	103939319	ncMAR-66	903
chr13	43724012	43724146	ncMAR-67	1782
chr2	181621877	181622031	ncMAR-68	438
chr3	31323117	31323447	ncMAR-69	516
chr1	37118277	37118393	ncMAR-70	10
chr15	37377691	37377827	ncMAR-71	1991
chr10	122880666	122880844	ncMAR-72	1542
chr6	16539651	16539790	ncMAR-73	975
chr11	72334111	72334250	ncMAR-74	1614
chr1	72413944	72414184	ncMAR-75	41
chr2	21807064	21807266	ncMAR-76	229
chr2	176471261	176471548	ncMAR-77	421
chr1	31753254	31753356	ncMAR-78	6
chr6	19791888	19792095	ncMAR-79	982
chr3	139728797	139728923	ncMAR-80	623
chr10	111861102	111861355	ncMAR-81	1518
chr5	89264334	89264653	ncMAR-82	868
chr1	33081388	33081515	ncMAR-83	7
chr11	116258163	116258420	ncMAR-84	1641
chr3	135350260	135350368	ncMAR-85	615
chr7	27116703	27116811	ncMAR-86	1045
chr1	180283134	180283242	ncMAR-87	144
chr10	101626339	101626449	ncMAR-88	1501
chr6	41528194	41528394	ncMAR-89	999
chr1	60228422	60228533	ncMAR-90	24
chr17	58489518	58489629	ncMAR-91	2152
chr14	84927510	84927711	ncMAR-92	1956
chr5	89377751	89378223	ncMAR-93	869
chr17	72057855	72057990	ncMAR-94	2169
chr5	58432037	58432173	ncMAR-95	840
chr3	186054479	186054708	ncMAR-96	676
chr11	128488441	128488694	ncMAR-97	1663
chr17	70772081	70772311	ncMAR-98	2162
chr17	70739189	70739327	ncMAR-99	2162
chr2	132781628	132781766	ncMAR-100	328
chr11	126146818	126146957	ncMAR-101	1653
chr2	67277921	67278224	ncMAR-102	299
chr17	73839387	73839503	ncMAR-103	2171
chr4	108200310	108200473	ncMAR-104	745
chr17	37170363	37170600	ncMAR-105	2137
chr14	30451165	30451284	ncMAR-106	1879
chr2	176760600	176760793	ncMAR-107	424
chr1	213929368	213929610	ncMAR-108	173
chr2	146551361	146551579	ncMAR-109	358
chr12	122323393	122323514	ncMAR-110	1771
chr3	135739798	135740139	ncMAR-111	616
chr14	28407019	28407386	ncMAR-112	1870
chr4	79636551	79636673	ncMAR-113	720
chr10	117172238	117172483	ncMAR-114	1534
chr12	119803468	119803590	ncMAR-115	1769
chr14	69981257	69981453	ncMAR-116	1930
chr14	66038890	66039037	ncMAR-117	1924
chr4	22747761	22747934	ncMAR-118	692
chr3	71317818	71317992	ncMAR-119	564
chr1	80107340	80107540	ncMAR-120	51
chr2	150047180	150047581	ncMAR-121	363
chr16	6876919	6877044	ncMAR-122	2051
chr9	120798573	120798900	ncMAR-123	1378
chr9	21708449	21708549	ncMAR-124	1286
chr9	10493958	10494235	ncMAR-125	1258
chr2	23066851	23067154	ncMAR-126	236
chr17	13351579	13351781	ncMAR-127	2129
chr9	35657913	35658014	ncMAR-128	1305
chr13	90601914	90602143	ncMAR-129	1826
chr12	53991724	53991851	ncMAR-130	1716
chr10	107138994	107139147	ncMAR-131	1517
chr2	142565582	142565761	ncMAR-132	334
chr11	131235735	131235837	ncMAR-133	1668
chr14	101250050	101250178	ncMAR-134	1982
chr1	90507232	90507490	ncMAR-135	92
chr3	55791963	55792118	ncMAR-136	531
chr4	180700758	180700861	ncMAR-137	799
chr1	102792733	102792888	ncMAR-138	113
chr9	119829224	119829405	ncMAR-139	1377
chr2	145396286	145396493	ncMAR-140	350
chr11	131642931	131643035	ncMAR-141	1670
chr4	153335153	153335257	ncMAR-142	782
chr2	83579799	83580010	ncMAR-143	308
chr13	72504722	72504828	ncMAR-144	1807
chr11	83486194	83486300	ncMAR-145	1618
chr1	245513267	245513400	ncMAR-146	213
chr15	95646751	95646911	ncMAR-147	2034
chr15	96869824	96870145	ncMAR-148	2042
chr9	16612069	16612337	ncMAR-149	1277
chr11	115643775	115643882	ncMAR-150	1638
chr1	196529392	196529527	ncMAR-151	150
chr8	118932464	118932572	ncMAR-152	1238
chr10	79422619	79422727	ncMAR-153	1481
chr15	66897709	66897817	ncMAR-154	2015
chr1	218778790	218778898	ncMAR-155	198
chr11	27954286	27954505	ncMAR-156	1584
chr11	45542196	45542305	ncMAR-157	1609
chr12	23587857	23587966	ncMAR-158	1701
chr1	208732402	208732594	ncMAR-159	160
chr6	9286655	9286820	ncMAR-160	959
chr3	159532299	159532492	ncMAR-161	644
chr1	91806572	91806682	ncMAR-162	99
chr14	86720039	86720177	ncMAR-163	1960
chr11	30412551	30412662	ncMAR-164	1586
chr12	26233887	26233998	ncMAR-165	1707
chr5	87846931	87847155	ncMAR-166	857
chr7	81819961	81820157	ncMAR-167	1071
chr17	39548928	39549040	ncMAR-168	2139
chr3	134937787	134937899	ncMAR-169	613
chr5	90130952	90131093	ncMAR-170	874
chr15	66264629	66264969	ncMAR-171	2014
chr2	66133906	66134019	ncMAR-172	291
chr11	31804030	31804429	ncMAR-173	1593
chr3	61324691	61324833	ncMAR-174	543
chr9	1784147	1784289	ncMAR-175	1244
chr1	208846799	208846970	ncMAR-176	161
chr3	102543132	102543418	ncMAR-177	599
chr10	4106128	4106443	ncMAR-178	1403
chr9	128404919	128405033	ncMAR-179	1392
chr10	15609402	15609516	ncMAR-180	1419
chr10	105163188	105163360	ncMAR-181	1509
chr3	168982498	168982728	ncMAR-182	651
chr11	127677935	127678050	ncMAR-183	1660
chr2	30402908	30403081	ncMAR-184	241
chr14	20343256	20343400	ncMAR-185	1852
chr6	9819157	9819331	ncMAR-186	963
chr2	220373264	220373440	ncMAR-187	479
chr9	80028422	80028539	ncMAR-188	1334
chr1	213418527	213418674	ncMAR-189	170
chr1	83799701	83799908	ncMAR-190	71
chr12	41397438	41397586	ncMAR-191	1711
chr9	26043076	26043284	ncMAR-192	1299
chr2	143157532	143157802	ncMAR-193	336
chr10	100810865	100811106	ncMAR-194	1495
chr12	116792523	116792825	ncMAR-195	1766
chr2	36486738	36486950	ncMAR-196	246
chr8	104900695	104901060	ncMAR-197	1217
chr14	36664908	36665029	ncMAR-198	1902
chr17	44989989	44990171	ncMAR-199	2140
chr2	28102490	28102672	ncMAR-200	238
chr2	55284001	55284428	ncMAR-201	258
chr10	93034599	93034751	ncMAR-202	1488
chr2	205320557	205320863	ncMAR-203	458
chr7	19526795	19527009	ncMAR-204	1030
chr2	221606643	221606765	ncMAR-205	483
chr4	165672522	165672644	ncMAR-206	786
chr10	101095105	101095227	ncMAR-207	1496
chr10	60870688	60870872	ncMAR-208	1444
chr4	181748651	181748866	ncMAR-209	804
chr2	79980967	79981183	ncMAR-210	306
chr5	89342539	89342662	ncMAR-211	869
chr7	132885843	132885997	ncMAR-212	1114
chr10	121138318	121138441	ncMAR-213	1541
chr8	64450932	64451149	ncMAR-214	1170
chr17	70661972	70662158	ncMAR-215	2161
chr2	11196680	11196898	ncMAR-216	218
chr3	17967136	17967542	ncMAR-217	502
chr10	88436894	88437050	ncMAR-218	1486
chr1	208756766	208756922	ncMAR-219	160
chr7	120501192	120501380	ncMAR-220	1103
chr2	88321757	88321915	ncMAR-221	310
chr1	245365313	245365471	ncMAR-222	212
chr9	14188125	14188316	ncMAR-223	1269
chr11	16239547	16239866	ncMAR-224	1572
chr16	12220771	12220962	ncMAR-225	2062
chr4	156686294	156686422	ncMAR-226	784
chr11	115350876	115351134	ncMAR-227	1636
chr1	48099164	48099293	ncMAR-228	18
chr17	74051335	74051464	ncMAR-229	2172
chr8	35586775	35586937	ncMAR-230	1145
chr9	7921902	7922097	ncMAR-231	1251
chr3	70821015	70821243	ncMAR-232	560
chr10	60351366	60351496	ncMAR-233	1443
chr3	137647321	137647485	ncMAR-234	620
chr10	76647707	76647971	ncMAR-235	1472
chr3	114453940	114454072	ncMAR-236	604
chr1	44296931	44297130	ncMAR-237	14
chr9	81825527	81825626	ncMAR-238	1343
chr10	34141656	34141755	ncMAR-239	1431
chr5	77901289	77901555	ncMAR-240	850
chr10	14024815	14025081	ncMAR-241	1418
chr10	11023415	11023548	ncMAR-242	1415
chr12	23770317	23770450	ncMAR-243	1702
chr2	207363334	207363568	ncMAR-244	464
chr10	100710195	100710295	ncMAR-245	1494
chr17	51208927	51209027	ncMAR-246	2145
chr10	112746500	112746634	ncMAR-247	1521
chr16	49574786	49574988	ncMAR-248	2065
chr2	69467366	69467501	ncMAR-249	304
chr9	126755174	126755377	ncMAR-250	1391
chr10	98087089	98087258	ncMAR-251	1489
chr17	29057478	29057579	ncMAR-252	2131
chr1	37083987	37084191	ncMAR-253	10
chr3	59479661	59479797	ncMAR-254	534
chr10	75990061	75990163	ncMAR-255	1467
chr9	13786228	13786642	ncMAR-256	1266
chr2	143852938	143853041	ncMAR-257	341
chr14	78211564	78211771	ncMAR-258	1938
chr2	211534755	211534928	ncMAR-259	470
chr11	34331396	34331535	ncMAR-260	1597
chr1	87765928	87766174	ncMAR-261	81
chr15	98146515	98146620	ncMAR-262	2047
chr2	80606746	80606957	ncMAR-263	307
chr2	155493194	155493335	ncMAR-264	367
chr3	134892829	134892970	ncMAR-265	613
chr1	81582415	81582699	ncMAR-266	57
chr2	104155037	104155250	ncMAR-267	315
chr14	79074751	79074857	ncMAR-268	1942
chr3	89291652	89291758	ncMAR-269	592
chr10	8859092	8859198	ncMAR-270	1409
chr13	72075891	72076104	ncMAR-271	1805
chr11	116129467	116129930	ncMAR-272	1640
chr1	209369492	209369777	ncMAR-273	166
chr2	177733173	177733351	ncMAR-274	433
chr11	133660026	133660204	ncMAR-275	1683
chr16	53020069	53020212	ncMAR-276	2080
chr2	15656530	15656889	ncMAR-277	220
chr4	24537694	24537801	ncMAR-278	700
chr11	132199682	132199970	ncMAR-279	1674
chr5	125099613	125099793	ncMAR-280	943
chr14	68669147	68669327	ncMAR-281	1928
chr14	76186336	76186516	ncMAR-282	1933
chr16	52372081	52372261	ncMAR-283	2075
chr8	20296022	20296130	ncMAR-284	1128
chr11	100110606	100110823	ncMAR-285	1628
chr1	69103796	69103977	ncMAR-286	37
chr17	36959631	36959812	ncMAR-287	2136
chr1	82049076	82049403	ncMAR-288	61
chr11	133069992	133070319	ncMAR-289	1679
chr1	21050863	21051008	ncMAR-290	3
chr1	86635950	86636095	ncMAR-291	75
chr9	35480042	35480187	ncMAR-292	1304
chr14	79062822	79062967	ncMAR-293	1942
chr1	39334378	39334560	ncMAR-294	13
chr9	74744288	74744580	ncMAR-295	1317
chr5	107920742	107920851	ncMAR-296	918
chr11	114205578	114205797	ncMAR-297	1631
chr1	87348392	87348538	ncMAR-298	78
chr8	15339486	15339632	ncMAR-299	1126
chr11	115202214	115202360	ncMAR-300	1635
chr12	118441455	118441601	ncMAR-301	1768
chr15	65949405	65949551	ncMAR-302	2013
chr7	135307150	135307333	ncMAR-303	1120
chr2	108073537	108073794	ncMAR-304	323
chr2	205073523	205073670	ncMAR-305	456
chr3	18875169	18875316	ncMAR-306	507
chr1	85375293	85375403	ncMAR-307	73
chr6	38262489	38262636	ncMAR-308	995
chr9	36821304	36821414	ncMAR-309	1307
chr9	78540119	78540341	ncMAR-310	1323
chr1	87957876	87958061	ncMAR-311	84
chr14	85238929	85239114	ncMAR-312	1957
chr17	39550082	39550305	ncMAR-313	2139
chr5	107341760	107341871	ncMAR-314	914
chr2	99431728	99432026	ncMAR-315	311
chr11	19401047	19401233	ncMAR-316	1577
chr8	51839554	51839703	ncMAR-317	1153
chr10	77002174	77002361	ncMAR-318	1475
chr14	85462931	85463118	ncMAR-319	1958
chr2	22599680	22599905	ncMAR-320	233
chr12	24049843	24050106	ncMAR-321	1705
chr8	22710702	22710852	ncMAR-322	1129
chr8	34525889	34526039	ncMAR-323	1143
chr15	77688307	77688457	ncMAR-324	2023
chr10	112622795	112623285	ncMAR-325	1520
chr2	183645510	183645737	ncMAR-326	439
chr3	70738092	70738281	ncMAR-327	559
chr7	40640703	40640854	ncMAR-328	1063
chr9	108149507	108149620	ncMAR-329	1360
chr12	75764456	75764645	ncMAR-330	1731
chr14	21539277	21539390	ncMAR-331	1853
chr2	60265854	60266005	ncMAR-332	279
chr9	106621342	106621494	ncMAR-333	1359
chr5	92594056	92594286	ncMAR-334	884
chr11	133390861	133391014	ncMAR-335	1681
chr14	76132635	76132904	ncMAR-336	1933
chr10	33259305	33259420	ncMAR-337	1427
chr1	175674839	175674954	ncMAR-338	138
chr1	188220052	188220206	ncMAR-339	147
chr3	176281771	176282121	ncMAR-340	663
chr4	173821946	173822218	ncMAR-341	791
chr5	125612740	125613051	ncMAR-342	946
chr2	58737255	58737371	ncMAR-343	269
chr2	67159936	67160169	ncMAR-344	298
chr1	82562526	82562682	ncMAR-345	65
chr17	48149966	48150122	ncMAR-346	2141
chr5	77868091	77868208	ncMAR-347	850
chr9	117919717	117919913	ncMAR-348	1369
chr1	83114556	83114792	ncMAR-349	69
chr17	7883918	7884075	ncMAR-350	2125
chr7	28573293	28573490	ncMAR-351	1050
chr1	159141583	159141820	ncMAR-352	129
chr13	58584490	58584608	ncMAR-353	1789
chr1	208421173	208421410	ncMAR-354	158
chr14	36905466	36905862	ncMAR-355	1905
chr11	127594896	127595094	ncMAR-356	1659
chr2	176129127	176129246	ncMAR-357	419
chr7	36986533	36986692	ncMAR-358	1058
chr1	168280735	168280854	ncMAR-359	135
chr12	80017560	80017719	ncMAR-360	1734
chr14	29448077	29448236	ncMAR-361	1876
chr15	89372828	89372947	ncMAR-362	2025
chr9	97279359	97279478	ncMAR-363	1350
chr12	71611182	71611341	ncMAR-364	1726
chr14	26125006	26125406	ncMAR-365	1859
chr2	173622819	173623340	ncMAR-366	409
chr1	71128175	71128415	ncMAR-367	38
chr17	61009863	61010063	ncMAR-368	2154
chr5	125715433	125715593	ncMAR-369	947
chr2	219918849	219918969	ncMAR-370	478
chr15	61196873	61196993	ncMAR-371	2010
chr14	32640150	32640351	ncMAR-372	1881
chr6	12752154	12752315	ncMAR-373	968
chr11	131903306	131903467	ncMAR-374	1672
chr14	84590168	84590329	ncMAR-375	1954
chr1	213519464	213519625	ncMAR-376	170
chr10	64311764	64312047	ncMAR-377	1450
chr2	147451390	147451592	ncMAR-378	361
chr5	93127596	93127880	ncMAR-379	889
chr1	104632115	104632277	ncMAR-380	115
chr14	33019522	33019807	ncMAR-381	1883
chr1	88112320	88112442	ncMAR-382	85
chr1	208126916	208127038	ncMAR-383	157
chr11	124846178	124846465	ncMAR-384	1649
chr1	39331198	39331444	ncMAR-385	13
chr2	29714316	29714480	ncMAR-386	240
chr12	72176971	72177300	ncMAR-387	1727
chr11	123039909	123040197	ncMAR-388	1648
chr3	102691854	102692101	ncMAR-389	600
chr3	128108059	128108182	ncMAR-390	609
chr14	30227296	30227791	ncMAR-391	1878
chr14	68140243	68140573	ncMAR-392	1926
chr10	115063817	115064023	ncMAR-393	1528
chr9	7456455	7456620	ncMAR-394	1249
chr2	104381045	104381252	ncMAR-395	317
chr3	18264947	18265154	ncMAR-396	504
chr2	219111721	219111845	ncMAR-397	477
chr1	76405214	76405463	ncMAR-398	46
chr8	38684427	38684551	ncMAR-399	1152
chr5	124365190	124365565	ncMAR-400	937
chr2	163712184	163712309	ncMAR-401	391
chr3	33918114	33918323	ncMAR-402	519
chr3	133709515	133709640	ncMAR-403	611
chr4	17288266	17288391	ncMAR-404	686
chr1	97192654	97192821	ncMAR-405	104
chr10	79009447	79009572	ncMAR-406	1480
chr11	42201765	42201974	ncMAR-407	1602
chr12	95725532	95725742	ncMAR-408	1742
chr2	214105768	214105936	ncMAR-409	474
chr3	168709235	168709403	ncMAR-410	649
chr5	89694288	89694456	ncMAR-411	872
chr11	97169228	97169396	ncMAR-412	1626
chr14	66446189	66446315	ncMAR-413	1925
chr5	107250757	107251095	ncMAR-414	913
chr8	34500905	34501116	ncMAR-415	1143
chr7	27049879	27050048	ncMAR-416	1045
chr14	33481354	33481608	ncMAR-417	1887
chr9	24502069	24502281	ncMAR-418	1294
chr11	97354506	97354718	ncMAR-419	1627
chr3	100747268	100747480	ncMAR-420	596
chr1	50696851	50696978	ncMAR-421	22
chr3	158488861	158488988	ncMAR-422	639
chr7	120529396	120529523	ncMAR-423	1103
chr3	62133334	62133504	ncMAR-424	544
chr4	156770026	156770196	ncMAR-425	785
chr9	73869725	73869895	ncMAR-426	1314
chr1	17849149	17849319	ncMAR-427	2
chr14	82080659	82080829	ncMAR-428	1949
chr11	127035988	127036244	ncMAR-429	1658
chr4	24134362	24134490	ncMAR-430	697
chr6	40962872	40963000	ncMAR-431	996
chr10	61869967	61870095	ncMAR-432	1446
chr10	76647539	76647667	ncMAR-433	1472
chr11	128705650	128705821	ncMAR-434	1664
chr14	61028000	61028171	ncMAR-435	1922
chr14	79163644	79163815	ncMAR-436	1943
chr14	56758893	56759151	ncMAR-437	1915
chr2	21688321	21688536	ncMAR-438	228
chr13	72403497	72403799	ncMAR-439	1806
chr9	118298781	118299040	ncMAR-440	1371
chr10	71353759	71353888	ncMAR-441	1455
chr5	92365171	92365344	ncMAR-442	882
chr11	132920636	132920809	ncMAR-443	1678
chr10	101322759	101323019	ncMAR-444	1498
chr9	81535615	81535876	ncMAR-445	1341
chr2	62966288	62966462	ncMAR-446	283
chr3	70244987	70245161	ncMAR-447	554
chr4	111393871	111394089	ncMAR-448	754
chr8	65044640	65044858	ncMAR-449	1175
chr6	9673030	9673205	ncMAR-450	962
chr7	103482154	103482329	ncMAR-451	1081
chr15	37377491	37377666	ncMAR-452	1991
chr16	5694162	5694337	ncMAR-453	2049
chr2	145563059	145563456	ncMAR-454	352
chr5	89735190	89735366	ncMAR-455	872
chr12	106645075	106645251	ncMAR-456	1758
chr10	21521951	21522083	ncMAR-457	1424
chr11	115097763	115098073	ncMAR-458	1634
chr2	205738029	205738206	ncMAR-459	461
chr5	88962377	88962554	ncMAR-460	866
chr6	37723041	37723263	ncMAR-461	993
chr1	206418061	206418283	ncMAR-462	154
chr7	78490194	78490372	ncMAR-463	1070
chr11	131526488	131526666	ncMAR-464	1670
chr2	65653599	65653777	ncMAR-465	285
chr4	106868703	106868882	ncMAR-466	744
chr11	12451468	12451692	ncMAR-467	1560
chr11	131407831	131407965	ncMAR-468	1669
chr15	37740862	37741041	ncMAR-469	1993
chr8	22761455	22761995	ncMAR-470	1130
chr1	87409457	87409862	ncMAR-471	79
chr11	81303163	81303388	ncMAR-472	1616
chr4	71369009	71369144	ncMAR-473	717
chr10	114049408	114049543	ncMAR-474	1527
chr2	216293628	216293809	ncMAR-475	476
chr1	97307724	97307905	ncMAR-476	105
chr9	13717071	13717344	ncMAR-477	1265
chr11	32152216	32152489	ncMAR-478	1594
chr11	115619683	115619819	ncMAR-479	1638
chr11	16170063	16170245	ncMAR-480	1571
chr13	53319429	53319657	ncMAR-481	1785
chr11	31816426	31816563	ncMAR-482	1593
chr2	221616257	221616440	ncMAR-483	483
chr5	87754224	87754499	ncMAR-484	856
chr7	40584206	40584389	ncMAR-485	1062
chr10	100645877	100646060	ncMAR-486	1494
chr14	32578568	32578705	ncMAR-487	1881
chr3	18938665	18938849	ncMAR-488	507
chr3	137128705	137129074	ncMAR-489	618
chr2	204470916	204471054	ncMAR-490	455
chr1	64085505	64085643	ncMAR-491	35
chr8	126642680	126642818	ncMAR-492	1242
chr10	16699774	16699912	ncMAR-493	1421
chr3	169387870	169388102	ncMAR-494	655
chr7	25646620	25646852	ncMAR-495	1036
chr13	78541619	78541945	ncMAR-496	1813
chr5	84187066	84187252	ncMAR-497	854
chr1	176481058	176481244	ncMAR-498	139
chr17	71163531	71163764	ncMAR-499	2164
chr2	222298931	222299071	ncMAR-500	486
chr7	10312385	10312572	ncMAR-501	1012
chr8	92862751	92862891	ncMAR-502	1206
chr11	17699576	17699716	ncMAR-503	1576
chr2	58445333	58445520	ncMAR-504	267
chr5	77971659	77971894	ncMAR-505	850
chr14	33291644	33291832	ncMAR-506	1885
chr2	31008691	31008832	ncMAR-507	242
chr9	118951124	118951360	ncMAR-508	1373
chr2	29238804	29239090	ncMAR-509	239
chr2	143156215	143156406	ncMAR-510	336
chr7	3654798	3655037	ncMAR-511	1008
chr9	100577962	100578105	ncMAR-512	1353
chr14	27726447	27726686	ncMAR-513	1866
chr1	208909451	208909642	ncMAR-514	162
chr9	16742608	16742896	ncMAR-515	1278
chr2	67872394	67872634	ncMAR-516	303
chr8	69025930	69026074	ncMAR-517	1181
chr9	119815312	119815456	ncMAR-518	1377
chr15	61700665	61700809	ncMAR-519	2011
chr8	105704589	105704782	ncMAR-520	1223
chr14	76184067	76184357	ncMAR-521	1933
chr17	61168560	61168753	ncMAR-522	2155
chr10	123164231	123164570	ncMAR-523	1544
chr10	77140289	77140434	ncMAR-524	1476
chr11	9802281	9802426	ncMAR-525	1558
chr16	85248542	85248687	ncMAR-526	2121
chr2	64798068	64798213	ncMAR-527	284
chr12	17487015	17487258	ncMAR-528	1693
chr1	91196884	91197372	ncMAR-529	98
chr3	62480252	62480398	ncMAR-530	546
chr16	7395127	7395323	ncMAR-531	2053
chr10	101464117	101464412	ncMAR-532	1500
chr10	113255874	113256021	ncMAR-533	1526
chr11	115956940	115957087	ncMAR-534	1639
chr3	18985519	18985717	ncMAR-535	507
chr4	137857727	137857925	ncMAR-536	762
chr14	68279012	68279210	ncMAR-537	1927
chr15	96004163	96004361	ncMAR-538	2037
chr2	22408746	22409045	ncMAR-539	232
chr2	175855349	175855598	ncMAR-540	418
chr3	172126030	172126379	ncMAR-541	658
chr1	81920180	81920279	ncMAR-542	59
chr1	87155966	87156315	ncMAR-543	77
chr8	65416781	65416980	ncMAR-544	1179
chr3	159310495	159310745	ncMAR-545	643
chr7	132066586	132066736	ncMAR-546	1110
chr4	23973372	23973623	ncMAR-547	696
chr14	36928642	36928742	ncMAR-548	1905
chr16	7611075	7611276	ncMAR-549	2054
chr2	21642476	21642779	ncMAR-550	228
chr1	178372182	178372333	ncMAR-551	143
chr2	163651951	163652306	ncMAR-552	390
chr2	45337638	45337841	ncMAR-553	255
chr3	77159087	77159239	ncMAR-554	572
chr7	18030835	18031089	ncMAR-555	1025
chr8	37594747	37594950	ncMAR-556	1150
chr11	122230174	122230428	ncMAR-557	1646
chr17	48311525	48311626	ncMAR-558	2142
chr17	71398960	71399214	ncMAR-559	2165
chr1	39333972	39334176	ncMAR-560	13
chr8	84451940	84452093	ncMAR-561	1197
chr11	126838085	126838238	ncMAR-562	1656
chr7	156221530	156221735	ncMAR-563	1124
chr8	37727331	37727536	ncMAR-564	1151
chr2	55885852	55885954	ncMAR-565	259
chr1	208682569	208682929	ncMAR-566	160
chr2	221605889	221606043	ncMAR-567	483
chr6	37756251	37756405	ncMAR-568	993
chr2	118432058	118432212	ncMAR-569	325
chr2	142123235	142123596	ncMAR-570	333
chr2	201858479	201858738	ncMAR-571	451
chr1	147574499	147574810	ncMAR-572	127
chr1	108051087	108051347	ncMAR-573	120
chr11	131933015	131933223	ncMAR-574	1672
chr14	76547863	76548229	ncMAR-575	1936
chr3	114835304	114835513	ncMAR-576	606
chr4	165706220	165706324	ncMAR-577	786
chr9	106134291	106134500	ncMAR-578	1356
chr3	70900249	70900406	ncMAR-579	561
chr4	18099903	18100218	ncMAR-580	687
chr10	105441467	105441677	ncMAR-581	1511
chr14	35541717	35541927	ncMAR-582	1895
chr3	85660464	85660781	ncMAR-583	586
chr3	117820521	117820732	ncMAR-584	608
chr1	111983130	111983235	ncMAR-585	122
chr9	108609495	108609706	ncMAR-586	1361
chr11	96012258	96012469	ncMAR-587	1624
chr11	122999376	122999852	ncMAR-588	1648
chr14	29224205	29224681	ncMAR-589	1874
chr1	216811710	216811975	ncMAR-590	185
chr9	118939594	118939806	ncMAR-591	1373
chr13	42607304	42607570	ncMAR-592	1780
chr1	10657137	10657243	ncMAR-593	1
chr6	23097631	23097737	ncMAR-594	989
chr7	81846095	81846201	ncMAR-595	1071
chr14	82845238	82845344	ncMAR-596	1951
chr11	15380270	15380858	ncMAR-597	1566
chr11	126838356	126838516	ncMAR-598	1656
chr5	117088504	117088718	ncMAR-599	923
chr14	97946572	97946786	ncMAR-600	1973
chr3	17889455	17889778	ncMAR-601	502
chr3	55242802	55243125	ncMAR-602	527
chr4	177479537	177479698	ncMAR-603	795
chr5	31232122	31232283	ncMAR-604	824
chr1	168848083	168848244	ncMAR-605	136
chr11	72324950	72325057	ncMAR-606	1614
chr12	114936261	114936368	ncMAR-607	1763
chr5	53971118	53971442	ncMAR-608	839
chr4	66274554	66274770	ncMAR-609	716
chr15	37878221	37878546	ncMAR-610	1995
chr2	104632564	104632835	ncMAR-611	320
chr11	122099749	122099857	ncMAR-612	1645
chr8	32747130	32747238	ncMAR-613	1137
chr5	52013334	52013497	ncMAR-614	836
chr7	96819513	96819676	ncMAR-615	1079
chr14	79638783	79638946	ncMAR-616	1945
chr8	37225477	37225695	ncMAR-617	1148
chr17	71668238	71668456	ncMAR-618	2167
chr3	55819097	55819425	ncMAR-619	531
chr4	24235404	24235732	ncMAR-620	698
chr10	8921473	8921801	ncMAR-621	1410
chr3	71636367	71636586	ncMAR-622	565
chr4	146943202	146943366	ncMAR-623	771
chr6	6227828	6227937	ncMAR-624	951
chr7	13321551	13321715	ncMAR-625	1016
chr9	36768908	36769017	ncMAR-626	1306
chr10	10644166	10644385	ncMAR-627	1413
chr10	66398847	66398956	ncMAR-628	1453
chr11	36970600	36971039	ncMAR-629	1598
chr12	97083009	97083228	ncMAR-630	1743
chr1	221709084	221709303	ncMAR-631	204
chr2	156561934	156562098	ncMAR-632	375
chr12	53983161	53983380	ncMAR-633	1716
chr5	30686736	30687067	ncMAR-634	822
chr13	58638912	58639077	ncMAR-635	1789
chr1	213960289	213960454	ncMAR-636	173
chr15	64171605	64171881	ncMAR-637	2012
chr3	137642171	137642558	ncMAR-638	620
chr5	124634825	124635046	ncMAR-639	939
chr16	73372125	73372235	ncMAR-640	2106
chr6	9616785	9617062	ncMAR-641	962
chr7	21213041	21213207	ncMAR-642	1033
chr14	32702733	32703122	ncMAR-643	1881
chr14	25890590	25890812	ncMAR-644	1858
chr2	198650699	198650866	ncMAR-645	444
chr9	24489152	24489263	ncMAR-646	1294
chr1	22204992	22205159	ncMAR-647	4
chr16	58817166	58817389	ncMAR-648	2091
chr2	229205721	229206001	ncMAR-649	490
chr14	36208718	36208942	ncMAR-650	1899
chr8	60896495	60896663	ncMAR-651	1162
chr16	55320870	55321038	ncMAR-652	2089
chr2	156735464	156735970	ncMAR-653	376
chr11	115245743	115246024	ncMAR-654	1635
chr14	36118910	36119191	ncMAR-655	1898
chr1	83846281	83846393	ncMAR-656	71
chr11	20163173	20163285	ncMAR-657	1579
chr2	58801120	58801232	ncMAR-658	269
chr2	155907988	155908326	ncMAR-659	370
chr1	44546484	44546653	ncMAR-660	15
chr7	115862035	115862204	ncMAR-661	1099
chr11	72340281	72340450	ncMAR-662	1614
chr17	57605017	57605186	ncMAR-663	2150
chr1	88129812	88130208	ncMAR-664	85
chr2	199603174	199603400	ncMAR-665	449
chr10	100707009	100707406	ncMAR-666	1494
chr3	165335479	165335706	ncMAR-667	647
chr9	14202929	14203156	ncMAR-668	1269
chr10	106696320	106696605	ncMAR-669	1516
chr9	119083345	119083573	ncMAR-670	1374
chr9	81376924	81377267	ncMAR-671	1340
chr1	63779535	63779649	ncMAR-672	34
chr5	89499697	89499926	ncMAR-673	870
chr12	97987503	97987617	ncMAR-674	1748
chr14	32730989	32731333	ncMAR-675	1881
chr2	145330364	145330709	ncMAR-676	349
chr2	199295974	199296146	ncMAR-677	448
chr9	7860022	7860194	ncMAR-678	1250
chr13	89110955	89111127	ncMAR-679	1825
chr13	57740845	57741075	ncMAR-680	1787
chr14	98752219	98752449	ncMAR-681	1978
chr5	78217045	78217507	ncMAR-682	852
chr1	87085518	87085691	ncMAR-683	76
chr11	125156786	125156959	ncMAR-684	1650
chr1	209303025	209303431	ncMAR-685	166
chr9	80046476	80046883	ncMAR-686	1334
chr9	105972507	105972681	ncMAR-687	1355
chr14	76099272	76099446	ncMAR-688	1933
chr1	44473167	44473400	ncMAR-689	15
chr7	103607736	103607969	ncMAR-690	1082
chr8	60777961	60778077	ncMAR-691	1161
chr7	25562844	25563078	ncMAR-692	1035
chr9	74687625	74687859	ncMAR-693	1317
chr16	73217457	73217750	ncMAR-694	2105
chr3	18033852	18034087	ncMAR-695	502
chr3	71361460	71361695	ncMAR-696	564
chr1	53522074	53522250	ncMAR-697	23
chr9	120799265	120799500	ncMAR-698	1378
chr14	98526967	98527202	ncMAR-699	1977
chr16	73319858	73319975	ncMAR-700	2106
chr10	61964488	61964665	ncMAR-701	1446
chr17	48349817	48349994	ncMAR-702	2142
chr9	100205297	100205415	ncMAR-703	1352
chr2	199292639	199293056	ncMAR-704	448
chr7	28684151	28684389	ncMAR-705	1051
chr10	75990196	75990794	ncMAR-706	1467
chr2	163741995	163742174	ncMAR-707	391
chr14	98139698	98140118	ncMAR-708	1975
chr14	89781104	89781344	ncMAR-709	1967
chr8	63976672	63977033	ncMAR-710	1167
chr11	133324004	133324184	ncMAR-711	1680
chr15	94547677	94547978	ncMAR-712	2026
chr5	36878723	36878964	ncMAR-713	827
chr6	8809792	8810033	ncMAR-714	957
chr7	9711565	9711806	ncMAR-715	1011
chr9	1743473	1743593	ncMAR-716	1244
chr16	8531165	8531406	ncMAR-717	2060
chr17	2195147	2195267	ncMAR-718	2124
chr9	70531870	70532111	ncMAR-719	1310
chr15	40930833	40931074	ncMAR-720	1997
chr7	132440406	132440587	ncMAR-721	1113
chr14	30432296	30432720	ncMAR-722	1879
chr12	17939894	17940136	ncMAR-723	1695
chr2	173706151	173706394	ncMAR-724	410
chr1	82153679	82153922	ncMAR-725	62
chr10	16665797	16665979	ncMAR-726	1421
chr11	133825073	133825316	ncMAR-727	1684
chr14	25442857	25443100	ncMAR-728	1854
chr1	243453801	243454044	ncMAR-729	209
chr9	111056639	111056883	ncMAR-730	1362
chr3	69991070	69991253	ncMAR-731	552
chr5	88670293	88670476	ncMAR-732	863
chr2	207432503	207432809	ncMAR-733	465
chr2	219906938	219907306	ncMAR-734	478
chr3	128316789	128317157	ncMAR-735	610
chr3	173805535	173805780	ncMAR-736	662
chr7	10797644	10797889	ncMAR-737	1013
chr3	169222259	169222935	ncMAR-738	654
chr8	105654587	105654894	ncMAR-739	1223
chr10	117967168	117967475	ncMAR-740	1537
chr2	181218305	181218489	ncMAR-741	436
chr2	31109844	31110029	ncMAR-742	243
chr5	89545431	89545678	ncMAR-743	870
chr5	114523410	114523533	ncMAR-744	922
chr5	126054854	126054977	ncMAR-745	949
chr1	104761848	104762095	ncMAR-746	116
chr17	48492762	48492885	ncMAR-747	2143
chr8	70008860	70009232	ncMAR-748	1182
chr8	64618998	64619246	ncMAR-749	1171
chr2	232780087	232780273	ncMAR-750	492
chr9	8246837	8247023	ncMAR-751	1252
chr2	175363736	175364047	ncMAR-752	415
chr5	106143170	106143294	ncMAR-753	909
chr9	118310941	118311065	ncMAR-754	1371
chr14	85822451	85822575	ncMAR-755	1959
chr15	67550153	67550402	ncMAR-756	2018
chr17	71966569	71966693	ncMAR-757	2168
chr2	205902564	205902751	ncMAR-758	462
chr16	62747928	62748116	ncMAR-759	2099
chr3	25151467	25151845	ncMAR-760	510
chr9	80797887	80798202	ncMAR-761	1337
chr11	30747304	30747493	ncMAR-762	1588
chr16	55237240	55237429	ncMAR-763	2088
chr2	204069863	204070116	ncMAR-764	452
chr5	84685128	84685381	ncMAR-765	855
chr7	115783521	115783647	ncMAR-766	1098
chr12	23060650	23061030	ncMAR-767	1697
chr14	98803317	98803443	ncMAR-768	1979
chr3	79810800	79810990	ncMAR-769	579
chr14	34711213	34711467	ncMAR-770	1892
chr5	74384956	74385210	ncMAR-771	847
chr1	81327309	81327692	ncMAR-772	55
chr5	77978190	77978637	ncMAR-773	850
chr7	114295102	114295421	ncMAR-774	1090
chr11	43121420	43121611	ncMAR-775	1605
chr9	74692042	74692169	ncMAR-776	1317
chr3	67184338	67184658	ncMAR-777	548
chr14	53788733	53788925	ncMAR-778	1910
chr16	73231913	73232105	ncMAR-779	2105
chr2	209687668	209687989	ncMAR-780	467
chr11	19480543	19480671	ncMAR-781	1578
chr8	63750088	63750281	ncMAR-782	1166
chr9	1840032	1840225	ncMAR-783	1244
chr5	74413042	74413300	ncMAR-784	847
chr5	82176680	82176938	ncMAR-785	853
chr2	211260018	211260212	ncMAR-786	469
chr1	83098441	83098570	ncMAR-787	69
chr7	141072505	141072634	ncMAR-788	1122
chr11	132237811	132238200	ncMAR-789	1674
chr17	2174445	2174574	ncMAR-790	2124
chr2	67626532	67626791	ncMAR-791	301
chr2	59183859	59184119	ncMAR-792	271
chr9	17183657	17183917	ncMAR-793	1280
chr1	216974585	216974780	ncMAR-794	186
chr17	36820508	36820703	ncMAR-795	2135
chr2	199316195	199316325	ncMAR-796	448
chr9	81021366	81021627	ncMAR-797	1338
chr11	44235885	44236146	ncMAR-798	1608
chr2	22020295	22020425	ncMAR-799	230
chr10	118509815	118510273	ncMAR-800	1540
chr15	96531952	96532410	ncMAR-801	2039
chr15	94973631	94973958	ncMAR-802	2029
chr2	36207278	36207474	ncMAR-803	245
chr4	29396095	29396226	ncMAR-804	704
chr17	57291393	57291524	ncMAR-805	2148
chr2	21821632	21822027	ncMAR-806	229
chr3	157871707	157872435	ncMAR-807	634
chr8	116458223	116458686	ncMAR-808	1231
chr2	67728753	67729216	ncMAR-809	302
chr3	55028280	55028478	ncMAR-810	526
chr2	22902174	22902439	ncMAR-811	235
chr2	119977740	119978005	ncMAR-812	326
chr1	46457031	46457163	ncMAR-813	17
chr7	27091973	27092105	ncMAR-814	1045
chr7	33509392	33509524	ncMAR-815	1053
chr11	15303435	15303700	ncMAR-816	1565
chr11	131098252	131098384	ncMAR-817	1667
chr9	16682430	16682629	ncMAR-818	1278
chr13	93926540	93926739	ncMAR-819	1834
chr2	181214449	181214715	ncMAR-820	436
chr9	128409247	128409513	ncMAR-821	1392
chr2	57745302	57745702	ncMAR-822	261
chr7	134041227	134041762	ncMAR-823	1119
chr8	25907866	25908066	ncMAR-824	1135
chr9	117737981	117738114	ncMAR-825	1368
chr12	23399932	23400065	ncMAR-826	1700
chr11	125399198	125399734	ncMAR-827	1652
chr1	107448804	107449139	ncMAR-828	118
chr10	76784654	76784922	ncMAR-829	1473
chr11	131634118	131634386	ncMAR-830	1670
chr9	16281110	16281311	ncMAR-831	1274
chr10	116836117	116836318	ncMAR-832	1530
chr7	93226477	93226611	ncMAR-833	1078
chr2	222575835	222575969	ncMAR-834	487
chr4	42211609	42211878	ncMAR-835	710
chr10	100755460	100755594	ncMAR-836	1494
chr11	131095535	131095669	ncMAR-837	1667
chr7	20892635	20892837	ncMAR-838	1031
chr3	18044983	18045322	ncMAR-839	502
chr5	125713062	125713265	ncMAR-840	947
chr8	118166025	118166160	ncMAR-841	1237
chr14	32825784	32826259	ncMAR-842	1881
chr16	74064780	74064915	ncMAR-843	2109
chr12	78952141	78952549	ncMAR-844	1732
chr5	92328442	92328646	ncMAR-845	882
chr9	16713470	16713674	ncMAR-846	1278
chr2	144462753	144462889	ncMAR-847	344
chr12	122226430	122226566	ncMAR-848	1770
chr6	9402023	9402365	ncMAR-849	960
chr1	208648254	208648459	ncMAR-850	160
chr1	204261928	204262133	ncMAR-851	152
chr8	37151810	37152084	ncMAR-852	1148
chr2	199311994	199312269	ncMAR-853	448
chr4	24066887	24067300	ncMAR-854	696
chr4	108589524	108589730	ncMAR-855	748
chr5	25800102	25800308	ncMAR-856	821
chr10	78131363	78131638	ncMAR-857	1477
chr14	82845067	82845204	ncMAR-858	1951
chr8	92423389	92423665	ncMAR-859	1203
chr10	129341774	129342050	ncMAR-860	1551
chr11	32421572	32421710	ncMAR-861	1595
chr16	8326246	8326384	ncMAR-862	2058
chr3	24763398	24763745	ncMAR-863	508
chr8	75701438	75701646	ncMAR-864	1186
chr8	88542433	88542641	ncMAR-865	1198
chr11	40701070	40701278	ncMAR-866	1600
chr9	16230748	16231026	ncMAR-867	1273
chr1	98404974	98405392	ncMAR-868	111
chr9	25453844	25454262	ncMAR-869	1297
chr6	45880544	45880823	ncMAR-870	1007
chr10	118272589	118272868	ncMAR-871	1538
chr2	59102084	59102364	ncMAR-872	271
chr3	75025113	75025323	ncMAR-873	569
chr5	89485051	89485261	ncMAR-874	870
chr11	132257059	132257269	ncMAR-875	1674
chr7	26190292	26190502	ncMAR-876	1039
chr3	85208423	85208774	ncMAR-877	584
chr6	20933486	20933767	ncMAR-878	985
chr9	105199002	105199283	ncMAR-879	1354
chr6	43180525	43180665	ncMAR-880	1000
chr5	107588381	107588733	ncMAR-881	916
chr13	105550888	105551099	ncMAR-882	1848
chr8	37716767	37717049	ncMAR-883	1151
chr17	13053044	13053326	ncMAR-884	2128
chr5	92970703	92970844	ncMAR-885	887
chr7	27533489	27533630	ncMAR-886	1047
chr16	60150956	60151239	ncMAR-887	2095
chr2	142603722	142603863	ncMAR-888	334
chr5	123178584	123178939	ncMAR-889	932
chr2	59333198	59333340	ncMAR-890	272
chr3	6802603	6802745	ncMAR-891	499
chr3	182487013	182487155	ncMAR-892	674
chr9	116179724	116179866	ncMAR-893	1364
chr5	92978190	92978547	ncMAR-894	887
chr9	106420189	106420403	ncMAR-895	1358
chr5	91826345	91826703	ncMAR-896	879
chr9	73280082	73280512	ncMAR-897	1312
chr5	14464424	14464567	ncMAR-898	816
chr5	19242190	19242405	ncMAR-899	818
chr5	62043600	62043887	ncMAR-900	843
chr7	13440364	13440579	ncMAR-901	1017
chr1	96955512	96955655	ncMAR-902	103
chr9	10774449	10774736	ncMAR-903	1259
chr9	77131366	77131581	ncMAR-904	1321
chr11	15584110	15584325	ncMAR-905	1567
chr15	61724322	61724537	ncMAR-906	2011
chr2	60585309	60585525	ncMAR-907	280
chr4	182003041	182003257	ncMAR-908	806
chr5	92403032	92403248	ncMAR-909	882
chr11	128149022	128149238	ncMAR-910	1662
chr6	9555409	9555698	ncMAR-911	961
chr14	36835059	36835421	ncMAR-912	1904
chr4	126265455	126265672	ncMAR-913	759
chr13	71950092	71950309	ncMAR-914	1804
chr2	207042309	207042600	ncMAR-915	463
chr4	11155500	11155645	ncMAR-916	682
chr4	148980946	148981091	ncMAR-917	774
chr7	133904905	133905050	ncMAR-918	1118
chr1	113334577	113334722	ncMAR-919	124
chr10	76347489	76347707	ncMAR-920	1469
chr11	84963203	84963348	ncMAR-921	1619
chr13	72120064	72120428	ncMAR-922	1805
chr11	30504623	30504915	ncMAR-923	1586
chr2	28012066	28012285	ncMAR-924	237
chr2	66764326	66764545	ncMAR-925	296
chr3	190826037	190826256	ncMAR-926	678
chr14	79037672	79038038	ncMAR-927	1942
chr7	70428673	70428819	ncMAR-928	1068
chr8	119045931	119046225	ncMAR-929	1239
chr1	82945731	82946099	ncMAR-930	68
chr1	44638204	44638351	ncMAR-931	16
chr1	48673440	48673587	ncMAR-932	19
chr9	13064144	13064291	ncMAR-933	1262
chr9	119859347	119859568	ncMAR-934	1377
chr13	71874577	71874724	ncMAR-935	1804
chr2	8193936	8194157	ncMAR-936	217
chr7	26964392	26964762	ncMAR-937	1044
chr4	95505282	95505578	ncMAR-938	739
chr14	95008432	95008877	ncMAR-939	1969
chr2	66793601	66793972	ncMAR-940	296
chr3	114716233	114716530	ncMAR-941	605
chr3	169064286	169064583	ncMAR-942	652
chr5	117195850	117195998	ncMAR-943	924
chr9	76756992	76757215	ncMAR-944	1320
chr11	115258209	115258432	ncMAR-945	1635
chr1	216961764	216961987	ncMAR-946	186
chr7	13336210	13336434	ncMAR-947	1016
chr7	76279953	76280102	ncMAR-948	1069
chr13	57609649	57609873	ncMAR-949	1786
chr14	32703940	32704314	ncMAR-950	1881
chr16	79604664	79605189	ncMAR-951	2116
chr2	59997188	59997638	ncMAR-952	277
chr1	82154011	82154311	ncMAR-953	62
chr11	133061461	133061761	ncMAR-954	1679
chr8	25584463	25584914	ncMAR-955	1132
chr3	27422719	27422944	ncMAR-956	512
chr2	104050691	104050992	ncMAR-957	315
chr8	22773050	22773351	ncMAR-958	1130
chr10	118505134	118505284	ncMAR-959	1540
chr11	125280127	125280277	ncMAR-960	1651
chr16	79900360	79900510	ncMAR-961	2117
chr3	182484672	182485125	ncMAR-962	674
chr2	232042225	232042452	ncMAR-963	491
chr3	188355654	188355805	ncMAR-964	677
chr4	84527216	84527367	ncMAR-965	734
chr4	147239225	147239604	ncMAR-966	772
chr11	100304036	100304187	ncMAR-967	1629
chr14	87784553	87784780	ncMAR-968	1964
chr1	101737305	101737457	ncMAR-969	112
chr10	52343921	52344073	ncMAR-970	1438
chr14	82492178	82492560	ncMAR-971	1950
chr1	216596615	216596844	ncMAR-972	184
chr5	117434635	117434941	ncMAR-973	926
chr10	71550994	71551300	ncMAR-974	1457
chr2	142683510	142683740	ncMAR-975	335
chr4	110799337	110799875	ncMAR-976	751
chr14	76346795	76346948	ncMAR-977	1935
chr15	97078747	97078977	ncMAR-978	2043
chr4	34718955	34719263	ncMAR-979	706
chr1	180407105	180407336	ncMAR-980	146
chr16	51496567	51496798	ncMAR-981	2070
chr10	78801668	78801822	ncMAR-982	1479
chr5	123106643	123106953	ncMAR-983	931
chr2	163719909	163720220	ncMAR-984	391
chr3	59299581	59299736	ncMAR-985	533
chr8	25962622	25962855	ncMAR-986	1135
chr11	126678018	126678251	ncMAR-987	1654
chr12	115299414	115299569	ncMAR-988	1764
chr14	79984040	79984273	ncMAR-989	1947
chr17	71440661	71440816	ncMAR-990	2165
chr17	36623203	36623515	ncMAR-991	2133
chr3	60899211	60899524	ncMAR-992	539
chr10	103146202	103146358	ncMAR-993	1506
chr14	86897806	86898119	ncMAR-994	1961
chr2	199364141	199364376	ncMAR-995	448
chr8	99537624	99537859	ncMAR-996	1215
chr9	12639914	12640149	ncMAR-997	1261
chr11	115466233	115466468	ncMAR-998	1637
chr10	118058367	118058681	ncMAR-999	1538
chr3	70189678	70190072	ncMAR-1000	553
chr13	72141874	72142110	ncMAR-1001	1805
chr17	61534404	61534878	ncMAR-1002	2157
chr6	41560619	41560856	ncMAR-1003	999
chr10	105615675	105615912	ncMAR-1004	1512
chr14	28138407	28138565	ncMAR-1005	1868
chr2	144651369	144651527	ncMAR-1006	344
chr14	84533253	84533650	ncMAR-1007	1953
chr3	70806082	70806320	ncMAR-1008	560
chr4	53801368	53801606	ncMAR-1009	711
chr5	89021316	89021554	ncMAR-1010	866
chr7	120512452	120512690	ncMAR-1011	1103
chr12	70719105	70719343	ncMAR-1012	1724
chr2	156589085	156589403	ncMAR-1013	375
chr10	118173546	118173864	ncMAR-1014	1538
chr7	15433270	15433429	ncMAR-1015	1022
chr8	25820775	25821014	ncMAR-1016	1134
chr15	95732891	95733290	ncMAR-1017	2035
chr6	23274883	23275283	ncMAR-1018	990
chr7	28592036	28592356	ncMAR-1019	1050
chr11	132096190	132096510	ncMAR-1020	1673
chr4	24267759	24267999	ncMAR-1021	698
chr5	89733242	89733482	ncMAR-1022	872
chr9	123718155	123718395	ncMAR-1023	1381
chr11	15426386	15426626	ncMAR-1024	1566
chr1	217945151	217945391	ncMAR-1025	192
chr17	61211905	61212145	ncMAR-1026	2155
chr15	97086278	97086438	ncMAR-1027	2043
chr1	209341865	209342106	ncMAR-1028	166
chr5	124791526	124791848	ncMAR-1029	941
chr1	215772199	215772521	ncMAR-1030	178
chr3	61225488	61225730	ncMAR-1031	542
chr1	83709706	83710110	ncMAR-1032	70
chr7	27399921	27400244	ncMAR-1033	1046
chr10	2882590	2882832	ncMAR-1034	1401
chr2	177042315	177042802	ncMAR-1035	427
chr12	85302475	85302718	ncMAR-1036	1736
chr8	52213521	52213683	ncMAR-1037	1154
chr9	125646849	125647174	ncMAR-1038	1386
chr1	36908582	36908744	ncMAR-1039	8
chr14	91457596	91457758	ncMAR-1040	1968
chr11	16127728	16127972	ncMAR-1041	1571
chr15	95995515	95995759	ncMAR-1042	2037
chr17	52003970	52004214	ncMAR-1043	2146
chr2	163189665	163189909	ncMAR-1044	386
chr1	82979411	82979737	ncMAR-1045	68
chr1	87263184	87263510	ncMAR-1046	78
chr2	104428894	104429220	ncMAR-1047	317
chr2	221269146	221269391	ncMAR-1048	482
chr3	80624075	80624238	ncMAR-1049	580
chr7	109471490	109471653	ncMAR-1050	1084
chr11	115239970	115240133	ncMAR-1051	1635
chr16	73403233	73403396	ncMAR-1052	2106
chr3	79219415	79219743	ncMAR-1053	578
chr10	76297914	76298242	ncMAR-1054	1469
chr10	113028014	113028342	ncMAR-1055	1524
chr12	73795223	73795551	ncMAR-1056	1730
chr4	80533067	80533313	ncMAR-1057	724
chr10	2361502	2361748	ncMAR-1058	1398
chr17	36661348	36661594	ncMAR-1059	2133
chr2	59189482	59189811	ncMAR-1060	271
chr9	115642468	115642632	ncMAR-1061	1363
chr14	78404271	78404435	ncMAR-1062	1939
chr16	52629565	52629894	ncMAR-1063	2077
chr16	59144806	59145053	ncMAR-1064	2093
chr2	18976689	18977020	ncMAR-1065	224
chr14	62128021	62128435	ncMAR-1066	1923
chr2	212979899	212980064	ncMAR-1067	473
chr11	133406460	133406791	ncMAR-1068	1681
chr15	94628260	94628425	ncMAR-1069	2027
chr16	49532512	49532843	ncMAR-1070	2065
chr11	31849157	31849489	ncMAR-1071	1593
chr10	101467740	101468322	ncMAR-1072	1500
chr7	27392613	27392862	ncMAR-1073	1046
chr10	78626094	78626343	ncMAR-1074	1478
chr3	158369398	158369564	ncMAR-1075	638
chr5	106580476	106580809	ncMAR-1076	910
chr2	199738354	199738521	ncMAR-1077	450
chr9	20144245	20144412	ncMAR-1078	1285
chr9	25570605	25571108	ncMAR-1079	1298
chr10	9179558	9179809	ncMAR-1080	1411
chr10	98173438	98173605	ncMAR-1081	1490
chr13	72152862	72153029	ncMAR-1082	1805
chr16	64060714	64060965	ncMAR-1083	2100
chr4	144739599	144740187	ncMAR-1084	767
chr12	17056674	17056926	ncMAR-1085	1691
chr3	117487192	117487360	ncMAR-1086	607
chr16	54955022	54955190	ncMAR-1087	2086
chr17	61028669	61028837	ncMAR-1088	2154
chr2	156159750	156160003	ncMAR-1089	372
chr11	133152618	133152871	ncMAR-1090	1679
chr15	95898941	95899194	ncMAR-1091	2036
chr3	146818763	146819017	ncMAR-1092	627
chr3	163113451	163113620	ncMAR-1093	646
chr4	97159838	97160007	ncMAR-1094	741
chr9	36744338	36744592	ncMAR-1095	1306
chr4	79713954	79714294	ncMAR-1096	721
chr2	62811168	62811423	ncMAR-1097	282
chr8	71960478	71960733	ncMAR-1098	1185
chr16	52435695	52435950	ncMAR-1099	2076
chr5	124292386	124292983	ncMAR-1100	936
chr5	106985236	106985406	ncMAR-1101	911
chr5	125655442	125655783	ncMAR-1102	946
chr11	91282590	91282760	ncMAR-1103	1620
chr2	212817965	212818221	ncMAR-1104	472
chr5	23205453	23205709	ncMAR-1105	819
chr6	41416143	41416399	ncMAR-1106	998
chr5	44546327	44546669	ncMAR-1107	830
chr5	91264689	91264860	ncMAR-1108	876
chr9	16389914	16390171	ncMAR-1109	1275
chr11	32547877	32548048	ncMAR-1110	1596
chr1	176915799	176915970	ncMAR-1111	140
chr14	87152697	87152954	ncMAR-1112	1962
chr16	73857042	73857385	ncMAR-1113	2108
chr2	107772423	107772594	ncMAR-1114	322
chr1	244171615	244172045	ncMAR-1115	211
chr10	76921396	76921740	ncMAR-1116	1474
chr7	101933081	101933339	ncMAR-1117	1080
chr9	119776086	119776344	ncMAR-1118	1377
chr10	101529804	101530062	ncMAR-1119	1500
chr3	85706056	85706574	ncMAR-1120	586
chr4	168570588	168570760	ncMAR-1121	787
chr8	15475770	15475942	ncMAR-1122	1127
chr10	10907191	10907536	ncMAR-1123	1414
chr11	40719061	40719233	ncMAR-1124	1600
chr16	59033155	59033327	ncMAR-1125	2092
chr17	48573983	48574242	ncMAR-1126	2144
chr3	29513297	29513556	ncMAR-1127	515
chr5	89069742	89070001	ncMAR-1128	866
chr16	62380945	62381204	ncMAR-1129	2098
chr9	81823340	81824381	ncMAR-1130	1343
chr10	116891136	116891570	ncMAR-1131	1531
chr14	78232283	78232543	ncMAR-1132	1938
chr3	135100368	135100629	ncMAR-1133	614
chr10	61475099	61475535	ncMAR-1134	1445
chr16	82465053	82465227	ncMAR-1135	2120
chr5	89064724	89065161	ncMAR-1136	866
chr10	75600794	75601232	ncMAR-1137	1465
chr2	144703918	144704444	ncMAR-1138	345
chr5	39520160	39520423	ncMAR-1139	828
chr9	26238279	26238454	ncMAR-1140	1300
chr10	102280595	102280946	ncMAR-1141	1504
chr10	117541340	117541515	ncMAR-1142	1535
chr12	41483543	41483718	ncMAR-1143	1711
chr2	146208142	146208405	ncMAR-1144	355
chr10	75362531	75362795	ncMAR-1145	1463
chr5	108581090	108581443	ncMAR-1146	920
chr10	78060314	78060490	ncMAR-1147	1477
chr1	61110076	61110253	ncMAR-1148	27
chr8	93041599	93041776	ncMAR-1149	1207
chr8	98999966	99000143	ncMAR-1150	1213
chr11	128836100	128836277	ncMAR-1151	1666
chr14	25877246	25877423	ncMAR-1152	1858
chr2	31867661	31868106	ncMAR-1153	244
chr2	156750873	156751229	ncMAR-1154	376
chr2	207161703	207161970	ncMAR-1155	463
chr9	119873495	119873762	ncMAR-1156	1377
chr11	30468937	30469204	ncMAR-1157	1586
chr2	164288110	164288377	ncMAR-1158	395
chr3	18402320	18402498	ncMAR-1159	505
chr10	86047337	86047515	ncMAR-1160	1483
chr5	92637985	92638253	ncMAR-1161	884
chr11	81217334	81217602	ncMAR-1162	1615
chr2	58749329	58749597	ncMAR-1163	269
chr5	77569046	77569315	ncMAR-1164	848
chr5	91730150	91730419	ncMAR-1165	878
chr8	92092360	92092539	ncMAR-1166	1201
chr11	131121709	131121978	ncMAR-1167	1667
chr15	37793732	37794001	ncMAR-1168	1994
chr15	95462095	95462364	ncMAR-1169	2032
chr8	25568946	25569306	ncMAR-1170	1132
chr2	45257612	45257882	ncMAR-1171	254
chr5	89127211	89127481	ncMAR-1172	866
chr10	117889438	117889708	ncMAR-1173	1536
chr11	16296344	16296614	ncMAR-1174	1573
chr12	86698699	86698969	ncMAR-1175	1738
chr2	156316148	156316328	ncMAR-1176	373
chr2	67006969	67007240	ncMAR-1177	297
chr3	34068606	34068877	ncMAR-1178	520
chr5	88828131	88828312	ncMAR-1179	865
chr10	20710245	20710426	ncMAR-1180	1422
chr14	36272375	36272738	ncMAR-1181	1900
chr1	87905347	87905802	ncMAR-1182	83
chr1	90340320	90340775	ncMAR-1183	91
chr17	61209485	61209940	ncMAR-1184	2155
chr5	122908064	122908428	ncMAR-1185	930
chr9	81649496	81649952	ncMAR-1186	1342
chr2	66240342	66240890	ncMAR-1187	292
chr11	114245595	114245777	ncMAR-1188	1631
chr14	79028460	79028642	ncMAR-1189	1942
chr15	95990487	95990669	ncMAR-1190	2037
chr10	21293595	21293869	ncMAR-1191	1423
chr10	74466475	74466749	ncMAR-1192	1459
chr14	76920005	76920279	ncMAR-1193	1937
chr11	15776353	15776719	ncMAR-1194	1568
chr14	98212513	98212879	ncMAR-1195	1976
chr5	87753928	87754203	ncMAR-1196	856
chr7	41709674	41709949	ncMAR-1197	1065
chr7	122437182	122437365	ncMAR-1198	1107
chr14	27254106	27254381	ncMAR-1199	1864
chr2	165203909	165204092	ncMAR-1200	397
chr2	144999556	144999832	ncMAR-1201	347
chr2	66573120	66573304	ncMAR-1202	295
chr4	80402995	80403179	ncMAR-1203	723
chr4	146976945	146977222	ncMAR-1204	771
chr3	59257232	59257602	ncMAR-1205	533
chr9	119816744	119817022	ncMAR-1206	1377
chr1	165123908	165124093	ncMAR-1207	133
chr1	177390933	177391118	ncMAR-1208	141
chr2	45127099	45127471	ncMAR-1209	253
chr3	169118975	169119254	ncMAR-1210	653
chr9	119698383	119698569	ncMAR-1211	1376
chr10	112739515	112739888	ncMAR-1212	1521
chr16	54382584	54382770	ncMAR-1213	2083
chr11	47104418	47104698	ncMAR-1214	1612
chr14	56587736	56588016	ncMAR-1215	1913
chr16	6901683	6901963	ncMAR-1216	2051
chr1	80646495	80647150	ncMAR-1217	53
chr9	123561123	123561310	ncMAR-1218	1380
chr10	75644314	75644501	ncMAR-1219	1465
chr11	133677544	133677825	ncMAR-1220	1683
chr1	39331677	39332334	ncMAR-1221	13
chr4	27631671	27631859	ncMAR-1222	703
chr9	9204964	9205152	ncMAR-1223	1254
chr9	14292989	14293272	ncMAR-1224	1269
chr11	92407555	92407838	ncMAR-1225	1623
chr7	123308336	123308525	ncMAR-1226	1109
chr1	104842790	104842979	ncMAR-1227	117
chr9	81669868	81670247	ncMAR-1228	1342
chr11	15986959	15987148	ncMAR-1229	1570
chr2	66995114	66995494	ncMAR-1230	297
chr11	126680744	126681029	ncMAR-1231	1654
chr16	6997457	6997742	ncMAR-1232	2052
chr14	35573831	35574307	ncMAR-1233	1895
chr5	89204990	89205180	ncMAR-1234	867
chr11	127733387	127733577	ncMAR-1235	1661
chr14	85241156	85241346	ncMAR-1236	1957
chr14	46626984	46627270	ncMAR-1237	1907
chr2	176847560	176847847	ncMAR-1238	425
chr2	177535838	177536317	ncMAR-1239	431
chr7	111634822	111635110	ncMAR-1240	1085
chr9	126276340	126276628	ncMAR-1241	1389
chr16	72800232	72800424	ncMAR-1242	2104
chr16	80066943	80067328	ncMAR-1243	2119
chr10	76559069	76559358	ncMAR-1244	1471
chr5	88399659	88399949	ncMAR-1245	860
chr11	133314702	133314992	ncMAR-1246	1680
chr3	173703656	173704044	ncMAR-1247	661
chr14	79143412	79143703	ncMAR-1248	1943
chr2	66443460	66443654	ncMAR-1249	294
chr1	209113870	209114064	ncMAR-1250	164
chr1	209023606	209024093	ncMAR-1251	163
chr3	169256065	169256455	ncMAR-1252	654
chr2	161556694	161556987	ncMAR-1253	382
chr8	105598716	105599009	ncMAR-1254	1222
chr13	42548735	42548930	ncMAR-1255	1779
chr17	65843461	65843754	ncMAR-1256	2158
chr1	82199162	82199652	ncMAR-1257	62
chr10	34293639	34293933	ncMAR-1258	1432
chr9	125652164	125652557	ncMAR-1259	1386
chr5	93721222	93721418	ncMAR-1260	894
chr1	44485625	44486019	ncMAR-1261	15
chr5	105680990	105681286	ncMAR-1262	907
chr1	209326587	209326982	ncMAR-1263	166
chr2	58707453	58707948	ncMAR-1264	269
chr10	49205503	49206197	ncMAR-1265	1436
chr16	79042397	79042694	ncMAR-1266	2114
chr7	113880327	113881022	ncMAR-1267	1088
chr8	104995242	104995440	ncMAR-1268	1218
chr10	104483178	104483376	ncMAR-1269	1507
chr5	67115429	67115727	ncMAR-1270	844
chr11	132644718	132645016	ncMAR-1271	1676
chr14	28350659	28350957	ncMAR-1272	1869
chr1	209146117	209146415	ncMAR-1273	164
chr16	51723675	51723973	ncMAR-1274	2073
chr5	88544136	88544435	ncMAR-1275	862
chr5	124311089	124311188	ncMAR-1276	936
chr3	114714471	114715272	ncMAR-1277	605
chr11	126889664	126890064	ncMAR-1278	1657
chr3	60973728	60974028	ncMAR-1279	540
chr11	41617938	41618238	ncMAR-1280	1601
chr2	176597833	176598234	ncMAR-1281	422
chr2	59676282	59676583	ncMAR-1282	275
chr3	70658571	70658772	ncMAR-1283	558
chr8	37184172	37184373	ncMAR-1284	1148
chr10	62996795	62997198	ncMAR-1285	1448
chr10	117599142	117599242	ncMAR-1286	1535
chr13	53036129	53036330	ncMAR-1287	1784
chr16	7767091	7767191	ncMAR-1288	2055
chr10	10613292	10613595	ncMAR-1289	1413
chr14	33275148	33275654	ncMAR-1290	1885
chr2	175807354	175807556	ncMAR-1291	418
chr3	76619552	76619754	ncMAR-1292	570
chr5	3945781	3945983	ncMAR-1293	811
chr13	71879895	71880097	ncMAR-1294	1804
chr16	6267925	6268127	ncMAR-1295	2050
chr16	51067978	51068180	ncMAR-1296	2067
chr3	1750509	1750813	ncMAR-1297	498
chr17	61336112	61336416	ncMAR-1298	2156
chr3	67977099	67977302	ncMAR-1299	550
chr4	18857539	18857742	ncMAR-1300	688
chr7	26594792	26594893	ncMAR-1301	1041
chr7	120630806	120631111	ncMAR-1302	1104
chr10	8289651	8289854	ncMAR-1303	1406
chr12	16163242	16163445	ncMAR-1304	1686
chr1	208118831	208119034	ncMAR-1305	157
chr2	67135162	67135365	ncMAR-1306	298
chr2	163743091	163743702	ncMAR-1307	391
chr8	35625191	35625599	ncMAR-1308	1145
chr5	124824655	124824961	ncMAR-1309	941
chr6	16902769	16903075	ncMAR-1310	976
chr1	213550542	213550746	ncMAR-1311	170
chr2	80585662	80585866	ncMAR-1312	307
chr2	163938800	163939004	ncMAR-1313	392
chr10	61973670	61973977	ncMAR-1314	1446
chr6	18842850	18843260	ncMAR-1315	979
chr9	79111582	79112404	ncMAR-1316	1328
chr6	19908322	19908527	ncMAR-1317	983
chr10	100462854	100463059	ncMAR-1318	1493
chr12	115687119	115687324	ncMAR-1319	1765
chr1	204694245	204694450	ncMAR-1320	153
chr17	29083945	29084047	ncMAR-1321	2131
chr2	60565431	60565636	ncMAR-1322	280
chr7	19336907	19337319	ncMAR-1323	1029
chr9	13939691	13940207	ncMAR-1324	1267
chr15	67720543	67720956	ncMAR-1325	2019
chr4	35882061	35882371	ncMAR-1326	708
chr14	35965498	35965808	ncMAR-1327	1896
chr15	60471411	60471721	ncMAR-1328	2006
chr1	213382086	213382396	ncMAR-1329	170
chr4	55866803	55866906	ncMAR-1330	713
chr1	97262883	97263194	ncMAR-1331	105
chr11	115326469	115326780	ncMAR-1332	1636
chr15	95647813	95647916	ncMAR-1333	2034
chr2	16425661	16425764	ncMAR-1334	221
chr3	50362800	50362903	ncMAR-1335	523
chr7	27202075	27202178	ncMAR-1336	1045
chr10	76438540	76438851	ncMAR-1337	1470
chr9	71581182	71581494	ncMAR-1338	1311
chr13	70755591	70756216	ncMAR-1339	1798
chr2	65991571	65992093	ncMAR-1340	289
chr11	44144390	44144703	ncMAR-1341	1607
chr14	68164831	68165144	ncMAR-1342	1926
chr15	37881513	37881826	ncMAR-1343	1995
chr3	77446835	77447044	ncMAR-1344	574
chr1	63507469	63507783	ncMAR-1345	33
chr9	75216518	75216622	ncMAR-1346	1318
chr9	116493330	116493434	ncMAR-1347	1366
chr10	75379062	75379796	ncMAR-1348	1463
chr10	129614560	129614874	ncMAR-1349	1552
chr13	104416937	104417146	ncMAR-1350	1845
chr14	26272089	26272298	ncMAR-1351	1860
chr14	33489669	33489983	ncMAR-1352	1887
chr1	115924922	115925131	ncMAR-1353	125
chr5	51685536	51686166	ncMAR-1354	834
chr2	198324154	198324469	ncMAR-1355	441
chr11	91404314	91404629	ncMAR-1356	1621
chr12	105492736	105493051	ncMAR-1357	1757
chr2	201860133	201860343	ncMAR-1358	451
chr3	173231857	173232067	ncMAR-1359	660
chr9	4146350	4146560	ncMAR-1360	1248
chr9	24725935	24726251	ncMAR-1361	1295
chr14	33056186	33056608	ncMAR-1362	1883
chr15	49423046	49423468	ncMAR-1363	1999
chr2	58494687	58495004	ncMAR-1364	267
chr8	34173905	34174116	ncMAR-1365	1140
chr11	22558796	22559007	ncMAR-1366	1582
chr1	215005338	215005443	ncMAR-1367	176
chr3	78336994	78337312	ncMAR-1368	576
chr2	143228924	143229349	ncMAR-1369	337
chr3	19013197	19013622	ncMAR-1370	507
chr7	28553371	28553583	ncMAR-1371	1050
chr7	33788270	33788482	ncMAR-1372	1054
chr16	86350924	86351136	ncMAR-1373	2123
chr4	173601437	173601970	ncMAR-1374	790
chr4	21440351	21440671	ncMAR-1375	691
chr7	18393932	18394145	ncMAR-1376	1026
chr8	95793629	95793842	ncMAR-1377	1212
chr10	105239716	105239822	ncMAR-1378	1510
chr11	11263680	11263786	ncMAR-1379	1559
chr16	79525038	79525358	ncMAR-1380	2116
chr3	18836143	18836572	ncMAR-1381	507
chr4	109368830	109369044	ncMAR-1382	749
chr7	115729261	115729475	ncMAR-1383	1098
chr1	87348733	87348947	ncMAR-1384	78
chr5	78235336	78235873	ncMAR-1385	852
chr6	14500916	14501669	ncMAR-1386	971
chr16	78597834	78598264	ncMAR-1387	2113
chr5	51001160	51001698	ncMAR-1388	831
chr4	96670665	96670772	ncMAR-1389	740
chr4	132445034	132445249	ncMAR-1390	760
chr9	37325888	37326103	ncMAR-1391	1309
chr1	208462852	208463175	ncMAR-1392	158
chr15	36356914	36357237	ncMAR-1393	1986
chr10	75541546	75541870	ncMAR-1394	1464
chr13	94362314	94362530	ncMAR-1395	1835
chr2	104070961	104071394	ncMAR-1396	315
chr5	124905897	124906222	ncMAR-1397	942
chr3	70170026	70170243	ncMAR-1398	553
chr6	45538676	45539002	ncMAR-1399	1006
chr10	86747861	86748078	ncMAR-1400	1484
chr11	16174437	16174763	ncMAR-1401	1571
chr13	57760895	57761330	ncMAR-1402	1787
chr16	59193680	59193897	ncMAR-1403	2093
chr2	143467779	143467887	ncMAR-1404	338
chr2	156607158	156607484	ncMAR-1405	375
chr2	161083063	161083280	ncMAR-1406	378
chr8	37637821	37638584	ncMAR-1407	1150
chr11	16121720	16122374	ncMAR-1408	1571
chr12	71457012	71457557	ncMAR-1409	1725
chr16	53937273	53937819	ncMAR-1410	2082
chr1	87426239	87426457	ncMAR-1411	79
chr10	117903754	117903972	ncMAR-1412	1536
chr10	123192871	123193089	ncMAR-1413	1544
chr2	59093661	59093989	ncMAR-1414	271
chr9	1794654	1794982	ncMAR-1415	1244
chr15	37579235	37579783	ncMAR-1416	1992
chr2	58539820	58540149	ncMAR-1417	267
chr2	60536452	60536671	ncMAR-1418	280
chr2	207113622	207113951	ncMAR-1419	463
chr5	109905721	109905940	ncMAR-1420	921
chr1	164699796	164700125	ncMAR-1421	130
chr16	73659857	73660076	ncMAR-1422	2107
chr14	36019869	36020529	ncMAR-1423	1897
chr12	103090922	103091362	ncMAR-1424	1753
chr3	88753829	88754050	ncMAR-1425	589
chr3	134953575	134953907	ncMAR-1426	613
chr6	8871362	8871583	ncMAR-1427	957
chr6	45327092	45327313	ncMAR-1428	1004
chr7	115874665	115874886	ncMAR-1429	1099
chr8	25583119	25583451	ncMAR-1430	1132
chr9	16531542	16531763	ncMAR-1431	1276
chr9	105963572	105963793	ncMAR-1432	1355
chr10	106537455	106537676	ncMAR-1433	1514
chr12	113634553	113634774	ncMAR-1434	1762
chr3	60355296	60355518	ncMAR-1435	538
chr4	175944208	175944430	ncMAR-1436	794
chr12	70723017	70723239	ncMAR-1437	1724
chr3	69936292	69936626	ncMAR-1438	551
chr5	93299485	93300379	ncMAR-1439	891
chr2	150786331	150786554	ncMAR-1440	365
chr7	25698861	25699084	ncMAR-1441	1037
chr7	35161996	35162107	ncMAR-1442	1055
chr7	84216703	84216814	ncMAR-1443	1074
chr9	76738244	76738691	ncMAR-1444	1320
chr9	118321709	118322044	ncMAR-1445	1371
chr11	115619998	115620109	ncMAR-1446	1638
chr3	18619097	18619545	ncMAR-1447	506
chr5	92558629	92559077	ncMAR-1448	884
chr11	132598433	132598769	ncMAR-1449	1676
chr12	50221256	50221480	ncMAR-1450	1713
chr1	213507790	213508239	ncMAR-1451	170
chr15	96803713	96803937	ncMAR-1452	2041
chr11	45995393	45995730	ncMAR-1453	1611
chr3	40585010	40585122	ncMAR-1454	522
chr5	77562382	77562494	ncMAR-1455	848
chr7	84625109	84625334	ncMAR-1456	1076
chr8	37156812	37157150	ncMAR-1457	1148
chr9	78839211	78839323	ncMAR-1458	1325
chr14	32727968	32728193	ncMAR-1459	1881
chr15	96199971	96200309	ncMAR-1460	2038
chr16	55354736	55354961	ncMAR-1461	2089
chr3	70583347	70583913	ncMAR-1462	557
chr4	108360018	108360244	ncMAR-1463	746
chr6	8000289	8000515	ncMAR-1464	953
chr8	76708845	76709071	ncMAR-1465	1190
chr2	44494043	44494269	ncMAR-1466	250
chr2	144507950	144508176	ncMAR-1467	344
chr2	211545662	211545889	ncMAR-1468	470
chr5	53418894	53419121	ncMAR-1469	838
chr9	23496511	23497194	ncMAR-1470	1289
chr9	123770765	123770992	ncMAR-1471	1382
chr14	97833353	97833466	ncMAR-1472	1972
chr16	54796081	54796422	ncMAR-1473	2085
chr2	23058862	23058975	ncMAR-1474	236
chr2	66989910	66990251	ncMAR-1475	297
chr2	161441619	161441846	ncMAR-1476	381
chr3	134355891	134356118	ncMAR-1477	612
chr13	78547181	78547637	ncMAR-1478	1813
chr10	129389826	129390626	ncMAR-1479	1551
chr8	25909366	25909594	ncMAR-1480	1135
chr13	72428187	72428415	ncMAR-1481	1806
chr16	54837975	54838203	ncMAR-1482	2085
chr1	25074685	25074913	ncMAR-1483	5
chr1	207822705	207823048	ncMAR-1484	155
chr4	22748551	22749124	ncMAR-1485	692
chr2	173208641	173208985	ncMAR-1486	405
chr2	176649484	176649713	ncMAR-1487	423
chr2	204314454	204314798	ncMAR-1488	453
chr3	139236774	139237003	ncMAR-1489	622
chr4	83851643	83851757	ncMAR-1490	728
chr9	118449725	118450069	ncMAR-1491	1372
chr11	128766304	128766533	ncMAR-1492	1665
chr14	25895615	25895959	ncMAR-1493	1858
chr17	57650614	57650728	ncMAR-1494	2150
chr10	61944206	61944897	ncMAR-1495	1446
chr3	159149214	159149444	ncMAR-1496	641
chr2	58847902	58848132	ncMAR-1497	269
chr2	205656638	205656753	ncMAR-1498	460
chr3	60226976	60227091	ncMAR-1499	537
chr5	90123696	90123927	ncMAR-1500	874
chr14	68307570	68307801	ncMAR-1501	1927
chr1	208105796	208106027	ncMAR-1502	157
chr15	95583473	95583704	ncMAR-1503	2033
chr1	216945561	216945908	ncMAR-1504	186
chr2	108145634	108145865	ncMAR-1505	324
chr3	102297566	102298030	ncMAR-1506	597
chr3	148082207	148082555	ncMAR-1507	632
chr3	33937662	33937894	ncMAR-1508	519
chr2	177650331	177650447	ncMAR-1509	432
chr2	225123863	225124213	ncMAR-1510	488
chr3	62366346	62366462	ncMAR-1511	545
chr5	93569460	93569927	ncMAR-1512	893
chr5	103851210	103851326	ncMAR-1513	902
chr5	122869323	122869556	ncMAR-1514	930
chr13	79187353	79187469	ncMAR-1515	1821
chr15	95441385	95441618	ncMAR-1516	2032
chr9	105979421	105979655	ncMAR-1517	1355
chr12	92107716	92107950	ncMAR-1518	1741
chr13	72599152	72599386	ncMAR-1519	1808
chr10	71514648	71515000	ncMAR-1520	1457
chr2	198693284	198693519	ncMAR-1521	444
chr4	181496597	181496950	ncMAR-1522	802
chr8	25671180	25671533	ncMAR-1523	1133
chr11	121106067	121106184	ncMAR-1524	1643
chr11	132821482	132821717	ncMAR-1525	1677
chr1	222844471	222844706	ncMAR-1526	205
chr17	36749550	36749904	ncMAR-1527	2134
chr4	149574689	149574925	ncMAR-1528	776
chr16	49585562	49585798	ncMAR-1529	2065
chr14	29242733	29243207	ncMAR-1530	1874
chr6	23389076	23389194	ncMAR-1531	991
chr9	9358725	9358843	ncMAR-1532	1255
chr9	22373745	22373982	ncMAR-1533	1287
chr9	73869390	73869627	ncMAR-1534	1314
chr1	157111912	157112030	ncMAR-1535	128
chr14	78575891	78576128	ncMAR-1536	1941
chr16	7836887	7837243	ncMAR-1537	2056
chr2	21624040	21624397	ncMAR-1538	228
chr3	70413646	70413884	ncMAR-1539	556
chr6	1821874	1822112	ncMAR-1540	950
chr14	56708448	56708686	ncMAR-1541	1914
chr2	220994697	220995055	ncMAR-1542	481
chr12	72777833	72778191	ncMAR-1543	1729
chr2	162003005	162003244	ncMAR-1544	384
chr9	15935734	15935973	ncMAR-1545	1271
chr9	124659305	124659424	ncMAR-1546	1384
chr13	78772942	78773181	ncMAR-1547	1816
chr14	84657849	84658208	ncMAR-1548	1955
chr1	218187813	218188173	ncMAR-1549	194
chr1	219555664	219556024	ncMAR-1550	200
chr14	33690921	33691161	ncMAR-1551	1889
chr11	114847616	114848098	ncMAR-1552	1632
chr11	126733523	126733764	ncMAR-1553	1655
chr1	243396827	243397310	ncMAR-1554	208
chr8	35092443	35092806	ncMAR-1555	1144
chr4	108454320	108454562	ncMAR-1556	747
chr2	199630933	199631175	ncMAR-1557	449
chr3	55361228	55361471	ncMAR-1558	529
chr4	171894098	171894342	ncMAR-1559	788
chr9	74534772	74535139	ncMAR-1560	1316
chr2	145279707	145280074	ncMAR-1561	349
chr9	77084336	77084827	ncMAR-1562	1321
chr17	36818258	36818503	ncMAR-1563	2135
chr11	43038256	43038625	ncMAR-1564	1604
chr3	87199572	87199818	ncMAR-1565	587
chr8	25517830	25518076	ncMAR-1566	1131
chr8	64977910	64978156	ncMAR-1567	1174
chr9	79239773	79240266	ncMAR-1568	1329
chr11	126890980	126891226	ncMAR-1569	1657
chr12	23671822	23672068	ncMAR-1570	1701
chr2	145503289	145503906	ncMAR-1571	351
chr2	199096452	199096575	ncMAR-1572	446
chr4	79185747	79185994	ncMAR-1573	718
chr7	120369271	120369518	ncMAR-1574	1102
chr11	31161066	31161809	ncMAR-1575	1591
chr11	123030450	123030573	ncMAR-1576	1648
chr7	27586774	27587270	ncMAR-1577	1047
chr5	88979553	88980174	ncMAR-1578	866
chr7	18370926	18371174	ncMAR-1579	1026
chr10	74466133	74466381	ncMAR-1580	1459
chr12	41439018	41439266	ncMAR-1581	1711
chr12	53739671	53739919	ncMAR-1582	1715
chr2	7683818	7684066	ncMAR-1583	215
chr2	144521116	144521364	ncMAR-1584	344
chr12	85392604	85393102	ncMAR-1585	1737
chr4	177531642	177531766	ncMAR-1586	796
chr4	181524522	181524771	ncMAR-1587	802
chr5	103830033	103830407	ncMAR-1588	902
chr9	19940891	19941140	ncMAR-1589	1284
chr15	96626606	96626730	ncMAR-1590	2040
chr16	52462299	52462548	ncMAR-1591	2076
chr2	157325813	157326188	ncMAR-1592	377
chr10	101708136	101708511	ncMAR-1593	1502
chr2	176817675	176818427	ncMAR-1594	425
chr9	79630163	79630413	ncMAR-1595	1331
chr14	60655156	60655406	ncMAR-1596	1921
chr1	204647235	204647485	ncMAR-1597	153
chr5	74112873	74113249	ncMAR-1598	846
chr2	176590007	176590509	ncMAR-1599	422
chr15	67468279	67468781	ncMAR-1600	2017
chr6	19720811	19721062	ncMAR-1601	981
chr7	157079031	157079282	ncMAR-1602	1125
chr10	113261492	113261617	ncMAR-1603	1526
chr7	19294627	19295005	ncMAR-1604	1029
chr10	3282337	3282715	ncMAR-1605	1402
chr14	79084766	79085018	ncMAR-1606	1942
chr3	77457057	77457183	ncMAR-1607	574
chr3	94334023	94334276	ncMAR-1608	593
chr3	143024627	143024880	ncMAR-1609	625
chr10	9899118	9899371	ncMAR-1610	1412
chr15	40915137	40915263	ncMAR-1611	1997
chr16	54048739	54048992	ncMAR-1612	2082
chr16	59527261	59527514	ncMAR-1613	2094
chr2	164012732	164012985	ncMAR-1614	393
chr9	129140082	129140208	ncMAR-1615	1394
chr2	177625924	177626305	ncMAR-1616	432
chr4	148906387	148906768	ncMAR-1617	774
chr1	98210165	98210419	ncMAR-1618	110
chr8	37561417	37561671	ncMAR-1619	1150
chr1	82567293	82567803	ncMAR-1620	65
chr2	146917773	146918411	ncMAR-1621	360
chr9	16627713	16628351	ncMAR-1622	1277
chr2	156182235	156182490	ncMAR-1623	372
chr3	965953	966208	ncMAR-1624	495
chr14	81219338	81219593	ncMAR-1625	1948
chr8	26014713	26015225	ncMAR-1626	1135
chr5	94852921	94853177	ncMAR-1627	899
chr8	59410217	59410473	ncMAR-1628	1159
chr12	102425761	102426017	ncMAR-1629	1752
chr16	73329430	73329944	ncMAR-1630	2106
chr7	16007415	16007801	ncMAR-1631	1024
chr1	213423808	213424194	ncMAR-1632	170
chr1	216358360	216358488	ncMAR-1633	182
chr4	140037781	140038169	ncMAR-1634	764
chr15	95894718	95895106	ncMAR-1635	2036
chr4	23686600	23686859	ncMAR-1636	694
chr1	81579822	81580341	ncMAR-1637	57
chr9	126015070	126015459	ncMAR-1638	1388
chr2	66521532	66521921	ncMAR-1639	295
chr2	163322615	163323004	ncMAR-1640	387
chr9	82275229	82275749	ncMAR-1641	1344
chr1	87719689	87720079	ncMAR-1642	81
chr2	199322213	199322473	ncMAR-1643	448
chr1	44536618	44537139	ncMAR-1644	15
chr3	60034549	60034809	ncMAR-1645	536
chr5	108626069	108626329	ncMAR-1646	920
chr6	14622080	14622340	ncMAR-1647	972
chr8	117151813	117152073	ncMAR-1648	1235
chr2	198532878	198533269	ncMAR-1649	443
chr6	10018283	10018805	ncMAR-1650	964
chr4	4759348	4759478	ncMAR-1651	681
chr7	14495389	14495912	ncMAR-1652	1020
chr8	115551931	115552192	ncMAR-1653	1227
chr2	144895217	144895740	ncMAR-1654	346
chr4	147044540	147045064	ncMAR-1655	771
chr2	145444991	145445384	ncMAR-1656	350
chr1	215932260	215932653	ncMAR-1657	179
chr1	48665932	48666194	ncMAR-1658	19
chr6	10390003	10390265	ncMAR-1659	965
chr7	13577467	13577729	ncMAR-1660	1018
chr2	170277997	170278259	ncMAR-1661	400
chr2	173881450	173881712	ncMAR-1662	412
chr3	159348549	159348812	ncMAR-1663	643
chr7	9447891	9448154	ncMAR-1664	1010
chr11	126651579	126651974	ncMAR-1665	1654
chr17	9446841	9447236	ncMAR-1666	2127
chr2	156156659	156156922	ncMAR-1667	372
chr9	37336851	37337379	ncMAR-1668	1309
chr10	118148300	118148564	ncMAR-1669	1538
chr2	146377815	146378079	ncMAR-1670	357
chr1	10515092	10515490	ncMAR-1671	1
chr1	44619433	44619698	ncMAR-1672	16
chr7	115384232	115384630	ncMAR-1673	1095
chr11	131240607	131240872	ncMAR-1674	1668
chr11	132691909	132692174	ncMAR-1675	1676
chr16	80013107	80013505	ncMAR-1676	2118
chr17	48152465	48152863	ncMAR-1677	2141
chr14	29189420	29189686	ncMAR-1678	1874
chr9	9569306	9569439	ncMAR-1679	1256
chr14	75868021	75868154	ncMAR-1680	1932
chr2	58852912	58853313	ncMAR-1681	269
chr14	34969167	34969300	ncMAR-1682	1893
chr3	180707900	180708168	ncMAR-1683	665
chr2	176905630	176905898	ncMAR-1684	425
chr3	190941991	190942259	ncMAR-1685	679
chr8	104994474	104994742	ncMAR-1686	1218
chr11	133497780	133498048	ncMAR-1687	1682
chr5	90111948	90112351	ncMAR-1688	874
chr14	76607205	76607608	ncMAR-1689	1936
chr3	24899939	24900208	ncMAR-1690	509
chr8	37206030	37206299	ncMAR-1691	1148
chr9	78839357	78839491	ncMAR-1692	1325
chr12	65368295	65368564	ncMAR-1693	1722
chr15	96184018	96184152	ncMAR-1694	2038
chr8	99223952	99224357	ncMAR-1695	1214
chr12	113561263	113561533	ncMAR-1696	1761
chr20	41248750	41249020	ncMAR-1697	2177
chr9	125909972	125910649	ncMAR-1698	1387
chr10	101749394	101749800	ncMAR-1699	1502
chr3	67558107	67558378	ncMAR-1700	549
chr5	93034440	93034983	ncMAR-1701	888
chr8	115946578	115946849	ncMAR-1702	1228
chr10	62019252	62019387	ncMAR-1703	1446
chr12	98110696	98110967	ncMAR-1704	1750
chr14	53571639	53571910	ncMAR-1705	1909
chr3	24943267	24943675	ncMAR-1706	509
chr2	67626056	67626328	ncMAR-1707	301
chr5	104913819	104914091	ncMAR-1708	906
chr15	37868257	37868529	ncMAR-1709	1995
chr3	169466205	169466614	ncMAR-1710	656
chr2	104026529	104026665	ncMAR-1711	315
chr3	81377434	81377707	ncMAR-1712	582
chr5	117286551	117286824	ncMAR-1713	925
chr7	132232608	132232881	ncMAR-1714	1111
chr9	125968433	125968569	ncMAR-1715	1388
chr16	5741521	5741794	ncMAR-1716	2049
chr3	71102115	71102526	ncMAR-1717	562
chr3	182403996	182404407	ncMAR-1718	673
chr2	173466965	173467239	ncMAR-1719	407
chr3	137606289	137606563	ncMAR-1720	620
chr6	14729021	14729295	ncMAR-1721	973
chr13	93475605	93475879	ncMAR-1722	1832
chr14	26812656	26812930	ncMAR-1723	1862
chr17	37019770	37020044	ncMAR-1724	2136
chr1	81681470	81682020	ncMAR-1725	58
chr1	81315037	81315312	ncMAR-1726	55
chr6	9252906	9253181	ncMAR-1727	959
chr7	26645988	26646263	ncMAR-1728	1041
chr2	60271588	60271863	ncMAR-1729	279
chr2	150429430	150429843	ncMAR-1730	364
chr3	1356165	1356441	ncMAR-1731	497
chr3	55617509	55617785	ncMAR-1732	530
chr15	35654388	35654664	ncMAR-1733	1984
chr17	71181127	71181403	ncMAR-1734	2164
chr6	33926157	33926433	ncMAR-1735	992
chr3	70652756	70653310	ncMAR-1736	558
chr7	116354215	116354492	ncMAR-1737	1100
chr8	33990875	33991013	ncMAR-1738	1139
chr16	73789766	73790043	ncMAR-1739	2107
chr1	217020693	217020970	ncMAR-1740	186
chr2	18520083	18520360	ncMAR-1741	223
chr2	156181216	156181354	ncMAR-1742	372
chr5	4303181	4303598	ncMAR-1743	813
chr5	90170267	90170545	ncMAR-1744	874
chr9	78880273	78880551	ncMAR-1745	1325
chr9	119789119	119789397	ncMAR-1746	1377
chr10	8663223	8663501	ncMAR-1747	1408
chr10	9130330	9130608	ncMAR-1748	1411
chr1	213650650	213650928	ncMAR-1749	171
chr10	102264308	102264866	ncMAR-1750	1504
chr4	146635522	146635801	ncMAR-1751	770
chr4	146654807	146654946	ncMAR-1752	770
chr10	7984333	7984612	ncMAR-1753	1405
chr1	180354028	180354307	ncMAR-1754	145
chr2	210574474	210574754	ncMAR-1755	468
chr7	42392869	42393432	ncMAR-1756	1067
chr9	78542423	78542704	ncMAR-1757	1323
chr16	73351041	73351463	ncMAR-1758	2106
chr2	164065441	164065722	ncMAR-1759	394
chr2	207079323	207079604	ncMAR-1760	463
chr1	71468561	71468983	ncMAR-1761	39
chr4	110686782	110687205	ncMAR-1762	750
chr10	76309825	76310248	ncMAR-1763	1469
chr2	205390374	205390656	ncMAR-1764	459
chr9	119284726	119285008	ncMAR-1765	1375
chr3	159540744	159541168	ncMAR-1766	644
chr8	63565697	63566121	ncMAR-1767	1165
chr2	7905261	7905685	ncMAR-1768	216
chr3	137920260	137920969	ncMAR-1769	621
chr7	27347116	27347399	ncMAR-1770	1046
chr8	65230744	65231027	ncMAR-1771	1177
chr10	102683252	102683535	ncMAR-1772	1505
chr13	71660042	71660325	ncMAR-1773	1802
chr15	95574204	95574345	ncMAR-1774	2033
chr2	143935012	143935295	ncMAR-1775	342
chr8	92009000	92009568	ncMAR-1776	1200
chr13	69180121	69180405	ncMAR-1777	1797
chr15	39693090	39693374	ncMAR-1778	1996
chr3	62416016	62416443	ncMAR-1779	545
chr10	127137022	127137449	ncMAR-1780	1547
chr4	79568211	79568496	ncMAR-1781	719
chr5	89178039	89178324	ncMAR-1782	867
chr10	2728258	2728543	ncMAR-1783	1400
chr11	122310919	122311061	ncMAR-1784	1647
chr15	60726731	60727016	ncMAR-1785	2007
chr5	44382085	44382371	ncMAR-1786	829
chr5	94782927	94783213	ncMAR-1787	898
chr8	118014914	118015200	ncMAR-1788	1236
chr13	78994604	78994890	ncMAR-1789	1819
chr16	53982828	53983114	ncMAR-1790	2082
chr2	44529811	44530386	ncMAR-1791	250
chr2	58974256	58974399	ncMAR-1792	270
chr6	16496988	16497275	ncMAR-1793	975
chr11	114095925	114096068	ncMAR-1794	1630
chr1	174430887	174431030	ncMAR-1795	137
chr16	51666985	51667128	ncMAR-1796	2072
chr2	199333693	199333981	ncMAR-1797	448
chr12	85420371	85420659	ncMAR-1798	1737
chr3	169151003	169151292	ncMAR-1799	653
chr5	124733245	124733389	ncMAR-1800	940
chr13	78364691	78365125	ncMAR-1801	1812
chr16	59024361	59024650	ncMAR-1802	2092
chr2	205763970	205764260	ncMAR-1803	461
chr3	157970897	157971187	ncMAR-1804	635
chr4	182451545	182451835	ncMAR-1805	807
chr5	89375315	89375896	ncMAR-1806	869
chr13	67281233	67281523	ncMAR-1807	1795
chr12	116951175	116951466	ncMAR-1808	1767
chr7	42235144	42235289	ncMAR-1809	1066
chr9	75599335	75599626	ncMAR-1810	1319
chr10	58010305	58010450	ncMAR-1811	1441
chr11	131566812	131566957	ncMAR-1812	1670
chr5	107776823	107777115	ncMAR-1813	917
chr11	28146189	28146481	ncMAR-1814	1585
chr1	194006887	194007179	ncMAR-1815	149
chr2	143524025	143524610	ncMAR-1816	338
chr6	8838483	8838922	ncMAR-1817	957
chr1	208035507	208035946	ncMAR-1818	156
chr2	176652230	176652523	ncMAR-1819	423
chr3	181313401	181313694	ncMAR-1820	667
chr4	17172929	17173222	ncMAR-1821	685
chr4	181690669	181690962	ncMAR-1822	803
chr5	124234744	124235184	ncMAR-1823	935
chr9	123422598	123423038	ncMAR-1824	1379
chr10	75694418	75694564	ncMAR-1825	1465
chr10	85735348	85735494	ncMAR-1826	1482
chr14	28482361	28482948	ncMAR-1827	1871
chr16	54774890	54775183	ncMAR-1828	2085
chr17	57578954	57579247	ncMAR-1829	2150
chr2	161318176	161318470	ncMAR-1830	380
chr4	111635569	111636011	ncMAR-1831	756
chr9	13429252	13429694	ncMAR-1832	1264
chr7	14163259	14163406	ncMAR-1833	1019
chr7	132856689	132856984	ncMAR-1834	1114
chr14	25501688	25501835	ncMAR-1835	1855
chr14	79426398	79426693	ncMAR-1836	1944
chr2	66070467	66070762	ncMAR-1837	290
chr2	12741085	12741232	ncMAR-1838	219
chr4	82845196	82845343	ncMAR-1839	725
chr2	66686641	66687085	ncMAR-1840	296
chr3	182390568	182390864	ncMAR-1841	673
chr4	148385231	148385527	ncMAR-1842	773
chr4	180423625	180423921	ncMAR-1843	798
chr3	102458325	102458770	ncMAR-1844	598
chr12	17430349	17430794	ncMAR-1845	1692
chr3	33146836	33147133	ncMAR-1846	518
chr7	41112124	41112421	ncMAR-1847	1064
chr16	62177207	62177803	ncMAR-1848	2097
chr3	159839769	159840067	ncMAR-1849	645
chr1	44540314	44540612	ncMAR-1850	15
chr3	89168066	89168364	ncMAR-1851	591
chr4	84459828	84460126	ncMAR-1852	733
chr9	30918335	30918633	ncMAR-1853	1302
chr11	132208628	132208926	ncMAR-1854	1674
chr17	48251026	48251324	ncMAR-1855	2142
chr2	57884963	57885411	ncMAR-1856	262
chr12	23190578	23191176	ncMAR-1857	1698
chr4	79165031	79165330	ncMAR-1858	718
chr3	70582724	70583325	ncMAR-1859	557
chr3	182228115	182228415	ncMAR-1860	672
chr7	114854134	114854434	ncMAR-1861	1093
chr9	14277369	14277669	ncMAR-1862	1269
chr14	29425307	29425758	ncMAR-1863	1876
chr2	167954025	167954627	ncMAR-1864	399
chr10	64846761	64847062	ncMAR-1865	1451
chr12	65327888	65328189	ncMAR-1866	1722
chr2	59499137	59499439	ncMAR-1867	274
chr4	93833349	93833651	ncMAR-1868	735
chr10	34260899	34261201	ncMAR-1869	1432
chr1	216782263	216782565	ncMAR-1870	185
chr8	116092969	116093120	ncMAR-1871	1229
chr7	25317999	25318455	ncMAR-1872	1034
chr3	75034331	75034635	ncMAR-1873	569
chr3	78689168	78689472	ncMAR-1874	577
chr10	123284585	123284889	ncMAR-1875	1545
chr8	71610429	71610886	ncMAR-1876	1184
chr2	161381851	161382614	ncMAR-1877	380
chr1	61011351	61011503	ncMAR-1878	26
chr7	142287248	142287400	ncMAR-1879	1123
chr9	123787799	123787951	ncMAR-1880	1382
chr1	216124523	216124828	ncMAR-1881	181
chr16	60510273	60510425	ncMAR-1882	2096
chr14	98021792	98022251	ncMAR-1883	1974
chr8	65159986	65160292	ncMAR-1884	1176
chr12	65675205	65675511	ncMAR-1885	1723
chr13	71625776	71626082	ncMAR-1886	1802
chr1	85578479	85578785	ncMAR-1887	74
chr2	144433805	144434112	ncMAR-1888	344
chr3	110716726	110716879	ncMAR-1889	601
chr8	105023504	105023811	ncMAR-1890	1218
chr9	37192644	37193105	ncMAR-1891	1308
chr1	175714597	175714750	ncMAR-1892	138
chr12	59067127	59067434	ncMAR-1893	1718
chr1	97450951	97451413	ncMAR-1894	106
chr10	61911084	61911546	ncMAR-1895	1446
chr5	87733087	87733859	ncMAR-1896	856
chr1	81453827	81454136	ncMAR-1897	56
chr8	25980509	25980663	ncMAR-1898	1135
chr11	27443734	27444198	ncMAR-1899	1583
chr17	36930120	36930584	ncMAR-1900	2136
chr2	59664990	59665455	ncMAR-1901	275
chr11	125258233	125258698	ncMAR-1902	1651
chr7	120750021	120750331	ncMAR-1903	1105
chr10	102310699	102311009	ncMAR-1904	1504
chr11	31362371	31362681	ncMAR-1905	1592
chr13	71602393	71602703	ncMAR-1906	1802
chr3	167915051	167915206	ncMAR-1907	648
chr3	55306053	55306208	ncMAR-1908	528
chr6	18817144	18817455	ncMAR-1909	979
chr10	1315404	1315559	ncMAR-1910	1395
chr11	72334951	72335106	ncMAR-1911	1614
chr17	57341945	57342256	ncMAR-1912	2149
chr17	74080807	74080962	ncMAR-1913	2172
chr3	73433968	73434280	ncMAR-1914	567
chr11	15539881	15540193	ncMAR-1915	1567
chr13	58189536	58189848	ncMAR-1916	1788
chr17	71546125	71546437	ncMAR-1917	2166
chr9	106637582	106638364	ncMAR-1918	1359
chr17	71003910	71004379	ncMAR-1919	2163
chr3	24735351	24735664	ncMAR-1920	508
chr1	76709540	76710010	ncMAR-1921	47
chr2	66995707	66996020	ncMAR-1922	297
chr12	97169961	97170433	ncMAR-1923	1744
chr2	20917711	20918183	ncMAR-1924	227
chr4	84379289	84379446	ncMAR-1925	732
chr9	106419822	106419979	ncMAR-1926	1358
chr10	99018433	99018590	ncMAR-1927	1491
chr9	2160499	2160656	ncMAR-1928	1245
chr2	163187171	163187487	ncMAR-1929	386
chr3	159236377	159236852	ncMAR-1930	642
chr11	122146477	122146635	ncMAR-1931	1645
chr3	181442810	181443127	ncMAR-1932	668
chr1	90895064	90895381	ncMAR-1933	96
chr9	13895884	13896201	ncMAR-1934	1267
chr9	16131907	16132065	ncMAR-1935	1272
chr15	98229044	98229202	ncMAR-1936	2048
chr1	243460859	243461335	ncMAR-1937	209
chr14	25655641	25656278	ncMAR-1938	1856
chr5	104646358	104646836	ncMAR-1939	904
chr4	24008803	24009122	ncMAR-1940	696
chr4	79634107	79634426	ncMAR-1941	720
chr1	78005871	78006030	ncMAR-1942	48
chr5	88930476	88930635	ncMAR-1943	866
chr10	116083447	116083606	ncMAR-1944	1529
chr11	132821879	132822038	ncMAR-1945	1677
chr1	193699350	193699509	ncMAR-1946	148
chr13	52428465	52428624	ncMAR-1947	1783
chr13	78781944	78782103	ncMAR-1948	1816
chr14	35956490	35956969	ncMAR-1949	1896
chr14	36771331	36771490	ncMAR-1950	1903
chr14	83976057	83976376	ncMAR-1951	1952
chr15	83306128	83306287	ncMAR-1952	2024
chr2	177158855	177159175	ncMAR-1953	428
chr2	67666807	67666967	ncMAR-1954	301
chr7	11472258	11472418	ncMAR-1955	1015
chr8	32476801	32477122	ncMAR-1956	1136
chr11	57778568	57778889	ncMAR-1957	1613
chr14	35471736	35472218	ncMAR-1958	1894
chr4	181363332	181363815	ncMAR-1959	801
chr4	181443727	181444049	ncMAR-1960	802
chr1	10598633	10599117	ncMAR-1961	1
chr1	50565459	50565944	ncMAR-1962	21
chr6	14384474	14384797	ncMAR-1963	970
chr7	27135895	27136218	ncMAR-1964	1045
chr9	119652949	119653272	ncMAR-1965	1376
chr2	52741228	52741389	ncMAR-1966	257
chr2	144607900	144608549	ncMAR-1967	344
chr2	146386027	146386351	ncMAR-1968	357
chr17	13326503	13326827	ncMAR-1969	2129
chr2	60742485	60742647	ncMAR-1970	281
chr2	66271875	66272037	ncMAR-1971	292
chr16	53991432	53991920	ncMAR-1972	2082
chr5	89315230	89315392	ncMAR-1973	869
chr6	19721883	19722208	ncMAR-1974	981
chr1	180299993	180300155	ncMAR-1975	144
chr4	64893245	64893571	ncMAR-1976	715
chr10	128579987	128580313	ncMAR-1977	1549
chr14	30243112	30243765	ncMAR-1978	1878
chr9	73831095	73831258	ncMAR-1979	1314
chr10	129561703	129562030	ncMAR-1980	1552
chr2	176764944	176765436	ncMAR-1981	424
chr15	98160401	98160893	ncMAR-1982	2047
chr3	157939414	157939742	ncMAR-1983	635
chr1	62955779	62956107	ncMAR-1984	31
chr11	15844474	15844802	ncMAR-1985	1569
chr2	136005913	136006077	ncMAR-1986	330
chr3	17645284	17645448	ncMAR-1987	501
chr3	169215725	169216054	ncMAR-1988	654
chr5	94481311	94481970	ncMAR-1989	897
chr6	8206687	8206851	ncMAR-1990	954
chr11	116560721	116560885	ncMAR-1991	1642
chr11	131998041	131998370	ncMAR-1992	1672
chr12	41288045	41288539	ncMAR-1993	1710
chr12	48986841	48987170	ncMAR-1994	1712
chr1	25090097	25090261	ncMAR-1995	5
chr3	100023277	100023772	ncMAR-1996	595
chr14	30134922	30135417	ncMAR-1997	1878
chr16	72427383	72427548	ncMAR-1998	2103
chr2	177530537	177530868	ncMAR-1999	431
chr4	146981143	146981308	ncMAR-2000	771
chr8	91250697	91250862	ncMAR-2001	1199
chr14	32772617	32772948	ncMAR-2002	1881
chr17	39563771	39563936	ncMAR-2003	2139
chr1	221203933	221204430	ncMAR-2004	203
chr13	66520962	66521460	ncMAR-2005	1793
chr2	205280787	205281120	ncMAR-2006	458
chr8	34487634	34487800	ncMAR-2007	1143
chr2	44716730	44717064	ncMAR-2008	251
chr5	24233083	24233417	ncMAR-2009	820
chr1	81982595	81982929	ncMAR-2010	60
chr17	48568768	48569270	ncMAR-2011	2144
chr3	172204008	172204175	ncMAR-2012	659
chr7	27817787	27818290	ncMAR-2013	1048
chr8	25675538	25675705	ncMAR-2014	1133
chr2	145632325	145632660	ncMAR-2015	353
chr1	36978005	36978341	ncMAR-2016	9
chr5	104612042	104612378	ncMAR-2017	904
chr8	59424074	59424579	ncMAR-2018	1159
chr1	81010476	81010813	ncMAR-2019	54
chr9	16709263	16709431	ncMAR-2020	1278
chr1	110200482	110200650	ncMAR-2021	121
chr16	55429045	55429382	ncMAR-2022	2090
chr7	26841458	26841965	ncMAR-2023	1042
chr7	114122427	114122765	ncMAR-2024	1089
chr11	131811485	131811823	ncMAR-2025	1671
chr3	70987050	70987219	ncMAR-2026	562
chr9	125856674	125856843	ncMAR-2027	1387
chr2	161067961	161068300	ncMAR-2028	378
chr2	163468983	163469152	ncMAR-2029	389
chr5	89090116	89090626	ncMAR-2030	866
chr4	181168447	181168787	ncMAR-2031	800
chr9	37144817	37145157	ncMAR-2032	1308
chr14	97238376	97238716	ncMAR-2033	1971
chr4	104409024	104409194	ncMAR-2034	742
chr6	18985875	18986216	ncMAR-2035	980
chr7	15688287	15688457	ncMAR-2036	1023
chr4	27206919	27207261	ncMAR-2037	702
chr2	162167500	162167843	ncMAR-2038	385
chr4	79623067	79623238	ncMAR-2039	720
chr5	36662348	36662691	ncMAR-2040	826
chr6	11245644	11245815	ncMAR-2041	966
chr15	55913163	55913334	ncMAR-2042	2001
chr2	59850143	59850487	ncMAR-2043	276
chr9	18477191	18477536	ncMAR-2044	1283
chr10	8286956	8287128	ncMAR-2045	1406
chr11	82195465	82195637	ncMAR-2046	1617
chr4	93994650	93994997	ncMAR-2047	736
chr4	182495588	182496283	ncMAR-2048	807
chr5	4473779	4474300	ncMAR-2049	814
chr1	87686076	87686423	ncMAR-2050	81
chr9	81387816	81387989	ncMAR-2051	1340
chr10	92697717	92698064	ncMAR-2052	1487
chr14	33480750	33480923	ncMAR-2053	1887
chr2	104571739	104572087	ncMAR-2054	319
chr11	96213581	96213755	ncMAR-2055	1625
chr14	79165824	79165998	ncMAR-2056	1943
chr17	60828028	60828202	ncMAR-2057	2153
chr2	60273883	60274232	ncMAR-2058	279
chr12	85422593	85423118	ncMAR-2059	1737
chr5	4805095	4805445	ncMAR-2060	815
chr13	27728142	27728492	ncMAR-2061	1775
chr1	216547600	216547950	ncMAR-2062	184
chr2	155730171	155730346	ncMAR-2063	368
chr4	111213704	111214055	ncMAR-2064	753
chr4	144189142	144189493	ncMAR-2065	765
chr1	81498382	81498733	ncMAR-2066	56
chr20	20408479	20408654	ncMAR-2067	2176
chr2	167607840	167608192	ncMAR-2068	398
chr4	24240354	24240706	ncMAR-2069	698
chr4	174109944	174110296	ncMAR-2070	792
chr11	31822117	31822469	ncMAR-2071	1593
chr11	32176424	32176953	ncMAR-2072	1594
chr3	113104510	113104863	ncMAR-2073	602
chr3	147870397	147870750	ncMAR-2074	631
chr4	23685669	23685845	ncMAR-2075	694
chr1	218025122	218025475	ncMAR-2076	193
chr17	69950359	69950535	ncMAR-2077	2160
chr2	136014100	136014276	ncMAR-2078	330
chr2	140658742	140659095	ncMAR-2079	332
chr13	67200985	67201339	ncMAR-2080	1794
chr2	104207580	104208112	ncMAR-2081	316
chr3	114875130	114875307	ncMAR-2082	606
chr3	182228901	182229256	ncMAR-2083	672
chr10	33986552	33986729	ncMAR-2084	1430
chr14	76278196	76278373	ncMAR-2085	1934
chr15	67792416	67792593	ncMAR-2086	2019
chr9	86876551	86877085	ncMAR-2087	1349
chr14	32763303	32763837	ncMAR-2088	1881
chr5	107040950	107041306	ncMAR-2089	912
chr2	66578484	66578841	ncMAR-2090	295
chr2	67006476	67006654	ncMAR-2091	297
chr2	163411922	163412100	ncMAR-2092	388
chr9	8855801	8855979	ncMAR-2093	1253
chr10	42979671	42979849	ncMAR-2094	1434
chr14	57188968	57189325	ncMAR-2095	1918
chr1	213472186	213472543	ncMAR-2096	170
chr1	74513634	74513992	ncMAR-2097	44
chr8	93445954	93446312	ncMAR-2098	1209
chr11	32225656	32226014	ncMAR-2099	1594
chr13	78712846	78713204	ncMAR-2100	1815
chr10	113121274	113121453	ncMAR-2101	1525
chr13	91874758	91874937	ncMAR-2102	1827
chr16	52461739	52462098	ncMAR-2103	2076
chr5	4773760	4774300	ncMAR-2104	815
chr10	118108582	118109123	ncMAR-2105	1538
chr5	73221347	73221527	ncMAR-2106	845
chr1	164754337	164754517	ncMAR-2107	131
chr11	31815580	31815760	ncMAR-2108	1593
chr11	115218234	115218414	ncMAR-2109	1635
chr15	69113181	69113361	ncMAR-2110	2020
chr2	204279890	204280071	ncMAR-2111	453
chr1	98035809	98036172	ncMAR-2112	108
chr14	57307136	57307499	ncMAR-2113	1919
chr2	146950954	146951318	ncMAR-2114	360
chr3	74123524	74123888	ncMAR-2115	568
chr10	117912890	117913254	ncMAR-2116	1536
chr13	71770815	71771179	ncMAR-2117	1803
chr12	16880430	16880612	ncMAR-2118	1689
chr4	180280537	180281086	ncMAR-2119	797
chr4	146478047	146478413	ncMAR-2120	769
chr3	18150502	18150868	ncMAR-2121	503
chr5	123157565	123157931	ncMAR-2122	932
chr10	16262052	16262418	ncMAR-2123	1420
chr2	20965892	20966442	ncMAR-2124	227
chr7	13338336	13338519	ncMAR-2125	1016
chr9	78604946	78605313	ncMAR-2126	1324
chr11	131668612	131668795	ncMAR-2127	1670
chr14	57071602	57071969	ncMAR-2128	1917
chr16	73167327	73167510	ncMAR-2129	2105
chr2	44841212	44841948	ncMAR-2130	252
chr2	214583127	214583311	ncMAR-2131	475
chr12	59926923	59927107	ncMAR-2132	1719
chr15	95633754	95634123	ncMAR-2133	2034
chr15	51447927	51448112	ncMAR-2134	2000
chr3	147331643	147332386	ncMAR-2135	630
chr4	84470933	84471118	ncMAR-2136	733
chr3	59879187	59879559	ncMAR-2137	535
chr1	50108631	50109003	ncMAR-2138	20
chr5	93567450	93567822	ncMAR-2139	893
chr3	77326652	77326838	ncMAR-2140	573
chr4	64698337	64698523	ncMAR-2141	714
chr1	90284098	90284471	ncMAR-2142	90
chr9	117125603	117125976	ncMAR-2143	1367
chr10	99497461	99497834	ncMAR-2144	1492
chr11	20327437	20327810	ncMAR-2145	1580
chr17	61289517	61289890	ncMAR-2146	2156
chr3	32897648	32897834	ncMAR-2147	517
chr11	22491858	22492232	ncMAR-2148	1581
chr7	26913230	26913417	ncMAR-2149	1043
chr9	126004373	126004560	ncMAR-2150	1388
chr14	29528887	29529262	ncMAR-2151	1877
chr1	213950286	213950849	ncMAR-2152	173
chr2	58363965	58364152	ncMAR-2153	266
chr14	25878212	25878777	ncMAR-2154	1858
chr3	180723315	180723692	ncMAR-2155	665
chr10	28761987	28762175	ncMAR-2156	1426
chr17	70674576	70674764	ncMAR-2157	2161
chr12	23722671	23723049	ncMAR-2158	1702
chr2	44682220	44682788	ncMAR-2159	251
chr6	18536530	18536909	ncMAR-2160	977
chr9	80402986	80403365	ncMAR-2161	1335
chr9	82467462	82467841	ncMAR-2162	1345
chr11	30455017	30455206	ncMAR-2163	1586
chr12	103475023	103475402	ncMAR-2164	1756
chr14	34081859	34082238	ncMAR-2165	1890
chr14	76584818	76585007	ncMAR-2166	1936
chr17	32546219	32546408	ncMAR-2167	2132
chr2	161265892	161266271	ncMAR-2168	379
chr16	79048322	79048702	ncMAR-2169	2114
chr2	59935900	59936471	ncMAR-2170	276
chr2	145671740	145671930	ncMAR-2171	353
chr10	100684045	100684426	ncMAR-2172	1494
chr11	122097709	122097899	ncMAR-2173	1645
chr13	78934310	78934882	ncMAR-2174	1818
chr14	32949171	32949552	ncMAR-2175	1882
chr3	177022998	177023571	ncMAR-2176	664
chr2	173570259	173570641	ncMAR-2177	408
chr16	52377161	52377352	ncMAR-2178	2075
chr1	90727965	90728733	ncMAR-2179	95
chr2	31002892	31003276	ncMAR-2180	242
chr3	169467423	169467807	ncMAR-2181	656
chr9	31578996	31579380	ncMAR-2182	1303
chr10	101484227	101484611	ncMAR-2183	1500
chr3	56111669	56112246	ncMAR-2184	532
chr10	11332699	11332891	ncMAR-2185	1416
chr9	14112189	14112574	ncMAR-2186	1268
chr13	101452473	101452665	ncMAR-2187	1843
chr13	103690132	103690324	ncMAR-2188	1844
chr14	79796241	79796433	ncMAR-2189	1946
chr15	96053253	96053445	ncMAR-2190	2037
chr9	3220746	3220939	ncMAR-2191	1246
chr5	124439116	124439309	ncMAR-2192	938
chr6	45020899	45021480	ncMAR-2193	1002
chr7	27362570	27363151	ncMAR-2194	1046
chr7	39504578	39504771	ncMAR-2195	1061
chr11	115084449	115084642	ncMAR-2196	1634
chr15	95795481	95795674	ncMAR-2197	2036
chr1	96096301	96096883	ncMAR-2198	101
chr1	220818839	220819421	ncMAR-2199	201
chr2	178752102	178752685	ncMAR-2200	434
chr2	58698900	58699289	ncMAR-2201	269
chr6	12585053	12585442	ncMAR-2202	967
chr5	125424594	125424983	ncMAR-2203	945
chr5	125659317	125659706	ncMAR-2204	946
chr11	30865459	30865848	ncMAR-2205	1589
chr13	58595991	58596185	ncMAR-2206	1789
chr1	216937450	216937839	ncMAR-2207	186
chr13	78662080	78662470	ncMAR-2208	1814
chr1	50147266	50147461	ncMAR-2209	20
chr9	78550309	78550504	ncMAR-2210	1323
chr13	80359830	80360221	ncMAR-2211	1823
chr1	50569744	50570528	ncMAR-2212	21
chr13	65940689	65941081	ncMAR-2213	1791
chr9	125633629	125634415	ncMAR-2214	1386
chr2	59819249	59820232	ncMAR-2215	276
chr8	37375161	37375357	ncMAR-2216	1149
chr10	123288280	123288476	ncMAR-2217	1545
chr12	16948797	16949190	ncMAR-2218	1690
chr13	23794830	23795026	ncMAR-2219	1773
chr13	75195916	75196112	ncMAR-2220	1809
chr17	29084506	29084702	ncMAR-2221	2131
chr1	216896365	216896957	ncMAR-2222	186
chr2	67634586	67634981	ncMAR-2223	301
chr2	38984583	38984978	ncMAR-2224	247
chr7	28411982	28412377	ncMAR-2225	1049
chr10	76118945	76119340	ncMAR-2226	1468
chr16	51866971	51867762	ncMAR-2227	2074
chr15	95369244	95369838	ncMAR-2228	2031
chr2	67725646	67726240	ncMAR-2229	302
chr10	118208287	118208683	ncMAR-2230	1538
chr3	148084692	148085487	ncMAR-2231	632
chr1	81926035	81926631	ncMAR-2232	59
chr5	125275251	125275648	ncMAR-2233	944
chr2	7860012	7860210	ncMAR-2234	216
chr2	104026072	104026271	ncMAR-2235	315
chr1	50610554	50610953	ncMAR-2236	21
chr8	34226308	34226507	ncMAR-2237	1141
chr10	99057863	99058262	ncMAR-2238	1491
chr17	61308741	61308940	ncMAR-2239	2156
chr2	232858384	232858583	ncMAR-2240	493
chr2	55954747	55954947	ncMAR-2241	260
chr2	66542296	66542496	ncMAR-2242	295
chr6	37941837	37942238	ncMAR-2243	994
chr8	65237933	65238133	ncMAR-2244	1177
chr9	14118836	14119237	ncMAR-2245	1268
chr9	23665118	23665318	ncMAR-2246	1290
chr13	99797797	99797997	ncMAR-2247	1841
chr14	28879425	28880028	ncMAR-2248	1872
chr6	14751755	14752157	ncMAR-2249	973
chr16	80078692	80079094	ncMAR-2250	2119
chr2	59348234	59348637	ncMAR-2251	272
chr2	176574556	176574959	ncMAR-2252	422
chr11	13849688	13849889	ncMAR-2253	1564
chr11	122040548	122040951	ncMAR-2254	1644
chr13	94708543	94708744	ncMAR-2255	1836
chr16	51607104	51607305	ncMAR-2256	2071
chr2	59201828	59202233	ncMAR-2257	271
chr2	212526159	212526361	ncMAR-2258	471
chr5	123807735	123807937	ncMAR-2259	933
chr7	21026247	21026449	ncMAR-2260	1032
chr9	106288337	106288742	ncMAR-2261	1357
chr9	125845356	125845761	ncMAR-2262	1387
chr10	101487433	101487838	ncMAR-2263	1500
chr14	76250313	76250515	ncMAR-2264	1934
chr5	123158401	123158807	ncMAR-2265	932
chr9	81076721	81077127	ncMAR-2266	1339
chr14	27801579	27801985	ncMAR-2267	1867
chr2	57801950	57802560	ncMAR-2268	261
chr14	76125491	76125898	ncMAR-2269	1933
chr12	91985474	91985677	ncMAR-2270	1740
chr14	60654375	60654579	ncMAR-2271	1921
chr16	85552809	85553013	ncMAR-2272	2122
chr9	16192587	16192997	ncMAR-2273	1273
chr7	115549958	115550369	ncMAR-2274	1097
chr11	114918346	114918551	ncMAR-2275	1633
chr1	215656924	215657335	ncMAR-2276	177
chr17	37115171	37115376	ncMAR-2277	2137
chr2	205174788	205175200	ncMAR-2278	457
chr14	32156267	32156886	ncMAR-2279	1880
chr1	90567293	90567706	ncMAR-2280	93
chr8	37613588	37613794	ncMAR-2281	1150
chr10	112558536	112558742	ncMAR-2282	1520
chr7	8965474	8965889	ncMAR-2283	1009
chr1	177573972	177574179	ncMAR-2284	142
chr16	73701617	73701824	ncMAR-2285	2107
chr10	34153992	34154200	ncMAR-2286	1431
chr10	128565147	128565355	ncMAR-2287	1549
chr3	182516874	182517292	ncMAR-2288	674
chr7	115080844	115081262	ncMAR-2289	1094
chr3	85723347	85723556	ncMAR-2290	586
chr7	40567016	40567225	ncMAR-2291	1062
chr9	116328171	116328380	ncMAR-2292	1365
chr2	58720052	58720261	ncMAR-2293	269
chr1	164851638	164851847	ncMAR-2294	132
chr1	61461208	61461418	ncMAR-2295	29
chr4	139832890	139833100	ncMAR-2296	763
chr5	3617941	3618151	ncMAR-2297	810
chr1	80440788	80440998	ncMAR-2298	52
chr6	44724714	44724924	ncMAR-2299	1001
chr8	37020093	37020303	ncMAR-2300	1147
chr13	71517059	71517269	ncMAR-2301	1801
chr14	56950972	56951182	ncMAR-2302	1916
chr14	89429666	89429876	ncMAR-2303	1966
chr3	17996253	17996675	ncMAR-2304	502
chr3	1057291	1057502	ncMAR-2305	496
chr7	19301291	19301714	ncMAR-2306	1029
chr8	33915997	33916420	ncMAR-2307	1138
chr12	60258776	60258987	ncMAR-2308	1720
chr2	143159054	143159902	ncMAR-2309	336
chr14	56963629	56963841	ncMAR-2310	1916
chr2	145500259	145500684	ncMAR-2311	351
chr3	71006282	71006708	ncMAR-2312	562
chr7	113715159	113715585	ncMAR-2313	1086
chr8	93026347	93026773	ncMAR-2314	1207
chr9	78939468	78939894	ncMAR-2315	1326
chr5	89996242	89996455	ncMAR-2316	873
chr1	218480604	218481032	ncMAR-2317	197
chr3	89111535	89111749	ncMAR-2318	590
chr3	182104963	182105392	ncMAR-2319	671
chr11	131101180	131101394	ncMAR-2320	1667
chr2	59295004	59295434	ncMAR-2321	272
chr2	176115298	176115728	ncMAR-2322	419
chr1	88271857	88272287	ncMAR-2323	85
chr16	52498150	52498580	ncMAR-2324	2076
chr3	147381666	147382097	ncMAR-2325	630
chr10	33665882	33666097	ncMAR-2326	1429
chr11	116164144	116164359	ncMAR-2327	1640
chr15	95843650	95843865	ncMAR-2328	2036
chr2	58140580	58141227	ncMAR-2329	264
chr2	59920613	59921044	ncMAR-2330	276
chr3	158292055	158292703	ncMAR-2331	637
chr10	75880100	75880532	ncMAR-2332	1466
chr1	79591803	79592019	ncMAR-2333	49
chr10	101242328	101242544	ncMAR-2334	1497
chr11	12679530	12679746	ncMAR-2335	1561
chr1	217747173	217747389	ncMAR-2336	191
chr9	79976371	79977022	ncMAR-2337	1333
chr10	101464562	101464996	ncMAR-2338	1500
chr1	213768694	213769128	ncMAR-2339	172
chr4	13007862	13008514	ncMAR-2340	683
chr8	71010914	71011131	ncMAR-2341	1183
chr11	126900564	126900781	ncMAR-2342	1657
chr13	100919739	100920174	ncMAR-2343	1842
chr13	70992296	70992732	ncMAR-2344	1799
chr13	96619430	96619866	ncMAR-2345	1838
chr2	65775055	65775273	ncMAR-2346	287
chr2	199201725	199201943	ncMAR-2347	447
chr8	77166996	77167214	ncMAR-2348	1192
chr9	16202926	16203363	ncMAR-2349	1273
chr15	97654976	97655414	ncMAR-2350	2046
chr2	58955977	58956415	ncMAR-2351	270
chr14	33393583	33394461	ncMAR-2352	1886
chr5	109888913	109889132	ncMAR-2353	921
chr7	35229113	35229332	ncMAR-2354	1056
chr10	101468700	101469139	ncMAR-2355	1500
chr16	53953197	53953636	ncMAR-2356	2082
chr3	169613035	169613476	ncMAR-2357	657
chr12	79147919	79148360	ncMAR-2358	1733
chr15	95710076	95710517	ncMAR-2359	2035
chr2	156017401	156017621	ncMAR-2360	371
chr3	88616457	88616899	ncMAR-2361	588
chr7	133555949	133556391	ncMAR-2362	1116
chr11	122982675	122983117	ncMAR-2363	1648
chr15	37148239	37148681	ncMAR-2364	1989
chr3	146655386	146655607	ncMAR-2365	626
chr10	106640343	106640564	ncMAR-2366	1515
chr14	99024835	99025056	ncMAR-2367	1980
chr4	23930738	23930960	ncMAR-2368	696
chr8	77123069	77123514	ncMAR-2369	1192
chr9	14231530	14231975	ncMAR-2370	1269
chr11	15871317	15871539	ncMAR-2371	1569
chr8	37565778	37566224	ncMAR-2372	1150
chr2	43463252	43463698	ncMAR-2373	248
chr2	145200908	145201354	ncMAR-2374	348
chr6	19863747	19863970	ncMAR-2375	983
chr1	96184891	96185114	ncMAR-2376	102
chr9	30017331	30017779	ncMAR-2377	1301
chr2	198693020	198693244	ncMAR-2378	444
chr5	119742196	119742420	ncMAR-2379	928
chr8	25958430	25958879	ncMAR-2380	1135
chr15	47638495	47638719	ncMAR-2381	1998
chr17	72034430	72034654	ncMAR-2382	2169
chr1	90341325	90342000	ncMAR-2383	91
chr2	59077004	59077679	ncMAR-2384	271
chr8	37055300	37055750	ncMAR-2385	1147
chr9	126441588	126441813	ncMAR-2386	1390
chr10	62077673	62077898	ncMAR-2387	1447
chr2	58614382	58614835	ncMAR-2388	268
chr3	158062926	158063152	ncMAR-2389	636
chr3	182673746	182673972	ncMAR-2390	675
chr4	27084964	27085190	ncMAR-2391	701
chr5	94777573	94777800	ncMAR-2392	898
chr1	91082991	91083218	ncMAR-2393	97
chr10	61837072	61837299	ncMAR-2394	1446
chr12	65113514	65113741	ncMAR-2395	1721
chr2	143254066	143254293	ncMAR-2396	337
chr15	96011145	96011601	ncMAR-2397	2037
chr5	93887685	93888142	ncMAR-2398	896
chr11	131809907	131810135	ncMAR-2399	1671
chr13	35485556	35485784	ncMAR-2400	1778
chr10	92993806	92994493	ncMAR-2401	1488
chr4	84407746	84408204	ncMAR-2402	732
chr6	45367853	45368311	ncMAR-2403	1004
chr2	99812582	99813041	ncMAR-2404	312
chr4	19120018	19120247	ncMAR-2405	689
chr7	39095518	39095747	ncMAR-2406	1059
chr15	95868753	95868982	ncMAR-2407	2036
chr4	181934171	181934631	ncMAR-2408	805
chr3	77116790	77117020	ncMAR-2409	572
chr6	9843354	9843584	ncMAR-2410	963
chr9	106283891	106284352	ncMAR-2411	1357
chr15	60788805	60789035	ncMAR-2412	2008
chr2	173793591	173794284	ncMAR-2413	411
chr2	180197825	180198056	ncMAR-2414	435
chr5	77936195	77936426	ncMAR-2415	850
chr10	9140394	9140625	ncMAR-2416	1411
chr16	52874214	52874445	ncMAR-2417	2079
chr13	72416021	72416485	ncMAR-2418	1806
chr11	46001725	46001957	ncMAR-2419	1611
chr13	22071085	22071317	ncMAR-2420	1772
chr14	27634706	27634938	ncMAR-2421	1865
chr14	49161200	49161432	ncMAR-2422	1908
chr15	59732711	59732943	ncMAR-2423	2003
chr15	69703841	69704073	ncMAR-2424	2021
chr17	36978821	36979520	ncMAR-2425	2136
chr2	57759425	57759891	ncMAR-2426	261
chr9	3862951	3863417	ncMAR-2427	1247
chr1	167425121	167425354	ncMAR-2428	134
chr5	91741061	91741294	ncMAR-2429	878
chr11	16291904	16292137	ncMAR-2430	1573
chr1	216739926	216740393	ncMAR-2431	185
chr2	85215787	85216021	ncMAR-2432	309
chr10	129570610	129570844	ncMAR-2433	1552
chr3	38484708	38484943	ncMAR-2434	521
chr3	169581497	169582204	ncMAR-2435	657
chr4	23790262	23790497	ncMAR-2436	695
chr1	82463010	82463245	ncMAR-2437	64
chr8	37547964	37548199	ncMAR-2438	1150
chr9	81552612	81553083	ncMAR-2439	1341
chr11	30635521	30635992	ncMAR-2440	1587
chr13	93372854	93373089	ncMAR-2441	1831
chr10	75693234	75693942	ncMAR-2442	1465
chr2	58836015	58836487	ncMAR-2443	269
chr10	118443818	118444527	ncMAR-2444	1539
chr9	14262221	14262457	ncMAR-2445	1269
chr10	67269919	67270155	ncMAR-2446	1454
chr14	98497846	98498082	ncMAR-2447	1977
chr2	173409024	173409498	ncMAR-2448	406
chr15	67593506	67593981	ncMAR-2449	2018
chr2	59434808	59435283	ncMAR-2450	273
chr2	177219345	177219582	ncMAR-2451	429
chr11	132414972	132415447	ncMAR-2452	1675
chr3	18355860	18356336	ncMAR-2453	505
chr3	89276659	89276897	ncMAR-2454	592
chr1	87855046	87855284	ncMAR-2455	82
chr8	61103590	61103828	ncMAR-2456	1164
chr16	60115305	60115782	ncMAR-2457	2095
chr16	79634307	79634545	ncMAR-2458	2116
chr3	71821668	71822146	ncMAR-2459	566
chr3	77595216	77595934	ncMAR-2460	575
chr1	73762610	73762849	ncMAR-2461	43
chr16	79916594	79916833	ncMAR-2462	2117
chr2	147512323	147512562	ncMAR-2463	362
chr14	36220952	36221672	ncMAR-2464	1899
chr2	58952159	58952880	ncMAR-2465	270
chr14	25756381	25756862	ncMAR-2466	1857
chr15	77720431	77720671	ncMAR-2467	2023
chr7	133164903	133165385	ncMAR-2468	1115
chr10	63053451	63053933	ncMAR-2469	1449
chr2	161245196	161245437	ncMAR-2470	379
chr2	222239079	222239320	ncMAR-2471	486
chr5	118735969	118736210	ncMAR-2472	927
chr5	125970860	125971101	ncMAR-2473	948
chr14	33019168	33019409	ncMAR-2474	1883
chr6	18662895	18663379	ncMAR-2475	978
chr4	17246702	17246945	ncMAR-2476	686
chr4	148944275	148944762	ncMAR-2477	774
chr4	150937206	150937693	ncMAR-2478	781
chr8	125799671	125799914	ncMAR-2479	1241
chr10	85762230	85762473	ncMAR-2480	1482
chr11	42996721	42996964	ncMAR-2481	1604
chr3	17506267	17506755	ncMAR-2482	500
chr10	112490442	112490931	ncMAR-2483	1520
chr11	40421670	40421914	ncMAR-2484	1599
chr13	93674641	93674885	ncMAR-2485	1833
chr14	32786950	32787194	ncMAR-2486	1881
chr17	57596226	57596470	ncMAR-2487	2150
chr2	65714596	65715085	ncMAR-2488	286
chr2	163225837	163226326	ncMAR-2489	386
chr10	118514486	118514976	ncMAR-2490	1540
chr3	85709422	85709913	ncMAR-2491	586
chr4	84232471	84232716	ncMAR-2492	730
chr1	81313935	81314180	ncMAR-2493	55
chr1	81432250	81432495	ncMAR-2494	56
chr7	14162827	14163072	ncMAR-2495	1019
chr15	95910621	95910866	ncMAR-2496	2036
chr2	143289076	143289567	ncMAR-2497	337
chr2	59662186	59662678	ncMAR-2498	275
chr7	84291917	84292163	ncMAR-2499	1075
chr8	64281036	64281282	ncMAR-2500	1169
chr9	118060459	118060705	ncMAR-2501	1370
chr11	114110816	114111062	ncMAR-2502	1630
chr13	43463323	43463569	ncMAR-2503	1781
chr15	67745508	67746001	ncMAR-2504	2019
chr9	73847539	73848033	ncMAR-2505	1314
chr13	92473843	92474337	ncMAR-2506	1829
chr7	27516603	27516850	ncMAR-2507	1047
chr8	105140342	105140589	ncMAR-2508	1219
chr11	31026215	31026710	ncMAR-2509	1590
chr5	93429994	93430490	ncMAR-2510	892
chr4	104394421	104394918	ncMAR-2511	742
chr13	78216132	78216380	ncMAR-2512	1810
chr2	155415359	155415608	ncMAR-2513	366
chr3	50455307	50455556	ncMAR-2514	524
chr4	174164777	174165026	ncMAR-2515	793
chr11	132248139	132248388	ncMAR-2516	1674
chr12	86967829	86968078	ncMAR-2517	1739
chr11	12832514	12833264	ncMAR-2518	1562
chr3	54256942	54257442	ncMAR-2519	525
chr1	216785758	216786008	ncMAR-2520	185
chr5	52043139	52043641	ncMAR-2521	836
chr1	88150146	88150901	ncMAR-2522	85
chr6	21041234	21041485	ncMAR-2523	986
chr8	76461319	76461570	ncMAR-2524	1187
chr12	84463856	84464107	ncMAR-2525	1735
chr2	59904088	59904591	ncMAR-2526	276
chr2	176820476	176820980	ncMAR-2527	425
chr3	70416009	70416513	ncMAR-2528	556
chr2	175264101	175264353	ncMAR-2529	414
chr3	28265630	28266135	ncMAR-2530	514
chr8	34281868	34282120	ncMAR-2531	1142
chr11	42841620	42841872	ncMAR-2532	1603
chr2	138023111	138023617	ncMAR-2533	331
chr9	79936135	79936641	ncMAR-2534	1333
chr1	72942221	72942728	ncMAR-2535	42
chr5	88483953	88484206	ncMAR-2536	861
chr6	21133418	21133671	ncMAR-2537	987
chr7	114554247	114554500	ncMAR-2538	1091
chr1	216040822	216041329	ncMAR-2539	180
chr9	77121775	77122537	ncMAR-2540	1321
chr4	111761745	111761999	ncMAR-2541	757
chr4	149513444	149513698	ncMAR-2542	775
chr6	9509346	9510110	ncMAR-2543	961
chr8	61022545	61022799	ncMAR-2544	1163
chr13	27499371	27499625	ncMAR-2545	1774
chr14	89041293	89041547	ncMAR-2546	1965
chr7	39468355	39468609	ncMAR-2547	1061
chr13	72493704	72494214	ncMAR-2548	1807
chr3	81394653	81394908	ncMAR-2549	582
chr5	88095013	88095780	ncMAR-2550	859
chr6	8633034	8633289	ncMAR-2551	956
chr8	37703362	37703617	ncMAR-2552	1151
chr8	76578999	76579510	ncMAR-2553	1189
chr12	16893671	16893926	ncMAR-2554	1689
chr16	54022397	54023166	ncMAR-2555	2082
chr9	14516500	14517271	ncMAR-2556	1270
chr7	133859330	133859588	ncMAR-2557	1118
chr11	131957967	131958225	ncMAR-2558	1672
chr14	82122767	82123025	ncMAR-2559	1949
chr11	16344745	16345265	ncMAR-2560	1573
chr3	85366253	85366513	ncMAR-2561	585
chr5	92844716	92844976	ncMAR-2562	886
chr2	155705991	155706512	ncMAR-2563	368
chr3	181839229	181839751	ncMAR-2564	669
chr1	81650952	81651213	ncMAR-2565	58
chr8	25645468	25645729	ncMAR-2566	1133
chr9	14108053	14108314	ncMAR-2567	1268
chr11	128689947	128690208	ncMAR-2568	1664
chr20	7516560	7517083	ncMAR-2569	2175
chr1	63087907	63088431	ncMAR-2570	32
chr2	134341796	134342058	ncMAR-2571	329
chr1	44320606	44320868	ncMAR-2572	14
chr4	20091868	20092130	ncMAR-2573	690
chr5	88760230	88760492	ncMAR-2574	864
chr9	79504693	79504955	ncMAR-2575	1330
chr16	7895249	7895511	ncMAR-2576	2057
chr2	66571219	66572800	ncMAR-2577	295
chr12	122282694	122282957	ncMAR-2578	1771
chr2	156164160	156164423	ncMAR-2579	372
chr3	147388124	147388387	ncMAR-2580	630
chr1	217564151	217564679	ncMAR-2581	190
chr2	222228101	222228365	ncMAR-2582	486
chr4	54107110	54107374	ncMAR-2583	712
chr7	21041592	21041856	ncMAR-2584	1032
chr10	2038215	2038479	ncMAR-2585	1397
chr10	33326008	33326272	ncMAR-2586	1428
chr12	97520212	97520476	ncMAR-2587	1746
chr3	62334422	62334686	ncMAR-2588	545
chr12	103100207	103100737	ncMAR-2589	1753
chr4	84051579	84051844	ncMAR-2590	729
chr10	8378747	8379012	ncMAR-2591	1407
chr11	132653893	132654158	ncMAR-2592	1676
chr1	217449441	217449706	ncMAR-2593	189
chr14	35558641	35559173	ncMAR-2594	1895
chr10	118030355	118030621	ncMAR-2595	1538
chr2	156328769	156329036	ncMAR-2596	373
chr10	101379485	101380020	ncMAR-2597	1499
chr11	91946695	91946962	ncMAR-2598	1622
chr12	98388432	98388968	ncMAR-2599	1751
chr7	114619812	114620618	ncMAR-2600	1092
chr8	61005821	61006089	ncMAR-2601	1163
chr13	78868900	78869437	ncMAR-2602	1817
chr3	168882754	168883292	ncMAR-2603	650
chr4	35216539	35217077	ncMAR-2604	707
chr3	186097771	186098040	ncMAR-2605	676
chr5	2801445	2801714	ncMAR-2606	808
chr7	26393032	26393301	ncMAR-2607	1040
chr14	25541997	25542266	ncMAR-2608	1855
chr1	218256682	218256951	ncMAR-2609	195
chr14	30500134	30500674	ncMAR-2610	1879
chr8	65512558	65512828	ncMAR-2611	1180
chr8	143489607	143489877	ncMAR-2612	1243
chr9	125914680	125914950	ncMAR-2613	1387
chr5	125410613	125411156	ncMAR-2614	945
chr8	65238761	65239304	ncMAR-2615	1177
chr13	72113072	72113343	ncMAR-2616	1805
chr17	48244329	48244600	ncMAR-2617	2142
chr10	49396511	49397055	ncMAR-2618	1437
chr4	24040378	24040650	ncMAR-2619	696
chr1	81575135	81575407	ncMAR-2620	57
chr5	92390710	92390982	ncMAR-2621	882
chr10	76115557	76115829	ncMAR-2622	1468
chr15	95884177	95884449	ncMAR-2623	2036
chr2	176892731	176893550	ncMAR-2624	425
chr3	62479370	62479643	ncMAR-2625	546
chr12	23827380	23827653	ncMAR-2626	1703
chr13	78993882	78994155	ncMAR-2627	1819
chr7	18426666	18426940	ncMAR-2628	1026
chr1	97536689	97536963	ncMAR-2629	106
chr10	2570726	2571000	ncMAR-2630	1399
chr10	9922567	9922841	ncMAR-2631	1412
chr17	56160039	56160313	ncMAR-2632	2147
chr1	87985516	87986342	ncMAR-2633	84
chr3	137467294	137467846	ncMAR-2634	619
chr7	122343810	122344086	ncMAR-2635	1106
chr8	92099565	92099841	ncMAR-2636	1201
chr11	115270163	115270439	ncMAR-2637	1635
chr16	65749583	65749859	ncMAR-2638	2101
chr17	48239293	48239569	ncMAR-2639	2142
chr2	62970548	62971102	ncMAR-2640	283
chr12	16521823	16522657	ncMAR-2641	1687
chr10	117094701	117095536	ncMAR-2642	1533
chr2	144433010	144433567	ncMAR-2643	344
chr1	63073348	63073626	ncMAR-2644	32
chr3	147360735	147361014	ncMAR-2645	630
chr7	113799734	113800293	ncMAR-2646	1087
chr9	74245293	74245572	ncMAR-2647	1315
chr16	5722146	5722425	ncMAR-2648	2049
chr3	73449086	73449366	ncMAR-2649	567
chr10	128536776	128537057	ncMAR-2650	1549
chr13	92894665	92894946	ncMAR-2651	1830
chr14	55895566	55895847	ncMAR-2652	1912
chr2	198351255	198351820	ncMAR-2653	441
chr3	156843482	156843764	ncMAR-2654	633
chr5	92695540	92696105	ncMAR-2655	885
chr9	80379283	80379565	ncMAR-2656	1335
chr13	78557381	78557663	ncMAR-2657	1813
chr13	99648045	99648327	ncMAR-2658	1840
chr16	49698789	49699354	ncMAR-2659	2066
chr5	89545741	89546024	ncMAR-2660	870
chr5	125412915	125413198	ncMAR-2661	945
chr1	64503057	64503341	ncMAR-2662	36
chr8	37341965	37342249	ncMAR-2663	1149
chr9	24036602	24036886	ncMAR-2664	1292
chr15	37709747	37710031	ncMAR-2665	1993
chr16	73662460	73662744	ncMAR-2666	2107
chr2	161710080	161710364	ncMAR-2667	383
chr1	88221578	88221863	ncMAR-2668	85
chr7	115491760	115492331	ncMAR-2669	1096
chr8	22775439	22775724	ncMAR-2670	1130
chr5	77560069	77560641	ncMAR-2671	848
chr8	37302691	37302977	ncMAR-2672	1149
chr2	145303640	145303927	ncMAR-2673	349
chr7	132351877	132352164	ncMAR-2674	1112
chr8	36548804	36549091	ncMAR-2675	1146
chr1	87965266	87965842	ncMAR-2676	84
chr8	116352848	116353424	ncMAR-2677	1230
chr2	59144792	59145368	ncMAR-2678	271
chr2	66536927	66537503	ncMAR-2679	295
chr8	64204287	64204575	ncMAR-2680	1168
chr14	57290749	57291327	ncMAR-2681	1919
chr3	84627861	84628150	ncMAR-2682	583
chr1	90842063	90842352	ncMAR-2683	96
chr1	107760059	107760348	ncMAR-2684	119
chr10	113226779	113227068	ncMAR-2685	1526
chr8	58805613	58805903	ncMAR-2686	1155
chr6	7785669	7785959	ncMAR-2687	952
chr9	24298920	24299210	ncMAR-2688	1293
chr12	103379616	103380198	ncMAR-2689	1755
chr4	111903972	111904263	ncMAR-2690	758
chr4	150596088	150596379	ncMAR-2691	780
chr12	72606102	72606393	ncMAR-2692	1728
chr15	96079105	96079396	ncMAR-2693	2037
chr2	161356879	161357170	ncMAR-2694	380
chr2	172860023	172860315	ncMAR-2695	403
chr8	59107963	59108549	ncMAR-2696	1157
chr3	70986731	70987024	ncMAR-2697	562
chr5	89083937	89084230	ncMAR-2698	866
chr9	16132175	16132468	ncMAR-2699	1272
chr1	246232115	246232408	ncMAR-2700	214
chr1	62974226	62974520	ncMAR-2701	31
chr6	15264864	15265158	ncMAR-2702	974
chr7	25706916	25707210	ncMAR-2703	1037
chr1	50718867	50719162	ncMAR-2704	22
chr4	104471549	104472141	ncMAR-2705	743
chr5	89728430	89728726	ncMAR-2706	872
chr10	4505986	4506282	ncMAR-2707	1404
chr10	75405138	75405434	ncMAR-2708	1463
chr15	37884277	37884573	ncMAR-2709	1995
chr16	54060900	54061494	ncMAR-2710	2082
chr1	62884163	62884758	ncMAR-2711	30
chr1	10530098	10530396	ncMAR-2712	1
chr1	82654635	82654933	ncMAR-2713	66
chr8	64722792	64723090	ncMAR-2714	1172
chr8	95340572	95340870	ncMAR-2715	1210
chr2	143640599	143640897	ncMAR-2716	339
chr2	21792559	21792858	ncMAR-2717	229
chr4	154160865	154161164	ncMAR-2718	783
chr7	39125304	39125603	ncMAR-2719	1059
chr14	53572045	53572344	ncMAR-2720	1909
chr1	216567416	216567715	ncMAR-2721	184
chr9	80497145	80497745	ncMAR-2722	1336
chr9	15885535	15885835	ncMAR-2723	1271
chr11	31821754	31822054	ncMAR-2724	1593
chr2	156500332	156500633	ncMAR-2725	374
chr2	239419826	239420127	ncMAR-2726	494
chr4	146279654	146279955	ncMAR-2727	768
chr9	16708787	16709088	ncMAR-2728	1278
chr12	98110050	98110653	ncMAR-2729	1750
chr2	66843640	66844245	ncMAR-2730	296
chr9	24882356	24882658	ncMAR-2731	1296
chr9	79255836	79256138	ncMAR-2732	1329
chr13	106246804	106247106	ncMAR-2733	1849
chr14	33478217	33478520	ncMAR-2734	1887
chr2	43912979	43913282	ncMAR-2735	249
chr5	50980421	50981029	ncMAR-2736	831
chr5	93250452	93251061	ncMAR-2737	891
chr1	90856649	90856953	ncMAR-2738	96
chr7	83960606	83960910	ncMAR-2739	1072
chr5	124088899	124089204	ncMAR-2740	934
chr5	125750246	125750551	ncMAR-2741	947
chr9	16344673	16344978	ncMAR-2742	1275
chr1	217403021	217403326	ncMAR-2743	189
chr2	16482379	16482684	ncMAR-2744	222
chr2	57959401	57960012	ncMAR-2745	263
chr2	144495656	144495961	ncMAR-2746	344
chr3	182201999	182202305	ncMAR-2747	672
chr9	82309386	82309692	ncMAR-2748	1344
chr13	78555977	78556283	ncMAR-2749	1813
chr14	30156686	30156992	ncMAR-2750	1878
chr14	57008474	57008780	ncMAR-2751	1916
chr1	214136458	214136764	ncMAR-2752	174
chr8	105775398	105775705	ncMAR-2753	1224
chr16	54058889	54059504	ncMAR-2754	2082
chr4	111883515	111884131	ncMAR-2755	758
chr13	80214503	80214811	ncMAR-2756	1822
chr14	27634065	27634682	ncMAR-2757	1865
chr2	66733422	66733730	ncMAR-2758	296
chr2	175563674	175564291	ncMAR-2759	416
chr14	57291923	57292540	ncMAR-2760	1919
chr2	19378892	19379201	ncMAR-2761	225
chr3	157958304	157958923	ncMAR-2762	635
chr7	20921410	20921719	ncMAR-2763	1031
chr11	15370761	15371070	ncMAR-2764	1566
chr12	28857388	28857697	ncMAR-2765	1708
chr12	108044852	108045161	ncMAR-2766	1759
chr13	71516581	71516890	ncMAR-2767	1801
chr11	16297344	16297964	ncMAR-2768	1573
chr19	30256819	30257439	ncMAR-2769	2173
chr2	156734567	156735187	ncMAR-2770	376
chr2	59924398	59924708	ncMAR-2771	276
chr3	94303348	94303658	ncMAR-2772	593
chr1	98406305	98406615	ncMAR-2773	111
chr12	97987053	97987363	ncMAR-2774	1748
chr10	11920017	11920328	ncMAR-2775	1417
chr1	74792454	74792765	ncMAR-2776	45
chr10	34349211	34349522	ncMAR-2777	1433
chr10	71421389	71421700	ncMAR-2778	1456
chr14	33381684	33381995	ncMAR-2779	1886
chr1	210243817	210244129	ncMAR-2780	167
chr1	90106966	90107591	ncMAR-2781	88
chr8	92424198	92424823	ncMAR-2782	1203
chr13	60270304	60270616	ncMAR-2783	1790
chr14	37139085	37139397	ncMAR-2784	1906
chr14	96930428	96930740	ncMAR-2785	1970
chr3	114318804	114319430	ncMAR-2786	603
chr2	144876074	144876387	ncMAR-2787	346
chr2	146686557	146687184	ncMAR-2788	359
chr16	71857037	71857350	ncMAR-2789	2102
chr3	76986984	76987297	ncMAR-2790	571
chr3	158233706	158234333	ncMAR-2791	637
chr1	214005615	214005928	ncMAR-2792	173
chr17	69796099	69796412	ncMAR-2793	2159
chr10	112644206	112644834	ncMAR-2794	1520
chr7	26685482	26685796	ncMAR-2795	1041
chr1	87276307	87276937	ncMAR-2796	78
chr14	32728643	32729273	ncMAR-2797	1881
chr1	71971953	71972268	ncMAR-2798	40
chr2	60024180	60024495	ncMAR-2799	277
chr2	60536869	60537184	ncMAR-2800	280
chr10	60108083	60108399	ncMAR-2801	1442
chr3	60328858	60329175	ncMAR-2802	538
chr5	91885383	91886018	ncMAR-2803	880
chr1	90621822	90622457	ncMAR-2804	94
chr12	23259954	23260271	ncMAR-2805	1699
chr5	77850033	77850351	ncMAR-2806	850
chr13	96769847	96770165	ncMAR-2807	1839
chr1	243764628	243764946	ncMAR-2808	210
chr3	18909385	18909704	ncMAR-2809	507
chr8	63977106	63977425	ncMAR-2810	1167
chr2	66808948	66809588	ncMAR-2811	296
chr9	125896626	125896946	ncMAR-2812	1387
chr10	8712649	8712969	ncMAR-2813	1408
chr4	94061897	94062539	ncMAR-2814	737
chr3	99896026	99896347	ncMAR-2815	594
chr6	37980632	37980953	ncMAR-2816	994
chr11	8206515	8206836	ncMAR-2817	1556
chr14	33480961	33481282	ncMAR-2818	1887
chr1	90814310	90814954	ncMAR-2819	96
chr4	22969465	22969788	ncMAR-2820	693
chr1	82386592	82386915	ncMAR-2821	63
chr4	79526773	79527097	ncMAR-2822	719
chr5	125257624	125257948	ncMAR-2823	944
chr2	177461202	177461527	ncMAR-2824	430
chr6	45854327	45854652	ncMAR-2825	1007
chr3	158185763	158186743	ncMAR-2826	637
chr7	116698438	116698764	ncMAR-2827	1101
chr8	99780578	99780904	ncMAR-2828	1216
chr13	105359198	105359525	ncMAR-2829	1847
chr14	28895887	28896870	ncMAR-2830	1872
chr17	9309287	9309614	ncMAR-2831	2126
chr2	65662553	65663209	ncMAR-2832	285
chr10	129729465	129729793	ncMAR-2833	1553
chr9	79799776	79800434	ncMAR-2834	1332
chr16	74274868	74275197	ncMAR-2835	2111
chr2	60110080	60110740	ncMAR-2836	278
chr4	144649694	144650024	ncMAR-2837	766
chr4	147011931	147012261	ncMAR-2838	771
chr8	92702793	92703123	ncMAR-2839	1205
chr1	213451970	213452300	ncMAR-2840	170
chr15	96599200	96599861	ncMAR-2841	2040
chr1	112317273	112317604	ncMAR-2842	123
chr14	32601050	32601381	ncMAR-2843	1881
chr15	67723883	67724214	ncMAR-2844	2019
chr22	35756690	35757021	ncMAR-2845	2178
chr16	8381593	8382257	ncMAR-2846	2059
chr2	72947881	72948546	ncMAR-2847	305
chr2	204365787	204366119	ncMAR-2848	454
chr5	93835105	93835437	ncMAR-2849	895
chr5	105908312	105908644	ncMAR-2850	908
chr9	82363450	82364116	ncMAR-2851	1344
chr4	146636156	146636823	ncMAR-2852	770
chr1	208584299	208584632	ncMAR-2853	159
chr2	99786820	99787153	ncMAR-2854	312
chr14	69769800	69770133	ncMAR-2855	1929
chr9	17342617	17343285	ncMAR-2856	1281
chr3	77172741	77173075	ncMAR-2857	572
chr7	18505893	18506227	ncMAR-2858	1027
chr8	76685996	76686666	ncMAR-2859	1190
chr10	129851707	129852377	ncMAR-2860	1554
chr15	57133983	57134653	ncMAR-2861	2002
chr1	218049529	218050199	ncMAR-2862	193
chr8	37325899	37326234	ncMAR-2863	1149
chr2	198478711	198479047	ncMAR-2864	442
chr5	44366419	44366755	ncMAR-2865	829
chr6	45201556	45201892	ncMAR-2866	1003
chr8	125273244	125273580	ncMAR-2867	1240
chr13	71919637	71919973	ncMAR-2868	1804
chr3	77572024	77572361	ncMAR-2869	575
chr10	76630944	76631281	ncMAR-2870	1472
chr14	33043311	33043648	ncMAR-2871	1883
chr16	11872555	11872893	ncMAR-2872	2061
chr10	130164615	130164954	ncMAR-2873	1555
chr2	161199954	161200294	ncMAR-2874	379
chr1	10523846	10524186	ncMAR-2875	1
chr1	10551035	10551375	ncMAR-2876	1
chr1	104532491	104532831	ncMAR-2877	114
chr10	100751995	100752335	ncMAR-2878	1494
chr13	78584926	78585266	ncMAR-2879	1813
chr15	95497523	95498204	ncMAR-2880	2032
chr9	82718472	82718813	ncMAR-2881	1347
chr12	16587481	16587822	ncMAR-2882	1688
chr8	37236049	37236391	ncMAR-2883	1148
chr16	49581219	49581904	ncMAR-2884	2065
chr11	133103883	133104226	ncMAR-2885	1679
chr6	10029837	10030526	ncMAR-2886	964
chr10	101466116	101466805	ncMAR-2887	1500
chr14	33310440	33310784	ncMAR-2888	1885
chr1	80014527	80014872	ncMAR-2889	50
chr7	133743139	133743484	ncMAR-2890	1117
chr13	72175776	72176121	ncMAR-2891	1805
chr3	169152310	169152656	ncMAR-2892	653
chr5	124616511	124616857	ncMAR-2893	939
chr2	66448614	66448961	ncMAR-2894	294
chr1	50577955	50578302	ncMAR-2895	21
chr1	83767169	83767516	ncMAR-2896	71
chr10	117550167	117550514	ncMAR-2897	1535
chr13	79112480	79112827	ncMAR-2898	1820
chr14	36453180	36453877	ncMAR-2899	1901
chr4	150352722	150353071	ncMAR-2900	777
chr14	29230520	29230869	ncMAR-2901	1874
chr14	56953662	56954362	ncMAR-2902	1916
chr8	84109716	84110066	ncMAR-2903	1196
chr15	94731115	94731465	ncMAR-2904	2028
chr2	59713754	59714105	ncMAR-2905	275
chr6	21948092	21948443	ncMAR-2906	988
chr8	35611761	35612112	ncMAR-2907	1145
chr15	70344265	70344616	ncMAR-2908	2022
chr5	51731377	51731729	ncMAR-2909	834
chr8	116517572	116517924	ncMAR-2910	1232
chr9	16554271	16554623	ncMAR-2911	1276
chr12	24138877	24139582	ncMAR-2912	1706
chr7	115623426	115624486	ncMAR-2913	1098
chr10	78087173	78087526	ncMAR-2914	1477
chr2	67561071	67562132	ncMAR-2915	300
chr17	37017368	37017722	ncMAR-2916	2136
chr1	240310285	240310639	ncMAR-2917	207
chr1	97559282	97559637	ncMAR-2918	106
chr15	60136741	60137096	ncMAR-2919	2005
chr2	58999162	58999518	ncMAR-2920	270
chr17	61144915	61145628	ncMAR-2921	2155
chr1	60952745	60953102	ncMAR-2922	25
chr1	88548264	88548621	ncMAR-2923	87
chr3	60289411	60289769	ncMAR-2924	538
chr7	11105740	11106098	ncMAR-2925	1014
chr10	9900826	9901184	ncMAR-2926	1412
chr15	61025899	61026257	ncMAR-2927	2009
chr15	67402499	67402857	ncMAR-2928	2016
chr5	89615779	89616497	ncMAR-2929	871
chr3	70952400	70952759	ncMAR-2930	562
chr4	24464141	24464500	ncMAR-2931	699
chr8	37222505	37222864	ncMAR-2932	1148
chr9	124361098	124361818	ncMAR-2933	1383
chr7	18409131	18409491	ncMAR-2934	1026
chr10	75839049	75839409	ncMAR-2935	1466
chr12	111093796	111094157	ncMAR-2936	1760
chr13	78774034	78774757	ncMAR-2937	1816
chr14	32734149	32734872	ncMAR-2938	1881
chr5	99640711	99641073	ncMAR-2939	900
chr7	27553161	27553524	ncMAR-2940	1047
chr3	147168480	147169208	ncMAR-2941	628
chr2	222175596	222175961	ncMAR-2942	485
chr3	61154527	61154892	ncMAR-2943	541
chr3	146836154	146836520	ncMAR-2944	627
chr7	26560547	26560913	ncMAR-2945	1041
chr9	16802114	16802480	ncMAR-2946	1279
chr10	75721627	75721993	ncMAR-2947	1465
chr12	53474790	53475156	ncMAR-2948	1714
chr2	19541118	19541485	ncMAR-2949	226
chr7	122521010	122521378	ncMAR-2950	1108
chr15	36596825	36597193	ncMAR-2951	1987
chr14	35557302	35557671	ncMAR-2952	1895
chr16	54110225	54110595	ncMAR-2953	2082
chr1	88410338	88411083	ncMAR-2954	86
chr10	49388480	49388852	ncMAR-2955	1437
chr16	51346043	51346415	ncMAR-2956	2069
chr14	33052832	33053578	ncMAR-2957	1883
chr14	32667132	32667879	ncMAR-2958	1881
chr14	33695435	33695808	ncMAR-2959	1889
chr15	35749807	35750180	ncMAR-2960	1985
chr2	44773363	44773736	ncMAR-2961	252
chr2	143594311	143594686	ncMAR-2962	339
chr17	48293969	48294344	ncMAR-2963	2142
chr1	44505516	44505892	ncMAR-2964	15
chr8	77403963	77404339	ncMAR-2965	1194
chr2	164073677	164074053	ncMAR-2966	394
chr10	74867469	74867846	ncMAR-2967	1461
chr15	94810005	94810382	ncMAR-2968	2028
chr2	155700772	155701149	ncMAR-2969	368
chr2	59894299	59894677	ncMAR-2970	276
chr4	172404599	172404977	ncMAR-2971	789
chr9	11546235	11546613	ncMAR-2972	1260
chr9	118349817	118350195	ncMAR-2973	1371
chr8	65324299	65324678	ncMAR-2974	1178
chr9	9664493	9664872	ncMAR-2975	1257
chr16	52758643	52759022	ncMAR-2976	2078
chr10	101612844	101613223	ncMAR-2977	1501
chr1	90561873	90562253	ncMAR-2978	93
chr1	164836691	164837071	ncMAR-2979	132
chr16	26215144	26215524	ncMAR-2980	2064
chr1	38370986	38371366	ncMAR-2981	12
chr12	23540571	23540952	ncMAR-2982	1701
chr17	15113356	15113738	ncMAR-2983	2130
chr1	217270122	217270505	ncMAR-2984	188
chr5	89457904	89458288	ncMAR-2985	870
chr1	87293544	87293928	ncMAR-2986	78
chr14	53882722	53883106	ncMAR-2987	1911
chr1	98059865	98060250	ncMAR-2988	108
chr8	105450308	105450693	ncMAR-2989	1221
chr2	144567607	144568379	ncMAR-2990	344
chr9	125851972	125852358	ncMAR-2991	1387
chr15	37079875	37080261	ncMAR-2992	1988
chr6	21039968	21040355	ncMAR-2993	986
chr2	145715582	145715969	ncMAR-2994	353
chr5	61545418	61546194	ncMAR-2995	841
chr6	20868342	20869119	ncMAR-2996	984
chr8	99799064	99799452	ncMAR-2997	1216
chr10	75851528	75851916	ncMAR-2998	1466
chr1	217917221	217917609	ncMAR-2999	192
chr9	79301208	79301597	ncMAR-3000	1329
chr2	104428454	104428844	ncMAR-3001	317
chr2	163467148	163467538	ncMAR-3002	389
chr1	215891300	215892082	ncMAR-3003	179
chr1	87154717	87155108	ncMAR-3004	77
chr14	29352343	29352734	ncMAR-3005	1875
chr14	56958774	56959165	ncMAR-3006	1916
chr7	105605579	105606364	ncMAR-3007	1083
chr13	78296034	78296820	ncMAR-3008	1811
chr10	125216873	125217266	ncMAR-3009	1546
chr2	58297689	58298477	ncMAR-3010	265
chr9	73617708	73618102	ncMAR-3011	1313
chr1	218254960	218255749	ncMAR-3012	195
chr1	219495988	219496382	ncMAR-3013	199
chr2	174076936	174077330	ncMAR-3014	413
chr15	37220855	37222043	ncMAR-3015	1990
chr4	94668725	94669517	ncMAR-3016	738
chr16	78477016	78477808	ncMAR-3017	2112
chr11	131600183	131600580	ncMAR-3018	1670
chr5	30926301	30926699	ncMAR-3019	823
chr8	105599412	105600209	ncMAR-3020	1222
chr9	82923410	82923808	ncMAR-3021	1348
chr11	115188641	115189039	ncMAR-3022	1635
chr13	99661750	99662148	ncMAR-3023	1840
chr16	55318757	55319155	ncMAR-3024	2089
chr12	97755808	97756207	ncMAR-3025	1747
chr1	216758130	216758529	ncMAR-3026	185
chr7	39249643	39250043	ncMAR-3027	1060
chr16	79159087	79159487	ncMAR-3028	2115
chr2	49238036	49238437	ncMAR-3029	256
chr14	34309408	34310213	ncMAR-3030	1891
chr12	16882379	16882782	ncMAR-3031	1689
chr2	171844746	171845149	ncMAR-3032	401
chr12	97537475	97537879	ncMAR-3033	1746
chr13	99698626	99699032	ncMAR-3034	1840
chr3	62534377	62534785	ncMAR-3035	547
chr11	132706773	132707181	ncMAR-3036	1676
chr13	66444065	66444474	ncMAR-3037	1792
chr15	97401166	97401575	ncMAR-3038	2045
chr14	58331119	58331529	ncMAR-3039	1920
chr6	8240464	8240875	ncMAR-3040	954
chr7	91420517	91420929	ncMAR-3041	1077
chr14	33003279	33003691	ncMAR-3042	1883
chr3	17469472	17469885	ncMAR-3043	500
chr7	14636085	14636498	ncMAR-3044	1021
chr8	76669913	76670326	ncMAR-3045	1190
chr1	61221636	61222050	ncMAR-3046	28
chr11	8315392	8315806	ncMAR-3047	1557
chr2	199692548	199692963	ncMAR-3048	450
chr4	149489272	149489687	ncMAR-3049	775
chr4	111879966	111880382	ncMAR-3050	758
chr8	76528440	76528856	ncMAR-3051	1188
chr10	74683803	74684220	ncMAR-3052	1460
chr14	29043732	29044149	ncMAR-3053	1873
chr10	52481972	52482390	ncMAR-3054	1439
chr7	26540632	26541050	ncMAR-3055	1041
chr4	84324461	84324880	ncMAR-3056	731
chr5	90265036	90265455	ncMAR-3057	875
chr8	116657882	116658721	ncMAR-3058	1234
chr12	98052968	98053387	ncMAR-3059	1749
chr14	32666267	32666686	ncMAR-3060	1881
chr5	105878804	105879224	ncMAR-3061	908
chr13	93356489	93356909	ncMAR-3062	1831
chr7	26649570	26649991	ncMAR-3063	1041
chr2	44776778	44777623	ncMAR-3064	252
chr1	62976001	62976423	ncMAR-3065	31
chr1	198932263	198932685	ncMAR-3066	151
chr2	44803689	44804112	ncMAR-3067	252
chr2	59735160	59735583	ncMAR-3068	275
chr9	23842865	23843290	ncMAR-3069	1291
chr16	53692999	53693424	ncMAR-3070	2081
chr5	107402703	107403129	ncMAR-3071	915
chr1	216466301	216466727	ncMAR-3072	183
chr12	58189998	58190425	ncMAR-3073	1717
chr16	17323136	17323563	ncMAR-3074	2063
chr4	111501237	111501665	ncMAR-3075	755
chr5	17276295	17276724	ncMAR-3076	817
chr9	79662463	79662893	ncMAR-3077	1331
chr1	87550543	87550974	ncMAR-3078	80
chr10	61970411	61970842	ncMAR-3079	1446
chr13	72601798	72602230	ncMAR-3080	1808
chr14	33163722	33164154	ncMAR-3081	1884
chr1	213159416	213159848	ncMAR-3082	168
chr2	143274213	143274646	ncMAR-3083	337
chr10	11336148	11336581	ncMAR-3084	1416
chr7	84040347	84040780	ncMAR-3085	1073
chr1	220967007	220967440	ncMAR-3086	202
chr7	26378022	26378456	ncMAR-3087	1040
chr15	96538500	96538934	ncMAR-3088	2039
chr5	93886902	93887337	ncMAR-3089	896
chr3	180744089	180744961	ncMAR-3090	665
chr9	78468990	78469426	ncMAR-3091	1322
chr2	67846087	67846524	ncMAR-3092	303
chr10	73443772	73444209	ncMAR-3093	1458
chr2	176962730	176963167	ncMAR-3094	426
chr1	92472708	92473145	ncMAR-3095	100
chr7	26644647	26645084	ncMAR-3096	1041
chr9	15985949	15986387	ncMAR-3097	1271
chr11	43736715	43737153	ncMAR-3098	1606
chr3	18376625	18377065	ncMAR-3099	505
chr13	72650262	72650703	ncMAR-3100	1808
chr14	29355334	29355775	ncMAR-3101	1875
chr15	95365492	95365933	ncMAR-3102	2031
chr8	105096022	105096466	ncMAR-3103	1219
chr7	132839621	132840066	ncMAR-3104	1114
chr2	143726447	143726893	ncMAR-3105	340
chr4	136318134	136318581	ncMAR-3106	761
chr6	45441870	45442317	ncMAR-3107	1005
chr10	75723590	75724485	ncMAR-3108	1465
chr12	41492902	41493349	ncMAR-3109	1711
chr10	1763440	1763888	ncMAR-3110	1396
chr13	106398171	106398619	ncMAR-3111	1850
chr15	37077361	37077809	ncMAR-3112	1988
chr2	198967909	198968808	ncMAR-3113	445
chr7	115756205	115756656	ncMAR-3114	1098
chr1	10623203	10623655	ncMAR-3115	1
chr8	52225160	52226065	ncMAR-3116	1154
chr10	101445643	101446095	ncMAR-3117	1500
chr17	36837432	36837884	ncMAR-3118	2135
chr2	140621492	140621944	ncMAR-3119	332
chr6	8529386	8529839	ncMAR-3120	955
chr2	164379135	164379589	ncMAR-3121	396
chr3	17685200	17685654	ncMAR-3122	501
chr13	78588481	78588935	ncMAR-3123	1813
chr1	83777089	83777545	ncMAR-3124	71
chr8	115494007	115494464	ncMAR-3125	1226
chr2	175619380	175619838	ncMAR-3126	417
chr8	78252868	78253326	ncMAR-3127	1195
chr10	118258294	118258752	ncMAR-3128	1538
chr5	123809487	123809946	ncMAR-3129	933
chr11	16453469	16454388	ncMAR-3130	1574
chr2	22784532	22784992	ncMAR-3131	234
chr4	181484379	181484840	ncMAR-3132	802
chr7	115678903	115680290	ncMAR-3133	1098
chr4	24303312	24303774	ncMAR-3134	698
chr5	77962083	77962545	ncMAR-3135	850
chr1	97631987	97632451	ncMAR-3136	107
chr8	76665687	76666151	ncMAR-3137	1190
chr3	71246647	71247112	ncMAR-3138	563
chr7	18846410	18847341	ncMAR-3139	1028
chr5	51958436	51958902	ncMAR-3140	835
chr14	74195598	74196064	ncMAR-3141	1931
chr1	87206215	87206682	ncMAR-3142	77
chr3	18802859	18803327	ncMAR-3143	507
chr8	116572887	116573355	ncMAR-3144	1233
chr12	24020410	24020878	ncMAR-3145	1705
chr8	25918272	25918741	ncMAR-3146	1135
chr14	27840276	27840745	ncMAR-3147	1867
chr2	146342672	146343143	ncMAR-3148	357
chr2	155679537	155680008	ncMAR-3149	368
chr15	97175995	97176466	ncMAR-3150	2044
chr6	9634698	9635170	ncMAR-3151	962
chr14	30204620	30205092	ncMAR-3152	1878
chr2	144427020	144427966	ncMAR-3153	344
chr11	16300264	16300738	ncMAR-3154	1573
chr13	67694557	67695031	ncMAR-3155	1796
chr13	71960489	71960963	ncMAR-3156	1804
chr7	26726048	26726523	ncMAR-3157	1041
chr1	82879813	82880291	ncMAR-3158	67
chr10	112887133	112887611	ncMAR-3159	1523
chr2	175552760	175553239	ncMAR-3160	416
chr2	176755657	176756136	ncMAR-3161	424
chr5	94884144	94884623	ncMAR-3162	899
chr2	163593049	163593529	ncMAR-3163	390
chr2	209579293	209579773	ncMAR-3164	466
chr12	18076726	18077206	ncMAR-3165	1696
chr4	38700559	38701041	ncMAR-3166	709
chr4	144779618	144780100	ncMAR-3167	767
chr7	35551299	35551781	ncMAR-3168	1057
chr13	35431513	35431995	ncMAR-3169	1777
chr14	33720466	33720948	ncMAR-3170	1889
chr9	74692690	74693173	ncMAR-3171	1317
chr5	122545449	122545933	ncMAR-3172	929
chr2	163715905	163716389	ncMAR-3173	391
chr2	104503569	104504054	ncMAR-3174	318
chr3	182414710	182415195	ncMAR-3175	673
chr15	59878310	59878795	ncMAR-3176	2004
chr15	35477785	35478271	ncMAR-3177	1983
chr2	220509312	220509799	ncMAR-3178	480
chr11	30506966	30507453	ncMAR-3179	1586
chr4	150497800	150498288	ncMAR-3180	779
chr5	52465997	52466486	ncMAR-3181	837
chr12	23621897	23622386	ncMAR-3182	1701
chr7	31310336	31310827	ncMAR-3183	1052
chr1	62876434	62876926	ncMAR-3184	30
chr2	164426733	164427227	ncMAR-3185	396
chr16	7420338	7420832	ncMAR-3186	2053
chr16	55082280	55082774	ncMAR-3187	2087
chr9	82612943	82613438	ncMAR-3188	1346
chr2	120805743	120806239	ncMAR-3189	327
chr12	40827711	40828207	ncMAR-3190	1709
chr1	50703746	50704243	ncMAR-3191	22
chr8	76801825	76802322	ncMAR-3192	1191
chr17	37126615	37127112	ncMAR-3193	2137
chr16	52497204	52497702	ncMAR-3194	2076
chr2	155830451	155830950	ncMAR-3195	369
chr2	164432525	164433024	ncMAR-3196	396
chr5	92486795	92487294	ncMAR-3197	883
chr1	88221054	88221553	ncMAR-3198	85
chr8	104972427	104972926	ncMAR-3199	1218
chr1	50559349	50559849	ncMAR-3200	21
chr10	129434613	129435113	ncMAR-3201	1551
chr17	36721637	36722137	ncMAR-3202	2134
chr9	125844502	125845002	ncMAR-3203	1387
chr1	97500691	97501192	ncMAR-3204	106
chr10	112796840	112797341	ncMAR-3205	1522
chr5	91632954	91633456	ncMAR-3206	877
chr16	78462255	78462757	ncMAR-3207	2112
chr3	25387992	25388495	ncMAR-3208	511
chr7	25846644	25847147	ncMAR-3209	1038
chr10	75639668	75640171	ncMAR-3210	1465
chr1	208691150	208691654	ncMAR-3211	160
chr15	59905152	59906164	ncMAR-3212	2004
chr7	26655336	26656349	ncMAR-3213	1041
chr1	97651104	97651610	ncMAR-3214	107
chr8	37380702	37381208	ncMAR-3215	1149
chr12	17695500	17696006	ncMAR-3216	1694
chr13	80717698	80718204	ncMAR-3217	1824
chr8	92078518	92079027	ncMAR-3218	1201
chr2	144938380	144938895	ncMAR-3219	346
chr14	33455966	33456481	ncMAR-3220	1887
chr16	74186686	74187201	ncMAR-3221	2110
chr1	218349515	218350030	ncMAR-3222	196
chr3	81268393	81268909	ncMAR-3223	581
chr8	59310730	59311246	ncMAR-3224	1158
chr5	104763156	104763673	ncMAR-3225	905
chr10	112583389	112583907	ncMAR-3226	1520
chr5	51095439	51095958	ncMAR-3227	832
chr6	9119591	9120110	ncMAR-3228	958
chr2	57740897	57741417	ncMAR-3229	261
chr13	92275820	92276341	ncMAR-3230	1828
chr4	33437487	33438008	ncMAR-3231	705
chr5	87944399	87944922	ncMAR-3232	858
chr1	38258302	38258825	ncMAR-3233	11
chr1	74791370	74791895	ncMAR-3234	45
chr2	63007770	63008295	ncMAR-3235	283
chr13	79034265	79034791	ncMAR-3236	1819
chr4	150411434	150411963	ncMAR-3237	778
chr8	108526666	108527195	ncMAR-3238	1225
chr13	27822348	27822877	ncMAR-3239	1776
chr3	71054748	71055279	ncMAR-3240	562
chr8	58953289	58953820	ncMAR-3241	1156
chr15	67409449	67409980	ncMAR-3242	2016
chr16	54617087	54617618	ncMAR-3243	2084
chr2	144444300	144444832	ncMAR-3244	344
chr1	61042297	61042830	ncMAR-3245	26
chr10	117870693	117871226	ncMAR-3246	1536
chr5	92017673	92018207	ncMAR-3247	881
chr8	77260902	77261436	ncMAR-3248	1193
chr1	90840859	90841394	ncMAR-3249	96
chr9	125515250	125515785	ncMAR-3250	1385
chr2	44880039	44880574	ncMAR-3251	252
chr13	105240327	105240863	ncMAR-3252	1846
chr14	76158144	76158681	ncMAR-3253	1933
chr5	4490047	4490587	ncMAR-3254	814
chr2	58839656	58840200	ncMAR-3255	269
chr3	27759835	27760379	ncMAR-3256	513
chr1	63534517	63535061	ncMAR-3257	33
chr14	33780862	33781406	ncMAR-3258	1889
chr2	163602595	163604234	ncMAR-3259	390
chr7	132876527	132877074	ncMAR-3260	1114
chr13	71137051	71137599	ncMAR-3261	1800
chr14	87641875	87642423	ncMAR-3262	1963
chr1	10533408	10533957	ncMAR-3263	1
chr8	92371904	92372454	ncMAR-3264	1202
chr11	16342336	16342886	ncMAR-3265	1573
chr1	216712648	216713198	ncMAR-3266	185
chr3	168988738	168989289	ncMAR-3267	651
chr7	21028029	21028582	ncMAR-3268	1032
chr7	39202679	39203233	ncMAR-3269	1060
chr2	67054214	67054769	ncMAR-3270	297
chr1	82845498	82846053	ncMAR-3271	67
chr10	23291598	23292153	ncMAR-3272	1425
chr1	217909943	217910499	ncMAR-3273	192
chr14	76073649	76074209	ncMAR-3274	1933
chr4	4521618	4522180	ncMAR-3275	680
chr8	105325325	105325888	ncMAR-3276	1220
chr1	216550061	216550625	ncMAR-3277	184
chr7	27170311	27170875	ncMAR-3278	1045
chr3	79178535	79179100	ncMAR-3279	578
chr9	79028700	79029265	ncMAR-3280	1327
chr10	76879373	76879939	ncMAR-3281	1474
chr14	99279245	99279811	ncMAR-3282	1981
chr5	3122296	3122863	ncMAR-3283	809
chr5	88539614	88540753	ncMAR-3284	862
chr2	59720487	59721057	ncMAR-3285	275
chr14	29462298	29462868	ncMAR-3286	1876
chr10	49022681	49023253	ncMAR-3287	1435
chr2	105081050	105081622	ncMAR-3288	321
chr16	72471468	72472044	ncMAR-3289	2103
chr3	147312563	147313724	ncMAR-3290	630
chr16	52727315	52727896	ncMAR-3291	2078
chr15	60490013	60491177	ncMAR-3292	2006
chr3	70802345	70802927	ncMAR-3293	560
chr2	66688715	66689300	ncMAR-3294	296
chr2	59790753	59791339	ncMAR-3295	276
chr11	31764095	31765273	ncMAR-3296	1593
chr2	103176328	103176917	ncMAR-3297	314
chr2	146265527	146266116	ncMAR-3298	356
chr2	143859950	143860542	ncMAR-3299	341
chr5	92977488	92978082	ncMAR-3300	887
chr8	92515821	92516417	ncMAR-3301	1204
chr8	105673942	105674538	ncMAR-3302	1223
chr10	75844306	75844903	ncMAR-3303	1466
chr10	112522674	112523271	ncMAR-3304	1520
chr10	76928451	76929054	ncMAR-3305	1474
chr16	51244750	51245356	ncMAR-3306	2068
chr2	176296968	176297575	ncMAR-3307	420
chr12	97358919	97359526	ncMAR-3308	1745
chr8	95626435	95627046	ncMAR-3309	1211
chr8	99206185	99206796	ncMAR-3310	1214
chr5	61657932	61658544	ncMAR-3311	842
chr4	181691691	181692304	ncMAR-3312	803
chr15	95464448	95465062	ncMAR-3313	2032
chr5	51559390	51560007	ncMAR-3314	833
chr12	103319514	103320131	ncMAR-3315	1754
chr2	143499127	143499744	ncMAR-3316	338
chr10	75262099	75262718	ncMAR-3317	1462
chr2	66362683	66363303	ncMAR-3318	293
chr1	63134174	63135424	ncMAR-3319	32
chr12	103422859	103423484	ncMAR-3320	1755
chr1	87338694	87339320	ncMAR-3321	78
chr5	78103136	78103764	ncMAR-3322	851
chr14	53538363	53538993	ncMAR-3323	1909
chr2	144466527	144467158	ncMAR-3324	344
chr10	123253196	123253827	ncMAR-3325	1545
chr1	83769864	83770496	ncMAR-3326	71
chr2	198411653	198412289	ncMAR-3327	441
chr9	82332141	82332780	ncMAR-3328	1344
chr2	104120224	104120864	ncMAR-3329	315
chr6	18792798	18793438	ncMAR-3330	979
chr2	59078115	59078756	ncMAR-3331	271
chr1	215792218	215792859	ncMAR-3332	178
chr14	33282080	33282722	ncMAR-3333	1885
chr5	93406869	93407512	ncMAR-3334	892
chr16	51752490	51753135	ncMAR-3335	2073
chr14	33207352	33207998	ncMAR-3336	1884
chr1	98126536	98127183	ncMAR-3337	109
chr10	128481119	128481766	ncMAR-3338	1548
chr2	66462157	66462805	ncMAR-3339	294
chr7	26813430	26814079	ncMAR-3340	1042
chr2	145909931	145910581	ncMAR-3341	354
chr3	18402796	18403446	ncMAR-3342	505
chr19	30663481	30664131	ncMAR-3343	2174
chr10	75707923	75708577	ncMAR-3344	1465
chr1	80646495	80647150	ncMAR-3345	53
chr14	33530082	33530738	ncMAR-3346	1887
chr5	108334181	108334838	ncMAR-3347	919
chr10	116961196	116962512	ncMAR-3348	1532
chr1	208747720	208748378	ncMAR-3349	160
chr3	158272017	158272677	ncMAR-3350	637
chr5	4013606	4014266	ncMAR-3351	812
chr15	94769884	94770546	ncMAR-3352	2028
chr1	90623216	90623879	ncMAR-3353	94
chr8	60059827	60060491	ncMAR-3354	1160
chr4	150628064	150628732	ncMAR-3355	780
chr9	16803387	16804056	ncMAR-3356	1279
chr10	123079415	123080085	ncMAR-3357	1543
chr2	175370710	175371382	ncMAR-3358	415
chr5	88663533	88664206	ncMAR-3359	863
chr13	72508183	72508856	ncMAR-3360	1807
chr1	214186088	214186761	ncMAR-3361	174
chr10	101438891	101439565	ncMAR-3362	1500
chr14	36442604	36443279	ncMAR-3363	1901
chr14	25908503	25909180	ncMAR-3364	1858
chr2	66170859	66171537	ncMAR-3365	291
chr2	222268928	222269606	ncMAR-3366	486
chr14	36113831	36114509	ncMAR-3367	1898
chr2	181326702	181327383	ncMAR-3368	437
chr5	93190760	93191441	ncMAR-3369	890
chr15	95497523	95498204	ncMAR-3370	2032
chr10	75709906	75710588	ncMAR-3371	1465
chr2	58936158	58936840	ncMAR-3372	270
chr2	59828852	59829535	ncMAR-3373	276
chr3	182035215	182035899	ncMAR-3374	670
chr1	90135587	90136271	ncMAR-3375	88
chr1	90480281	90480965	ncMAR-3376	92
chr4	83779313	83779999	ncMAR-3377	727
chr7	115473656	115474342	ncMAR-3378	1096
chr1	217929271	217929957	ncMAR-3379	192
chr2	161246003	161246691	ncMAR-3380	379
chr2	156131967	156132657	ncMAR-3381	372
chr14	33801252	33801942	ncMAR-3382	1889
chr9	17487238	17487933	ncMAR-3383	1282
chr5	122537399	122538102	ncMAR-3384	929
chr16	55189399	55190103	ncMAR-3385	2088
chr14	33596272	33596977	ncMAR-3386	1888
chr11	16707124	16707836	ncMAR-3387	1575
chr17	37117311	37118026	ncMAR-3388	2137
chr15	66906930	66907651	ncMAR-3389	2015
chr2	57886116	57886839	ncMAR-3390	262
chr2	143160935	143161658	ncMAR-3391	336
chr3	147238284	147239007	ncMAR-3392	629
chr2	225702928	225703653	ncMAR-3393	489
chr9	79208722	79209448	ncMAR-3394	1329
chr17	58003602	58004331	ncMAR-3395	2151
chr1	217076995	217077728	ncMAR-3396	187
chr4	111204503	111205238	ncMAR-3397	753
chr2	175402368	175403103	ncMAR-3398	415
chr1	90101883	90102620	ncMAR-3399	88
chr11	30982419	30983156	ncMAR-3400	1590
chr10	104988611	104989350	ncMAR-3401	1508
chr14	29454120	29454861	ncMAR-3402	1876
chr9	99201128	99201871	ncMAR-3403	1351
chr5	88544488	88545232	ncMAR-3404	862
chr14	33733074	33733821	ncMAR-3405	1889
chr2	58770797	58771548	ncMAR-3406	269
chr3	169505848	169506605	ncMAR-3407	656
chr3	17911618	17912377	ncMAR-3408	502
chr8	64895185	64895947	ncMAR-3409	1173
chr3	55755428	55756191	ncMAR-3410	531
chr1	87599657	87600420	ncMAR-3411	80
chr14	33323909	33324676	ncMAR-3412	1885
chr3	148075486	148076254	ncMAR-3413	632
chr4	173651579	173652356	ncMAR-3414	790
chr5	78112740	78113517	ncMAR-3415	851
chr2	144582558	144583339	ncMAR-3416	344
chr5	93401733	93402518	ncMAR-3417	892
chr10	75622453	75623240	ncMAR-3418	1465
chr11	115179515	115180303	ncMAR-3419	1635
chr3	18857267	18858057	ncMAR-3420	507
chr2	104052205	104052995	ncMAR-3421	315
chr2	102922357	102923148	ncMAR-3422	313
chr13	106962751	106963553	ncMAR-3423	1851
chr9	23004897	23005708	ncMAR-3424	1288
chr9	81394964	81395782	ncMAR-3425	1340
chr7	26593950	26594771	ncMAR-3426	1041
chr5	87872673	87873498	ncMAR-3427	857
chr4	79905712	79906541	ncMAR-3428	722
chr3	70464425	70465257	ncMAR-3429	556
chr8	116657882	116658721	ncMAR-3430	1234
chr4	110963666	110964506	ncMAR-3431	752
chr12	24081177	24082020	ncMAR-3432	1705
chr2	104516387	104517240	ncMAR-3433	318
chr2	175559697	175560550	ncMAR-3434	416
chr4	13516368	13517221	ncMAR-3435	684
chr1	88181311	88182169	ncMAR-3436	85
chr8	64269847	64270707	ncMAR-3437	1169
chr9	81112385	81113251	ncMAR-3438	1339
chr4	83724314	83725181	ncMAR-3439	726
chr3	181174383	181175251	ncMAR-3440	666
chr9	74710933	74711808	ncMAR-3441	1317
chr2	209730562	209731447	ncMAR-3442	467
chr2	198362466	198363356	ncMAR-3443	441
chr10	87967900	87968796	ncMAR-3444	1485
chr1	213224447	213225345	ncMAR-3445	169
chr3	18435017	18435917	ncMAR-3446	505
chr12	16017823	16018733	ncMAR-3447	1685
chr12	41365707	41366626	ncMAR-3448	1711
chr3	180718767	180719697	ncMAR-3449	665
chr10	129308346	129310226	ncMAR-3450	1551
chr2	65864523	65865468	ncMAR-3451	288
chr13	94966489	94967441	ncMAR-3452	1837
chr9	78857031	78857985	ncMAR-3453	1325
chr7	115655315	115656282	ncMAR-3454	1098
chr9	17323159	17324161	ncMAR-3455	1281
chr2	198337334	198338347	ncMAR-3456	441
chr3	17934799	17935818	ncMAR-3457	502
chr11	30716825	30717848	ncMAR-3458	1588
chr2	155946479	155947508	ncMAR-3459	370
chr17	65885612	65886643	ncMAR-3460	2158
chr12	17672084	17673116	ncMAR-3461	1694
chr2	144079050	144080104	ncMAR-3462	343
chr8	105143212	105144292	ncMAR-3463	1219
chr13	71798524	71799611	ncMAR-3464	1803
chr10	75739082	75740177	ncMAR-3465	1465
chr14	56589994	56591155	ncMAR-3466	1913
chr3	71050190	71051370	ncMAR-3467	562
chr5	91741720	91742922	ncMAR-3468	878
chr2	163593753	163594983	ncMAR-3469	390
chr10	113124949	113126184	ncMAR-3470	1525
chr2	58769367	58770628	ncMAR-3471	269
chr11	16356252	16357536	ncMAR-3472	1573
chr7	115493925	115495291	ncMAR-3473	1096
chr8	93244285	93245665	ncMAR-3474	1208
chr4	110994483	110995878	ncMAR-3475	752
chr5	77725020	77726431	ncMAR-3476	849
chr14	26444880	26447941	ncMAR-3477	1861
chr14	29215822	29217365	ncMAR-3478	1874
chr2	172071820	172073375	ncMAR-3479	402
