phastCons_id	acc_element_bed_chr	acc_element_bed_start	acc_element_bed_end	id	acc_element_len	acc_element_size	acc_element_gap_count	acc_element_shift_count	hamming_ingroup_incl_gaps	hamming_outgroup_incl_gaps	hamming_in_out_incl_gaps	hamming_ingroup_excl_gaps	hamming_outgroup_excl_gaps	hamming_in_out_excl_gaps	acc_element_table_browser	acc_element_shift_count_rel	hamming_in_out_excl_gaps_scl	shift_count_rel_scl	norm2_scl	coding	acc_elements_in_phastCons_count	functional_element_shift_count	functional_element_gap_count	acc_elements_in_phastCons_shift_counts	acc_elements_in_phastCons_gap_counts	phastCons_seqnames	phastCons_start	phastCons_end	phastCons_width	phastCons_strand	functional_elements_shift_rel	functional_elements_acc_elements_count_rel	functional_element_shift_count_exclgt0gap	acc_elements_count_exclgt0gap
10081	chr1	69760074	69760124	/home/rstudio/disco_tmp/data/scoring/acc_maf_ingroup/50/chr1/chr1_50_acc_69760074_69760124.maf	50	50	0	6	0	0.12	0.084853	0	0.12	0.084853	chr1:69760074-69760124	0.12	0.216301	0.275161	0.35	TRUE	1	6	0	6	0	chr1	69760075	69760220	146	*	6	1	0.041096	0.006849
101060	chr3	66837813	66837838	/home/rstudio/disco_tmp/data/scoring/acc_maf_ingroup/25/chr3/chr3_25_acc_66837813_66837838.maf	25	25	0	2	0	0.08	0.056569	0	0.08	0.056569	chr3:66837813-66837838	0.08	0.141389	0.179863	0.228783	TRUE	2	2	0	2 2	0 0	chr3	66837814	66837976	163	*	4	2	0.02454	0.01227
101060	chr3	66837813	66837863	/home/rstudio/disco_tmp/data/scoring/acc_maf_ingroup/50/chr3/chr3_50_acc_66837813_66837863.maf	50	50	0	2	0.02	0.06	0.028284	0.02	0.06	0.028284	chr3:66837813-66837863	0.04	0.066476	0.084566	0.107566	TRUE	2	2	0	2 2	0 0	chr3	66837814	66837976	163	*	4	2	0.02454	0.01227
101158	chr3	67486012	67486037	/home/rstudio/disco_tmp/data/scoring/acc_maf_ingroup/25/chr3/chr3_25_acc_67486012_67486037.maf	25	25	0	1	0	0.04	0.028284	0	0.04	0.028284	chr3:67486012-67486037	0.04	0.066476	0.084566	0.107566	TRUE	2	1	0	1 1	0 0	chr3	67485963	67486246	284	*	2	2	0.007042	0.007042
101158	chr3	67486012	67486062	/home/rstudio/disco_tmp/data/scoring/acc_maf_ingroup/50/chr3/chr3_50_acc_67486012_67486062.maf	50	50	0	1	0.02	0.08	0.042426	0.02	0.08	0.042426	chr3:67486012-67486062	0.02	0.103933	0.036917	0.110294	TRUE	2	1	0	1 1	0 0	chr3	67485963	67486246	284	*	2	2	0.007042	0.007042
101165	chr3	67494996	67495046	/home/rstudio/disco_tmp/data/scoring/acc_maf_ingroup/50/chr3/chr3_50_acc_67494996_67495046.maf	50	50	0	1	0	0.04	0.028284	0	0.04	0.028284	chr3:67494996-67495046	0.02	0.066476	0.036917	0.076039	TRUE	1	1	0	1	0	chr3	67494363	67495109	747	*	1	1	0.001339	0.001339
101229	chr3	67738659	67738709	/home/rstudio/disco_tmp/data/scoring/acc_maf_ingroup/50/chr3/chr3_50_acc_67738659_67738709.maf	50	65	15	1	0.030769	0.061538	0.021757	0.030769	0.061538	0.021757	chr3:67738659-67738709	0.015385	0.049189	0.025921	0.055601	TRUE	6	5	46	1 1 1 1 1 1	15 14 3 10 0 7	chr3	67738395	67739938	1544	*	1	1	0.000648	0.000648
101229	chr3	67739409	67739459	/home/rstudio/disco_tmp/data/scoring/acc_maf_ingroup/50/chr3/chr3_50_acc_67739409_67739459.maf	50	64	14	1	0.015625	0.0625	0.033146	0.015625	0.0625	0.033146	chr3:67739409-67739459	0.015625	0.079352	0.026494	0.083658	TRUE	6	5	46	1 1 1 1 1 1	15 14 3 10 0 7	chr3	67738395	67739938	1544	*	1	1	0.000648	0.000648
101229	chr3	67739759	67739784	/home/rstudio/disco_tmp/data/scoring/acc_maf_ingroup/25/chr3/chr3_25_acc_67739759_67739784.maf	25	25	0	1	0	0.04	0.028284	0	0.04	0.028284	chr3:67739759-67739784	0.04	0.066476	0.084566	0.107566	TRUE	6	5	46	1 1 1 1 1 1	15 14 3 10 0 7	chr3	67738395	67739938	1544	*	1	1	0.000648	0.000648
101229	chr3	67739659	67739684	/home/rstudio/disco_tmp/data/scoring/acc_maf_ingroup/25/chr3/chr3_25_acc_67739659_67739684.maf	25	28	3	1	0	0.035714	0.025254	0	0.035714	0.025254	chr3:67739659-67739684	0.035714	0.05845	0.074355	0.094579	TRUE	6	5	46	1 1 1 1 1 1	15 14 3 10 0 7	chr3	67738395	67739938	1544	*	1	1	0.000648	0.000648
101229	chr3	67739659	67739709	/home/rstudio/disco_tmp/data/scoring/acc_maf_ingroup/50/chr3/chr3_50_acc_67739659_67739709.maf	50	60	10	1	0	0.016667	0.011785	0	0.016667	0.011785	chr3:67739659-67739709	0.016667	0.022777	0.028976	0.036856	TRUE	6	5	46	1 1 1 1 1 1	15 14 3 10 0 7	chr3	67738395	67739938	1544	*	1	1	0.000648	0.000648
101229	chr3	67739809	67739859	/home/rstudio/disco_tmp/data/scoring/acc_maf_ingroup/50/chr3/chr3_50_acc_67739809_67739859.maf	50	57	7	1	0.017544	0.035088	0.012405	0.017544	0.035088	0.012405	chr3:67739809-67739859	0.017544	0.02442	0.031065	0.039515	TRUE	6	5	46	1 1 1 1 1 1	15 14 3 10 0 7	chr3	67738395	67739938	1544	*	1	1	0.000648	0.000648
101254	chr3	67823235	67823285	/home/rstudio/disco_tmp/data/scoring/acc_maf_ingroup/50/chr3/chr3_50_acc_67823235_67823285.maf	50	50	0	1	0	0.02	0.014142	0	0.02	0.014142	chr3:67823235-67823285	0.02	0.02902	0.036917	0.046958	TRUE	1	1	0	1	0	chr3	67823236	67823435	200	*	1	1	0.005	0.005
101326	chr3	68318179	68318204	/home/rstudio/disco_tmp/data/scoring/acc_maf_ingroup/25/chr3/chr3_25_acc_68318179_68318204.maf	25	25	0	1	0.04	0.08	0.028284	0.04	0.08	0.028284	chr3:68318179-68318204	0.04	0.066476	0.084566	0.107566	TRUE	1	1	0	1	0	chr3	68318090	68318243	154	*	1	1	0.006494	0.006494
101450	chr3	68939890	68939915	/home/rstudio/disco_tmp/data/scoring/acc_maf_ingroup/25/chr3/chr3_25_acc_68939890_68939915.maf	25	25	0	1	0	0.04	0.028284	0	0.04	0.028284	chr3:68939890-68939915	0.04	0.066476	0.084566	0.107566	TRUE	3	3	14	2 1 1	14 6 0	chr3	68939837	68940084	248	*	1	1	0.004032	0.004032
101450	chr3	68939865	68939890	/home/rstudio/disco_tmp/data/scoring/acc_maf_ingroup/25/chr3/chr3_25_acc_68939865_68939890.maf	25	31	6	1	0	0.032258	0.02281	0	0.032258	0.02281	chr3:68939865-68939890	0.032258	0.051977	0.066121	0.084105	TRUE	3	3	14	2 1 1	14 6 0	chr3	68939837	68940084	248	*	1	1	0.004032	0.004032
101450	chr3	68939840	68939890	/home/rstudio/disco_tmp/data/scoring/acc_maf_ingroup/50/chr3/chr3_50_acc_68939840_68939890.maf	50	64	14	2	0.015625	0.0625	0.033146	0.015625	0.0625	0.033146	chr3:68939840-68939890	0.03125	0.079352	0.06372	0.101769	TRUE	3	3	14	2 1 1	14 6 0	chr3	68939837	68940084	248	*	1	1	0.004032	0.004032
101451	chr3	68978415	68978440	/home/rstudio/disco_tmp/data/scoring/acc_maf_ingroup/25/chr3/chr3_25_acc_68978415_68978440.maf	25	25	0	1	0	0.04	0.028284	0	0.04	0.028284	chr3:68978415-68978440	0.04	0.066476	0.084566	0.107566	TRUE	1	1	0	1	0	chr3	68978416	68978612	197	*	1	1	0.005076	0.005076
101457	chr3	69029005	69029055	/home/rstudio/disco_tmp/data/scoring/acc_maf_ingroup/50/chr3/chr3_50_acc_69029005_69029055.maf	50	50	0	3	0.02	0.1	0.056569	0.02	0.1	0.056569	chr3:69029005-69029055	0.06	0.141389	0.132215	0.193576	TRUE	2	6	0	3 3	0 0	chr3	69028951	69029055	105	*	6	2	0.057143	0.019048
101457	chr3	69028955	69029005	/home/rstudio/disco_tmp/data/scoring/acc_maf_ingroup/50/chr3/chr3_50_acc_69028955_69029005.maf	50	50	0	3	0.06	0.1	0.028284	0.06	0.1	0.028284	chr3:69028955-69029005	0.06	0.066476	0.132215	0.147986	TRUE	2	6	0	3 3	0 0	chr3	69028951	69029055	105	*	6	2	0.057143	0.019048
101472	chr3	69059639	69059689	/home/rstudio/disco_tmp/data/scoring/acc_maf_ingroup/50/chr3/chr3_50_acc_69059639_69059689.maf	50	50	0	4	0.04	0.14	0.070711	0.04	0.14	0.070711	chr3:69059639-69059689	0.08	0.178845	0.179863	0.253646	TRUE	1	4	0	4	0	chr3	69059590	69059731	142	*	4	1	0.028169	0.007042
101626	chr3	70855511	70855536	/home/rstudio/disco_tmp/data/scoring/acc_maf_ingroup/25/chr3/chr3_25_acc_70855511_70855536.maf	25	25	0	3	0.04	0.16	0.084853	0.04	0.16	0.084853	chr3:70855511-70855536	0.12	0.216301	0.275161	0.35	TRUE	1	3	0	3	0	chr3	70855462	70855655	194	*	3	1	0.015464	0.005155
101633	chr3	70870365	70870390	/home/rstudio/disco_tmp/data/scoring/acc_maf_ingroup/25/chr3/chr3_25_acc_70870365_70870390.maf	25	25	0	2	0.04	0.12	0.056569	0.04	0.12	0.056569	chr3:70870365-70870390	0.08	0.141389	0.179863	0.228783	TRUE	1	2	0	2	0	chr3	70870266	70870444	179	*	2	1	0.011173	0.005587
10165	chr1	70488911	70488936	/home/rstudio/disco_tmp/data/scoring/acc_maf_ingroup/25/chr1/chr1_25_acc_70488911_70488936.maf	25	25	0	5	0.04	0.24	0.141421	0.04	0.24	0.141421	chr1:70488911-70488936	0.2	0.366126	0.465756	0.592433	TRUE	2	15	13	15 5	13 0	chr1	70488887	70488996	110	*	5	1	0.045455	0.009091
10165	chr1	70488886	70488936	/home/rstudio/disco_tmp/data/scoring/acc_maf_ingroup/50/chr1/chr1_50_acc_70488886_70488936.maf	50	63	13	15	0.063492	0.301587	0.168359	0.063492	0.301587	0.168359	chr1:70488886-70488936	0.238095	0.437471	0.556516	0.707878	TRUE	2	15	13	15 5	13 0	chr1	70488887	70488996	110	*	5	1	0.045455	0.009091
101737	chr3	71421079	71421104	/home/rstudio/disco_tmp/data/scoring/acc_maf_ingroup/25/chr3/chr3_25_acc_71421079_71421104.maf	25	25	0	1	0	0.08	0.056569	0	0.08	0.056569	chr3:71421079-71421104	0.04	0.141389	0.084566	0.164749	TRUE	1	1	0	1	0	chr3	71421080	71421203	124	*	1	1	0.008065	0.008065
102144	chr3	73920186	73920211	/home/rstudio/disco_tmp/data/scoring/acc_maf_ingroup/25/chr3/chr3_25_acc_73920186_73920211.maf	25	25	0	1	0	0.08	0.056569	0	0.08	0.056569	chr3:73920186-73920211	0.04	0.141389	0.084566	0.164749	TRUE	2	2	2	1 1	2 0	chr3	73919587	73920268	682	*	1	1	0.001466	0.001466
102144	chr3	73919686	73919736	/home/rstudio/disco_tmp/data/scoring/acc_maf_ingroup/50/chr3/chr3_50_acc_73919686_73919736.maf	50	52	2	1	0	0.057692	0.040795	0	0.057692	0.040795	chr3:73919686-73919736	0.019231	0.099611	0.035084	0.105609	TRUE	2	2	2	1 1	2 0	chr3	73919587	73920268	682	*	1	1	0.001466	0.001466
102166	chr3	74024211	74024261	/home/rstudio/disco_tmp/data/scoring/acc_maf_ingroup/50/chr3/chr3_50_acc_74024211_74024261.maf	50	50	0	1	0	0.06	0.042426	0	0.06	0.042426	chr3:74024211-74024261	0.02	0.103933	0.036917	0.110294	TRUE	1	1	0	1	0	chr3	74023916	74024268	353	*	1	1	0.002833	0.002833
102175	chr3	74045448	74045498	/home/rstudio/disco_tmp/data/scoring/acc_maf_ingroup/50/chr3/chr3_50_acc_74045448_74045498.maf	50	50	0	2	0.02	0.04	0.014142	0.02	0.04	0.014142	chr3:74045448-74045498	0.04	0.02902	0.084566	0.089407	TRUE	1	2	0	2	0	chr3	74045399	74045616	218	*	2	1	0.009174	0.004587
102181	chr3	74052380	74052405	/home/rstudio/disco_tmp/data/scoring/acc_maf_ingroup/25/chr3/chr3_25_acc_74052380_74052405.maf	25	25	0	2	0	0.12	0.084853	0	0.12	0.084853	chr3:74052380-74052405	0.08	0.216301	0.179863	0.281313	TRUE	2	2	0	2 2	0 0	chr3	74052331	74052504	174	*	4	2	0.022989	0.011494
102181	chr3	74052380	74052430	/home/rstudio/disco_tmp/data/scoring/acc_maf_ingroup/50/chr3/chr3_50_acc_74052380_74052430.maf	50	50	0	2	0	0.06	0.042426	0	0.06	0.042426	chr3:74052380-74052430	0.04	0.103933	0.084566	0.13399	TRUE	2	2	0	2 2	0 0	chr3	74052331	74052504	174	*	4	2	0.022989	0.011494
10249	chr1	71266777	71266802	/home/rstudio/disco_tmp/data/scoring/acc_maf_ingroup/25/chr1/chr1_25_acc_71266777_71266802.maf	25	25	0	2	0	0.16	0.113137	0	0.16	0.113137	chr1:71266777-71266802	0.08	0.291214	0.179863	0.342281	TRUE	1	2	0	2	0	chr1	71266678	71266889	212	*	2	1	0.009434	0.004717
10251	chr1	71271216	71271241	/home/rstudio/disco_tmp/data/scoring/acc_maf_ingroup/25/chr1/chr1_25_acc_71271216_71271241.maf	25	25	0	1	0.04	0.08	0.028284	0.04	0.08	0.028284	chr1:71271216-71271241	0.04	0.066476	0.084566	0.107566	TRUE	1	1	0	1	0	chr1	71271167	71271498	332	*	1	1	0.003012	0.003012
102541	chr3	76186432	76186482	/home/rstudio/disco_tmp/data/scoring/acc_maf_ingroup/50/chr3/chr3_50_acc_76186432_76186482.maf	50	50	0	5	0.08	0.16	0.056569	0.08	0.16	0.056569	chr3:76186432-76186482	0.1	0.141389	0.227512	0.267867	TRUE	2	7	0	5 2	0 0	chr3	76185541	76186979	1439	*	7	2	0.004864	0.00139
102541	chr3	76186914	76186964	/home/rstudio/disco_tmp/data/scoring/acc_maf_ingroup/50/chr3/chr3_50_acc_76186914_76186964.maf	50	50	0	2	0.04	0.1	0.042426	0.04	0.1	0.042426	chr3:76186914-76186964	0.04	0.103933	0.084566	0.13399	TRUE	2	7	0	5 2	0 0	chr3	76185541	76186979	1439	*	7	2	0.004864	0.00139
102544	chr3	76188267	76188292	/home/rstudio/disco_tmp/data/scoring/acc_maf_ingroup/25/chr3/chr3_25_acc_76188267_76188292.maf	25	25	0	1	0.04	0.08	0.028284	0.04	0.08	0.028284	chr3:76188267-76188292	0.04	0.066476	0.084566	0.107566	TRUE	1	1	0	1	0	chr3	76188195	76188323	129	*	1	1	0.007752	0.007752
102546	chr3	76190516	76190541	/home/rstudio/disco_tmp/data/scoring/acc_maf_ingroup/25/chr3/chr3_25_acc_76190516_76190541.maf	25	25	0	2	0	0.08	0.056569	0	0.08	0.056569	chr3:76190516-76190541	0.08	0.141389	0.179863	0.228783	TRUE	2	4	3	2 2	3 0	chr3	76189867	76190561	695	*	2	1	0.002878	0.001439
102546	chr3	76190466	76190491	/home/rstudio/disco_tmp/data/scoring/acc_maf_ingroup/25/chr3/chr3_25_acc_76190466_76190491.maf	25	28	3	2	0.035714	0.107143	0.050508	0.035714	0.107143	0.050508	chr3:76190466-76190491	0.071429	0.125336	0.159443	0.202808	TRUE	2	4	3	2 2	3 0	chr3	76189867	76190561	695	*	2	1	0.002878	0.001439
102614	chr3	76885668	76885718	/home/rstudio/disco_tmp/data/scoring/acc_maf_ingroup/50/chr3/chr3_50_acc_76885668_76885718.maf	50	50	0	2	0.02	0.08	0.042426	0.02	0.08	0.042426	chr3:76885668-76885718	0.04	0.103933	0.084566	0.13399	TRUE	2	3	0	2 1	0 0	chr3	76885662	76885784	123	*	3	2	0.02439	0.01626
102614	chr3	76885743	76885768	/home/rstudio/disco_tmp/data/scoring/acc_maf_ingroup/25/chr3/chr3_25_acc_76885743_76885768.maf	25	25	0	1	0	0.04	0.028284	0	0.04	0.028284	chr3:76885743-76885768	0.04	0.066476	0.084566	0.107566	TRUE	2	3	0	2 1	0 0	chr3	76885662	76885784	123	*	3	2	0.02439	0.01626
102697	chr3	77261628	77261678	/home/rstudio/disco_tmp/data/scoring/acc_maf_ingroup/50/chr3/chr3_50_acc_77261628_77261678.maf	50	68	18	1	0.014706	0.029412	0.010399	0.014706	0.029412	0.010399	chr3:77261628-77261678	0.014706	0.019105	0.024304	0.030914	TRUE	3	4	44	1 1 2	0 18 26	chr3	77261079	77261859	781	*	1	1	0.00128	0.00128
102697	chr3	77261784	77261834	/home/rstudio/disco_tmp/data/scoring/acc_maf_ingroup/50/chr3/chr3_50_acc_77261784_77261834.maf	50	76	26	2	0.013158	0.078947	0.04652	0.013158	0.078947	0.04652	chr3:77261784-77261834	0.026316	0.114775	0.051964	0.12599	TRUE	3	4	44	1 1 2	0 18 26	chr3	77261079	77261859	781	*	1	1	0.00128	0.00128
102697	chr3	77261578	77261628	/home/rstudio/disco_tmp/data/scoring/acc_maf_ingroup/50/chr3/chr3_50_acc_77261578_77261628.maf	50	50	0	1	0	0.06	0.042426	0	0.06	0.042426	chr3:77261578-77261628	0.02	0.103933	0.036917	0.110294	TRUE	3	4	44	1 1 2	0 18 26	chr3	77261079	77261859	781	*	1	1	0.00128	0.00128
10276	chr1	71571614	71571639	/home/rstudio/disco_tmp/data/scoring/acc_maf_ingroup/25/chr1/chr1_25_acc_71571614_71571639.maf	25	25	0	2	0	0.08	0.056569	0	0.08	0.056569	chr1:71571614-71571639	0.08	0.141389	0.179863	0.228783	TRUE	1	2	0	2	0	chr1	71571590	71571747	158	*	2	1	0.012658	0.006329
102812	chr3	77852637	77852662	/home/rstudio/disco_tmp/data/scoring/acc_maf_ingroup/25/chr3/chr3_25_acc_77852637_77852662.maf	25	25	0	1	0	0.08	0.056569	0	0.08	0.056569	chr3:77852637-77852662	0.04	0.141389	0.084566	0.164749	TRUE	1	1	0	1	0	chr3	77852563	77852674	112	*	1	1	0.008929	0.008929
102918	chr3	78463464	78463489	/home/rstudio/disco_tmp/data/scoring/acc_maf_ingroup/25/chr3/chr3_25_acc_78463464_78463489.maf	25	25	0	1	0	0.04	0.028284	0	0.04	0.028284	chr3:78463464-78463489	0.04	0.066476	0.084566	0.107566	TRUE	1	1	0	1	0	chr3	78462765	78463601	837	*	1	1	0.001195	0.001195
102957	chr3	79056523	79056573	/home/rstudio/disco_tmp/data/scoring/acc_maf_ingroup/50/chr3/chr3_50_acc_79056523_79056573.maf	50	50	0	1	0.06	0.08	0.014142	0.06	0.08	0.014142	chr3:79056523-79056573	0.02	0.02902	0.036917	0.046958	TRUE	1	1	0	1	0	chr3	79056474	79056627	154	*	1	1	0.006494	0.006494
102978	chr3	79288671	79288721	/home/rstudio/disco_tmp/data/scoring/acc_maf_ingroup/50/chr3/chr3_50_acc_79288671_79288721.maf	50	50	0	7	0.04	0.28	0.169706	0.04	0.28	0.169706	chr3:79288671-79288721	0.14	0.441038	0.32281	0.546554	TRUE	1	7	0	7	0	chr3	79288572	79288763	192	*	7	1	0.036458	0.005208
103045	chr3	80085185	80085210	/home/rstudio/disco_tmp/data/scoring/acc_maf_ingroup/25/chr3/chr3_25_acc_80085185_80085210.maf	25	25	0	2	0.08	0.24	0.113137	0.08	0.24	0.113137	chr3:80085185-80085210	0.08	0.291214	0.179863	0.342281	TRUE	1	2	0	2	0	chr3	80084886	80085497	612	*	2	1	0.003268	0.001634
103046	chr3	80085733	80085758	/home/rstudio/disco_tmp/data/scoring/acc_maf_ingroup/25/chr3/chr3_25_acc_80085733_80085758.maf	25	25	0	2	0.04	0.12	0.056569	0.04	0.12	0.056569	chr3:80085733-80085758	0.08	0.141389	0.179863	0.228783	TRUE	1	2	0	2	0	chr3	80085616	80085940	325	*	2	1	0.006154	0.003077
103142	chr3	80815678	80815703	/home/rstudio/disco_tmp/data/scoring/acc_maf_ingroup/25/chr3/chr3_25_acc_80815678_80815703.maf	25	25	0	3	0	0.12	0.084853	0	0.12	0.084853	chr3:80815678-80815703	0.12	0.216301	0.275161	0.35	TRUE	1	3	0	3	0	chr3	80815604	80815762	159	*	3	1	0.018868	0.006289
103148	chr3	80822058	80822083	/home/rstudio/disco_tmp/data/scoring/acc_maf_ingroup/25/chr3/chr3_25_acc_80822058_80822083.maf	25	25	0	3	0	0.12	0.084853	0	0.12	0.084853	chr3:80822058-80822083	0.12	0.216301	0.275161	0.35	TRUE	1	3	0	3	0	chr3	80821884	80822368	485	*	3	1	0.006186	0.002062
103178	chr3	80861537	80861587	/home/rstudio/disco_tmp/data/scoring/acc_maf_ingroup/50/chr3/chr3_50_acc_80861537_80861587.maf	50	50	0	3	0.1	0.18	0.056569	0.1	0.18	0.056569	chr3:80861537-80861587	0.06	0.141389	0.132215	0.193576	TRUE	1	3	0	3	0	chr3	80861538	80861694	157	*	3	1	0.019108	0.006369
103969	chr3	87360977	87361002	/home/rstudio/disco_tmp/data/scoring/acc_maf_ingroup/25/chr3/chr3_25_acc_87360977_87361002.maf	25	25	0	1	0	0.04	0.028284	0	0.04	0.028284	chr3:87360977-87361002	0.04	0.066476	0.084566	0.107566	TRUE	3	4	0	1 2 1	0 0 0	chr3	87360753	87361227	475	*	4	3	0.008421	0.006316
103969	chr3	87360852	87360902	/home/rstudio/disco_tmp/data/scoring/acc_maf_ingroup/50/chr3/chr3_50_acc_87360852_87360902.maf	50	50	0	1	0.02	0.06	0.028284	0.02	0.06	0.028284	chr3:87360852-87360902	0.02	0.066476	0.036917	0.076039	TRUE	3	4	0	1 2 1	0 0 0	chr3	87360753	87361227	475	*	4	3	0.008421	0.006316
103969	chr3	87360902	87360952	/home/rstudio/disco_tmp/data/scoring/acc_maf_ingroup/50/chr3/chr3_50_acc_87360902_87360952.maf	50	50	0	2	0.02	0.06	0.028284	0.02	0.06	0.028284	chr3:87360902-87360952	0.04	0.066476	0.084566	0.107566	TRUE	3	4	0	1 2 1	0 0 0	chr3	87360753	87361227	475	*	4	3	0.008421	0.006316
104017	chr3	87594116	87594141	/home/rstudio/disco_tmp/data/scoring/acc_maf_ingroup/25/chr3/chr3_25_acc_87594116_87594141.maf	25	25	0	1	0	0.08	0.056569	0	0.08	0.056569	chr3:87594116-87594141	0.04	0.141389	0.084566	0.164749	TRUE	1	1	0	1	0	chr3	87594117	87594254	138	*	1	1	0.007246	0.007246
104020	chr3	87609505	87609555	/home/rstudio/disco_tmp/data/scoring/acc_maf_ingroup/50/chr3/chr3_50_acc_87609505_87609555.maf	50	50	0	2	0.02	0.08	0.042426	0.02	0.08	0.042426	chr3:87609505-87609555	0.04	0.103933	0.084566	0.13399	TRUE	2	5	0	2 3	0 0	chr3	87609406	87609670	265	*	5	2	0.018868	0.007547
104020	chr3	87609605	87609655	/home/rstudio/disco_tmp/data/scoring/acc_maf_ingroup/50/chr3/chr3_50_acc_87609605_87609655.maf	50	50	0	3	0.04	0.12	0.056569	0.04	0.12	0.056569	chr3:87609605-87609655	0.06	0.141389	0.132215	0.193576	TRUE	2	5	0	2 3	0 0	chr3	87609406	87609670	265	*	5	2	0.018868	0.007547
104141	chr3	88615597	88615647	/home/rstudio/disco_tmp/data/scoring/acc_maf_ingroup/50/chr3/chr3_50_acc_88615597_88615647.maf	50	50	0	1	0	0.06	0.042426	0	0.06	0.042426	chr3:88615597-88615647	0.02	0.103933	0.036917	0.110294	TRUE	3	3	0	1 1 2	0 0 0	chr3	88615548	88615713	166	*	4	3	0.024096	0.018072
104141	chr3	88615647	88615697	/home/rstudio/disco_tmp/data/scoring/acc_maf_ingroup/50/chr3/chr3_50_acc_88615647_88615697.maf	50	50	0	2	0.06	0.18	0.084853	0.06	0.18	0.084853	chr3:88615647-88615697	0.04	0.216301	0.084566	0.232245	TRUE	3	3	0	1 1 2	0 0 0	chr3	88615548	88615713	166	*	4	3	0.024096	0.018072
104141	chr3	88615597	88615622	/home/rstudio/disco_tmp/data/scoring/acc_maf_ingroup/25/chr3/chr3_25_acc_88615597_88615622.maf	25	25	0	1	0	0.12	0.084853	0	0.12	0.084853	chr3:88615597-88615622	0.04	0.216301	0.084566	0.232245	TRUE	3	3	0	1 1 2	0 0 0	chr3	88615548	88615713	166	*	4	3	0.024096	0.018072
104149	chr3	88635597	88635647	/home/rstudio/disco_tmp/data/scoring/acc_maf_ingroup/50/chr3/chr3_50_acc_88635597_88635647.maf	50	50	0	1	0	0.04	0.028284	0	0.04	0.028284	chr3:88635597-88635647	0.02	0.066476	0.036917	0.076039	TRUE	1	1	0	1	0	chr3	88635548	88635751	204	*	1	1	0.004902	0.004902
104642	chr3	93618878	93618928	/home/rstudio/disco_tmp/data/scoring/acc_maf_ingroup/50/chr3/chr3_50_acc_93618878_93618928.maf	50	50	0	1	0.02	0.06	0.028284	0.02	0.06	0.028284	chr3:93618878-93618928	0.02	0.066476	0.036917	0.076039	TRUE	1	1	0	1	0	chr3	93618779	93618981	203	*	1	1	0.004926	0.004926
105120	chr3	96232128	96232178	/home/rstudio/disco_tmp/data/scoring/acc_maf_ingroup/50/chr3/chr3_50_acc_96232128_96232178.maf	50	50	0	1	0	0.1	0.070711	0	0.1	0.070711	chr3:96232128-96232178	0.02	0.178845	0.036917	0.182615	TRUE	1	1	0	1	0	chr3	96232029	96232188	160	*	1	1	0.00625	0.00625
105183	chr3	96785933	96785983	/home/rstudio/disco_tmp/data/scoring/acc_maf_ingroup/50/chr3/chr3_50_acc_96785933_96785983.maf	50	50	0	5	0	0.1	0.070711	0	0.1	0.070711	chr3:96785933-96785983	0.1	0.178845	0.227512	0.289391	TRUE	1	5	0	5	0	chr3	96785934	96786114	181	*	5	1	0.027624	0.005525
105360	chr3	97860216	97860241	/home/rstudio/disco_tmp/data/scoring/acc_maf_ingroup/25/chr3/chr3_25_acc_97860216_97860241.maf	25	59	34	1	0	0.033898	0.02397	0	0.033898	0.02397	chr3:97860216-97860241	0.016949	0.055049	0.029649	0.062525	TRUE	2	2	34	1 1	34 0	chr3	97860212	97860501	290	*	1	1	0.003448	0.003448
105360	chr3	97860408	97860458	/home/rstudio/disco_tmp/data/scoring/acc_maf_ingroup/50/chr3/chr3_50_acc_97860408_97860458.maf	50	50	0	1	0	0.06	0.042426	0	0.06	0.042426	chr3:97860408-97860458	0.02	0.103933	0.036917	0.110294	TRUE	2	2	34	1 1	34 0	chr3	97860212	97860501	290	*	1	1	0.003448	0.003448
105365	chr3	97878665	97878715	/home/rstudio/disco_tmp/data/scoring/acc_maf_ingroup/50/chr3/chr3_50_acc_97878665_97878715.maf	50	64	14	2	0.03125	0.078125	0.033146	0.03125	0.078125	0.033146	chr3:97878665-97878715	0.03125	0.079352	0.06372	0.101769	TRUE	4	6	15	3 1 2 2	0 1 1 14	chr3	97877827	97879154	1328	*	3	1	0.002259	0.000753
105365	chr3	97878665	97878690	/home/rstudio/disco_tmp/data/scoring/acc_maf_ingroup/25/chr3/chr3_25_acc_97878665_97878690.maf	25	26	1	2	0.076923	0.153846	0.054393	0.076923	0.153846	0.054393	chr3:97878665-97878690	0.076923	0.135626	0.172533	0.219459	TRUE	4	6	15	3 1 2 2	0 1 1 14	chr3	97877827	97879154	1328	*	3	1	0.002259	0.000753
105365	chr3	97878239	97878289	/home/rstudio/disco_tmp/data/scoring/acc_maf_ingroup/50/chr3/chr3_50_acc_97878239_97878289.maf	50	51	1	1	0	0.039216	0.02773	0	0.039216	0.02773	chr3:97878239-97878289	0.019608	0.065007	0.035983	0.074302	TRUE	4	6	15	3 1 2 2	0 1 1 14	chr3	97877827	97879154	1328	*	3	1	0.002259	0.000753
105365	chr3	97877976	97878026	/home/rstudio/disco_tmp/data/scoring/acc_maf_ingroup/50/chr3/chr3_50_acc_97877976_97878026.maf	50	50	0	3	0.02	0.1	0.056569	0.02	0.1	0.056569	chr3:97877976-97878026	0.06	0.141389	0.132215	0.193576	TRUE	4	6	15	3 1 2 2	0 1 1 14	chr3	97877827	97879154	1328	*	3	1	0.002259	0.000753
10553	chr1	75335968	75336018	/home/rstudio/disco_tmp/data/scoring/acc_maf_ingroup/50/chr1/chr1_50_acc_75335968_75336018.maf	50	50	0	2	0.06	0.1	0.028284	0.06	0.1	0.028284	chr1:75335968-75336018	0.04	0.066476	0.084566	0.107566	TRUE	1	2	0	2	0	chr1	75335919	75336089	171	*	2	1	0.011696	0.005848
1057	chr1	8967427	8967452	/home/rstudio/disco_tmp/data/scoring/acc_maf_ingroup/25/chr1/chr1_25_acc_8967427_8967452.maf	25	25	0	1	0.12	0.2	0.056569	0.12	0.2	0.056569	chr1:8967427-8967452	0.04	0.141389	0.084566	0.164749	TRUE	2	1	0	1 1	0 0	chr1	8967378	8967570	193	*	2	2	0.010363	0.010363
1057	chr1	8967427	8967477	/home/rstudio/disco_tmp/data/scoring/acc_maf_ingroup/50/chr1/chr1_50_acc_8967427_8967477.maf	50	50	0	1	0.06	0.14	0.056569	0.06	0.14	0.056569	chr1:8967427-8967477	0.02	0.141389	0.036917	0.146129	TRUE	2	1	0	1 1	0 0	chr1	8967378	8967570	193	*	2	2	0.010363	0.010363
1058	chr1	8969801	8969826	/home/rstudio/disco_tmp/data/scoring/acc_maf_ingroup/25/chr1/chr1_25_acc_8969801_8969826.maf	25	25	0	2	0.12	0.2	0.056569	0.12	0.2	0.056569	chr1:8969801-8969826	0.08	0.141389	0.179863	0.228783	TRUE	1	2	0	2	0	chr1	8969756	8969871	116	*	2	1	0.017241	0.008621
105864	chr3	101588390	101588415	/home/rstudio/disco_tmp/data/scoring/acc_maf_ingroup/25/chr3/chr3_25_acc_101588390_101588415.maf	25	25	0	1	0	0.04	0.028284	0	0.04	0.028284	chr3:101588390-101588415	0.04	0.066476	0.084566	0.107566	TRUE	2	2	0	1 1	0 0	chr3	101588366	101588502	137	*	2	2	0.014599	0.014599
105864	chr3	101588365	101588390	/home/rstudio/disco_tmp/data/scoring/acc_maf_ingroup/25/chr3/chr3_25_acc_101588365_101588390.maf	25	25	0	1	0	0.08	0.056569	0	0.08	0.056569	chr3:101588365-101588390	0.04	0.141389	0.084566	0.164749	TRUE	2	2	0	1 1	0 0	chr3	101588366	101588502	137	*	2	2	0.014599	0.014599
105875	chr3	101615645	101615695	/home/rstudio/disco_tmp/data/scoring/acc_maf_ingroup/50/chr3/chr3_50_acc_101615645_101615695.maf	50	51	1	1	0.019608	0.058824	0.02773	0.019608	0.058824	0.02773	chr3:101615645-101615695	0.019608	0.065007	0.035983	0.074302	TRUE	2	1	1	1 1	1 0	chr3	101615646	101615848	203	*	1	1	0.004926	0.004926
105875	chr3	101615670	101615695	/home/rstudio/disco_tmp/data/scoring/acc_maf_ingroup/25/chr3/chr3_25_acc_101615670_101615695.maf	25	25	0	1	0.04	0.12	0.056569	0.04	0.12	0.056569	chr3:101615670-101615695	0.04	0.141389	0.084566	0.164749	TRUE	2	1	1	1 1	1 0	chr3	101615646	101615848	203	*	1	1	0.004926	0.004926
10626	chr1	75877437	75877462	/home/rstudio/disco_tmp/data/scoring/acc_maf_ingroup/25/chr1/chr1_25_acc_75877437_75877462.maf	25	25	0	3	0.04	0.2	0.113137	0.04	0.2	0.113137	chr1:75877437-75877462	0.12	0.291214	0.275161	0.400648	TRUE	1	3	0	3	0	chr1	75877413	75877561	149	*	3	1	0.020134	0.006711
10671	chr1	77477940	77477965	/home/rstudio/disco_tmp/data/scoring/acc_maf_ingroup/25/chr1/chr1_25_acc_77477940_77477965.maf	25	25	0	1	0.08	0.16	0.056569	0.08	0.16	0.056569	chr1:77477940-77477965	0.04	0.141389	0.084566	0.164749	TRUE	1	1	0	1	0	chr1	77477869	77478066	198	*	1	1	0.005051	0.005051
106936	chr3	108221245	108221270	/home/rstudio/disco_tmp/data/scoring/acc_maf_ingroup/25/chr3/chr3_25_acc_108221245_108221270.maf	25	25	0	1	0	0.04	0.028284	0	0.04	0.028284	chr3:108221245-108221270	0.04	0.066476	0.084566	0.107566	TRUE	1	1	0	1	0	chr3	108221196	108221504	309	*	1	1	0.003236	0.003236
106939	chr3	108226475	108226500	/home/rstudio/disco_tmp/data/scoring/acc_maf_ingroup/25/chr3/chr3_25_acc_108226475_108226500.maf	25	25	0	1	0	0.04	0.028284	0	0.04	0.028284	chr3:108226475-108226500	0.04	0.066476	0.084566	0.107566	TRUE	1	1	0	1	0	chr3	108226376	108226554	179	*	1	1	0.005587	0.005587
106946	chr3	108241741	108241766	/home/rstudio/disco_tmp/data/scoring/acc_maf_ingroup/25/chr3/chr3_25_acc_108241741_108241766.maf	25	25	0	2	0	0.08	0.056569	0	0.08	0.056569	chr3:108241741-108241766	0.08	0.141389	0.179863	0.228783	TRUE	1	2	0	2	0	chr3	108241522	108241989	468	*	2	1	0.004274	0.002137
106962	chr3	108316186	108316211	/home/rstudio/disco_tmp/data/scoring/acc_maf_ingroup/25/chr3/chr3_25_acc_108316186_108316211.maf	25	37	12	5	0	0.162162	0.114666	0	0.162162	0.114666	chr3:108316186-108316211	0.135135	0.295263	0.31122	0.428996	TRUE	3	7	15	1 5 1	3 12 0	chr3	108315862	108316352	491	*	1	1	0.002037	0.002037
106962	chr3	108316286	108316311	/home/rstudio/disco_tmp/data/scoring/acc_maf_ingroup/25/chr3/chr3_25_acc_108316286_108316311.maf	25	25	0	1	0.04	0.12	0.056569	0.04	0.12	0.056569	chr3:108316286-108316311	0.04	0.141389	0.084566	0.164749	TRUE	3	7	15	1 5 1	3 12 0	chr3	108315862	108316352	491	*	1	1	0.002037	0.002037
106962	chr3	108316161	108316186	/home/rstudio/disco_tmp/data/scoring/acc_maf_ingroup/25/chr3/chr3_25_acc_108316161_108316186.maf	25	28	3	1	0	0.071429	0.050508	0	0.071429	0.050508	chr3:108316161-108316186	0.035714	0.125336	0.074355	0.145732	TRUE	3	7	15	1 5 1	3 12 0	chr3	108315862	108316352	491	*	1	1	0.002037	0.002037
107045	chr3	108764737	108764762	/home/rstudio/disco_tmp/data/scoring/acc_maf_ingroup/25/chr3/chr3_25_acc_108764737_108764762.maf	25	25	0	1	0	0.08	0.056569	0	0.08	0.056569	chr3:108764737-108764762	0.04	0.141389	0.084566	0.164749	TRUE	1	1	0	1	0	chr3	108764688	108764844	157	*	1	1	0.006369	0.006369
107187	chr3	109442721	109442771	/home/rstudio/disco_tmp/data/scoring/acc_maf_ingroup/50/chr3/chr3_50_acc_109442721_109442771.maf	50	50	0	2	0.04	0.1	0.042426	0.04	0.1	0.042426	chr3:109442721-109442771	0.04	0.103933	0.084566	0.13399	TRUE	1	2	0	2	0	chr3	109442509	109443134	626	*	2	1	0.003195	0.001597
107254	chr3	109835659	109835684	/home/rstudio/disco_tmp/data/scoring/acc_maf_ingroup/25/chr3/chr3_25_acc_109835659_109835684.maf	25	25	0	1	0	0.12	0.084853	0	0.12	0.084853	chr3:109835659-109835684	0.04	0.216301	0.084566	0.232245	TRUE	1	1	0	1	0	chr3	109835610	109835726	117	*	1	1	0.008547	0.008547
107294	chr3	110162079	110162104	/home/rstudio/disco_tmp/data/scoring/acc_maf_ingroup/25/chr3/chr3_25_acc_110162079_110162104.maf	25	25	0	1	0	0.04	0.028284	0	0.04	0.028284	chr3:110162079-110162104	0.04	0.066476	0.084566	0.107566	TRUE	2	2	0	1 1	0 0	chr3	110161728	110163386	1659	*	2	2	0.001206	0.001206
107294	chr3	110162129	110162179	/home/rstudio/disco_tmp/data/scoring/acc_maf_ingroup/50/chr3/chr3_50_acc_110162129_110162179.maf	50	50	0	1	0.02	0.08	0.042426	0.02	0.08	0.042426	chr3:110162129-110162179	0.02	0.103933	0.036917	0.110294	TRUE	2	2	0	1 1	0 0	chr3	110161728	110163386	1659	*	2	2	0.001206	0.001206
107295	chr3	110220449	110220499	/home/rstudio/disco_tmp/data/scoring/acc_maf_ingroup/50/chr3/chr3_50_acc_110220449_110220499.maf	50	136	86	1	0.022059	0.036765	0.010399	0.022059	0.036765	0.010399	chr3:110220449-110220499	0.007353	0.019105	0.006786	0.020275	TRUE	3	7	86	4 1 2	0 86 0	chr3	110220129	110220676	548	*	6	2	0.010949	0.00365
107295	chr3	110220278	110220328	/home/rstudio/disco_tmp/data/scoring/acc_maf_ingroup/50/chr3/chr3_50_acc_110220278_110220328.maf	50	50	0	4	0.04	0.26	0.155563	0.04	0.26	0.155563	chr3:110220278-110220328	0.08	0.403582	0.179863	0.441848	TRUE	3	7	86	4 1 2	0 86 0	chr3	110220129	110220676	548	*	6	2	0.010949	0.00365
107295	chr3	110220524	110220549	/home/rstudio/disco_tmp/data/scoring/acc_maf_ingroup/25/chr3/chr3_25_acc_110220524_110220549.maf	25	25	0	2	0.04	0.24	0.141421	0.04	0.24	0.141421	chr3:110220524-110220549	0.08	0.366126	0.179863	0.40792	TRUE	3	7	86	4 1 2	0 86 0	chr3	110220129	110220676	548	*	6	2	0.010949	0.00365
107296	chr3	110245586	110245611	/home/rstudio/disco_tmp/data/scoring/acc_maf_ingroup/25/chr3/chr3_25_acc_110245586_110245611.maf	25	25	0	1	0	0.12	0.084853	0	0.12	0.084853	chr3:110245586-110245611	0.04	0.216301	0.084566	0.232245	TRUE	3	3	35	1 1 1	0 3 32	chr3	110245487	110245947	461	*	1	1	0.002169	0.002169
107296	chr3	110245861	110245886	/home/rstudio/disco_tmp/data/scoring/acc_maf_ingroup/25/chr3/chr3_25_acc_110245861_110245886.maf	25	57	32	1	0	0.017544	0.012405	0	0.017544	0.012405	chr3:110245861-110245886	0.017544	0.02442	0.031065	0.039515	TRUE	3	3	35	1 1 1	0 3 32	chr3	110245487	110245947	461	*	1	1	0.002169	0.002169
107296	chr3	110245836	110245861	/home/rstudio/disco_tmp/data/scoring/acc_maf_ingroup/25/chr3/chr3_25_acc_110245836_110245861.maf	25	28	3	1	0.035714	0.107143	0.050508	0.035714	0.107143	0.050508	chr3:110245836-110245861	0.035714	0.125336	0.074355	0.145732	TRUE	3	3	35	1 1 1	0 3 32	chr3	110245487	110245947	461	*	1	1	0.002169	0.002169
107481	chr33	4703250	4703300	/paula/2019/aves/data/scoring/acc_maf_ingroup/50/chr33/chr33_50_acc_4703250_4703300.maf	50	50	0	1	0.06	0.16	0.070711	0.06	0.16	0.070711	chr33:4703250-4703300	0.02	0.178845	0.036917	0.182615	TRUE	1	1	0	1	0	chr33	4703140	4703310	171	*	1	1	0.005848	0.005848
10779	chr1	77759740	77759765	/home/rstudio/disco_tmp/data/scoring/acc_maf_ingroup/25/chr1/chr1_25_acc_77759740_77759765.maf	25	30	5	1	0.033333	0.133333	0.070711	0.033333	0.133333	0.070711	chr1:77759740-77759765	0.033333	0.178845	0.068683	0.19158	TRUE	3	4	86	2 1 1	0 5 81	chr1	77759535	77759922	388	*	2	1	0.005155	0.002577
10779	chr1	77759824	77759849	/home/rstudio/disco_tmp/data/scoring/acc_maf_ingroup/25/chr1/chr1_25_acc_77759824_77759849.maf	25	106	81	1	0.018868	0.04717	0.020012	0.018868	0.04717	0.020012	chr1:77759824-77759849	0.009434	0.044568	0.011744	0.046089	TRUE	3	4	86	2 1 1	0 5 81	chr1	77759535	77759922	388	*	2	1	0.005155	0.002577
10779	chr1	77759665	77759690	/home/rstudio/disco_tmp/data/scoring/acc_maf_ingroup/25/chr1/chr1_25_acc_77759665_77759690.maf	25	25	0	2	0	0.08	0.056569	0	0.08	0.056569	chr1:77759665-77759690	0.08	0.141389	0.179863	0.228783	TRUE	3	4	86	2 1 1	0 5 81	chr1	77759535	77759922	388	*	2	1	0.005155	0.002577
10781	chr1	77761072	77761122	/home/rstudio/disco_tmp/data/scoring/acc_maf_ingroup/50/chr1/chr1_50_acc_77761072_77761122.maf	50	50	0	1	0.02	0.06	0.028284	0.02	0.06	0.028284	chr1:77761072-77761122	0.02	0.066476	0.036917	0.076039	TRUE	1	1	0	1	0	chr1	77761073	77761190	118	*	1	1	0.008475	0.008475
10784	chr1	77762945	77762995	/home/rstudio/disco_tmp/data/scoring/acc_maf_ingroup/50/chr1/chr1_50_acc_77762945_77762995.maf	50	50	0	2	0.04	0.1	0.042426	0.04	0.1	0.042426	chr1:77762945-77762995	0.04	0.103933	0.084566	0.13399	TRUE	1	2	0	2	0	chr1	77762741	77763055	315	*	2	1	0.006349	0.003175
107899	chr4	290604	290654	/home/rstudio/disco_tmp/data/scoring/acc_maf_ingroup/50/chr4/chr4_50_acc_290604_290654.maf	50	68	18	4	0	0.132353	0.093588	0	0.132353	0.093588	chr4:290604-290654	0.058824	0.239436	0.129412	0.272171	TRUE	3	5	20	1 1 4	2 0 18	chr4	290555	290655	101	*	1	1	0.009901	0.009901
107899	chr4	290554	290604	/home/rstudio/disco_tmp/data/scoring/acc_maf_ingroup/50/chr4/chr4_50_acc_290554_290604.maf	50	52	2	1	0	0.076923	0.054393	0	0.076923	0.054393	chr4:290554-290604	0.019231	0.135626	0.035084	0.140091	TRUE	3	5	20	1 1 4	2 0 18	chr4	290555	290655	101	*	1	1	0.009901	0.009901
107899	chr4	290604	290629	/home/rstudio/disco_tmp/data/scoring/acc_maf_ingroup/25/chr4/chr4_25_acc_290604_290629.maf	25	25	0	1	0	0.16	0.113137	0	0.16	0.113137	chr4:290604-290629	0.04	0.291214	0.084566	0.303244	TRUE	3	5	20	1 1 4	2 0 18	chr4	290555	290655	101	*	1	1	0.009901	0.009901
107929	chr4	493516	493566	/home/rstudio/disco_tmp/data/scoring/acc_maf_ingroup/50/chr4/chr4_50_acc_493516_493566.maf	50	50	0	2	0.04	0.1	0.042426	0.04	0.1	0.042426	chr4:493516-493566	0.04	0.103933	0.084566	0.13399	TRUE	1	2	0	2	0	chr4	493428	493588	161	*	2	1	0.012422	0.006211
108019	chr4	1026170	1026195	/home/rstudio/disco_tmp/data/scoring/acc_maf_ingroup/25/chr4/chr4_25_acc_1026170_1026195.maf	25	25	0	1	0	0.08	0.056569	0	0.08	0.056569	chr4:1026170-1026195	0.04	0.141389	0.084566	0.164749	TRUE	2	2	24	2 1	24 0	chr4	1026046	1026354	309	*	1	1	0.003236	0.003236
108019	chr4	1026145	1026195	/home/rstudio/disco_tmp/data/scoring/acc_maf_ingroup/50/chr4/chr4_50_acc_1026145_1026195.maf	50	74	24	2	0.013514	0.054054	0.028666	0.013514	0.054054	0.028666	chr4:1026145-1026195	0.027027	0.067489	0.053659	0.08622	TRUE	2	2	24	2 1	24 0	chr4	1026046	1026354	309	*	1	1	0.003236	0.003236
108429	chr4	2278272	2278322	/home/rstudio/disco_tmp/data/scoring/acc_maf_ingroup/50/chr4/chr4_50_acc_2278272_2278322.maf	50	50	0	2	0.02	0.12	0.070711	0.02	0.12	0.070711	chr4:2278272-2278322	0.04	0.178845	0.084566	0.19783	TRUE	2	2	0	2 1	0 0	chr4	2278123	2278437	315	*	3	2	0.009524	0.006349
108429	chr4	2278297	2278322	/home/rstudio/disco_tmp/data/scoring/acc_maf_ingroup/25/chr4/chr4_25_acc_2278297_2278322.maf	25	25	0	1	0	0.16	0.113137	0	0.16	0.113137	chr4:2278297-2278322	0.04	0.291214	0.084566	0.303244	TRUE	2	2	0	2 1	0 0	chr4	2278123	2278437	315	*	3	2	0.009524	0.006349
108533	chr4	2814113	2814138	/home/rstudio/disco_tmp/data/scoring/acc_maf_ingroup/25/chr4/chr4_25_acc_2814113_2814138.maf	25	25	0	1	0	0.12	0.084853	0	0.12	0.084853	chr4:2814113-2814138	0.04	0.216301	0.084566	0.232245	TRUE	1	1	0	1	0	chr4	2814044	2814310	267	*	1	1	0.003745	0.003745
10861	chr1	78005845	78005870	/home/rstudio/disco_tmp/data/scoring/acc_maf_ingroup/25/chr1/chr1_25_acc_78005845_78005870.maf	25	25	0	2	0.04	0.16	0.084853	0.04	0.16	0.084853	chr1:78005845-78005870	0.08	0.216301	0.179863	0.281313	TRUE	2	5	2	2 5	0 2	chr1	78005846	78005972	127	*	2	1	0.015748	0.007874
10861	chr1	78005845	78005895	/home/rstudio/disco_tmp/data/scoring/acc_maf_ingroup/50/chr1/chr1_50_acc_78005845_78005895.maf	50	52	2	5	0.038462	0.173077	0.095187	0.038462	0.173077	0.095187	chr1:78005845-78005895	0.096154	0.243673	0.218349	0.327189	TRUE	2	5	2	2 5	0 2	chr1	78005846	78005972	127	*	2	1	0.015748	0.007874
10863	chr1	78009085	78009135	/home/rstudio/disco_tmp/data/scoring/acc_maf_ingroup/50/chr1/chr1_50_acc_78009085_78009135.maf	50	50	0	3	0.04	0.16	0.084853	0.04	0.16	0.084853	chr1:78009085-78009135	0.06	0.216301	0.132215	0.253509	TRUE	1	3	0	3	0	chr1	78009020	78009165	146	*	3	1	0.020548	0.006849
108885	chr4	4751548	4751598	/home/rstudio/disco_tmp/data/scoring/acc_maf_ingroup/50/chr4/chr4_50_acc_4751548_4751598.maf	50	50	0	2	0.04	0.1	0.042426	0.04	0.1	0.042426	chr4:4751548-4751598	0.04	0.103933	0.084566	0.13399	TRUE	1	2	0	2	0	chr4	4750757	4751695	939	*	2	1	0.00213	0.001065
109217	chr4	8293542	8293592	/home/rstudio/disco_tmp/data/scoring/acc_maf_ingroup/50/chr4/chr4_50_acc_8293542_8293592.maf	50	50	0	1	0.04	0.1	0.042426	0.04	0.1	0.042426	chr4:8293542-8293592	0.02	0.103933	0.036917	0.110294	TRUE	1	1	0	1	0	chr4	8293443	8293601	159	*	1	1	0.006289	0.006289
10925	chr1	78109779	78109829	/home/rstudio/disco_tmp/data/scoring/acc_maf_ingroup/50/chr1/chr1_50_acc_78109779_78109829.maf	50	50	0	6	0.1	0.18	0.056569	0.1	0.18	0.056569	chr1:78109779-78109829	0.12	0.141389	0.275161	0.309361	TRUE	1	6	0	6	0	chr1	78109780	78110025	246	*	6	1	0.02439	0.004065
109580	chr4	10644424	10644449	/home/rstudio/disco_tmp/data/scoring/acc_maf_ingroup/25/chr4/chr4_25_acc_10644424_10644449.maf	25	25	0	1	0	0.08	0.056569	0	0.08	0.056569	chr4:10644424-10644449	0.04	0.141389	0.084566	0.164749	TRUE	1	1	0	1	0	chr4	10644172	10644733	562	*	1	1	0.001779	0.001779
109599	chr4	10855205	10855230	/home/rstudio/disco_tmp/data/scoring/acc_maf_ingroup/25/chr4/chr4_25_acc_10855205_10855230.maf	25	25	0	3	0	0.16	0.113137	0	0.16	0.113137	chr4:10855205-10855230	0.12	0.291214	0.275161	0.400648	TRUE	1	3	0	3	0	chr4	10855131	10855292	162	*	3	1	0.018519	0.006173
109808	chr4	12138001	12138051	/home/rstudio/disco_tmp/data/scoring/acc_maf_ingroup/50/chr4/chr4_50_acc_12138001_12138051.maf	50	50	0	2	0	0.06	0.042426	0	0.06	0.042426	chr4:12138001-12138051	0.04	0.103933	0.084566	0.13399	TRUE	1	2	0	2	0	chr4	12138002	12138354	353	*	2	1	0.005666	0.002833
109828	chr4	12263762	12263812	/home/rstudio/disco_tmp/data/scoring/acc_maf_ingroup/50/chr4/chr4_50_acc_12263762_12263812.maf	50	50	0	2	0.04	0.08	0.028284	0.04	0.08	0.028284	chr4:12263762-12263812	0.04	0.066476	0.084566	0.107566	TRUE	1	2	0	2	0	chr4	12263600	12263836	237	*	2	1	0.008439	0.004219
109829	chr4	12264987	12265012	/home/rstudio/disco_tmp/data/scoring/acc_maf_ingroup/25/chr4/chr4_25_acc_12264987_12265012.maf	25	25	0	1	0	0.04	0.028284	0	0.04	0.028284	chr4:12264987-12265012	0.04	0.066476	0.084566	0.107566	TRUE	1	1	0	1	0	chr4	12264784	12265021	238	*	1	1	0.004202	0.004202
109896	chr4	12801055	12801080	/home/rstudio/disco_tmp/data/scoring/acc_maf_ingroup/25/chr4/chr4_25_acc_12801055_12801080.maf	25	25	0	2	0.04	0.16	0.084853	0.04	0.16	0.084853	chr4:12801055-12801080	0.08	0.216301	0.179863	0.281313	TRUE	1	2	0	2	0	chr4	12800835	12801088	254	*	2	1	0.007874	0.003937
110175	chr4	14230405	14230455	/home/rstudio/disco_tmp/data/scoring/acc_maf_ingroup/50/chr4/chr4_50_acc_14230405_14230455.maf	50	50	0	3	0.02	0.1	0.056569	0.02	0.1	0.056569	chr4:14230405-14230455	0.06	0.141389	0.132215	0.193576	TRUE	1	3	0	3	0	chr4	14230356	14230477	122	*	3	1	0.02459	0.008197
110312	chr4	15386516	15386566	/home/rstudio/disco_tmp/data/scoring/acc_maf_ingroup/50/chr4/chr4_50_acc_15386516_15386566.maf	50	50	0	1	0.02	0.04	0.014142	0.02	0.04	0.014142	chr4:15386516-15386566	0.02	0.02902	0.036917	0.046958	TRUE	1	1	0	1	0	chr4	15386417	15386681	265	*	1	1	0.003774	0.003774
110329	chr4	15462117	15462142	/home/rstudio/disco_tmp/data/scoring/acc_maf_ingroup/25/chr4/chr4_25_acc_15462117_15462142.maf	25	25	0	2	0.08	0.16	0.056569	0.08	0.16	0.056569	chr4:15462117-15462142	0.08	0.141389	0.179863	0.228783	TRUE	1	2	0	2	0	chr4	15462035	15462198	164	*	2	1	0.012195	0.006098
110344	chr4	15521477	15521527	/home/rstudio/disco_tmp/data/scoring/acc_maf_ingroup/50/chr4/chr4_50_acc_15521477_15521527.maf	50	50	0	1	0.04	0.08	0.028284	0.04	0.08	0.028284	chr4:15521477-15521527	0.02	0.066476	0.036917	0.076039	TRUE	1	1	0	1	0	chr4	15520804	15521811	1008	*	1	1	0.000992	0.000992
110417	chr4	15779074	15779124	/home/rstudio/disco_tmp/data/scoring/acc_maf_ingroup/50/chr4/chr4_50_acc_15779074_15779124.maf	50	50	0	1	0	0.02	0.014142	0	0.02	0.014142	chr4:15779074-15779124	0.02	0.02902	0.036917	0.046958	TRUE	1	1	0	1	0	chr4	15778560	15779306	747	*	1	1	0.001339	0.001339
110418	chr4	15788860	15788885	/home/rstudio/disco_tmp/data/scoring/acc_maf_ingroup/25/chr4/chr4_25_acc_15788860_15788885.maf	25	25	0	1	0.04	0.12	0.056569	0.04	0.12	0.056569	chr4:15788860-15788885	0.04	0.141389	0.084566	0.164749	TRUE	1	1	0	1	0	chr4	15788837	15789195	359	*	1	1	0.002786	0.002786
110419	chr4	15790257	15790307	/home/rstudio/disco_tmp/data/scoring/acc_maf_ingroup/50/chr4/chr4_50_acc_15790257_15790307.maf	50	50	0	2	0.02	0.1	0.056569	0.02	0.1	0.056569	chr4:15790257-15790307	0.04	0.141389	0.084566	0.164749	TRUE	1	2	0	2	0	chr4	15790258	15790379	122	*	2	1	0.016393	0.008197
110424	chr4	15817706	15817756	/home/rstudio/disco_tmp/data/scoring/acc_maf_ingroup/50/chr4/chr4_50_acc_15817706_15817756.maf	50	50	0	3	0.02	0.12	0.070711	0.02	0.12	0.070711	chr4:15817706-15817756	0.06	0.178845	0.132215	0.22241	TRUE	2	3	0	3 1	0 0	chr4	15817607	15817800	194	*	4	2	0.020619	0.010309
110424	chr4	15817731	15817756	/home/rstudio/disco_tmp/data/scoring/acc_maf_ingroup/25/chr4/chr4_25_acc_15817731_15817756.maf	25	25	0	1	0	0.04	0.028284	0	0.04	0.028284	chr4:15817731-15817756	0.04	0.066476	0.084566	0.107566	TRUE	2	3	0	3 1	0 0	chr4	15817607	15817800	194	*	4	2	0.020619	0.010309
110936	chr4	19836778	19836828	/home/rstudio/disco_tmp/data/scoring/acc_maf_ingroup/50/chr4/chr4_50_acc_19836778_19836828.maf	50	50	0	1	0.02	0.08	0.042426	0.02	0.08	0.042426	chr4:19836778-19836828	0.02	0.103933	0.036917	0.110294	TRUE	1	1	0	1	0	chr4	19836679	19836868	190	*	1	1	0.005263	0.005263
110939	chr4	19845448	19845498	/home/rstudio/disco_tmp/data/scoring/acc_maf_ingroup/50/chr4/chr4_50_acc_19845448_19845498.maf	50	50	0	5	0.02	0.14	0.084853	0.02	0.14	0.084853	chr4:19845448-19845498	0.1	0.216301	0.227512	0.313924	TRUE	1	5	0	5	0	chr4	19845449	19845638	190	*	5	1	0.026316	0.005263
110981	chr4	20064765	20064790	/home/rstudio/disco_tmp/data/scoring/acc_maf_ingroup/25/chr4/chr4_25_acc_20064765_20064790.maf	25	25	0	1	0	0.12	0.084853	0	0.12	0.084853	chr4:20064765-20064790	0.04	0.216301	0.084566	0.232245	TRUE	2	3	0	3 1	0 0	chr4	20064491	20065001	511	*	4	2	0.007828	0.003914
110981	chr4	20064740	20064790	/home/rstudio/disco_tmp/data/scoring/acc_maf_ingroup/50/chr4/chr4_50_acc_20064740_20064790.maf	50	50	0	3	0.02	0.1	0.056569	0.02	0.1	0.056569	chr4:20064740-20064790	0.06	0.141389	0.132215	0.193576	TRUE	2	3	0	3 1	0 0	chr4	20064491	20065001	511	*	4	2	0.007828	0.003914
11100	chr1	79978361	79978411	/home/rstudio/disco_tmp/data/scoring/acc_maf_ingroup/50/chr1/chr1_50_acc_79978361_79978411.maf	50	50	0	1	0.04	0.12	0.056569	0.04	0.12	0.056569	chr1:79978361-79978411	0.02	0.141389	0.036917	0.146129	TRUE	1	1	0	1	0	chr1	79978312	79978429	118	*	1	1	0.008475	0.008475
111137	chr4	21489825	21489875	/home/rstudio/disco_tmp/data/scoring/acc_maf_ingroup/50/chr4/chr4_50_acc_21489825_21489875.maf	50	50	0	1	0	0.02	0.014142	0	0.02	0.014142	chr4:21489825-21489875	0.02	0.02902	0.036917	0.046958	TRUE	1	1	0	1	0	chr4	21489776	21490234	459	*	1	1	0.002179	0.002179
111303	chr4	23824868	23824893	/home/rstudio/disco_tmp/data/scoring/acc_maf_ingroup/25/chr4/chr4_25_acc_23824868_23824893.maf	25	25	0	2	0	0.08	0.056569	0	0.08	0.056569	chr4:23824868-23824893	0.08	0.141389	0.179863	0.228783	TRUE	1	2	0	2	0	chr4	23824794	23824908	115	*	2	1	0.017391	0.008696
111352	chr4	24154261	24154286	/home/rstudio/disco_tmp/data/scoring/acc_maf_ingroup/25/chr4/chr4_25_acc_24154261_24154286.maf	25	25	0	1	0.04	0.08	0.028284	0.04	0.08	0.028284	chr4:24154261-24154286	0.04	0.066476	0.084566	0.107566	TRUE	1	1	0	1	0	chr4	24154237	24154378	142	*	1	1	0.007042	0.007042
111656	chr4	26895878	26895903	/home/rstudio/disco_tmp/data/scoring/acc_maf_ingroup/25/chr4/chr4_25_acc_26895878_26895903.maf	25	25	0	1	0	0.08	0.056569	0	0.08	0.056569	chr4:26895878-26895903	0.04	0.141389	0.084566	0.164749	TRUE	1	1	0	1	0	chr4	26895759	26896181	423	*	1	1	0.002364	0.002364
112164	chr4	30977766	30977791	/home/rstudio/disco_tmp/data/scoring/acc_maf_ingroup/25/chr4/chr4_25_acc_30977766_30977791.maf	25	25	0	2	0	0.08	0.056569	0	0.08	0.056569	chr4:30977766-30977791	0.08	0.141389	0.179863	0.228783	TRUE	1	2	0	2	0	chr4	30977667	30977915	249	*	2	1	0.008032	0.004016
112170	chr4	31007149	31007174	/home/rstudio/disco_tmp/data/scoring/acc_maf_ingroup/25/chr4/chr4_25_acc_31007149_31007174.maf	25	25	0	1	0	0.08	0.056569	0	0.08	0.056569	chr4:31007149-31007174	0.04	0.141389	0.084566	0.164749	TRUE	1	1	0	1	0	chr4	31007075	31007207	133	*	1	1	0.007519	0.007519
112393	chr4	32122935	32122985	/home/rstudio/disco_tmp/data/scoring/acc_maf_ingroup/50/chr4/chr4_50_acc_32122935_32122985.maf	50	63	13	1	0	0.047619	0.033672	0	0.047619	0.033672	chr4:32122935-32122985	0.015873	0.080745	0.027085	0.085167	TRUE	2	2	13	1 1	13 0	chr4	32122578	32123181	604	*	1	1	0.001656	0.001656
112393	chr4	32123104	32123129	/home/rstudio/disco_tmp/data/scoring/acc_maf_ingroup/25/chr4/chr4_25_acc_32123104_32123129.maf	25	25	0	1	0	0.04	0.028284	0	0.04	0.028284	chr4:32123104-32123129	0.04	0.066476	0.084566	0.107566	TRUE	2	2	13	1 1	13 0	chr4	32122578	32123181	604	*	1	1	0.001656	0.001656
112396	chr4	32132772	32132822	/home/rstudio/disco_tmp/data/scoring/acc_maf_ingroup/50/chr4/chr4_50_acc_32132772_32132822.maf	50	50	0	2	0	0.04	0.028284	0	0.04	0.028284	chr4:32132772-32132822	0.04	0.066476	0.084566	0.107566	TRUE	1	2	0	2	0	chr4	32132723	32132889	167	*	2	1	0.011976	0.005988
112401	chr4	32153078	32153128	/home/rstudio/disco_tmp/data/scoring/acc_maf_ingroup/50/chr4/chr4_50_acc_32153078_32153128.maf	50	50	0	1	0.04	0.18	0.098995	0.04	0.18	0.098995	chr4:32153078-32153128	0.02	0.253757	0.036917	0.256429	TRUE	1	1	0	1	0	chr4	32152951	32153299	349	*	1	1	0.002865	0.002865
112418	chr4	32316895	32316945	/home/rstudio/disco_tmp/data/scoring/acc_maf_ingroup/50/chr4/chr4_50_acc_32316895_32316945.maf	50	50	0	2	0.04	0.1	0.042426	0.04	0.1	0.042426	chr4:32316895-32316945	0.04	0.103933	0.084566	0.13399	TRUE	1	2	0	2	0	chr4	32316846	32316988	143	*	2	1	0.013986	0.006993
11265	chr1	81033169	81033219	/home/rstudio/disco_tmp/data/scoring/acc_maf_ingroup/50/chr1/chr1_50_acc_81033169_81033219.maf	50	50	0	3	0.02	0.18	0.113137	0.02	0.18	0.113137	chr1:81033169-81033219	0.06	0.291214	0.132215	0.319822	TRUE	1	3	0	3	0	chr1	81033070	81033224	155	*	3	1	0.019355	0.006452
11270	chr1	81037593	81037643	/home/rstudio/disco_tmp/data/scoring/acc_maf_ingroup/50/chr1/chr1_50_acc_81037593_81037643.maf	50	50	0	2	0.06	0.14	0.056569	0.06	0.14	0.056569	chr1:81037593-81037643	0.04	0.141389	0.084566	0.164749	TRUE	1	2	0	2	0	chr1	81037594	81037738	145	*	2	1	0.013793	0.006897
112714	chr4	33775547	33775572	/home/rstudio/disco_tmp/data/scoring/acc_maf_ingroup/25/chr4/chr4_25_acc_33775547_33775572.maf	25	25	0	1	0	0.08	0.056569	0	0.08	0.056569	chr4:33775547-33775572	0.04	0.141389	0.084566	0.164749	TRUE	2	2	0	1 1	0 0	chr4	33775014	33775577	564	*	2	2	0.003546	0.003546
112714	chr4	33775522	33775547	/home/rstudio/disco_tmp/data/scoring/acc_maf_ingroup/25/chr4/chr4_25_acc_33775522_33775547.maf	25	25	0	1	0	0.08	0.056569	0	0.08	0.056569	chr4:33775522-33775547	0.04	0.141389	0.084566	0.164749	TRUE	2	2	0	1 1	0 0	chr4	33775014	33775577	564	*	2	2	0.003546	0.003546
112822	chr4	34323140	34323165	/home/rstudio/disco_tmp/data/scoring/acc_maf_ingroup/25/chr4/chr4_25_acc_34323140_34323165.maf	25	25	0	1	0	0.04	0.028284	0	0.04	0.028284	chr4:34323140-34323165	0.04	0.066476	0.084566	0.107566	TRUE	2	4	2	1 3	0 2	chr4	34322663	34323379	717	*	1	1	0.001395	0.001395
112822	chr4	34323165	34323215	/home/rstudio/disco_tmp/data/scoring/acc_maf_ingroup/50/chr4/chr4_50_acc_34323165_34323215.maf	50	52	2	3	0.019231	0.076923	0.040795	0.019231	0.076923	0.040795	chr4:34323165-34323215	0.057692	0.099611	0.126717	0.161181	TRUE	2	4	2	1 3	0 2	chr4	34322663	34323379	717	*	1	1	0.001395	0.001395
112868	chr4	34434674	34434699	/home/rstudio/disco_tmp/data/scoring/acc_maf_ingroup/25/chr4/chr4_25_acc_34434674_34434699.maf	25	28	3	1	0	0.035714	0.025254	0	0.035714	0.025254	chr4:34434674-34434699	0.035714	0.05845	0.074355	0.094579	TRUE	3	2	3	1 1 1	3 0 0	chr4	34434487	34434887	401	*	2	2	0.004988	0.004988
112868	chr4	34434783	34434808	/home/rstudio/disco_tmp/data/scoring/acc_maf_ingroup/25/chr4/chr4_25_acc_34434783_34434808.maf	25	25	0	1	0	0.04	0.028284	0	0.04	0.028284	chr4:34434783-34434808	0.04	0.066476	0.084566	0.107566	TRUE	3	2	3	1 1 1	3 0 0	chr4	34434487	34434887	401	*	2	2	0.004988	0.004988
112868	chr4	34434783	34434833	/home/rstudio/disco_tmp/data/scoring/acc_maf_ingroup/50/chr4/chr4_50_acc_34434783_34434833.maf	50	50	0	1	0.02	0.06	0.028284	0.02	0.06	0.028284	chr4:34434783-34434833	0.02	0.066476	0.036917	0.076039	TRUE	3	2	3	1 1 1	3 0 0	chr4	34434487	34434887	401	*	2	2	0.004988	0.004988
112907	chr4	34675972	34676022	/home/rstudio/disco_tmp/data/scoring/acc_maf_ingroup/50/chr4/chr4_50_acc_34675972_34676022.maf	50	50	0	3	0	0.1	0.070711	0	0.1	0.070711	chr4:34675972-34676022	0.06	0.178845	0.132215	0.22241	TRUE	1	3	0	3	0	chr4	34675918	34676083	166	*	3	1	0.018072	0.006024
112984	chr4	35050523	35050548	/home/rstudio/disco_tmp/data/scoring/acc_maf_ingroup/25/chr4/chr4_25_acc_35050523_35050548.maf	25	25	0	4	0.04	0.2	0.113137	0.04	0.2	0.113137	chr4:35050523-35050548	0.16	0.291214	0.370459	0.471216	TRUE	1	4	0	4	0	chr4	35050449	35050712	264	*	4	1	0.015152	0.003788
11315	chr1	81262517	81262567	/home/rstudio/disco_tmp/data/scoring/acc_maf_ingroup/50/chr1/chr1_50_acc_81262517_81262567.maf	50	50	0	1	0.04	0.08	0.028284	0.04	0.08	0.028284	chr1:81262517-81262567	0.02	0.066476	0.036917	0.076039	TRUE	1	1	0	1	0	chr1	81262468	81262595	128	*	1	1	0.007812	0.007812
113311	chr4	37901438	37901488	/home/rstudio/disco_tmp/data/scoring/acc_maf_ingroup/50/chr4/chr4_50_acc_37901438_37901488.maf	50	54	4	2	0.018519	0.074074	0.039284	0.018519	0.074074	0.039284	chr4:37901438-37901488	0.037037	0.095609	0.077507	0.123079	TRUE	2	2	4	2 2	0 4	chr4	37901389	37901496	108	*	2	1	0.018519	0.009259
113311	chr4	37901438	37901463	/home/rstudio/disco_tmp/data/scoring/acc_maf_ingroup/25/chr4/chr4_25_acc_37901438_37901463.maf	25	25	0	2	0.04	0.08	0.028284	0.04	0.08	0.028284	chr4:37901438-37901463	0.08	0.066476	0.179863	0.191755	TRUE	2	2	4	2 2	0 4	chr4	37901389	37901496	108	*	2	1	0.018519	0.009259
113314	chr4	37906364	37906389	/home/rstudio/disco_tmp/data/scoring/acc_maf_ingroup/25/chr4/chr4_25_acc_37906364_37906389.maf	25	25	0	2	0	0.12	0.084853	0	0.12	0.084853	chr4:37906364-37906389	0.08	0.216301	0.179863	0.281313	TRUE	2	4	0	2 2	0 0	chr4	37906254	37906441	188	*	4	2	0.021277	0.010638
113314	chr4	37906314	37906364	/home/rstudio/disco_tmp/data/scoring/acc_maf_ingroup/50/chr4/chr4_50_acc_37906314_37906364.maf	50	50	0	2	0.02	0.08	0.042426	0.02	0.08	0.042426	chr4:37906314-37906364	0.04	0.103933	0.084566	0.13399	TRUE	2	4	0	2 2	0 0	chr4	37906254	37906441	188	*	4	2	0.021277	0.010638
113337	chr4	37984201	37984251	/home/rstudio/disco_tmp/data/scoring/acc_maf_ingroup/50/chr4/chr4_50_acc_37984201_37984251.maf	50	50	0	4	0.02	0.12	0.070711	0.02	0.12	0.070711	chr4:37984201-37984251	0.08	0.178845	0.179863	0.253646	TRUE	2	4	0	2 4	0 0	chr4	37984052	37984513	462	*	6	2	0.012987	0.004329
113337	chr4	37984201	37984226	/home/rstudio/disco_tmp/data/scoring/acc_maf_ingroup/25/chr4/chr4_25_acc_37984201_37984226.maf	25	25	0	2	0	0.12	0.084853	0	0.12	0.084853	chr4:37984201-37984226	0.08	0.216301	0.179863	0.281313	TRUE	2	4	0	2 4	0 0	chr4	37984052	37984513	462	*	6	2	0.012987	0.004329
113460	chr4	38814896	38814921	/home/rstudio/disco_tmp/data/scoring/acc_maf_ingroup/25/chr4/chr4_25_acc_38814896_38814921.maf	25	25	0	2	0	0.08	0.056569	0	0.08	0.056569	chr4:38814896-38814921	0.08	0.141389	0.179863	0.228783	TRUE	1	2	0	2	0	chr4	38814779	38814954	176	*	2	1	0.011364	0.005682
113462	chr4	38817086	38817136	/home/rstudio/disco_tmp/data/scoring/acc_maf_ingroup/50/chr4/chr4_50_acc_38817086_38817136.maf	50	50	0	3	0	0.06	0.042426	0	0.06	0.042426	chr4:38817086-38817136	0.06	0.103933	0.132215	0.168175	TRUE	1	3	0	3	0	chr4	38817037	38817150	114	*	3	1	0.026316	0.008772
113608	chr4	39754911	39754961	/home/rstudio/disco_tmp/data/scoring/acc_maf_ingroup/50/chr4/chr4_50_acc_39754911_39754961.maf	50	50	0	2	0.02	0.08	0.042426	0.02	0.08	0.042426	chr4:39754911-39754961	0.04	0.103933	0.084566	0.13399	TRUE	1	2	0	2	0	chr4	39754842	39754973	132	*	2	1	0.015152	0.007576
113691	chr4	40054929	40054979	/home/rstudio/disco_tmp/data/scoring/acc_maf_ingroup/50/chr4/chr4_50_acc_40054929_40054979.maf	50	50	0	2	0.04	0.06	0.014142	0.04	0.06	0.014142	chr4:40054929-40054979	0.04	0.02902	0.084566	0.089407	TRUE	3	6	20	2 2 2	20 0 0	chr4	40054647	40055851	1205	*	4	2	0.00332	0.00166
113691	chr4	40054829	40054879	/home/rstudio/disco_tmp/data/scoring/acc_maf_ingroup/50/chr4/chr4_50_acc_40054829_40054879.maf	50	70	20	2	0	0.057143	0.040406	0	0.057143	0.040406	chr4:40054829-40054879	0.028571	0.098582	0.057338	0.114044	TRUE	3	6	20	2 2 2	20 0 0	chr4	40054647	40055851	1205	*	4	2	0.00332	0.00166
113691	chr4	40054979	40055029	/home/rstudio/disco_tmp/data/scoring/acc_maf_ingroup/50/chr4/chr4_50_acc_40054979_40055029.maf	50	50	0	2	0	0.04	0.028284	0	0.04	0.028284	chr4:40054979-40055029	0.04	0.066476	0.084566	0.107566	TRUE	3	6	20	2 2 2	20 0 0	chr4	40054647	40055851	1205	*	4	2	0.00332	0.00166
113732	chr4	40168074	40168099	/home/rstudio/disco_tmp/data/scoring/acc_maf_ingroup/25/chr4/chr4_25_acc_40168074_40168099.maf	25	30	5	2	0.033333	0.1	0.04714	0.033333	0.1	0.04714	chr4:40168074-40168099	0.066667	0.116418	0.148098	0.188377	TRUE	2	4	5	2 2	5 0	chr4	40168050	40168309	260	*	2	1	0.007692	0.003846
113732	chr4	40168149	40168199	/home/rstudio/disco_tmp/data/scoring/acc_maf_ingroup/50/chr4/chr4_50_acc_40168149_40168199.maf	50	50	0	2	0.04	0.12	0.056569	0.04	0.12	0.056569	chr4:40168149-40168199	0.04	0.141389	0.084566	0.164749	TRUE	2	4	5	2 2	5 0	chr4	40168050	40168309	260	*	2	1	0.007692	0.003846
114168	chr4	43681715	43681740	/home/rstudio/disco_tmp/data/scoring/acc_maf_ingroup/25/chr4/chr4_25_acc_43681715_43681740.maf	25	25	0	1	0.04	0.08	0.028284	0.04	0.08	0.028284	chr4:43681715-43681740	0.04	0.066476	0.084566	0.107566	TRUE	1	1	0	1	0	chr4	43681591	43681796	206	*	1	1	0.004854	0.004854
11417	chr1	81708442	81708492	/home/rstudio/disco_tmp/data/scoring/acc_maf_ingroup/50/chr1/chr1_50_acc_81708442_81708492.maf	50	50	0	7	0.02	0.26	0.169706	0.02	0.26	0.169706	chr1:81708442-81708492	0.14	0.441038	0.32281	0.546554	TRUE	1	7	0	7	0	chr1	81708338	81708505	168	*	7	1	0.041667	0.005952
11418	chr1	81709522	81709547	/home/rstudio/disco_tmp/data/scoring/acc_maf_ingroup/25/chr1/chr1_25_acc_81709522_81709547.maf	25	25	0	1	0	0.16	0.113137	0	0.16	0.113137	chr1:81709522-81709547	0.04	0.291214	0.084566	0.303244	TRUE	1	1	0	1	0	chr1	81709473	81709605	133	*	1	1	0.007519	0.007519
114202	chr4	44176512	44176562	/home/rstudio/disco_tmp/data/scoring/acc_maf_ingroup/50/chr4/chr4_50_acc_44176512_44176562.maf	50	50	0	1	0.02	0.06	0.028284	0.02	0.06	0.028284	chr4:44176512-44176562	0.02	0.066476	0.036917	0.076039	TRUE	1	1	0	1	0	chr4	44176463	44176663	201	*	1	1	0.004975	0.004975
1144	chr1	9480042	9480092	/home/rstudio/disco_tmp/data/scoring/acc_maf_ingroup/50/chr1/chr1_50_acc_9480042_9480092.maf	50	50	0	2	0.06	0.14	0.056569	0.06	0.14	0.056569	chr1:9480042-9480092	0.04	0.141389	0.084566	0.164749	TRUE	1	2	0	2	0	chr1	9479943	9480100	158	*	2	1	0.012658	0.006329
114516	chr4	45957989	45958014	/home/rstudio/disco_tmp/data/scoring/acc_maf_ingroup/25/chr4/chr4_25_acc_45957989_45958014.maf	25	25	0	1	0	0.04	0.028284	0	0.04	0.028284	chr4:45957989-45958014	0.04	0.066476	0.084566	0.107566	TRUE	2	1	0	1 1	0 0	chr4	45957990	45958170	181	*	2	2	0.01105	0.01105
114516	chr4	45957989	45958039	/home/rstudio/disco_tmp/data/scoring/acc_maf_ingroup/50/chr4/chr4_50_acc_45957989_45958039.maf	50	50	0	1	0.04	0.06	0.014142	0.04	0.06	0.014142	chr4:45957989-45958039	0.02	0.02902	0.036917	0.046958	TRUE	2	1	0	1 1	0 0	chr4	45957990	45958170	181	*	2	2	0.01105	0.01105
115178	chr4	51761029	51761079	/home/rstudio/disco_tmp/data/scoring/acc_maf_ingroup/50/chr4/chr4_50_acc_51761029_51761079.maf	50	50	0	1	0.02	0.06	0.028284	0.02	0.06	0.028284	chr4:51761029-51761079	0.02	0.066476	0.036917	0.076039	TRUE	2	1	0	1 1	0 0	chr4	51760971	51761433	463	*	2	2	0.00432	0.00432
115178	chr4	51761054	51761079	/home/rstudio/disco_tmp/data/scoring/acc_maf_ingroup/25/chr4/chr4_25_acc_51761054_51761079.maf	25	25	0	1	0	0.04	0.028284	0	0.04	0.028284	chr4:51761054-51761079	0.04	0.066476	0.084566	0.107566	TRUE	2	1	0	1 1	0 0	chr4	51760971	51761433	463	*	2	2	0.00432	0.00432
1154	chr1	9513549	9513574	/home/rstudio/disco_tmp/data/scoring/acc_maf_ingroup/25/chr1/chr1_25_acc_9513549_9513574.maf	25	25	0	1	0	0.04	0.028284	0	0.04	0.028284	chr1:9513549-9513574	0.04	0.066476	0.084566	0.107566	TRUE	1	1	0	1	0	chr1	9513129	9513759	631	*	1	1	0.001585	0.001585
115447	chr4	53633883	53633908	/home/rstudio/disco_tmp/data/scoring/acc_maf_ingroup/25/chr4/chr4_25_acc_53633883_53633908.maf	25	25	0	1	0	0.04	0.028284	0	0.04	0.028284	chr4:53633883-53633908	0.04	0.066476	0.084566	0.107566	TRUE	1	1	0	1	0	chr4	53633809	53633968	160	*	1	1	0.00625	0.00625
115534	chr4	53903331	53903381	/home/rstudio/disco_tmp/data/scoring/acc_maf_ingroup/50/chr4/chr4_50_acc_53903331_53903381.maf	50	50	0	1	0	0.06	0.042426	0	0.06	0.042426	chr4:53903331-53903381	0.02	0.103933	0.036917	0.110294	TRUE	1	1	0	1	0	chr4	53903282	53903407	126	*	1	1	0.007937	0.007937
115625	chr4	54689391	54689416	/home/rstudio/disco_tmp/data/scoring/acc_maf_ingroup/25/chr4/chr4_25_acc_54689391_54689416.maf	25	25	0	2	0	0.08	0.056569	0	0.08	0.056569	chr4:54689391-54689416	0.08	0.141389	0.179863	0.228783	TRUE	1	2	0	2	0	chr4	54689392	54689523	132	*	2	1	0.015152	0.007576
115643	chr4	54776294	54776319	/home/rstudio/disco_tmp/data/scoring/acc_maf_ingroup/25/chr4/chr4_25_acc_54776294_54776319.maf	25	25	0	1	0	0.04	0.028284	0	0.04	0.028284	chr4:54776294-54776319	0.04	0.066476	0.084566	0.107566	TRUE	1	1	0	1	0	chr4	54776092	54776350	259	*	1	1	0.003861	0.003861
115811	chr4	56273792	56273817	/home/rstudio/disco_tmp/data/scoring/acc_maf_ingroup/25/chr4/chr4_25_acc_56273792_56273817.maf	25	25	0	1	0	0.08	0.056569	0	0.08	0.056569	chr4:56273792-56273817	0.04	0.141389	0.084566	0.164749	TRUE	1	1	0	1	0	chr4	56273068	56273936	869	*	1	1	0.001151	0.001151
116147	chr4	58104430	58104455	/home/rstudio/disco_tmp/data/scoring/acc_maf_ingroup/25/chr4/chr4_25_acc_58104430_58104455.maf	25	25	0	2	0	0.12	0.084853	0	0.12	0.084853	chr4:58104430-58104455	0.08	0.216301	0.179863	0.281313	TRUE	1	2	0	2	0	chr4	58104296	58104479	184	*	2	1	0.01087	0.005435
116178	chr4	58305961	58305986	/home/rstudio/disco_tmp/data/scoring/acc_maf_ingroup/25/chr4/chr4_25_acc_58305961_58305986.maf	25	25	0	1	0.04	0.08	0.028284	0.04	0.08	0.028284	chr4:58305961-58305986	0.04	0.066476	0.084566	0.107566	TRUE	1	1	0	1	0	chr4	58305962	58306089	128	*	1	1	0.007812	0.007812
116504	chr4	60914282	60914332	/home/rstudio/disco_tmp/data/scoring/acc_maf_ingroup/50/chr4/chr4_50_acc_60914282_60914332.maf	50	50	0	1	0	0.02	0.014142	0	0.02	0.014142	chr4:60914282-60914332	0.02	0.02902	0.036917	0.046958	TRUE	1	1	0	1	0	chr4	60914233	60914339	107	*	1	1	0.009346	0.009346
116514	chr4	61072678	61072703	/home/rstudio/disco_tmp/data/scoring/acc_maf_ingroup/25/chr4/chr4_25_acc_61072678_61072703.maf	25	25	0	1	0	0.04	0.028284	0	0.04	0.028284	chr4:61072678-61072703	0.04	0.066476	0.084566	0.107566	TRUE	1	1	0	1	0	chr4	61072574	61072840	267	*	1	1	0.003745	0.003745
117048	chr4	65206092	65206142	/home/rstudio/disco_tmp/data/scoring/acc_maf_ingroup/50/chr4/chr4_50_acc_65206092_65206142.maf	50	50	0	1	0.02	0.1	0.056569	0.02	0.1	0.056569	chr4:65206092-65206142	0.02	0.141389	0.036917	0.146129	TRUE	2	3	1	2 1	1 0	chr4	65206037	65206183	147	*	1	1	0.006803	0.006803
117048	chr4	65206042	65206092	/home/rstudio/disco_tmp/data/scoring/acc_maf_ingroup/50/chr4/chr4_50_acc_65206042_65206092.maf	50	51	1	2	0.019608	0.176471	0.110919	0.019608	0.176471	0.110919	chr4:65206042-65206092	0.039216	0.285338	0.082697	0.29708	TRUE	2	3	1	2 1	1 0	chr4	65206037	65206183	147	*	1	1	0.006803	0.006803
11717	chr1	82901772	82901822	/home/rstudio/disco_tmp/data/scoring/acc_maf_ingroup/50/chr1/chr1_50_acc_82901772_82901822.maf	50	50	0	3	0.06	0.14	0.056569	0.06	0.14	0.056569	chr1:82901772-82901822	0.06	0.141389	0.132215	0.193576	TRUE	1	3	0	3	0	chr1	82901723	82901867	145	*	3	1	0.02069	0.006897
117321	chr4	66587376	66587426	/home/rstudio/disco_tmp/data/scoring/acc_maf_ingroup/50/chr4/chr4_50_acc_66587376_66587426.maf	50	50	0	1	0.1	0.2	0.070711	0.1	0.2	0.070711	chr4:66587376-66587426	0.02	0.178845	0.036917	0.182615	TRUE	1	1	0	1	0	chr4	66587327	66587446	120	*	1	1	0.008333	0.008333
117637	chr4	69129909	69129959	/home/rstudio/disco_tmp/data/scoring/acc_maf_ingroup/50/chr4/chr4_50_acc_69129909_69129959.maf	50	50	0	1	0.04	0.12	0.056569	0.04	0.12	0.056569	chr4:69129909-69129959	0.02	0.141389	0.036917	0.146129	TRUE	1	1	0	1	0	chr4	69129848	69129967	120	*	1	1	0.008333	0.008333
117640	chr4	69134307	69134332	/home/rstudio/disco_tmp/data/scoring/acc_maf_ingroup/25/chr4/chr4_25_acc_69134307_69134332.maf	25	25	0	2	0	0.12	0.084853	0	0.12	0.084853	chr4:69134307-69134332	0.08	0.216301	0.179863	0.281313	TRUE	1	2	0	2	0	chr4	69134276	69134416	141	*	2	1	0.014184	0.007092
117643	chr4	69137674	69137699	/home/rstudio/disco_tmp/data/scoring/acc_maf_ingroup/25/chr4/chr4_25_acc_69137674_69137699.maf	25	25	0	1	0	0.04	0.028284	0	0.04	0.028284	chr4:69137674-69137699	0.04	0.066476	0.084566	0.107566	TRUE	1	1	0	1	0	chr4	69137625	69137760	136	*	1	1	0.007353	0.007353
117650	chr4	69150409	69150434	/home/rstudio/disco_tmp/data/scoring/acc_maf_ingroup/25/chr4/chr4_25_acc_69150409_69150434.maf	25	25	0	1	0	0.08	0.056569	0	0.08	0.056569	chr4:69150409-69150434	0.04	0.141389	0.084566	0.164749	TRUE	1	1	0	1	0	chr4	69150120	69150483	364	*	1	1	0.002747	0.002747
118157	chr4	73577255	73577305	/home/rstudio/disco_tmp/data/scoring/acc_maf_ingroup/50/chr4/chr4_50_acc_73577255_73577305.maf	50	50	0	1	0.02	0.04	0.014142	0.02	0.04	0.014142	chr4:73577255-73577305	0.02	0.02902	0.036917	0.046958	TRUE	2	2	59	1 1	59 0	chr4	73577106	73577340	235	*	1	1	0.004255	0.004255
118157	chr4	73577105	73577155	/home/rstudio/disco_tmp/data/scoring/acc_maf_ingroup/50/chr4/chr4_50_acc_73577105_73577155.maf	50	109	59	1	0.027523	0.036697	0.006487	0.027523	0.036697	0.006487	chr4:73577105-73577155	0.009174	0.008746	0.011126	0.014151	TRUE	2	2	59	1 1	59 0	chr4	73577106	73577340	235	*	1	1	0.004255	0.004255
118194	chr4	73733391	73733441	/home/rstudio/disco_tmp/data/scoring/acc_maf_ingroup/50/chr4/chr4_50_acc_73733391_73733441.maf	50	50	0	1	0.04	0.08	0.028284	0.04	0.08	0.028284	chr4:73733391-73733441	0.02	0.066476	0.036917	0.076039	TRUE	1	1	0	1	0	chr4	73733030	73733497	468	*	1	1	0.002137	0.002137
118333	chr4	74073647	74073697	/home/rstudio/disco_tmp/data/scoring/acc_maf_ingroup/50/chr4/chr4_50_acc_74073647_74073697.maf	50	50	0	4	0.02	0.16	0.098995	0.02	0.16	0.098995	chr4:74073647-74073697	0.08	0.253757	0.179863	0.311036	TRUE	1	4	0	4	0	chr4	74073493	74073712	220	*	4	1	0.018182	0.004545
118342	chr4	74086277	74086302	/home/rstudio/disco_tmp/data/scoring/acc_maf_ingroup/25/chr4/chr4_25_acc_74086277_74086302.maf	25	25	0	1	0	0.08	0.056569	0	0.08	0.056569	chr4:74086277-74086302	0.04	0.141389	0.084566	0.164749	TRUE	1	1	0	1	0	chr4	74085433	74086350	918	*	1	1	0.001089	0.001089
118349	chr4	74100594	74100644	/home/rstudio/disco_tmp/data/scoring/acc_maf_ingroup/50/chr4/chr4_50_acc_74100594_74100644.maf	50	50	0	2	0.02	0.1	0.056569	0.02	0.1	0.056569	chr4:74100594-74100644	0.04	0.141389	0.084566	0.164749	TRUE	1	2	0	2	0	chr4	74100595	74100934	340	*	2	1	0.005882	0.002941
118480	chr4	74910110	74910135	/home/rstudio/disco_tmp/data/scoring/acc_maf_ingroup/25/chr4/chr4_25_acc_74910110_74910135.maf	25	25	0	2	0	0.08	0.056569	0	0.08	0.056569	chr4:74910110-74910135	0.08	0.141389	0.179863	0.228783	TRUE	1	2	0	2	0	chr4	74910111	74910243	133	*	2	1	0.015038	0.007519
118506	chr4	75023714	75023764	/home/rstudio/disco_tmp/data/scoring/acc_maf_ingroup/50/chr4/chr4_50_acc_75023714_75023764.maf	50	50	0	1	0	0.02	0.014142	0	0.02	0.014142	chr4:75023714-75023764	0.02	0.02902	0.036917	0.046958	TRUE	1	1	0	1	0	chr4	75023703	75023831	129	*	1	1	0.007752	0.007752
118518	chr4	75044534	75044584	/home/rstudio/disco_tmp/data/scoring/acc_maf_ingroup/50/chr4/chr4_50_acc_75044534_75044584.maf	50	50	0	1	0	0.02	0.014142	0	0.02	0.014142	chr4:75044534-75044584	0.02	0.02902	0.036917	0.046958	TRUE	1	1	0	1	0	chr4	75044444	75044741	298	*	1	1	0.003356	0.003356
118602	chr4	75868776	75868801	/home/rstudio/disco_tmp/data/scoring/acc_maf_ingroup/25/chr4/chr4_25_acc_75868776_75868801.maf	25	25	0	1	0	0.04	0.028284	0	0.04	0.028284	chr4:75868776-75868801	0.04	0.066476	0.084566	0.107566	TRUE	4	5	17	1 2 2 1	17 0 0 0	chr4	75867453	75869006	1554	*	5	3	0.003218	0.001931
118602	chr4	75868401	75868426	/home/rstudio/disco_tmp/data/scoring/acc_maf_ingroup/25/chr4/chr4_25_acc_75868401_75868426.maf	25	42	17	1	0	0.02381	0.016836	0	0.02381	0.016836	chr4:75868401-75868426	0.02381	0.036155	0.045993	0.058502	TRUE	4	5	17	1 2 2 1	17 0 0 0	chr4	75867453	75869006	1554	*	5	3	0.003218	0.001931
118602	chr4	75868476	75868501	/home/rstudio/disco_tmp/data/scoring/acc_maf_ingroup/25/chr4/chr4_25_acc_75868476_75868501.maf	25	25	0	2	0	0.12	0.084853	0	0.12	0.084853	chr4:75868476-75868501	0.08	0.216301	0.179863	0.281313	TRUE	4	5	17	1 2 2 1	17 0 0 0	chr4	75867453	75869006	1554	*	5	3	0.003218	0.001931
118602	chr4	75868751	75868801	/home/rstudio/disco_tmp/data/scoring/acc_maf_ingroup/50/chr4/chr4_50_acc_75868751_75868801.maf	50	50	0	2	0.02	0.04	0.014142	0.02	0.04	0.014142	chr4:75868751-75868801	0.04	0.02902	0.084566	0.089407	TRUE	4	5	17	1 2 2 1	17 0 0 0	chr4	75867453	75869006	1554	*	5	3	0.003218	0.001931
118685	chr4	76330470	76330495	/home/rstudio/disco_tmp/data/scoring/acc_maf_ingroup/25/chr4/chr4_25_acc_76330470_76330495.maf	25	25	0	1	0	0.04	0.028284	0	0.04	0.028284	chr4:76330470-76330495	0.04	0.066476	0.084566	0.107566	TRUE	2	1	0	1 1	0 0	chr4	76330340	76330551	212	*	2	2	0.009434	0.009434
118685	chr4	76330445	76330495	/home/rstudio/disco_tmp/data/scoring/acc_maf_ingroup/50/chr4/chr4_50_acc_76330445_76330495.maf	50	50	0	1	0	0.02	0.014142	0	0.02	0.014142	chr4:76330445-76330495	0.02	0.02902	0.036917	0.046958	TRUE	2	1	0	1 1	0 0	chr4	76330340	76330551	212	*	2	2	0.009434	0.009434
118687	chr4	76335112	76335162	/home/rstudio/disco_tmp/data/scoring/acc_maf_ingroup/50/chr4/chr4_50_acc_76335112_76335162.maf	50	50	0	1	0.02	0.08	0.042426	0.02	0.08	0.042426	chr4:76335112-76335162	0.02	0.103933	0.036917	0.110294	TRUE	1	1	0	1	0	chr4	76335101	76335345	245	*	1	1	0.004082	0.004082
118694	chr4	76371647	76371672	/home/rstudio/disco_tmp/data/scoring/acc_maf_ingroup/25/chr4/chr4_25_acc_76371647_76371672.maf	25	37	12	2	0.027027	0.081081	0.038222	0.027027	0.081081	0.038222	chr4:76371647-76371672	0.054054	0.092797	0.118049	0.150156	TRUE	2	3	12	1 2	0 12	chr4	76371535	76371718	184	*	1	1	0.005435	0.005435
118694	chr4	76371534	76371584	/home/rstudio/disco_tmp/data/scoring/acc_maf_ingroup/50/chr4/chr4_50_acc_76371534_76371584.maf	50	50	0	1	0.06	0.1	0.028284	0.06	0.1	0.028284	chr4:76371534-76371584	0.02	0.066476	0.036917	0.076039	TRUE	2	3	12	1 2	0 12	chr4	76371535	76371718	184	*	1	1	0.005435	0.005435
118697	chr4	76381026	76381051	/home/rstudio/disco_tmp/data/scoring/acc_maf_ingroup/25/chr4/chr4_25_acc_76381026_76381051.maf	25	25	0	1	0	0.08	0.056569	0	0.08	0.056569	chr4:76381026-76381051	0.04	0.141389	0.084566	0.164749	TRUE	1	1	0	1	0	chr4	76380847	76381151	305	*	1	1	0.003279	0.003279
119382	chr4	82311036	82311061	/home/rstudio/disco_tmp/data/scoring/acc_maf_ingroup/25/chr4/chr4_25_acc_82311036_82311061.maf	25	25	0	1	0.04	0.08	0.028284	0.04	0.08	0.028284	chr4:82311036-82311061	0.04	0.066476	0.084566	0.107566	TRUE	1	1	0	1	0	chr4	82311012	82311163	152	*	1	1	0.006579	0.006579
119510	chr4	83423977	83424027	/home/rstudio/disco_tmp/data/scoring/acc_maf_ingroup/50/chr4/chr4_50_acc_83423977_83424027.maf	50	51	1	1	0.019608	0.039216	0.013865	0.019608	0.039216	0.013865	chr4:83423977-83424027	0.019608	0.028286	0.035983	0.045769	TRUE	3	4	1	1 2 1	1 0 0	chr4	83423950	83424231	282	*	3	2	0.010638	0.007092
119510	chr4	83424027	83424077	/home/rstudio/disco_tmp/data/scoring/acc_maf_ingroup/50/chr4/chr4_50_acc_83424027_83424077.maf	50	50	0	2	0	0.04	0.028284	0	0.04	0.028284	chr4:83424027-83424077	0.04	0.066476	0.084566	0.107566	TRUE	3	4	1	1 2 1	1 0 0	chr4	83423950	83424231	282	*	3	2	0.010638	0.007092
119510	chr4	83424077	83424127	/home/rstudio/disco_tmp/data/scoring/acc_maf_ingroup/50/chr4/chr4_50_acc_83424077_83424127.maf	50	50	0	1	0	0.06	0.042426	0	0.06	0.042426	chr4:83424077-83424127	0.02	0.103933	0.036917	0.110294	TRUE	3	4	1	1 2 1	1 0 0	chr4	83423950	83424231	282	*	3	2	0.010638	0.007092
119607	chr4	84738383	84738408	/home/rstudio/disco_tmp/data/scoring/acc_maf_ingroup/25/chr4/chr4_25_acc_84738383_84738408.maf	25	25	0	1	0	0.04	0.028284	0	0.04	0.028284	chr4:84738383-84738408	0.04	0.066476	0.084566	0.107566	TRUE	1	1	0	1	0	chr4	84738309	84738629	321	*	1	1	0.003115	0.003115
119609	chr4	84748403	84748453	/home/rstudio/disco_tmp/data/scoring/acc_maf_ingroup/50/chr4/chr4_50_acc_84748403_84748453.maf	50	50	0	4	0.02	0.12	0.070711	0.02	0.12	0.070711	chr4:84748403-84748453	0.08	0.178845	0.179863	0.253646	TRUE	1	4	0	4	0	chr4	84748404	84748624	221	*	4	1	0.0181	0.004525
119612	chr4	84756851	84756876	/home/rstudio/disco_tmp/data/scoring/acc_maf_ingroup/25/chr4/chr4_25_acc_84756851_84756876.maf	25	25	0	1	0.04	0.08	0.028284	0.04	0.08	0.028284	chr4:84756851-84756876	0.04	0.066476	0.084566	0.107566	TRUE	1	1	0	1	0	chr4	84756852	84756975	124	*	1	1	0.008065	0.008065
119684	chr4	85326052	85326077	/home/rstudio/disco_tmp/data/scoring/acc_maf_ingroup/25/chr4/chr4_25_acc_85326052_85326077.maf	25	25	0	1	0.08	0.12	0.028284	0.08	0.12	0.028284	chr4:85326052-85326077	0.04	0.066476	0.084566	0.107566	TRUE	2	2	0	1 1	0 0	chr4	85325878	85326089	212	*	2	2	0.009434	0.009434
119684	chr4	85325977	85326027	/home/rstudio/disco_tmp/data/scoring/acc_maf_ingroup/50/chr4/chr4_50_acc_85325977_85326027.maf	50	50	0	1	0.04	0.08	0.028284	0.04	0.08	0.028284	chr4:85325977-85326027	0.02	0.066476	0.036917	0.076039	TRUE	2	2	0	1 1	0 0	chr4	85325878	85326089	212	*	2	2	0.009434	0.009434
119768	chr4	85650457	85650482	/home/rstudio/disco_tmp/data/scoring/acc_maf_ingroup/25/chr4/chr4_25_acc_85650457_85650482.maf	25	25	0	1	0	0.08	0.056569	0	0.08	0.056569	chr4:85650457-85650482	0.04	0.141389	0.084566	0.164749	TRUE	2	2	0	2 1	0 0	chr4	85650333	85650496	164	*	3	2	0.018293	0.012195
119768	chr4	85650432	85650482	/home/rstudio/disco_tmp/data/scoring/acc_maf_ingroup/50/chr4/chr4_50_acc_85650432_85650482.maf	50	50	0	2	0.06	0.1	0.028284	0.06	0.1	0.028284	chr4:85650432-85650482	0.04	0.066476	0.084566	0.107566	TRUE	2	2	0	2 1	0 0	chr4	85650333	85650496	164	*	3	2	0.018293	0.012195
119906	chr4	87427083	87427108	/home/rstudio/disco_tmp/data/scoring/acc_maf_ingroup/25/chr4/chr4_25_acc_87427083_87427108.maf	25	25	0	1	0.04	0.08	0.028284	0.04	0.08	0.028284	chr4:87427083-87427108	0.04	0.066476	0.084566	0.107566	TRUE	2	2	0	1 1	0 0	chr4	87426963	87427398	436	*	2	2	0.004587	0.004587
119906	chr4	87427133	87427158	/home/rstudio/disco_tmp/data/scoring/acc_maf_ingroup/25/chr4/chr4_25_acc_87427133_87427158.maf	25	25	0	1	0.04	0.08	0.028284	0.04	0.08	0.028284	chr4:87427133-87427158	0.04	0.066476	0.084566	0.107566	TRUE	2	2	0	1 1	0 0	chr4	87426963	87427398	436	*	2	2	0.004587	0.004587
119987	chr4	88640691	88640716	/home/rstudio/disco_tmp/data/scoring/acc_maf_ingroup/25/chr4/chr4_25_acc_88640691_88640716.maf	25	25	0	1	0	0.08	0.056569	0	0.08	0.056569	chr4:88640691-88640716	0.04	0.141389	0.084566	0.164749	TRUE	1	1	0	1	0	chr4	88640642	88640784	143	*	1	1	0.006993	0.006993
121160	chr5	4907831	4907881	/home/rstudio/disco_tmp/data/scoring/acc_maf_ingroup/50/chr5/chr5_50_acc_4907831_4907881.maf	50	50	0	2	0.04	0.1	0.042426	0.04	0.1	0.042426	chr5:4907831-4907881	0.04	0.103933	0.084566	0.13399	TRUE	1	2	0	2	0	chr5	4907727	4908027	301	*	2	1	0.006645	0.003322
121623	chr5	8030532	8030557	/home/rstudio/disco_tmp/data/scoring/acc_maf_ingroup/25/chr5/chr5_25_acc_8030532_8030557.maf	25	25	0	1	0	0.08	0.056569	0	0.08	0.056569	chr5:8030532-8030557	0.04	0.141389	0.084566	0.164749	TRUE	2	2	1	1 1	0 1	chr5	8030380	8030754	375	*	1	1	0.002667	0.002667
121623	chr5	8030557	8030607	/home/rstudio/disco_tmp/data/scoring/acc_maf_ingroup/50/chr5/chr5_50_acc_8030557_8030607.maf	50	51	1	1	0.019608	0.058824	0.02773	0.019608	0.058824	0.02773	chr5:8030557-8030607	0.019608	0.065007	0.035983	0.074302	TRUE	2	2	1	1 1	0 1	chr5	8030380	8030754	375	*	1	1	0.002667	0.002667
121748	chr5	9015371	9015421	/home/rstudio/disco_tmp/data/scoring/acc_maf_ingroup/50/chr5/chr5_50_acc_9015371_9015421.maf	50	50	0	1	0	0.06	0.042426	0	0.06	0.042426	chr5:9015371-9015421	0.02	0.103933	0.036917	0.110294	TRUE	1	1	0	1	0	chr5	9015372	9015532	161	*	1	1	0.006211	0.006211
121758	chr5	9020249	9020299	/home/rstudio/disco_tmp/data/scoring/acc_maf_ingroup/50/chr5/chr5_50_acc_9020249_9020299.maf	50	50	0	2	0.02	0.04	0.014142	0.02	0.04	0.014142	chr5:9020249-9020299	0.04	0.02902	0.084566	0.089407	TRUE	1	2	0	2	0	chr5	9020130	9020341	212	*	2	1	0.009434	0.004717
121824	chr5	9357679	9357729	/home/rstudio/disco_tmp/data/scoring/acc_maf_ingroup/50/chr5/chr5_50_acc_9357679_9357729.maf	50	50	0	4	0.04	0.16	0.084853	0.04	0.16	0.084853	chr5:9357679-9357729	0.08	0.216301	0.179863	0.281313	TRUE	1	4	0	4	0	chr5	9357680	9357795	116	*	4	1	0.034483	0.008621
122170	chr5	10587067	10587117	/home/rstudio/disco_tmp/data/scoring/acc_maf_ingroup/50/chr5/chr5_50_acc_10587067_10587117.maf	50	50	0	1	0	0.06	0.042426	0	0.06	0.042426	chr5:10587067-10587117	0.02	0.103933	0.036917	0.110294	TRUE	1	1	0	1	0	chr5	10587068	10587192	125	*	1	1	0.008	0.008
122193	chr5	10665712	10665762	/home/rstudio/disco_tmp/data/scoring/acc_maf_ingroup/50/chr5/chr5_50_acc_10665712_10665762.maf	50	50	0	2	0.12	0.16	0.028284	0.12	0.16	0.028284	chr5:10665712-10665762	0.04	0.066476	0.084566	0.107566	TRUE	1	2	0	2	0	chr5	10665713	10665823	111	*	2	1	0.018018	0.009009
122415	chr5	11500887	11500912	/home/rstudio/disco_tmp/data/scoring/acc_maf_ingroup/25/chr5/chr5_25_acc_11500887_11500912.maf	25	25	0	2	0	0.08	0.056569	0	0.08	0.056569	chr5:11500887-11500912	0.08	0.141389	0.179863	0.228783	TRUE	1	2	0	2	0	chr5	11500798	11500975	178	*	2	1	0.011236	0.005618
122750	chr5	12729672	12729697	/home/rstudio/disco_tmp/data/scoring/acc_maf_ingroup/25/chr5/chr5_25_acc_12729672_12729697.maf	25	25	0	1	0	0.04	0.028284	0	0.04	0.028284	chr5:12729672-12729697	0.04	0.066476	0.084566	0.107566	TRUE	1	1	0	1	0	chr5	12729648	12729772	125	*	1	1	0.008	0.008
123053	chr5	14215022	14215072	/home/rstudio/disco_tmp/data/scoring/acc_maf_ingroup/50/chr5/chr5_50_acc_14215022_14215072.maf	50	50	0	4	0.02	0.14	0.084853	0.02	0.14	0.084853	chr5:14215022-14215072	0.08	0.216301	0.179863	0.281313	TRUE	1	4	0	4	0	chr5	14214973	14215098	126	*	4	1	0.031746	0.007937
123125	chr5	14547193	14547243	/home/rstudio/disco_tmp/data/scoring/acc_maf_ingroup/50/chr5/chr5_50_acc_14547193_14547243.maf	50	55	5	1	0.036364	0.072727	0.025713	0.036364	0.072727	0.025713	chr5:14547193-14547243	0.018182	0.059666	0.032585	0.067984	TRUE	2	2	5	1 1	5 0	chr5	14547026	14547294	269	*	1	1	0.003717	0.003717
123125	chr5	14547268	14547293	/home/rstudio/disco_tmp/data/scoring/acc_maf_ingroup/25/chr5/chr5_25_acc_14547268_14547293.maf	25	25	0	1	0.04	0.08	0.028284	0.04	0.08	0.028284	chr5:14547268-14547293	0.04	0.066476	0.084566	0.107566	TRUE	2	2	5	1 1	5 0	chr5	14547026	14547294	269	*	1	1	0.003717	0.003717
123149	chr5	14629777	14629827	/home/rstudio/disco_tmp/data/scoring/acc_maf_ingroup/50/chr5/chr5_50_acc_14629777_14629827.maf	50	50	0	3	0	0.06	0.042426	0	0.06	0.042426	chr5:14629777-14629827	0.06	0.103933	0.132215	0.168175	TRUE	2	3	0	3 2	0 0	chr5	14629778	14629906	129	*	5	2	0.03876	0.015504
123149	chr5	14629802	14629827	/home/rstudio/disco_tmp/data/scoring/acc_maf_ingroup/25/chr5/chr5_25_acc_14629802_14629827.maf	25	25	0	2	0	0.08	0.056569	0	0.08	0.056569	chr5:14629802-14629827	0.08	0.141389	0.179863	0.228783	TRUE	2	3	0	3 2	0 0	chr5	14629778	14629906	129	*	5	2	0.03876	0.015504
12320	chr1	86440893	86440918	/home/rstudio/disco_tmp/data/scoring/acc_maf_ingroup/25/chr1/chr1_25_acc_86440893_86440918.maf	25	25	0	1	0	0.08	0.056569	0	0.08	0.056569	chr1:86440893-86440918	0.04	0.141389	0.084566	0.164749	TRUE	1	1	0	1	0	chr1	86440669	86440988	320	*	1	1	0.003125	0.003125
123297	chr5	15323250	15323300	/home/rstudio/disco_tmp/data/scoring/acc_maf_ingroup/50/chr5/chr5_50_acc_15323250_15323300.maf	50	50	0	2	0	0.08	0.056569	0	0.08	0.056569	chr5:15323250-15323300	0.04	0.141389	0.084566	0.164749	TRUE	1	2	0	2	0	chr5	15323201	15323415	215	*	2	1	0.009302	0.004651
123690	chr5	17786572	17786622	/home/rstudio/disco_tmp/data/scoring/acc_maf_ingroup/50/chr5/chr5_50_acc_17786572_17786622.maf	50	50	0	1	0.04	0.08	0.028284	0.04	0.08	0.028284	chr5:17786572-17786622	0.02	0.066476	0.036917	0.076039	TRUE	1	1	0	1	0	chr5	17786573	17786733	161	*	1	1	0.006211	0.006211
124416	chr5	22842288	22842313	/home/rstudio/disco_tmp/data/scoring/acc_maf_ingroup/25/chr5/chr5_25_acc_22842288_22842313.maf	25	25	0	2	0	0.12	0.084853	0	0.12	0.084853	chr5:22842288-22842313	0.08	0.216301	0.179863	0.281313	TRUE	1	2	0	2	0	chr5	22842139	22842465	327	*	2	1	0.006116	0.003058
12475	chr1	87697166	87697216	/home/rstudio/disco_tmp/data/scoring/acc_maf_ingroup/50/chr1/chr1_50_acc_87697166_87697216.maf	50	50	0	4	0.06	0.2	0.098995	0.06	0.2	0.098995	chr1:87697166-87697216	0.08	0.253757	0.179863	0.311036	TRUE	1	4	0	4	0	chr1	87697117	87697234	118	*	4	1	0.033898	0.008475
124757	chr5	23882168	23882218	/home/rstudio/disco_tmp/data/scoring/acc_maf_ingroup/50/chr5/chr5_50_acc_23882168_23882218.maf	50	50	0	2	0	0.08	0.056569	0	0.08	0.056569	chr5:23882168-23882218	0.04	0.141389	0.084566	0.164749	TRUE	1	2	0	2	0	chr5	23881661	23882665	1005	*	2	1	0.00199	0.000995
124806	chr5	24125904	24125929	/home/rstudio/disco_tmp/data/scoring/acc_maf_ingroup/25/chr5/chr5_25_acc_24125904_24125929.maf	25	25	0	1	0	0.12	0.084853	0	0.12	0.084853	chr5:24125904-24125929	0.04	0.216301	0.084566	0.232245	TRUE	1	1	0	1	0	chr5	24125855	24125977	123	*	1	1	0.00813	0.00813
12487	chr1	87727938	87727963	/home/rstudio/disco_tmp/data/scoring/acc_maf_ingroup/25/chr1/chr1_25_acc_87727938_87727963.maf	25	25	0	2	0	0.12	0.084853	0	0.12	0.084853	chr1:87727938-87727963	0.08	0.216301	0.179863	0.281313	TRUE	1	2	0	2	0	chr1	87727914	87728035	122	*	2	1	0.016393	0.008197
1249	chr1	10682208	10682233	/home/rstudio/disco_tmp/data/scoring/acc_maf_ingroup/25/chr1/chr1_25_acc_10682208_10682233.maf	25	25	0	3	0	0.16	0.113137	0	0.16	0.113137	chr1:10682208-10682233	0.12	0.291214	0.275161	0.400648	TRUE	1	3	0	3	0	chr1	10682134	10682235	102	*	3	1	0.029412	0.009804
12490	chr1	87730674	87730699	/home/rstudio/disco_tmp/data/scoring/acc_maf_ingroup/25/chr1/chr1_25_acc_87730674_87730699.maf	25	25	0	2	0	0.08	0.056569	0	0.08	0.056569	chr1:87730674-87730699	0.08	0.141389	0.179863	0.228783	TRUE	2	3	0	2 1	0 0	chr1	87730479	87730798	320	*	3	2	0.009375	0.00625
12490	chr1	87730699	87730724	/home/rstudio/disco_tmp/data/scoring/acc_maf_ingroup/25/chr1/chr1_25_acc_87730699_87730724.maf	25	25	0	1	0.04	0.08	0.028284	0.04	0.08	0.028284	chr1:87730699-87730724	0.04	0.066476	0.084566	0.107566	TRUE	2	3	0	2 1	0 0	chr1	87730479	87730798	320	*	3	2	0.009375	0.00625
124946	chr5	24678306	24678331	/home/rstudio/disco_tmp/data/scoring/acc_maf_ingroup/25/chr5/chr5_25_acc_24678306_24678331.maf	25	25	0	4	0.04	0.16	0.084853	0.04	0.16	0.084853	chr5:24678306-24678331	0.16	0.216301	0.370459	0.428982	TRUE	1	4	0	4	0	chr5	24677952	24678353	402	*	4	1	0.00995	0.002488
125046	chr5	25155394	25155419	/home/rstudio/disco_tmp/data/scoring/acc_maf_ingroup/25/chr5/chr5_25_acc_25155394_25155419.maf	25	25	0	1	0	0.16	0.113137	0	0.16	0.113137	chr5:25155394-25155419	0.04	0.291214	0.084566	0.303244	TRUE	3	3	5	1 2 2	0 0 5	chr5	25155395	25155512	118	*	3	2	0.025424	0.016949
125046	chr5	25155444	25155494	/home/rstudio/disco_tmp/data/scoring/acc_maf_ingroup/50/chr5/chr5_50_acc_25155444_25155494.maf	50	55	5	2	0.018182	0.109091	0.064282	0.018182	0.109091	0.064282	chr5:25155444-25155494	0.036364	0.161819	0.075902	0.178736	TRUE	3	3	5	1 2 2	0 0 5	chr5	25155395	25155512	118	*	3	2	0.025424	0.016949
125046	chr5	25155444	25155469	/home/rstudio/disco_tmp/data/scoring/acc_maf_ingroup/25/chr5/chr5_25_acc_25155444_25155469.maf	25	25	0	2	0	0.16	0.113137	0	0.16	0.113137	chr5:25155444-25155469	0.08	0.291214	0.179863	0.342281	TRUE	3	3	5	1 2 2	0 0 5	chr5	25155395	25155512	118	*	3	2	0.025424	0.016949
125047	chr5	25159563	25159588	/home/rstudio/disco_tmp/data/scoring/acc_maf_ingroup/25/chr5/chr5_25_acc_25159563_25159588.maf	25	25	0	1	0.04	0.12	0.056569	0.04	0.12	0.056569	chr5:25159563-25159588	0.04	0.141389	0.084566	0.164749	TRUE	1	1	0	1	0	chr5	25159489	25159674	186	*	1	1	0.005376	0.005376
125058	chr5	25181149	25181174	/home/rstudio/disco_tmp/data/scoring/acc_maf_ingroup/25/chr5/chr5_25_acc_25181149_25181174.maf	25	25	0	2	0	0.12	0.084853	0	0.12	0.084853	chr5:25181149-25181174	0.08	0.216301	0.179863	0.281313	TRUE	1	2	0	2	0	chr5	25181050	25181174	125	*	2	1	0.016	0.008
125254	chr5	25887752	25887802	/home/rstudio/disco_tmp/data/scoring/acc_maf_ingroup/50/chr5/chr5_50_acc_25887752_25887802.maf	50	50	0	1	0.04	0.1	0.042426	0.04	0.1	0.042426	chr5:25887752-25887802	0.02	0.103933	0.036917	0.110294	TRUE	1	1	0	1	0	chr5	25887653	25887833	181	*	1	1	0.005525	0.005525
125278	chr5	25948079	25948129	/home/rstudio/disco_tmp/data/scoring/acc_maf_ingroup/50/chr5/chr5_50_acc_25948079_25948129.maf	50	50	0	2	0.06	0.1	0.028284	0.06	0.1	0.028284	chr5:25948079-25948129	0.04	0.066476	0.084566	0.107566	TRUE	1	2	0	2	0	chr5	25948080	25948231	152	*	2	1	0.013158	0.006579
125431	chr5	26594389	26594414	/home/rstudio/disco_tmp/data/scoring/acc_maf_ingroup/25/chr5/chr5_25_acc_26594389_26594414.maf	25	25	0	2	0	0.12	0.084853	0	0.12	0.084853	chr5:26594389-26594414	0.08	0.216301	0.179863	0.281313	TRUE	1	2	0	2	0	chr5	26594265	26594428	164	*	2	1	0.012195	0.006098
125446	chr5	26627485	26627535	/home/rstudio/disco_tmp/data/scoring/acc_maf_ingroup/50/chr5/chr5_50_acc_26627485_26627535.maf	50	55	5	4	0	0.072727	0.051426	0	0.072727	0.051426	chr5:26627485-26627535	0.072727	0.127768	0.162537	0.206743	TRUE	3	5	5	1 4 2	0 5 2	chr5	26627268	26627591	324	*	1	1	0.003086	0.003086
125446	chr5	26627460	26627485	/home/rstudio/disco_tmp/data/scoring/acc_maf_ingroup/25/chr5/chr5_25_acc_26627460_26627485.maf	25	25	0	1	0	0.04	0.028284	0	0.04	0.028284	chr5:26627460-26627485	0.04	0.066476	0.084566	0.107566	TRUE	3	5	5	1 4 2	0 5 2	chr5	26627268	26627591	324	*	1	1	0.003086	0.003086
125446	chr5	26627510	26627535	/home/rstudio/disco_tmp/data/scoring/acc_maf_ingroup/25/chr5/chr5_25_acc_26627510_26627535.maf	25	27	2	2	0	0.074074	0.052378	0	0.074074	0.052378	chr5:26627510-26627535	0.074074	0.130291	0.165745	0.210825	TRUE	3	5	5	1 4 2	0 5 2	chr5	26627268	26627591	324	*	1	1	0.003086	0.003086
125462	chr5	26667292	26667342	/home/rstudio/disco_tmp/data/scoring/acc_maf_ingroup/50/chr5/chr5_50_acc_26667292_26667342.maf	50	50	0	7	0.04	0.16	0.084853	0.04	0.16	0.084853	chr5:26667292-26667342	0.14	0.216301	0.32281	0.388577	TRUE	1	7	0	7	0	chr5	26667243	26667464	222	*	7	1	0.031532	0.004505
125501	chr5	26846084	26846109	/home/rstudio/disco_tmp/data/scoring/acc_maf_ingroup/25/chr5/chr5_25_acc_26846084_26846109.maf	25	25	0	1	0	0.12	0.084853	0	0.12	0.084853	chr5:26846084-26846109	0.04	0.216301	0.084566	0.232245	TRUE	1	1	0	1	0	chr5	26846044	26846213	170	*	1	1	0.005882	0.005882
125517	chr5	26871750	26871800	/home/rstudio/disco_tmp/data/scoring/acc_maf_ingroup/50/chr5/chr5_50_acc_26871750_26871800.maf	50	50	0	1	0.12	0.16	0.028284	0.12	0.16	0.028284	chr5:26871750-26871800	0.02	0.066476	0.036917	0.076039	TRUE	1	1	0	1	0	chr5	26871751	26871872	122	*	1	1	0.008197	0.008197
125518	chr5	26873228	26873278	/home/rstudio/disco_tmp/data/scoring/acc_maf_ingroup/50/chr5/chr5_50_acc_26873228_26873278.maf	50	50	0	2	0.04	0.18	0.098995	0.04	0.18	0.098995	chr5:26873228-26873278	0.04	0.253757	0.084566	0.267477	TRUE	1	2	0	2	0	chr5	26873179	26873279	101	*	2	1	0.019802	0.009901
1257	chr1	10717508	10717558	/home/rstudio/disco_tmp/data/scoring/acc_maf_ingroup/50/chr1/chr1_50_acc_10717508_10717558.maf	50	50	0	4	0.08	0.16	0.056569	0.08	0.16	0.056569	chr1:10717508-10717558	0.08	0.141389	0.179863	0.228783	TRUE	1	4	0	4	0	chr1	10717482	10717606	125	*	4	1	0.032	0.008
125739	chr5	28483591	28483641	/home/rstudio/disco_tmp/data/scoring/acc_maf_ingroup/50/chr5/chr5_50_acc_28483591_28483641.maf	50	64	14	1	0	0.0625	0.044194	0	0.0625	0.044194	chr5:28483591-28483641	0.015625	0.108615	0.026494	0.111799	TRUE	2	2	14	1 1	14 0	chr5	28483570	28483858	289	*	1	1	0.00346	0.00346
125739	chr5	28483641	28483691	/home/rstudio/disco_tmp/data/scoring/acc_maf_ingroup/50/chr5/chr5_50_acc_28483641_28483691.maf	50	50	0	1	0.04	0.06	0.014142	0.04	0.06	0.014142	chr5:28483641-28483691	0.02	0.02902	0.036917	0.046958	TRUE	2	2	14	1 1	14 0	chr5	28483570	28483858	289	*	1	1	0.00346	0.00346
125746	chr5	28495777	28495827	/home/rstudio/disco_tmp/data/scoring/acc_maf_ingroup/50/chr5/chr5_50_acc_28495777_28495827.maf	50	50	0	3	0.02	0.1	0.056569	0.02	0.1	0.056569	chr5:28495777-28495827	0.06	0.141389	0.132215	0.193576	TRUE	1	3	0	3	0	chr5	28495728	28495843	116	*	3	1	0.025862	0.008621
125755	chr5	28506103	28506128	/home/rstudio/disco_tmp/data/scoring/acc_maf_ingroup/25/chr5/chr5_25_acc_28506103_28506128.maf	25	25	0	1	0	0.08	0.056569	0	0.08	0.056569	chr5:28506103-28506128	0.04	0.141389	0.084566	0.164749	TRUE	1	1	0	1	0	chr5	28505967	28506143	177	*	1	1	0.00565	0.00565
125931	chr5	29264268	29264318	/home/rstudio/disco_tmp/data/scoring/acc_maf_ingroup/50/chr5/chr5_50_acc_29264268_29264318.maf	50	70	20	2	0	0.042857	0.030305	0	0.042857	0.030305	chr5:29264268-29264318	0.028571	0.071827	0.057338	0.091906	TRUE	2	4	20	2 2	20 0	chr5	29263678	29264712	1035	*	2	1	0.001932	0.000966
125931	chr5	29264584	29264634	/home/rstudio/disco_tmp/data/scoring/acc_maf_ingroup/50/chr5/chr5_50_acc_29264584_29264634.maf	50	50	0	2	0	0.06	0.042426	0	0.06	0.042426	chr5:29264584-29264634	0.04	0.103933	0.084566	0.13399	TRUE	2	4	20	2 2	20 0	chr5	29263678	29264712	1035	*	2	1	0.001932	0.000966
126112	chr5	30442127	30442177	/home/rstudio/disco_tmp/data/scoring/acc_maf_ingroup/50/chr5/chr5_50_acc_30442127_30442177.maf	50	50	0	1	0.04	0.06	0.014142	0.04	0.06	0.014142	chr5:30442127-30442177	0.02	0.02902	0.036917	0.046958	TRUE	1	1	0	1	0	chr5	30441999	30442241	243	*	1	1	0.004115	0.004115
126113	chr5	30444406	30444431	/home/rstudio/disco_tmp/data/scoring/acc_maf_ingroup/25/chr5/chr5_25_acc_30444406_30444431.maf	25	25	0	2	0	0.08	0.056569	0	0.08	0.056569	chr5:30444406-30444431	0.08	0.141389	0.179863	0.228783	TRUE	1	2	0	2	0	chr5	30444407	30444553	147	*	2	1	0.013605	0.006803
126351	chr5	31442427	31442452	/home/rstudio/disco_tmp/data/scoring/acc_maf_ingroup/25/chr5/chr5_25_acc_31442427_31442452.maf	25	25	0	1	0.04	0.12	0.056569	0.04	0.12	0.056569	chr5:31442427-31442452	0.04	0.141389	0.084566	0.164749	TRUE	1	1	0	1	0	chr5	31442403	31442561	159	*	1	1	0.006289	0.006289
126689	chr5	32483165	32483215	/home/rstudio/disco_tmp/data/scoring/acc_maf_ingroup/50/chr5/chr5_50_acc_32483165_32483215.maf	50	50	0	1	0.04	0.08	0.028284	0.04	0.08	0.028284	chr5:32483165-32483215	0.02	0.066476	0.036917	0.076039	TRUE	1	1	0	1	0	chr5	32483087	32483256	170	*	1	1	0.005882	0.005882
126696	chr5	32503846	32503896	/home/rstudio/disco_tmp/data/scoring/acc_maf_ingroup/50/chr5/chr5_50_acc_32503846_32503896.maf	50	50	0	1	0	0.12	0.084853	0	0.12	0.084853	chr5:32503846-32503896	0.02	0.216301	0.036917	0.219429	TRUE	2	2	8	1 1	0 8	chr5	32503251	32504279	1029	*	1	1	0.000972	0.000972
126696	chr5	32504196	32504221	/home/rstudio/disco_tmp/data/scoring/acc_maf_ingroup/25/chr5/chr5_25_acc_32504196_32504221.maf	25	33	8	1	0	0.030303	0.021427	0	0.030303	0.021427	chr5:32504196-32504221	0.030303	0.048316	0.061463	0.07818	TRUE	2	2	8	1 1	0 8	chr5	32503251	32504279	1029	*	1	1	0.000972	0.000972
126753	chr5	33059930	33059955	/home/rstudio/disco_tmp/data/scoring/acc_maf_ingroup/25/chr5/chr5_25_acc_33059930_33059955.maf	25	25	0	1	0	0.04	0.028284	0	0.04	0.028284	chr5:33059930-33059955	0.04	0.066476	0.084566	0.107566	TRUE	1	1	0	1	0	chr5	33057504	33060841	3338	*	1	1	3e-04	3e-04
126763	chr5	33183832	33183882	/home/rstudio/disco_tmp/data/scoring/acc_maf_ingroup/50/chr5/chr5_50_acc_33183832_33183882.maf	50	50	0	1	0.02	0.04	0.014142	0.02	0.04	0.014142	chr5:33183832-33183882	0.02	0.02902	0.036917	0.046958	TRUE	1	1	0	1	0	chr5	33183733	33183913	181	*	1	1	0.005525	0.005525
126987	chr5	34384803	34384828	/home/rstudio/disco_tmp/data/scoring/acc_maf_ingroup/25/chr5/chr5_25_acc_34384803_34384828.maf	25	25	0	1	0	0.08	0.056569	0	0.08	0.056569	chr5:34384803-34384828	0.04	0.141389	0.084566	0.164749	TRUE	1	1	0	1	0	chr5	34384754	34384872	119	*	1	1	0.008403	0.008403
1276	chr1	10824363	10824413	/home/rstudio/disco_tmp/data/scoring/acc_maf_ingroup/50/chr1/chr1_50_acc_10824363_10824413.maf	50	50	0	4	0.04	0.16	0.084853	0.04	0.16	0.084853	chr1:10824363-10824413	0.08	0.216301	0.179863	0.281313	TRUE	1	4	0	4	0	chr1	10824303	10824429	127	*	4	1	0.031496	0.007874
127682	chr5	36929717	36929742	/home/rstudio/disco_tmp/data/scoring/acc_maf_ingroup/25/chr5/chr5_25_acc_36929717_36929742.maf	25	25	0	2	0	0.12	0.084853	0	0.12	0.084853	chr5:36929717-36929742	0.08	0.216301	0.179863	0.281313	TRUE	1	2	0	2	0	chr5	36929568	36930215	648	*	2	1	0.003086	0.001543
127851	chr5	37895398	37895448	/home/rstudio/disco_tmp/data/scoring/acc_maf_ingroup/50/chr5/chr5_50_acc_37895398_37895448.maf	50	50	0	5	0.06	0.18	0.084853	0.06	0.18	0.084853	chr5:37895398-37895448	0.1	0.216301	0.227512	0.313924	TRUE	1	5	0	5	0	chr5	37895399	37895498	100	*	5	1	0.05	0.01
127902	chr5	38038699	38038749	/home/rstudio/disco_tmp/data/scoring/acc_maf_ingroup/50/chr5/chr5_50_acc_38038699_38038749.maf	50	50	0	4	0.02	0.1	0.056569	0.02	0.1	0.056569	chr5:38038699-38038749	0.08	0.141389	0.179863	0.228783	TRUE	1	4	0	4	0	chr5	38038593	38038751	159	*	4	1	0.025157	0.006289
1280	chr1	10842242	10842267	/home/rstudio/disco_tmp/data/scoring/acc_maf_ingroup/25/chr1/chr1_25_acc_10842242_10842267.maf	25	25	0	2	0	0.08	0.056569	0	0.08	0.056569	chr1:10842242-10842267	0.08	0.141389	0.179863	0.228783	TRUE	2	2	3	2 2	3 0	chr1	10842218	10842369	152	*	2	1	0.013158	0.006579
1280	chr1	10842217	10842267	/home/rstudio/disco_tmp/data/scoring/acc_maf_ingroup/50/chr1/chr1_50_acc_10842217_10842267.maf	50	53	3	2	0.018868	0.09434	0.053367	0.018868	0.09434	0.053367	chr1:10842217-10842267	0.037736	0.132908	0.079172	0.154702	TRUE	2	2	3	2 2	3 0	chr1	10842218	10842369	152	*	2	1	0.013158	0.006579
128049	chr5	38404070	38404120	/home/rstudio/disco_tmp/data/scoring/acc_maf_ingroup/50/chr5/chr5_50_acc_38404070_38404120.maf	50	50	0	5	0.02	0.12	0.070711	0.02	0.12	0.070711	chr5:38404070-38404120	0.1	0.178845	0.227512	0.289391	TRUE	1	5	0	5	0	chr5	38404021	38404158	138	*	5	1	0.036232	0.007246
128324	chr5	39511082	39511107	/home/rstudio/disco_tmp/data/scoring/acc_maf_ingroup/25/chr5/chr5_25_acc_39511082_39511107.maf	25	25	0	3	0.04	0.2	0.113137	0.04	0.2	0.113137	chr5:39511082-39511107	0.12	0.291214	0.275161	0.400648	TRUE	1	3	0	3	0	chr5	39511083	39511189	107	*	3	1	0.028037	0.009346
128569	chr5	40757244	40757269	/home/rstudio/disco_tmp/data/scoring/acc_maf_ingroup/25/chr5/chr5_25_acc_40757244_40757269.maf	25	25	0	3	0	0.12	0.084853	0	0.12	0.084853	chr5:40757244-40757269	0.12	0.216301	0.275161	0.35	TRUE	1	3	0	3	0	chr5	40756920	40757391	472	*	3	1	0.006356	0.002119
129019	chr5	44331738	44331763	/home/rstudio/disco_tmp/data/scoring/acc_maf_ingroup/25/chr5/chr5_25_acc_44331738_44331763.maf	25	25	0	1	0	0.08	0.056569	0	0.08	0.056569	chr5:44331738-44331763	0.04	0.141389	0.084566	0.164749	TRUE	3	2	0	1 2 1	0 0 0	chr5	44331689	44331902	214	*	4	3	0.018692	0.014019
129019	chr5	44331763	44331788	/home/rstudio/disco_tmp/data/scoring/acc_maf_ingroup/25/chr5/chr5_25_acc_44331763_44331788.maf	25	25	0	1	0	0.04	0.028284	0	0.04	0.028284	chr5:44331763-44331788	0.04	0.066476	0.084566	0.107566	TRUE	3	2	0	1 2 1	0 0 0	chr5	44331689	44331902	214	*	4	3	0.018692	0.014019
129019	chr5	44331738	44331788	/home/rstudio/disco_tmp/data/scoring/acc_maf_ingroup/50/chr5/chr5_50_acc_44331738_44331788.maf	50	50	0	2	0	0.06	0.042426	0	0.06	0.042426	chr5:44331738-44331788	0.04	0.103933	0.084566	0.13399	TRUE	3	2	0	1 2 1	0 0 0	chr5	44331689	44331902	214	*	4	3	0.018692	0.014019
129191	chr5	45246666	45246716	/home/rstudio/disco_tmp/data/scoring/acc_maf_ingroup/50/chr5/chr5_50_acc_45246666_45246716.maf	50	50	0	2	0.02	0.1	0.056569	0.02	0.1	0.056569	chr5:45246666-45246716	0.04	0.141389	0.084566	0.164749	TRUE	1	2	0	2	0	chr5	45246367	45246781	415	*	2	1	0.004819	0.00241
129365	chr5	46022749	46022774	/home/rstudio/disco_tmp/data/scoring/acc_maf_ingroup/25/chr5/chr5_25_acc_46022749_46022774.maf	25	25	0	1	0	0.04	0.028284	0	0.04	0.028284	chr5:46022749-46022774	0.04	0.066476	0.084566	0.107566	TRUE	1	1	0	1	0	chr5	46022650	46022818	169	*	1	1	0.005917	0.005917
129366	chr5	46025449	46025499	/home/rstudio/disco_tmp/data/scoring/acc_maf_ingroup/50/chr5/chr5_50_acc_46025449_46025499.maf	50	50	0	1	0.04	0.06	0.014142	0.04	0.06	0.014142	chr5:46025449-46025499	0.02	0.02902	0.036917	0.046958	TRUE	2	1	0	1 1	0 0	chr5	46025450	46025729	280	*	2	2	0.007143	0.007143
129366	chr5	46025474	46025499	/home/rstudio/disco_tmp/data/scoring/acc_maf_ingroup/25/chr5/chr5_25_acc_46025474_46025499.maf	25	25	0	1	0.04	0.08	0.028284	0.04	0.08	0.028284	chr5:46025474-46025499	0.04	0.066476	0.084566	0.107566	TRUE	2	1	0	1 1	0 0	chr5	46025450	46025729	280	*	2	2	0.007143	0.007143
129367	chr5	46027626	46027676	/home/rstudio/disco_tmp/data/scoring/acc_maf_ingroup/50/chr5/chr5_50_acc_46027626_46027676.maf	50	50	0	1	0.06	0.08	0.014142	0.06	0.08	0.014142	chr5:46027626-46027676	0.02	0.02902	0.036917	0.046958	TRUE	1	1	0	1	0	chr5	46027527	46027802	276	*	1	1	0.003623	0.003623
129489	chr5	46688526	46688576	/home/rstudio/disco_tmp/data/scoring/acc_maf_ingroup/50/chr5/chr5_50_acc_46688526_46688576.maf	50	50	0	1	0	0.02	0.014142	0	0.02	0.014142	chr5:46688526-46688576	0.02	0.02902	0.036917	0.046958	TRUE	1	1	0	1	0	chr5	46688477	46688717	241	*	1	1	0.004149	0.004149
129494	chr5	46698284	46698309	/home/rstudio/disco_tmp/data/scoring/acc_maf_ingroup/25/chr5/chr5_25_acc_46698284_46698309.maf	25	25	0	1	0	0.08	0.056569	0	0.08	0.056569	chr5:46698284-46698309	0.04	0.141389	0.084566	0.164749	TRUE	1	1	0	1	0	chr5	46698210	46698336	127	*	1	1	0.007874	0.007874
130025	chr5	48148003	48148028	/home/rstudio/disco_tmp/data/scoring/acc_maf_ingroup/25/chr5/chr5_25_acc_48148003_48148028.maf	25	25	0	1	0	0.04	0.028284	0	0.04	0.028284	chr5:48148003-48148028	0.04	0.066476	0.084566	0.107566	TRUE	4	3	11	1 1 1 1	11 0 0 0	chr5	48147937	48148179	243	*	3	3	0.012346	0.012346
130025	chr5	48148003	48148053	/home/rstudio/disco_tmp/data/scoring/acc_maf_ingroup/50/chr5/chr5_50_acc_48148003_48148053.maf	50	50	0	1	0	0.02	0.014142	0	0.02	0.014142	chr5:48148003-48148053	0.02	0.02902	0.036917	0.046958	TRUE	4	3	11	1 1 1 1	11 0 0 0	chr5	48147937	48148179	243	*	3	3	0.012346	0.012346
130025	chr5	48148053	48148103	/home/rstudio/disco_tmp/data/scoring/acc_maf_ingroup/50/chr5/chr5_50_acc_48148053_48148103.maf	50	50	0	1	0	0.04	0.028284	0	0.04	0.028284	chr5:48148053-48148103	0.02	0.066476	0.036917	0.076039	TRUE	4	3	11	1 1 1 1	11 0 0 0	chr5	48147937	48148179	243	*	3	3	0.012346	0.012346
130025	chr5	48147936	48147986	/home/rstudio/disco_tmp/data/scoring/acc_maf_ingroup/50/chr5/chr5_50_acc_48147936_48147986.maf	50	61	11	1	0	0.065574	0.046368	0	0.065574	0.046368	chr5:48147936-48147986	0.016393	0.114371	0.028325	0.117826	TRUE	4	3	11	1 1 1 1	11 0 0 0	chr5	48147937	48148179	243	*	3	3	0.012346	0.012346
130105	chr5	48610954	48610979	/home/rstudio/disco_tmp/data/scoring/acc_maf_ingroup/25/chr5/chr5_25_acc_48610954_48610979.maf	25	25	0	1	0.04	0.08	0.028284	0.04	0.08	0.028284	chr5:48610954-48610979	0.04	0.066476	0.084566	0.107566	TRUE	1	1	0	1	0	chr5	48610804	48610986	183	*	1	1	0.005464	0.005464
130115	chr5	48721838	48721863	/home/rstudio/disco_tmp/data/scoring/acc_maf_ingroup/25/chr5/chr5_25_acc_48721838_48721863.maf	25	25	0	1	0.04	0.12	0.056569	0.04	0.12	0.056569	chr5:48721838-48721863	0.04	0.141389	0.084566	0.164749	TRUE	1	1	0	1	0	chr5	48721709	48722888	1180	*	1	1	0.000847	0.000847
130207	chr5	49605564	49605589	/home/rstudio/disco_tmp/data/scoring/acc_maf_ingroup/25/chr5/chr5_25_acc_49605564_49605589.maf	25	25	0	1	0	0.04	0.028284	0	0.04	0.028284	chr5:49605564-49605589	0.04	0.066476	0.084566	0.107566	TRUE	1	1	0	1	0	chr5	49605540	49605654	115	*	1	1	0.008696	0.008696
131124	chr5	54168703	54168753	/home/rstudio/disco_tmp/data/scoring/acc_maf_ingroup/50/chr5/chr5_50_acc_54168703_54168753.maf	50	50	0	1	0	0.08	0.056569	0	0.08	0.056569	chr5:54168703-54168753	0.02	0.141389	0.036917	0.146129	TRUE	2	4	0	3 1	0 0	chr5	54168654	54168781	128	*	4	2	0.03125	0.015625
131124	chr5	54168653	54168678	/home/rstudio/disco_tmp/data/scoring/acc_maf_ingroup/25/chr5/chr5_25_acc_54168653_54168678.maf	25	25	0	3	0	0.12	0.084853	0	0.12	0.084853	chr5:54168653-54168678	0.12	0.216301	0.275161	0.35	TRUE	2	4	0	3 1	0 0	chr5	54168654	54168781	128	*	4	2	0.03125	0.015625
13118	chr1	93080734	93080759	/home/rstudio/disco_tmp/data/scoring/acc_maf_ingroup/25/chr1/chr1_25_acc_93080734_93080759.maf	25	25	0	1	0	0.08	0.056569	0	0.08	0.056569	chr1:93080734-93080759	0.04	0.141389	0.084566	0.164749	TRUE	3	7	6	1 3 3	0 0 6	chr1	93080610	93080962	353	*	4	2	0.011331	0.005666
13118	chr1	93080857	93080907	/home/rstudio/disco_tmp/data/scoring/acc_maf_ingroup/50/chr1/chr1_50_acc_93080857_93080907.maf	50	50	0	3	0.04	0.12	0.056569	0.04	0.12	0.056569	chr1:93080857-93080907	0.06	0.141389	0.132215	0.193576	TRUE	3	7	6	1 3 3	0 0 6	chr1	93080610	93080962	353	*	4	2	0.011331	0.005666
13118	chr1	93080907	93080957	/home/rstudio/disco_tmp/data/scoring/acc_maf_ingroup/50/chr1/chr1_50_acc_93080907_93080957.maf	50	56	6	3	0.017857	0.107143	0.063135	0.017857	0.107143	0.063135	chr1:93080907-93080957	0.053571	0.158779	0.116899	0.19717	TRUE	3	7	6	1 3 3	0 0 6	chr1	93080610	93080962	353	*	4	2	0.011331	0.005666
1312	chr1	11285297	11285322	/home/rstudio/disco_tmp/data/scoring/acc_maf_ingroup/25/chr1/chr1_25_acc_11285297_11285322.maf	25	25	0	4	0	0.16	0.113137	0	0.16	0.113137	chr1:11285297-11285322	0.16	0.291214	0.370459	0.471216	TRUE	1	4	0	4	0	chr1	11285215	11285368	154	*	4	1	0.025974	0.006494
13120	chr1	93084572	93084622	/home/rstudio/disco_tmp/data/scoring/acc_maf_ingroup/50/chr1/chr1_50_acc_93084572_93084622.maf	50	56	6	1	0	0.053571	0.037881	0	0.053571	0.037881	chr1:93084572-93084622	0.017857	0.091893	0.031812	0.097244	TRUE	3	2	6	1 1 1	6 0 0	chr1	93084523	93084715	193	*	2	2	0.010363	0.010363
13120	chr1	93084622	93084672	/home/rstudio/disco_tmp/data/scoring/acc_maf_ingroup/50/chr1/chr1_50_acc_93084622_93084672.maf	50	50	0	1	0	0.04	0.028284	0	0.04	0.028284	chr1:93084622-93084672	0.02	0.066476	0.036917	0.076039	TRUE	3	2	6	1 1 1	6 0 0	chr1	93084523	93084715	193	*	2	2	0.010363	0.010363
13120	chr1	93084647	93084672	/home/rstudio/disco_tmp/data/scoring/acc_maf_ingroup/25/chr1/chr1_25_acc_93084647_93084672.maf	25	25	0	1	0	0.04	0.028284	0	0.04	0.028284	chr1:93084647-93084672	0.04	0.066476	0.084566	0.107566	TRUE	3	2	6	1 1 1	6 0 0	chr1	93084523	93084715	193	*	2	2	0.010363	0.010363
13125	chr1	93104270	93104320	/home/rstudio/disco_tmp/data/scoring/acc_maf_ingroup/50/chr1/chr1_50_acc_93104270_93104320.maf	50	50	0	2	0.04	0.06	0.014142	0.04	0.06	0.014142	chr1:93104270-93104320	0.04	0.02902	0.084566	0.089407	TRUE	1	2	0	2	0	chr1	93104264	93104413	150	*	2	1	0.013333	0.006667
131648	chr5	57851930	57851980	/home/rstudio/disco_tmp/data/scoring/acc_maf_ingroup/50/chr5/chr5_50_acc_57851930_57851980.maf	50	50	0	1	0.06	0.1	0.028284	0.06	0.1	0.028284	chr5:57851930-57851980	0.02	0.066476	0.036917	0.076039	TRUE	1	1	0	1	0	chr5	57851567	57852110	544	*	1	1	0.001838	0.001838
131816	chr5	58714806	58714856	/home/rstudio/disco_tmp/data/scoring/acc_maf_ingroup/50/chr5/chr5_50_acc_58714806_58714856.maf	50	50	0	2	0.02	0.06	0.028284	0.02	0.06	0.028284	chr5:58714806-58714856	0.04	0.066476	0.084566	0.107566	TRUE	2	3	0	2 1	0 0	chr5	58714785	58715417	633	*	3	2	0.004739	0.00316
131816	chr5	58714956	58715006	/home/rstudio/disco_tmp/data/scoring/acc_maf_ingroup/50/chr5/chr5_50_acc_58714956_58715006.maf	50	50	0	1	0.04	0.06	0.014142	0.04	0.06	0.014142	chr5:58714956-58715006	0.02	0.02902	0.036917	0.046958	TRUE	2	3	0	2 1	0 0	chr5	58714785	58715417	633	*	3	2	0.004739	0.00316
132024	chr6	2988909	2988959	/home/rstudio/disco_tmp/data/scoring/acc_maf_ingroup/50/chr6/chr6_50_acc_2988909_2988959.maf	50	50	0	1	0	0.06	0.042426	0	0.06	0.042426	chr6:2988909-2988959	0.02	0.103933	0.036917	0.110294	TRUE	1	1	0	1	0	chr6	2988910	2989064	155	*	1	1	0.006452	0.006452
132412	chr6	5939064	5939089	/home/rstudio/disco_tmp/data/scoring/acc_maf_ingroup/25/chr6/chr6_25_acc_5939064_5939089.maf	25	25	0	1	0	0.04	0.028284	0	0.04	0.028284	chr6:5939064-5939089	0.04	0.066476	0.084566	0.107566	TRUE	2	3	0	1 3	0 0	chr6	5939065	5939182	118	*	4	2	0.033898	0.016949
132412	chr6	5939064	5939114	/home/rstudio/disco_tmp/data/scoring/acc_maf_ingroup/50/chr6/chr6_50_acc_5939064_5939114.maf	50	50	0	3	0.02	0.06	0.028284	0.02	0.06	0.028284	chr6:5939064-5939114	0.06	0.066476	0.132215	0.147986	TRUE	2	3	0	1 3	0 0	chr6	5939065	5939182	118	*	4	2	0.033898	0.016949
132503	chr6	7572495	7572520	/home/rstudio/disco_tmp/data/scoring/acc_maf_ingroup/25/chr6/chr6_25_acc_7572495_7572520.maf	25	25	0	1	0	0.04	0.028284	0	0.04	0.028284	chr6:7572495-7572520	0.04	0.066476	0.084566	0.107566	TRUE	3	4	11	1 2 1	0 11 0	chr6	7570948	7572592	1645	*	2	2	0.001216	0.001216
132503	chr6	7572345	7572395	/home/rstudio/disco_tmp/data/scoring/acc_maf_ingroup/50/chr6/chr6_50_acc_7572345_7572395.maf	50	61	11	2	0.032787	0.081967	0.034776	0.032787	0.081967	0.034776	chr6:7572345-7572395	0.032787	0.083669	0.067381	0.107428	TRUE	3	4	11	1 2 1	0 11 0	chr6	7570948	7572592	1645	*	2	2	0.001216	0.001216
132503	chr6	7572195	7572220	/home/rstudio/disco_tmp/data/scoring/acc_maf_ingroup/25/chr6/chr6_25_acc_7572195_7572220.maf	25	25	0	1	0	0.04	0.028284	0	0.04	0.028284	chr6:7572195-7572220	0.04	0.066476	0.084566	0.107566	TRUE	3	4	11	1 2 1	0 11 0	chr6	7570948	7572592	1645	*	2	2	0.001216	0.001216
132504	chr6	7572953	7573003	/home/rstudio/disco_tmp/data/scoring/acc_maf_ingroup/50/chr6/chr6_50_acc_7572953_7573003.maf	50	56	6	1	0	0.017857	0.012627	0	0.017857	0.012627	chr6:7572953-7573003	0.017857	0.025007	0.031812	0.040464	TRUE	2	2	6	1 1	0 6	chr6	7572829	7573167	339	*	1	1	0.00295	0.00295
132504	chr6	7572928	7572953	/home/rstudio/disco_tmp/data/scoring/acc_maf_ingroup/25/chr6/chr6_25_acc_7572928_7572953.maf	25	25	0	1	0	0.12	0.084853	0	0.12	0.084853	chr6:7572928-7572953	0.04	0.216301	0.084566	0.232245	TRUE	2	2	6	1 1	0 6	chr6	7572829	7573167	339	*	1	1	0.00295	0.00295
132535	chr6	8562401	8562451	/home/rstudio/disco_tmp/data/scoring/acc_maf_ingroup/50/chr6/chr6_50_acc_8562401_8562451.maf	50	50	0	1	0.02	0.04	0.014142	0.02	0.04	0.014142	chr6:8562401-8562451	0.02	0.02902	0.036917	0.046958	TRUE	1	1	0	1	0	chr6	8562352	8562523	172	*	1	1	0.005814	0.005814
132544	chr6	8633857	8633882	/home/rstudio/disco_tmp/data/scoring/acc_maf_ingroup/25/chr6/chr6_25_acc_8633857_8633882.maf	25	25	0	1	0.04	0.12	0.056569	0.04	0.12	0.056569	chr6:8633857-8633882	0.04	0.141389	0.084566	0.164749	TRUE	4	4	78	1 1 2 1	0 5 6 72	chr6	8633736	8634677	942	*	1	1	0.001062	0.001062
132544	chr6	8634479	8634529	/home/rstudio/disco_tmp/data/scoring/acc_maf_ingroup/50/chr6/chr6_50_acc_8634479_8634529.maf	50	122	72	1	0.008197	0.016393	0.005796	0.008197	0.016393	0.005796	chr6:8634479-8634529	0.008197	0.006915	0.008796	0.011189	TRUE	4	4	78	1 1 2 1	0 5 6 72	chr6	8633736	8634677	942	*	1	1	0.001062	0.001062
132544	chr6	8634182	8634207	/home/rstudio/disco_tmp/data/scoring/acc_maf_ingroup/25/chr6/chr6_25_acc_8634182_8634207.maf	25	30	5	1	0	0.033333	0.02357	0	0.033333	0.02357	chr6:8634182-8634207	0.033333	0.053991	0.068683	0.087363	TRUE	4	4	78	1 1 2 1	0 5 6 72	chr6	8633736	8634677	942	*	1	1	0.001062	0.001062
132544	chr6	8634182	8634232	/home/rstudio/disco_tmp/data/scoring/acc_maf_ingroup/50/chr6/chr6_50_acc_8634182_8634232.maf	50	56	6	2	0	0.053571	0.037881	0	0.053571	0.037881	chr6:8634182-8634232	0.035714	0.091893	0.074355	0.118208	TRUE	4	4	78	1 1 2 1	0 5 6 72	chr6	8633736	8634677	942	*	1	1	0.001062	0.001062
132568	chr6	8671832	8671857	/home/rstudio/disco_tmp/data/scoring/acc_maf_ingroup/25/chr6/chr6_25_acc_8671832_8671857.maf	25	25	0	1	0	0.04	0.028284	0	0.04	0.028284	chr6:8671832-8671857	0.04	0.066476	0.084566	0.107566	TRUE	1	1	0	1	0	chr6	8671477	8672203	727	*	1	1	0.001376	0.001376
132608	chr6	8947189	8947239	/home/rstudio/disco_tmp/data/scoring/acc_maf_ingroup/50/chr6/chr6_50_acc_8947189_8947239.maf	50	50	0	1	0.08	0.1	0.014142	0.08	0.1	0.014142	chr6:8947189-8947239	0.02	0.02902	0.036917	0.046958	TRUE	1	1	0	1	0	chr6	8947140	8947411	272	*	1	1	0.003676	0.003676
132636	chr6	9000970	9000995	/home/rstudio/disco_tmp/data/scoring/acc_maf_ingroup/25/chr6/chr6_25_acc_9000970_9000995.maf	25	29	4	1	0.034483	0.068966	0.024383	0.034483	0.068966	0.024383	chr6:9000970-9000995	0.034483	0.056144	0.071421	0.090847	TRUE	3	4	6	2 1 1	2 0 4	chr6	9000790	9001081	292	*	1	1	0.003425	0.003425
132636	chr6	9000870	9000895	/home/rstudio/disco_tmp/data/scoring/acc_maf_ingroup/25/chr6/chr6_25_acc_9000870_9000895.maf	25	25	0	1	0	0.04	0.028284	0	0.04	0.028284	chr6:9000870-9000895	0.04	0.066476	0.084566	0.107566	TRUE	3	4	6	2 1 1	2 0 4	chr6	9000790	9001081	292	*	1	1	0.003425	0.003425
132636	chr6	9000820	9000870	/home/rstudio/disco_tmp/data/scoring/acc_maf_ingroup/50/chr6/chr6_50_acc_9000820_9000870.maf	50	52	2	2	0.019231	0.096154	0.054393	0.019231	0.096154	0.054393	chr6:9000820-9000870	0.038462	0.135626	0.080901	0.157922	TRUE	3	4	6	2 1 1	2 0 4	chr6	9000790	9001081	292	*	1	1	0.003425	0.003425
13274	chr1	93889958	93890008	/home/rstudio/disco_tmp/data/scoring/acc_maf_ingroup/50/chr1/chr1_50_acc_93889958_93890008.maf	50	57	7	3	0.017544	0.087719	0.049622	0.017544	0.087719	0.049622	chr1:93889958-93890008	0.052632	0.122989	0.11466	0.168146	TRUE	3	5	7	1 3 2	7 7 0	chr1	93889927	93890671	745	*	2	1	0.002685	0.001342
13274	chr1	93890108	93890158	/home/rstudio/disco_tmp/data/scoring/acc_maf_ingroup/50/chr1/chr1_50_acc_93890108_93890158.maf	50	50	0	2	0.06	0.08	0.014142	0.06	0.08	0.014142	chr1:93890108-93890158	0.04	0.02902	0.084566	0.089407	TRUE	3	5	7	1 3 2	7 7 0	chr1	93889927	93890671	745	*	2	1	0.002685	0.001342
13274	chr1	93889958	93889983	/home/rstudio/disco_tmp/data/scoring/acc_maf_ingroup/25/chr1/chr1_25_acc_93889958_93889983.maf	25	32	7	1	0.03125	0.09375	0.044194	0.03125	0.09375	0.044194	chr1:93889958-93889983	0.03125	0.108615	0.06372	0.125926	TRUE	3	5	7	1 3 2	7 7 0	chr1	93889927	93890671	745	*	2	1	0.002685	0.001342
132783	chr6	9725158	9725208	/home/rstudio/disco_tmp/data/scoring/acc_maf_ingroup/50/chr6/chr6_50_acc_9725158_9725208.maf	50	50	0	1	0	0.08	0.056569	0	0.08	0.056569	chr6:9725158-9725208	0.02	0.141389	0.036917	0.146129	TRUE	1	1	0	1	0	chr6	9725109	9725240	132	*	1	1	0.007576	0.007576
132791	chr6	9734066	9734116	/home/rstudio/disco_tmp/data/scoring/acc_maf_ingroup/50/chr6/chr6_50_acc_9734066_9734116.maf	50	86	36	2	0	0.034884	0.024667	0	0.034884	0.024667	chr6:9734066-9734116	0.023256	0.056895	0.044674	0.072338	TRUE	2	4	36	2 2	36 0	chr6	9733939	9736228	2290	*	2	1	0.000873	0.000437
132791	chr6	9734216	9734266	/home/rstudio/disco_tmp/data/scoring/acc_maf_ingroup/50/chr6/chr6_50_acc_9734216_9734266.maf	50	50	0	2	0	0.08	0.056569	0	0.08	0.056569	chr6:9734216-9734266	0.04	0.141389	0.084566	0.164749	TRUE	2	4	36	2 2	36 0	chr6	9733939	9736228	2290	*	2	1	0.000873	0.000437
132797	chr6	9740747	9740797	/home/rstudio/disco_tmp/data/scoring/acc_maf_ingroup/50/chr6/chr6_50_acc_9740747_9740797.maf	50	50	0	1	0	0.06	0.042426	0	0.06	0.042426	chr6:9740747-9740797	0.02	0.103933	0.036917	0.110294	TRUE	2	2	29	1 1	0 29	chr6	9739685	9741218	1534	*	1	1	0.000652	0.000652
132797	chr6	9740931	9740981	/home/rstudio/disco_tmp/data/scoring/acc_maf_ingroup/50/chr6/chr6_50_acc_9740931_9740981.maf	50	79	29	1	0	0.037975	0.026852	0	0.037975	0.026852	chr6:9740931-9740981	0.012658	0.062683	0.019426	0.065624	TRUE	2	2	29	1 1	0 29	chr6	9739685	9741218	1534	*	1	1	0.000652	0.000652
132801	chr6	9743199	9743249	/home/rstudio/disco_tmp/data/scoring/acc_maf_ingroup/50/chr6/chr6_50_acc_9743199_9743249.maf	50	50	0	1	0	0.02	0.014142	0	0.02	0.014142	chr6:9743199-9743249	0.02	0.02902	0.036917	0.046958	TRUE	1	1	0	1	0	chr6	9743200	9743345	146	*	1	1	0.006849	0.006849
132817	chr6	9810606	9810656	/home/rstudio/disco_tmp/data/scoring/acc_maf_ingroup/50/chr6/chr6_50_acc_9810606_9810656.maf	50	50	0	2	0	0.1	0.070711	0	0.1	0.070711	chr6:9810606-9810656	0.04	0.178845	0.084566	0.19783	TRUE	1	2	0	2	0	chr6	9810538	9810669	132	*	2	1	0.015152	0.007576
133669	chr6	14519635	14519685	/home/rstudio/disco_tmp/data/scoring/acc_maf_ingroup/50/chr6/chr6_50_acc_14519635_14519685.maf	50	50	0	2	0	0.08	0.056569	0	0.08	0.056569	chr6:14519635-14519685	0.04	0.141389	0.084566	0.164749	TRUE	1	2	0	2	0	chr6	14519586	14519700	115	*	2	1	0.017391	0.008696
1339	chr1	11535159	11535184	/home/rstudio/disco_tmp/data/scoring/acc_maf_ingroup/25/chr1/chr1_25_acc_11535159_11535184.maf	25	25	0	2	0	0.12	0.084853	0	0.12	0.084853	chr1:11535159-11535184	0.08	0.216301	0.179863	0.281313	TRUE	2	2	0	2 2	0 0	chr1	11535085	11535240	156	*	4	2	0.025641	0.012821
1339	chr1	11535134	11535184	/home/rstudio/disco_tmp/data/scoring/acc_maf_ingroup/50/chr1/chr1_50_acc_11535134_11535184.maf	50	50	0	2	0	0.06	0.042426	0	0.06	0.042426	chr1:11535134-11535184	0.04	0.103933	0.084566	0.13399	TRUE	2	2	0	2 2	0 0	chr1	11535085	11535240	156	*	4	2	0.025641	0.012821
134511	chr6	17956635	17956685	/home/rstudio/disco_tmp/data/scoring/acc_maf_ingroup/50/chr6/chr6_50_acc_17956635_17956685.maf	50	50	0	2	0.02	0.06	0.028284	0.02	0.06	0.028284	chr6:17956635-17956685	0.04	0.066476	0.084566	0.107566	TRUE	1	2	0	2	0	chr6	17956586	17956766	181	*	2	1	0.01105	0.005525
134668	chr6	18507527	18507552	/home/rstudio/disco_tmp/data/scoring/acc_maf_ingroup/25/chr6/chr6_25_acc_18507527_18507552.maf	25	25	0	1	0.04	0.12	0.056569	0.04	0.12	0.056569	chr6:18507527-18507552	0.04	0.141389	0.084566	0.164749	TRUE	1	1	0	1	0	chr6	18507435	18507679	245	*	1	1	0.004082	0.004082
134811	chr6	19860148	19860198	/home/rstudio/disco_tmp/data/scoring/acc_maf_ingroup/50/chr6/chr6_50_acc_19860148_19860198.maf	50	50	0	5	0.04	0.16	0.084853	0.04	0.16	0.084853	chr6:19860148-19860198	0.1	0.216301	0.227512	0.313924	TRUE	1	5	0	5	0	chr6	19860099	19860227	129	*	5	1	0.03876	0.007752
134831	chr6	20066573	20066623	/home/rstudio/disco_tmp/data/scoring/acc_maf_ingroup/50/chr6/chr6_50_acc_20066573_20066623.maf	50	50	0	3	0.02	0.16	0.098995	0.02	0.16	0.098995	chr6:20066573-20066623	0.06	0.253757	0.132215	0.286135	TRUE	1	3	0	3	0	chr6	20066540	20066708	169	*	3	1	0.017751	0.005917
134875	chr6	20561692	20561717	/home/rstudio/disco_tmp/data/scoring/acc_maf_ingroup/25/chr6/chr6_25_acc_20561692_20561717.maf	25	25	0	3	0.04	0.16	0.084853	0.04	0.16	0.084853	chr6:20561692-20561717	0.12	0.216301	0.275161	0.35	TRUE	1	3	0	3	0	chr6	20561643	20561747	105	*	3	1	0.028571	0.009524
134880	chr6	20575210	20575235	/home/rstudio/disco_tmp/data/scoring/acc_maf_ingroup/25/chr6/chr6_25_acc_20575210_20575235.maf	25	25	0	2	0	0.08	0.056569	0	0.08	0.056569	chr6:20575210-20575235	0.08	0.141389	0.179863	0.228783	TRUE	1	2	0	2	0	chr6	20575150	20575825	676	*	2	1	0.002959	0.001479
134990	chr6	21260667	21260692	/home/rstudio/disco_tmp/data/scoring/acc_maf_ingroup/25/chr6/chr6_25_acc_21260667_21260692.maf	25	25	0	3	0	0.12	0.084853	0	0.12	0.084853	chr6:21260667-21260692	0.12	0.216301	0.275161	0.35	TRUE	3	5	0	3 1 1	0 0 0	chr6	21260186	21261429	1244	*	5	3	0.004019	0.002412
134990	chr6	21260767	21260792	/home/rstudio/disco_tmp/data/scoring/acc_maf_ingroup/25/chr6/chr6_25_acc_21260767_21260792.maf	25	25	0	1	0	0.04	0.028284	0	0.04	0.028284	chr6:21260767-21260792	0.04	0.066476	0.084566	0.107566	TRUE	3	5	0	3 1 1	0 0 0	chr6	21260186	21261429	1244	*	5	3	0.004019	0.002412
134990	chr6	21261194	21261244	/home/rstudio/disco_tmp/data/scoring/acc_maf_ingroup/50/chr6/chr6_50_acc_21261194_21261244.maf	50	50	0	1	0	0.06	0.042426	0	0.06	0.042426	chr6:21261194-21261244	0.02	0.103933	0.036917	0.110294	TRUE	3	5	0	3 1 1	0 0 0	chr6	21260186	21261429	1244	*	5	3	0.004019	0.002412
135157	chr6	21787481	21787506	/home/rstudio/disco_tmp/data/scoring/acc_maf_ingroup/25/chr6/chr6_25_acc_21787481_21787506.maf	25	25	0	2	0.04	0.16	0.084853	0.04	0.16	0.084853	chr6:21787481-21787506	0.08	0.216301	0.179863	0.281313	TRUE	1	2	0	2	0	chr6	21787482	21787676	195	*	2	1	0.010256	0.005128
135419	chr6	23101971	23101996	/home/rstudio/disco_tmp/data/scoring/acc_maf_ingroup/25/chr6/chr6_25_acc_23101971_23101996.maf	25	25	0	2	0	0.16	0.113137	0	0.16	0.113137	chr6:23101971-23101996	0.08	0.291214	0.179863	0.342281	TRUE	2	5	0	5 2	0 0	chr6	23101847	23102006	160	*	7	2	0.04375	0.0125
135419	chr6	23101946	23101996	/home/rstudio/disco_tmp/data/scoring/acc_maf_ingroup/50/chr6/chr6_50_acc_23101946_23101996.maf	50	50	0	5	0	0.14	0.098995	0	0.14	0.098995	chr6:23101946-23101996	0.1	0.253757	0.227512	0.340815	TRUE	2	5	0	5 2	0 0	chr6	23101847	23102006	160	*	7	2	0.04375	0.0125
135529	chr6	23486848	23486873	/home/rstudio/disco_tmp/data/scoring/acc_maf_ingroup/25/chr6/chr6_25_acc_23486848_23486873.maf	25	25	0	1	0	0.04	0.028284	0	0.04	0.028284	chr6:23486848-23486873	0.04	0.066476	0.084566	0.107566	TRUE	1	1	0	1	0	chr6	23486770	23486884	115	*	1	1	0.008696	0.008696
135532	chr6	23488150	23488200	/home/rstudio/disco_tmp/data/scoring/acc_maf_ingroup/50/chr6/chr6_50_acc_23488150_23488200.maf	50	50	0	2	0.02	0.14	0.084853	0.02	0.14	0.084853	chr6:23488150-23488200	0.04	0.216301	0.084566	0.232245	TRUE	1	2	0	2	0	chr6	23488101	23488232	132	*	2	1	0.015152	0.007576
135832	chr6	24472529	24472554	/home/rstudio/disco_tmp/data/scoring/acc_maf_ingroup/25/chr6/chr6_25_acc_24472529_24472554.maf	25	25	0	1	0	0.12	0.084853	0	0.12	0.084853	chr6:24472529-24472554	0.04	0.216301	0.084566	0.232245	TRUE	1	1	0	1	0	chr6	24472505	24472690	186	*	1	1	0.005376	0.005376
135847	chr6	24556274	24556324	/home/rstudio/disco_tmp/data/scoring/acc_maf_ingroup/50/chr6/chr6_50_acc_24556274_24556324.maf	50	50	0	1	0	0.06	0.042426	0	0.06	0.042426	chr6:24556274-24556324	0.02	0.103933	0.036917	0.110294	TRUE	1	1	0	1	0	chr6	24556225	24556360	136	*	1	1	0.007353	0.007353
136481	chr6	28153218	28153243	/home/rstudio/disco_tmp/data/scoring/acc_maf_ingroup/25/chr6/chr6_25_acc_28153218_28153243.maf	25	25	0	1	0	0.04	0.028284	0	0.04	0.028284	chr6:28153218-28153243	0.04	0.066476	0.084566	0.107566	TRUE	1	1	0	1	0	chr6	28153219	28153371	153	*	1	1	0.006536	0.006536
136487	chr6	28163001	28163051	/home/rstudio/disco_tmp/data/scoring/acc_maf_ingroup/50/chr6/chr6_50_acc_28163001_28163051.maf	50	50	0	2	0.02	0.08	0.042426	0.02	0.08	0.042426	chr6:28163001-28163051	0.04	0.103933	0.084566	0.13399	TRUE	1	2	0	2	0	chr6	28162902	28163073	172	*	2	1	0.011628	0.005814
136909	chr6	30035460	30035510	/home/rstudio/disco_tmp/data/scoring/acc_maf_ingroup/50/chr6/chr6_50_acc_30035460_30035510.maf	50	50	0	4	0.04	0.1	0.042426	0.04	0.1	0.042426	chr6:30035460-30035510	0.08	0.103933	0.179863	0.207733	TRUE	1	4	0	4	0	chr6	30035411	30035601	191	*	4	1	0.020942	0.005236
137341	chr6	31892179	31892229	/home/rstudio/disco_tmp/data/scoring/acc_maf_ingroup/50/chr6/chr6_50_acc_31892179_31892229.maf	50	50	0	1	0.08	0.12	0.028284	0.08	0.12	0.028284	chr6:31892179-31892229	0.02	0.066476	0.036917	0.076039	TRUE	1	1	0	1	0	chr6	31892121	31892475	355	*	1	1	0.002817	0.002817
1381	chr1	12440575	12440625	/home/rstudio/disco_tmp/data/scoring/acc_maf_ingroup/50/chr1/chr1_50_acc_12440575_12440625.maf	50	50	0	1	0	0.04	0.028284	0	0.04	0.028284	chr1:12440575-12440625	0.02	0.066476	0.036917	0.076039	TRUE	2	2	18	1 1	0 18	chr1	12440521	12441220	700	*	1	1	0.001429	0.001429
1381	chr1	12440825	12440850	/home/rstudio/disco_tmp/data/scoring/acc_maf_ingroup/25/chr1/chr1_25_acc_12440825_12440850.maf	25	43	18	1	0	0.046512	0.032889	0	0.046512	0.032889	chr1:12440825-12440850	0.023256	0.078671	0.044674	0.090471	TRUE	2	2	18	1 1	0 18	chr1	12440521	12441220	700	*	1	1	0.001429	0.001429
138415	chr7	254830	254880	/home/rstudio/disco_tmp/data/scoring/acc_maf_ingroup/50/chr7/chr7_50_acc_254830_254880.maf	50	50	0	1	0.02	0.1	0.056569	0.02	0.1	0.056569	chr7:254830-254880	0.02	0.141389	0.036917	0.146129	TRUE	2	3	0	1 2	0 0	chr7	254781	255191	411	*	3	2	0.007299	0.004866
138415	chr7	254880	254930	/home/rstudio/disco_tmp/data/scoring/acc_maf_ingroup/50/chr7/chr7_50_acc_254880_254930.maf	50	50	0	2	0.02	0.12	0.070711	0.02	0.12	0.070711	chr7:254880-254930	0.04	0.178845	0.084566	0.19783	TRUE	2	3	0	1 2	0 0	chr7	254781	255191	411	*	3	2	0.007299	0.004866
138910	chr7	3672744	3672794	/home/rstudio/disco_tmp/data/scoring/acc_maf_ingroup/50/chr7/chr7_50_acc_3672744_3672794.maf	50	50	0	1	0.04	0.06	0.014142	0.04	0.06	0.014142	chr7:3672744-3672794	0.02	0.02902	0.036917	0.046958	TRUE	1	1	0	1	0	chr7	3672645	3672795	151	*	1	1	0.006623	0.006623
138922	chr7	3760228	3760278	/home/rstudio/disco_tmp/data/scoring/acc_maf_ingroup/50/chr7/chr7_50_acc_3760228_3760278.maf	50	50	0	2	0.04	0.14	0.070711	0.04	0.14	0.070711	chr7:3760228-3760278	0.04	0.178845	0.084566	0.19783	TRUE	1	2	0	2	0	chr7	3760229	3760345	117	*	2	1	0.017094	0.008547
1391	chr1	12508866	12508916	/home/rstudio/disco_tmp/data/scoring/acc_maf_ingroup/50/chr1/chr1_50_acc_12508866_12508916.maf	50	50	0	1	0.02	0.04	0.014142	0.02	0.04	0.014142	chr1:12508866-12508916	0.02	0.02902	0.036917	0.046958	TRUE	1	1	0	1	0	chr1	12508817	12509013	197	*	1	1	0.005076	0.005076
139301	chr7	6252369	6252419	/home/rstudio/disco_tmp/data/scoring/acc_maf_ingroup/50/chr7/chr7_50_acc_6252369_6252419.maf	50	50	0	2	0.04	0.1	0.042426	0.04	0.1	0.042426	chr7:6252369-6252419	0.04	0.103933	0.084566	0.13399	TRUE	1	2	0	2	0	chr7	6252370	6252496	127	*	2	1	0.015748	0.007874
139452	chr7	7325108	7325158	/home/rstudio/disco_tmp/data/scoring/acc_maf_ingroup/50/chr7/chr7_50_acc_7325108_7325158.maf	50	50	0	2	0.02	0.08	0.042426	0.02	0.08	0.042426	chr7:7325108-7325158	0.04	0.103933	0.084566	0.13399	TRUE	1	2	0	2	0	chr7	7324952	7325168	217	*	2	1	0.009217	0.004608
1397	chr1	12535147	12535197	/home/rstudio/disco_tmp/data/scoring/acc_maf_ingroup/50/chr1/chr1_50_acc_12535147_12535197.maf	50	50	0	1	0	0.04	0.028284	0	0.04	0.028284	chr1:12535147-12535197	0.02	0.066476	0.036917	0.076039	TRUE	1	1	0	1	0	chr1	12535065	12535270	206	*	1	1	0.004854	0.004854
139761	chr7	10057823	10057848	/home/rstudio/disco_tmp/data/scoring/acc_maf_ingroup/25/chr7/chr7_25_acc_10057823_10057848.maf	25	25	0	1	0	0.04	0.028284	0	0.04	0.028284	chr7:10057823-10057848	0.04	0.066476	0.084566	0.107566	TRUE	1	1	0	1	0	chr7	10057738	10057868	131	*	1	1	0.007634	0.007634
140009	chr7	11292962	11292987	/home/rstudio/disco_tmp/data/scoring/acc_maf_ingroup/25/chr7/chr7_25_acc_11292962_11292987.maf	25	25	0	1	0	0.04	0.028284	0	0.04	0.028284	chr7:11292962-11292987	0.04	0.066476	0.084566	0.107566	TRUE	1	1	0	1	0	chr7	11292863	11293011	149	*	1	1	0.006711	0.006711
140736	chr7	14571114	14571164	/home/rstudio/disco_tmp/data/scoring/acc_maf_ingroup/50/chr7/chr7_50_acc_14571114_14571164.maf	50	50	0	1	0.02	0.1	0.056569	0.02	0.1	0.056569	chr7:14571114-14571164	0.02	0.141389	0.036917	0.146129	TRUE	1	1	0	1	0	chr7	14571065	14571316	252	*	1	1	0.003968	0.003968
141300	chr7	16276798	16276848	/home/rstudio/disco_tmp/data/scoring/acc_maf_ingroup/50/chr7/chr7_50_acc_16276798_16276848.maf	50	50	0	2	0.02	0.04	0.014142	0.02	0.04	0.014142	chr7:16276798-16276848	0.04	0.02902	0.084566	0.089407	TRUE	3	8	1	2 2 4	1 0 0	chr7	16276511	16276915	405	*	6	2	0.014815	0.004938
141300	chr7	16276748	16276798	/home/rstudio/disco_tmp/data/scoring/acc_maf_ingroup/50/chr7/chr7_50_acc_16276748_16276798.maf	50	51	1	2	0.039216	0.078431	0.02773	0.039216	0.078431	0.02773	chr7:16276748-16276798	0.039216	0.065007	0.082697	0.105189	TRUE	3	8	1	2 2 4	1 0 0	chr7	16276511	16276915	405	*	6	2	0.014815	0.004938
141300	chr7	16276848	16276898	/home/rstudio/disco_tmp/data/scoring/acc_maf_ingroup/50/chr7/chr7_50_acc_16276848_16276898.maf	50	50	0	4	0.06	0.14	0.056569	0.06	0.14	0.056569	chr7:16276848-16276898	0.08	0.141389	0.179863	0.228783	TRUE	3	8	1	2 2 4	1 0 0	chr7	16276511	16276915	405	*	6	2	0.014815	0.004938
141304	chr7	16278937	16278962	/home/rstudio/disco_tmp/data/scoring/acc_maf_ingroup/25/chr7/chr7_25_acc_16278937_16278962.maf	25	25	0	1	0	0.04	0.028284	0	0.04	0.028284	chr7:16278937-16278962	0.04	0.066476	0.084566	0.107566	TRUE	1	1	0	1	0	chr7	16278888	16279083	196	*	1	1	0.005102	0.005102
141530	chr7	17094256	17094281	/home/rstudio/disco_tmp/data/scoring/acc_maf_ingroup/25/chr7/chr7_25_acc_17094256_17094281.maf	25	25	0	2	0	0.12	0.084853	0	0.12	0.084853	chr7:17094256-17094281	0.08	0.216301	0.179863	0.281313	TRUE	3	5	9	2 1 2	9 0 0	chr7	17092925	17094306	1382	*	3	2	0.002171	0.001447
141530	chr7	17093074	17093124	/home/rstudio/disco_tmp/data/scoring/acc_maf_ingroup/50/chr7/chr7_50_acc_17093074_17093124.maf	50	59	9	2	0	0.067797	0.047939	0	0.067797	0.047939	chr7:17093074-17093124	0.033898	0.118534	0.070029	0.137675	TRUE	3	5	9	2 1 2	9 0 0	chr7	17092925	17094306	1382	*	3	2	0.002171	0.001447
141530	chr7	17094181	17094206	/home/rstudio/disco_tmp/data/scoring/acc_maf_ingroup/25/chr7/chr7_25_acc_17094181_17094206.maf	25	25	0	1	0	0.08	0.056569	0	0.08	0.056569	chr7:17094181-17094206	0.04	0.141389	0.084566	0.164749	TRUE	3	5	9	2 1 2	9 0 0	chr7	17092925	17094306	1382	*	3	2	0.002171	0.001447
141657	chr7	17717060	17717085	/home/rstudio/disco_tmp/data/scoring/acc_maf_ingroup/25/chr7/chr7_25_acc_17717060_17717085.maf	25	25	0	1	0	0.04	0.028284	0	0.04	0.028284	chr7:17717060-17717085	0.04	0.066476	0.084566	0.107566	TRUE	1	1	0	1	0	chr7	17716958	17717190	233	*	1	1	0.004292	0.004292
141706	chr7	17902393	17902443	/home/rstudio/disco_tmp/data/scoring/acc_maf_ingroup/50/chr7/chr7_50_acc_17902393_17902443.maf	50	50	0	2	0.02	0.06	0.028284	0.02	0.06	0.028284	chr7:17902393-17902443	0.04	0.066476	0.084566	0.107566	TRUE	1	2	0	2	0	chr7	17901625	17902533	909	*	2	1	0.0022	0.0011
141732	chr7	17966265	17966315	/home/rstudio/disco_tmp/data/scoring/acc_maf_ingroup/50/chr7/chr7_50_acc_17966265_17966315.maf	50	50	0	1	0.02	0.06	0.028284	0.02	0.06	0.028284	chr7:17966265-17966315	0.02	0.066476	0.036917	0.076039	TRUE	1	1	0	1	0	chr7	17966166	17966326	161	*	1	1	0.006211	0.006211
1421	chr1	12627940	12627965	/home/rstudio/disco_tmp/data/scoring/acc_maf_ingroup/25/chr1/chr1_25_acc_12627940_12627965.maf	25	25	0	1	0.04	0.12	0.056569	0.04	0.12	0.056569	chr1:12627940-12627965	0.04	0.141389	0.084566	0.164749	TRUE	1	1	0	1	0	chr1	12627916	12628031	116	*	1	1	0.008621	0.008621
142206	chr7	19832351	19832376	/home/rstudio/disco_tmp/data/scoring/acc_maf_ingroup/25/chr7/chr7_25_acc_19832351_19832376.maf	25	25	0	1	0	0.04	0.028284	0	0.04	0.028284	chr7:19832351-19832376	0.04	0.066476	0.084566	0.107566	TRUE	1	1	0	1	0	chr7	19832327	19832515	189	*	1	1	0.005291	0.005291
142208	chr7	19835726	19835776	/home/rstudio/disco_tmp/data/scoring/acc_maf_ingroup/50/chr7/chr7_50_acc_19835726_19835776.maf	50	50	0	2	0.04	0.08	0.028284	0.04	0.08	0.028284	chr7:19835726-19835776	0.04	0.066476	0.084566	0.107566	TRUE	1	2	0	2	0	chr7	19835727	19835888	162	*	2	1	0.012346	0.006173
142226	chr7	19869705	19869755	/home/rstudio/disco_tmp/data/scoring/acc_maf_ingroup/50/chr7/chr7_50_acc_19869705_19869755.maf	50	50	0	1	0.04	0.08	0.028284	0.04	0.08	0.028284	chr7:19869705-19869755	0.02	0.066476	0.036917	0.076039	TRUE	2	2	0	1 1	0 0	chr7	19869656	19869813	158	*	2	2	0.012658	0.012658
142226	chr7	19869680	19869705	/home/rstudio/disco_tmp/data/scoring/acc_maf_ingroup/25/chr7/chr7_25_acc_19869680_19869705.maf	25	25	0	1	0	0.04	0.028284	0	0.04	0.028284	chr7:19869680-19869705	0.04	0.066476	0.084566	0.107566	TRUE	2	2	0	1 1	0 0	chr7	19869656	19869813	158	*	2	2	0.012658	0.012658
142556	chr7	21110851	21110901	/home/rstudio/disco_tmp/data/scoring/acc_maf_ingroup/50/chr7/chr7_50_acc_21110851_21110901.maf	50	50	0	3	0.02	0.14	0.084853	0.02	0.14	0.084853	chr7:21110851-21110901	0.06	0.216301	0.132215	0.253509	TRUE	1	3	0	3	0	chr7	21110818	21111026	209	*	3	1	0.014354	0.004785
142627	chr7	21397813	21397838	/home/rstudio/disco_tmp/data/scoring/acc_maf_ingroup/25/chr7/chr7_25_acc_21397813_21397838.maf	25	25	0	1	0	0.04	0.028284	0	0.04	0.028284	chr7:21397813-21397838	0.04	0.066476	0.084566	0.107566	TRUE	2	2	1	2 1	1 0	chr7	21397739	21397913	175	*	1	1	0.005714	0.005714
142627	chr7	21397788	21397838	/home/rstudio/disco_tmp/data/scoring/acc_maf_ingroup/50/chr7/chr7_50_acc_21397788_21397838.maf	50	51	1	2	0.039216	0.098039	0.041595	0.039216	0.098039	0.041595	chr7:21397788-21397838	0.039216	0.101729	0.082697	0.131102	TRUE	2	2	1	2 1	1 0	chr7	21397739	21397913	175	*	1	1	0.005714	0.005714
142684	chr7	21703064	21703089	/home/rstudio/disco_tmp/data/scoring/acc_maf_ingroup/25/chr7/chr7_25_acc_21703064_21703089.maf	25	25	0	2	0.04	0.16	0.084853	0.04	0.16	0.084853	chr7:21703064-21703089	0.08	0.216301	0.179863	0.281313	TRUE	3	3	29	1 1 2	29 11 0	chr7	21702940	21703129	190	*	2	1	0.010526	0.005263
142684	chr7	21703014	21703039	/home/rstudio/disco_tmp/data/scoring/acc_maf_ingroup/25/chr7/chr7_25_acc_21703014_21703039.maf	25	36	11	1	0	0.055556	0.039284	0	0.055556	0.039284	chr7:21703014-21703039	0.027778	0.095609	0.055447	0.110524	TRUE	3	3	29	1 1 2	29 11 0	chr7	21702940	21703129	190	*	2	1	0.010526	0.005263
142684	chr7	21702989	21703039	/home/rstudio/disco_tmp/data/scoring/acc_maf_ingroup/50/chr7/chr7_50_acc_21702989_21703039.maf	50	79	29	1	0.012658	0.037975	0.017901	0.012658	0.037975	0.017901	chr7:21702989-21703039	0.012658	0.038977	0.019426	0.043549	TRUE	3	3	29	1 1 2	29 11 0	chr7	21702940	21703129	190	*	2	1	0.010526	0.005263
142709	chr7	21846000	21846025	/home/rstudio/disco_tmp/data/scoring/acc_maf_ingroup/25/chr7/chr7_25_acc_21846000_21846025.maf	25	25	0	1	0.04	0.08	0.028284	0.04	0.08	0.028284	chr7:21846000-21846025	0.04	0.066476	0.084566	0.107566	TRUE	2	2	2	2 1	2 0	chr7	21845972	21846098	127	*	1	1	0.007874	0.007874
142709	chr7	21845975	21846025	/home/rstudio/disco_tmp/data/scoring/acc_maf_ingroup/50/chr7/chr7_50_acc_21845975_21846025.maf	50	52	2	2	0.019231	0.057692	0.027196	0.019231	0.057692	0.027196	chr7:21845975-21846025	0.038462	0.063595	0.080901	0.102904	TRUE	2	2	2	2 1	2 0	chr7	21845972	21846098	127	*	1	1	0.007874	0.007874
143323	chr7	25567337	25567362	/home/rstudio/disco_tmp/data/scoring/acc_maf_ingroup/25/chr7/chr7_25_acc_25567337_25567362.maf	25	25	0	1	0	0.04	0.028284	0	0.04	0.028284	chr7:25567337-25567362	0.04	0.066476	0.084566	0.107566	TRUE	6	4	11	1 1 1 1 1 1	0 0 11 0 0 0	chr7	25566777	25567712	936	*	5	5	0.005342	0.005342
143323	chr7	25566862	25566912	/home/rstudio/disco_tmp/data/scoring/acc_maf_ingroup/50/chr7/chr7_50_acc_25566862_25566912.maf	50	50	0	1	0	0.06	0.042426	0	0.06	0.042426	chr7:25566862-25566912	0.02	0.103933	0.036917	0.110294	TRUE	6	4	11	1 1 1 1 1 1	0 0 11 0 0 0	chr7	25566777	25567712	936	*	5	5	0.005342	0.005342
143323	chr7	25567162	25567187	/home/rstudio/disco_tmp/data/scoring/acc_maf_ingroup/25/chr7/chr7_25_acc_25567162_25567187.maf	25	36	11	1	0	0.055556	0.039284	0	0.055556	0.039284	chr7:25567162-25567187	0.027778	0.095609	0.055447	0.110524	TRUE	6	4	11	1 1 1 1 1 1	0 0 11 0 0 0	chr7	25566777	25567712	936	*	5	5	0.005342	0.005342
143323	chr7	25566862	25566887	/home/rstudio/disco_tmp/data/scoring/acc_maf_ingroup/25/chr7/chr7_25_acc_25566862_25566887.maf	25	25	0	1	0	0.08	0.056569	0	0.08	0.056569	chr7:25566862-25566887	0.04	0.141389	0.084566	0.164749	TRUE	6	4	11	1 1 1 1 1 1	0 0 11 0 0 0	chr7	25566777	25567712	936	*	5	5	0.005342	0.005342
143323	chr7	25567512	25567562	/home/rstudio/disco_tmp/data/scoring/acc_maf_ingroup/50/chr7/chr7_50_acc_25567512_25567562.maf	50	50	0	1	0	0.1	0.070711	0	0.1	0.070711	chr7:25567512-25567562	0.02	0.178845	0.036917	0.182615	TRUE	6	4	11	1 1 1 1 1 1	0 0 11 0 0 0	chr7	25566777	25567712	936	*	5	5	0.005342	0.005342
143323	chr7	25567312	25567362	/home/rstudio/disco_tmp/data/scoring/acc_maf_ingroup/50/chr7/chr7_50_acc_25567312_25567362.maf	50	50	0	1	0	0.02	0.014142	0	0.02	0.014142	chr7:25567312-25567362	0.02	0.02902	0.036917	0.046958	TRUE	6	4	11	1 1 1 1 1 1	0 0 11 0 0 0	chr7	25566777	25567712	936	*	5	5	0.005342	0.005342
143669	chr7	27031922	27031972	/home/rstudio/disco_tmp/data/scoring/acc_maf_ingroup/50/chr7/chr7_50_acc_27031922_27031972.maf	50	50	0	1	0	0.08	0.056569	0	0.08	0.056569	chr7:27031922-27031972	0.02	0.141389	0.036917	0.146129	TRUE	2	4	2	3 1	2 0	chr7	27031823	27031979	157	*	1	1	0.006369	0.006369
143669	chr7	27031822	27031872	/home/rstudio/disco_tmp/data/scoring/acc_maf_ingroup/50/chr7/chr7_50_acc_27031822_27031872.maf	50	52	2	3	0.019231	0.134615	0.081589	0.019231	0.134615	0.081589	chr7:27031822-27031872	0.057692	0.207657	0.126717	0.243267	TRUE	2	4	2	3 1	2 0	chr7	27031823	27031979	157	*	1	1	0.006369	0.006369
143675	chr7	27156589	27156639	/home/rstudio/disco_tmp/data/scoring/acc_maf_ingroup/50/chr7/chr7_50_acc_27156589_27156639.maf	50	50	0	3	0.02	0.08	0.042426	0.02	0.08	0.042426	chr7:27156589-27156639	0.06	0.103933	0.132215	0.168175	TRUE	1	3	0	3	0	chr7	27156540	27156728	189	*	3	1	0.015873	0.005291
144426	chr7	30708569	30708619	/home/rstudio/disco_tmp/data/scoring/acc_maf_ingroup/50/chr7/chr7_50_acc_30708569_30708619.maf	50	50	0	2	0.02	0.06	0.028284	0.02	0.06	0.028284	chr7:30708569-30708619	0.04	0.066476	0.084566	0.107566	TRUE	1	2	0	2	0	chr7	30708279	30708727	449	*	2	1	0.004454	0.002227
144902	chr7	32965911	32965961	/home/rstudio/disco_tmp/data/scoring/acc_maf_ingroup/50/chr7/chr7_50_acc_32965911_32965961.maf	50	50	0	1	0	0.02	0.014142	0	0.02	0.014142	chr7:32965911-32965961	0.02	0.02902	0.036917	0.046958	TRUE	1	1	0	1	0	chr7	32964986	32966025	1040	*	1	1	0.000962	0.000962
144934	chr7	33027153	33027203	/home/rstudio/disco_tmp/data/scoring/acc_maf_ingroup/50/chr7/chr7_50_acc_33027153_33027203.maf	50	53	3	1	0	0.018868	0.013342	0	0.018868	0.013342	chr7:33027153-33027203	0.018868	0.0269	0.03422	0.043527	TRUE	3	3	4	1 1 1	3 0 1	chr7	33026878	33027513	636	*	1	1	0.001572	0.001572
144934	chr7	33027238	33027288	/home/rstudio/disco_tmp/data/scoring/acc_maf_ingroup/50/chr7/chr7_50_acc_33027238_33027288.maf	50	51	1	1	0	0.019608	0.013865	0	0.019608	0.013865	chr7:33027238-33027288	0.019608	0.028286	0.035983	0.045769	TRUE	3	3	4	1 1 1	3 0 1	chr7	33026878	33027513	636	*	1	1	0.001572	0.001572
144934	chr7	33027203	33027228	/home/rstudio/disco_tmp/data/scoring/acc_maf_ingroup/25/chr7/chr7_25_acc_33027203_33027228.maf	25	25	0	1	0	0.04	0.028284	0	0.04	0.028284	chr7:33027203-33027228	0.04	0.066476	0.084566	0.107566	TRUE	3	3	4	1 1 1	3 0 1	chr7	33026878	33027513	636	*	1	1	0.001572	0.001572
145037	chr7	33320531	33320581	/home/rstudio/disco_tmp/data/scoring/acc_maf_ingroup/50/chr7/chr7_50_acc_33320531_33320581.maf	50	53	3	1	0	0.037736	0.026683	0	0.037736	0.026683	chr7:33320531-33320581	0.018868	0.062236	0.03422	0.071023	TRUE	10	17	145	1 1 2 2 2 1 3 3 1 2	3 5 12 19 0 71 13 4 4 18	chr7	33320232	33322236	2005	*	2	1	0.000998	0.000499
145037	chr7	33321505	33321530	/home/rstudio/disco_tmp/data/scoring/acc_maf_ingroup/25/chr7/chr7_25_acc_33321505_33321530.maf	25	25	0	2	0	0.12	0.084853	0	0.12	0.084853	chr7:33321505-33321530	0.08	0.216301	0.179863	0.281313	TRUE	10	17	145	1 1 2 2 2 1 3 3 1 2	3 5 12 19 0 71 13 4 4 18	chr7	33320232	33322236	2005	*	2	1	0.000998	0.000499
145037	chr7	33322113	33322163	/home/rstudio/disco_tmp/data/scoring/acc_maf_ingroup/50/chr7/chr7_50_acc_33322113_33322163.maf	50	68	18	2	0	0.044118	0.031196	0	0.044118	0.031196	chr7:33322113-33322163	0.029412	0.074188	0.05934	0.095	TRUE	10	17	145	1 1 2 2 2 1 3 3 1 2	3 5 12 19 0 71 13 4 4 18	chr7	33320232	33322236	2005	*	2	1	0.000998	0.000499
145037	chr7	33321405	33321455	/home/rstudio/disco_tmp/data/scoring/acc_maf_ingroup/50/chr7/chr7_50_acc_33321405_33321455.maf	50	69	19	2	0.014493	0.043478	0.020496	0.014493	0.043478	0.020496	chr7:33321405-33321455	0.028986	0.045848	0.058324	0.074188	TRUE	10	17	145	1 1 2 2 2 1 3 3 1 2	3 5 12 19 0 71 13 4 4 18	chr7	33320232	33322236	2005	*	2	1	0.000998	0.000499
145037	chr7	33321963	33322013	/home/rstudio/disco_tmp/data/scoring/acc_maf_ingroup/50/chr7/chr7_50_acc_33321963_33322013.maf	50	54	4	3	0.018519	0.055556	0.026189	0.018519	0.055556	0.026189	chr7:33321963-33322013	0.055556	0.060927	0.121626	0.136033	TRUE	10	17	145	1 1 2 2 2 1 3 3 1 2	3 5 12 19 0 71 13 4 4 18	chr7	33320232	33322236	2005	*	2	1	0.000998	0.000499
145037	chr7	33321205	33321255	/home/rstudio/disco_tmp/data/scoring/acc_maf_ingroup/50/chr7/chr7_50_acc_33321205_33321255.maf	50	62	12	2	0.064516	0.080645	0.011405	0.064516	0.080645	0.011405	chr7:33321205-33321255	0.032258	0.021771	0.066121	0.069613	TRUE	10	17	145	1 1 2 2 2 1 3 3 1 2	3 5 12 19 0 71 13 4 4 18	chr7	33320232	33322236	2005	*	2	1	0.000998	0.000499
145037	chr7	33321061	33321111	/home/rstudio/disco_tmp/data/scoring/acc_maf_ingroup/50/chr7/chr7_50_acc_33321061_33321111.maf	50	55	5	1	0	0.018182	0.012856	0	0.018182	0.012856	chr7:33321061-33321111	0.018182	0.025615	0.032585	0.041448	TRUE	10	17	145	1 1 2 2 2 1 3 3 1 2	3 5 12 19 0 71 13 4 4 18	chr7	33320232	33322236	2005	*	2	1	0.000998	0.000499
145037	chr7	33321988	33322013	/home/rstudio/disco_tmp/data/scoring/acc_maf_ingroup/25/chr7/chr7_25_acc_33321988_33322013.maf	25	29	4	1	0	0.034483	0.024383	0	0.034483	0.024383	chr7:33321988-33322013	0.034483	0.056144	0.071421	0.090847	TRUE	10	17	145	1 1 2 2 2 1 3 3 1 2	3 5 12 19 0 71 13 4 4 18	chr7	33320232	33322236	2005	*	2	1	0.000998	0.000499
145037	chr7	33321863	33321913	/home/rstudio/disco_tmp/data/scoring/acc_maf_ingroup/50/chr7/chr7_50_acc_33321863_33321913.maf	50	63	13	3	0	0.079365	0.05612	0	0.079365	0.05612	chr7:33321863-33321913	0.047619	0.1402	0.102718	0.173801	TRUE	10	17	145	1 1 2 2 2 1 3 3 1 2	3 5 12 19 0 71 13 4 4 18	chr7	33320232	33322236	2005	*	2	1	0.000998	0.000499
145037	chr7	33321838	33321863	/home/rstudio/disco_tmp/data/scoring/acc_maf_ingroup/25/chr7/chr7_25_acc_33321838_33321863.maf	25	96	71	1	0	0.010417	0.007366	0	0.010417	0.007366	chr7:33321838-33321863	0.010417	0.011072	0.014085	0.017916	TRUE	10	17	145	1 1 2 2 2 1 3 3 1 2	3 5 12 19 0 71 13 4 4 18	chr7	33320232	33322236	2005	*	2	1	0.000998	0.000499
145043	chr7	33325834	33325884	/home/rstudio/disco_tmp/data/scoring/acc_maf_ingroup/50/chr7/chr7_50_acc_33325834_33325884.maf	50	50	0	2	0	0.04	0.028284	0	0.04	0.028284	chr7:33325834-33325884	0.04	0.066476	0.084566	0.107566	TRUE	2	4	3	2 2	3 0	chr7	33325285	33325995	711	*	2	1	0.002813	0.001406
145043	chr7	33325734	33325784	/home/rstudio/disco_tmp/data/scoring/acc_maf_ingroup/50/chr7/chr7_50_acc_33325734_33325784.maf	50	53	3	2	0.037736	0.056604	0.013342	0.037736	0.056604	0.013342	chr7:33325734-33325784	0.037736	0.0269	0.079172	0.083617	TRUE	2	4	3	2 2	3 0	chr7	33325285	33325995	711	*	2	1	0.002813	0.001406
145047	chr7	33333057	33333082	/home/rstudio/disco_tmp/data/scoring/acc_maf_ingroup/25/chr7/chr7_25_acc_33333057_33333082.maf	25	25	0	2	0	0.08	0.056569	0	0.08	0.056569	chr7:33333057-33333082	0.08	0.141389	0.179863	0.228783	TRUE	1	2	0	2	0	chr7	33333008	33333115	108	*	2	1	0.018519	0.009259
14541	chr1	105357242	105357267	/home/rstudio/disco_tmp/data/scoring/acc_maf_ingroup/25/chr1/chr1_25_acc_105357242_105357267.maf	25	25	0	1	0.04	0.08	0.028284	0.04	0.08	0.028284	chr1:105357242-105357267	0.04	0.066476	0.084566	0.107566	TRUE	1	1	0	1	0	chr1	105357218	105357361	144	*	1	1	0.006944	0.006944
145958	chr7	36562537	36562587	/home/rstudio/disco_tmp/data/scoring/acc_maf_ingroup/50/chr7/chr7_50_acc_36562537_36562587.maf	50	50	0	2	0.02	0.1	0.056569	0.02	0.1	0.056569	chr7:36562537-36562587	0.04	0.141389	0.084566	0.164749	TRUE	1	2	0	2	0	chr7	36562488	36562661	174	*	2	1	0.011494	0.005747
145977	chr7	36598190	36598240	/home/rstudio/disco_tmp/data/scoring/acc_maf_ingroup/50/chr7/chr7_50_acc_36598190_36598240.maf	50	50	0	1	0.02	0.04	0.014142	0.02	0.04	0.014142	chr7:36598190-36598240	0.02	0.02902	0.036917	0.046958	TRUE	1	1	0	1	0	chr7	36597772	36598392	621	*	1	1	0.00161	0.00161
146559	chr8	3785691	3785716	/home/rstudio/disco_tmp/data/scoring/acc_maf_ingroup/25/chr8/chr8_25_acc_3785691_3785716.maf	25	25	0	1	0	0.08	0.056569	0	0.08	0.056569	chr8:3785691-3785716	0.04	0.141389	0.084566	0.164749	TRUE	1	1	0	1	0	chr8	3785602	3786003	402	*	1	1	0.002488	0.002488
146650	chr8	4419455	4419480	/home/rstudio/disco_tmp/data/scoring/acc_maf_ingroup/25/chr8/chr8_25_acc_4419455_4419480.maf	25	30	5	1	0.033333	0.066667	0.02357	0.033333	0.066667	0.02357	chr8:4419455-4419480	0.033333	0.053991	0.068683	0.087363	TRUE	2	3	5	2 1	0 5	chr8	4419306	4419500	195	*	2	1	0.010256	0.005128
146650	chr8	4419355	4419405	/home/rstudio/disco_tmp/data/scoring/acc_maf_ingroup/50/chr8/chr8_50_acc_4419355_4419405.maf	50	50	0	2	0.02	0.04	0.014142	0.02	0.04	0.014142	chr8:4419355-4419405	0.04	0.02902	0.084566	0.089407	TRUE	2	3	5	2 1	0 5	chr8	4419306	4419500	195	*	2	1	0.010256	0.005128
146697	chr8	4620811	4620836	/home/rstudio/disco_tmp/data/scoring/acc_maf_ingroup/25/chr8/chr8_25_acc_4620811_4620836.maf	25	25	0	1	0	0.08	0.056569	0	0.08	0.056569	chr8:4620811-4620836	0.04	0.141389	0.084566	0.164749	TRUE	2	2	0	1 1	0 0	chr8	4620737	4620838	102	*	2	2	0.019608	0.019608
146697	chr8	4620736	4620786	/home/rstudio/disco_tmp/data/scoring/acc_maf_ingroup/50/chr8/chr8_50_acc_4620736_4620786.maf	50	50	0	1	0.02	0.06	0.028284	0.02	0.06	0.028284	chr8:4620736-4620786	0.02	0.066476	0.036917	0.076039	TRUE	2	2	0	1 1	0 0	chr8	4620737	4620838	102	*	2	2	0.019608	0.019608
146882	chr8	5603672	5603722	/home/rstudio/disco_tmp/data/scoring/acc_maf_ingroup/50/chr8/chr8_50_acc_5603672_5603722.maf	50	50	0	1	0	0.02	0.014142	0	0.02	0.014142	chr8:5603672-5603722	0.02	0.02902	0.036917	0.046958	TRUE	3	4	14	1 2 1	0 14 0	chr8	5603650	5603860	211	*	2	2	0.009479	0.009479
146882	chr8	5603772	5603822	/home/rstudio/disco_tmp/data/scoring/acc_maf_ingroup/50/chr8/chr8_50_acc_5603772_5603822.maf	50	50	0	1	0	0.02	0.014142	0	0.02	0.014142	chr8:5603772-5603822	0.02	0.02902	0.036917	0.046958	TRUE	3	4	14	1 2 1	0 14 0	chr8	5603650	5603860	211	*	2	2	0.009479	0.009479
146882	chr8	5603722	5603747	/home/rstudio/disco_tmp/data/scoring/acc_maf_ingroup/25/chr8/chr8_25_acc_5603722_5603747.maf	25	39	14	2	0	0.051282	0.036262	0	0.051282	0.036262	chr8:5603722-5603747	0.051282	0.087605	0.111445	0.141756	TRUE	3	4	14	1 2 1	0 14 0	chr8	5603650	5603860	211	*	2	2	0.009479	0.009479
147184	chr8	6686078	6686128	/home/rstudio/disco_tmp/data/scoring/acc_maf_ingroup/50/chr8/chr8_50_acc_6686078_6686128.maf	50	50	0	2	0	0.08	0.056569	0	0.08	0.056569	chr8:6686078-6686128	0.04	0.141389	0.084566	0.164749	TRUE	1	2	0	2	0	chr8	6686079	6686178	100	*	2	1	0.02	0.01
147357	chr8	7542881	7542931	/home/rstudio/disco_tmp/data/scoring/acc_maf_ingroup/50/chr8/chr8_50_acc_7542881_7542931.maf	50	50	0	4	0.04	0.18	0.098995	0.04	0.18	0.098995	chr8:7542881-7542931	0.08	0.253757	0.179863	0.311036	TRUE	1	4	0	4	0	chr8	7542832	7542978	147	*	4	1	0.027211	0.006803
148185	chr8	13720062	13720087	/home/rstudio/disco_tmp/data/scoring/acc_maf_ingroup/25/chr8/chr8_25_acc_13720062_13720087.maf	25	25	0	1	0	0.04	0.028284	0	0.04	0.028284	chr8:13720062-13720087	0.04	0.066476	0.084566	0.107566	TRUE	1	1	0	1	0	chr8	13720013	13720166	154	*	1	1	0.006494	0.006494
1482	chr1	13121137	13121162	/home/rstudio/disco_tmp/data/scoring/acc_maf_ingroup/25/chr1/chr1_25_acc_13121137_13121162.maf	25	25	0	2	0	0.08	0.056569	0	0.08	0.056569	chr1:13121137-13121162	0.08	0.141389	0.179863	0.228783	TRUE	1	2	0	2	0	chr1	13121138	13121239	102	*	2	1	0.019608	0.009804
148245	chr8	14042112	14042162	/home/rstudio/disco_tmp/data/scoring/acc_maf_ingroup/50/chr8/chr8_50_acc_14042112_14042162.maf	50	50	0	2	0.02	0.12	0.070711	0.02	0.12	0.070711	chr8:14042112-14042162	0.04	0.178845	0.084566	0.19783	TRUE	1	2	0	2	0	chr8	14042063	14042255	193	*	2	1	0.010363	0.005181
1483	chr1	13121298	13121348	/home/rstudio/disco_tmp/data/scoring/acc_maf_ingroup/50/chr1/chr1_50_acc_13121298_13121348.maf	50	50	0	1	0.04	0.08	0.028284	0.04	0.08	0.028284	chr1:13121298-13121348	0.02	0.066476	0.036917	0.076039	TRUE	4	2	5	1 1 1 1	0 0 0 5	chr1	13121299	13121401	103	*	3	3	0.029126	0.029126
1483	chr1	13121348	13121373	/home/rstudio/disco_tmp/data/scoring/acc_maf_ingroup/25/chr1/chr1_25_acc_13121348_13121373.maf	25	25	0	1	0	0.08	0.056569	0	0.08	0.056569	chr1:13121348-13121373	0.04	0.141389	0.084566	0.164749	TRUE	4	2	5	1 1 1 1	0 0 0 5	chr1	13121299	13121401	103	*	3	3	0.029126	0.029126
1483	chr1	13121323	13121348	/home/rstudio/disco_tmp/data/scoring/acc_maf_ingroup/25/chr1/chr1_25_acc_13121323_13121348.maf	25	25	0	1	0	0.12	0.084853	0	0.12	0.084853	chr1:13121323-13121348	0.04	0.216301	0.084566	0.232245	TRUE	4	2	5	1 1 1 1	0 0 0 5	chr1	13121299	13121401	103	*	3	3	0.029126	0.029126
1483	chr1	13121348	13121398	/home/rstudio/disco_tmp/data/scoring/acc_maf_ingroup/50/chr1/chr1_50_acc_13121348_13121398.maf	50	55	5	1	0	0.054545	0.038569	0	0.054545	0.038569	chr1:13121348-13121398	0.018182	0.093717	0.032585	0.099221	TRUE	4	2	5	1 1 1 1	0 0 0 5	chr1	13121299	13121401	103	*	3	3	0.029126	0.029126
148959	chr8	16326647	16326697	/home/rstudio/disco_tmp/data/scoring/acc_maf_ingroup/50/chr8/chr8_50_acc_16326647_16326697.maf	50	50	0	2	0	0.06	0.042426	0	0.06	0.042426	chr8:16326647-16326697	0.04	0.103933	0.084566	0.13399	TRUE	1	2	0	2	0	chr8	16326269	16326746	478	*	2	1	0.004184	0.002092
149253	chr8	17788718	17788743	/home/rstudio/disco_tmp/data/scoring/acc_maf_ingroup/25/chr8/chr8_25_acc_17788718_17788743.maf	25	25	0	3	0	0.12	0.084853	0	0.12	0.084853	chr8:17788718-17788743	0.12	0.216301	0.275161	0.35	TRUE	1	3	0	3	0	chr8	17787732	17789405	1674	*	3	1	0.001792	0.000597
149266	chr8	17799724	17799749	/home/rstudio/disco_tmp/data/scoring/acc_maf_ingroup/25/chr8/chr8_25_acc_17799724_17799749.maf	25	25	0	1	0	0.08	0.056569	0	0.08	0.056569	chr8:17799724-17799749	0.04	0.141389	0.084566	0.164749	TRUE	1	1	0	1	0	chr8	17799675	17799879	205	*	1	1	0.004878	0.004878
149275	chr8	17812099	17812124	/home/rstudio/disco_tmp/data/scoring/acc_maf_ingroup/25/chr8/chr8_25_acc_17812099_17812124.maf	25	25	0	1	0.04	0.08	0.028284	0.04	0.08	0.028284	chr8:17812099-17812124	0.04	0.066476	0.084566	0.107566	TRUE	3	2	0	1 1 1	0 0 0	chr8	17812003	17812252	250	*	3	3	0.012	0.012
149275	chr8	17812099	17812149	/home/rstudio/disco_tmp/data/scoring/acc_maf_ingroup/50/chr8/chr8_50_acc_17812099_17812149.maf	50	50	0	1	0.02	0.06	0.028284	0.02	0.06	0.028284	chr8:17812099-17812149	0.02	0.066476	0.036917	0.076039	TRUE	3	2	0	1 1 1	0 0 0	chr8	17812003	17812252	250	*	3	3	0.012	0.012
149275	chr8	17812032	17812057	/home/rstudio/disco_tmp/data/scoring/acc_maf_ingroup/25/chr8/chr8_25_acc_17812032_17812057.maf	25	25	0	1	0	0.04	0.028284	0	0.04	0.028284	chr8:17812032-17812057	0.04	0.066476	0.084566	0.107566	TRUE	3	2	0	1 1 1	0 0 0	chr8	17812003	17812252	250	*	3	3	0.012	0.012
149313	chr8	17890005	17890030	/home/rstudio/disco_tmp/data/scoring/acc_maf_ingroup/25/chr8/chr8_25_acc_17890005_17890030.maf	25	25	0	1	0	0.04	0.028284	0	0.04	0.028284	chr8:17890005-17890030	0.04	0.066476	0.084566	0.107566	TRUE	1	1	0	1	0	chr8	17890006	17890292	287	*	1	1	0.003484	0.003484
149731	chr8	19615320	19615370	/home/rstudio/disco_tmp/data/scoring/acc_maf_ingroup/50/chr8/chr8_50_acc_19615320_19615370.maf	50	50	0	2	0	0.08	0.056569	0	0.08	0.056569	chr8:19615320-19615370	0.04	0.141389	0.084566	0.164749	TRUE	2	4	0	2 2	0 0	chr8	19615248	19615425	178	*	4	2	0.022472	0.011236
149731	chr8	19615270	19615320	/home/rstudio/disco_tmp/data/scoring/acc_maf_ingroup/50/chr8/chr8_50_acc_19615270_19615320.maf	50	50	0	2	0	0.08	0.056569	0	0.08	0.056569	chr8:19615270-19615320	0.04	0.141389	0.084566	0.164749	TRUE	2	4	0	2 2	0 0	chr8	19615248	19615425	178	*	4	2	0.022472	0.011236
149874	chr8	20091723	20091773	/home/rstudio/disco_tmp/data/scoring/acc_maf_ingroup/50/chr8/chr8_50_acc_20091723_20091773.maf	50	50	0	4	0.02	0.16	0.098995	0.02	0.16	0.098995	chr8:20091723-20091773	0.08	0.253757	0.179863	0.311036	TRUE	1	4	0	4	0	chr8	20091674	20091893	220	*	4	1	0.018182	0.004545
150021	chr8	20642123	20642173	/home/rstudio/disco_tmp/data/scoring/acc_maf_ingroup/50/chr8/chr8_50_acc_20642123_20642173.maf	50	50	0	1	0.04	0.12	0.056569	0.04	0.12	0.056569	chr8:20642123-20642173	0.02	0.141389	0.036917	0.146129	TRUE	1	1	0	1	0	chr8	20642124	20642228	105	*	1	1	0.009524	0.009524
150023	chr8	20662413	20662463	/home/rstudio/disco_tmp/data/scoring/acc_maf_ingroup/50/chr8/chr8_50_acc_20662413_20662463.maf	50	50	0	2	0.02	0.1	0.056569	0.02	0.1	0.056569	chr8:20662413-20662463	0.04	0.141389	0.084566	0.164749	TRUE	1	2	0	2	0	chr8	20662364	20662518	155	*	2	1	0.012903	0.006452
150309	chr8	21245607	21245632	/home/rstudio/disco_tmp/data/scoring/acc_maf_ingroup/25/chr8/chr8_25_acc_21245607_21245632.maf	25	25	0	2	0	0.12	0.084853	0	0.12	0.084853	chr8:21245607-21245632	0.08	0.216301	0.179863	0.281313	TRUE	1	2	0	2	0	chr8	21245608	21245748	141	*	2	1	0.014184	0.007092
1507	chr1	13193595	13193620	/home/rstudio/disco_tmp/data/scoring/acc_maf_ingroup/25/chr1/chr1_25_acc_13193595_13193620.maf	25	25	0	1	0	0.08	0.056569	0	0.08	0.056569	chr1:13193595-13193620	0.04	0.141389	0.084566	0.164749	TRUE	2	1	0	1 1	0 0	chr1	13193523	13193701	179	*	2	2	0.011173	0.011173
1507	chr1	13193595	13193645	/home/rstudio/disco_tmp/data/scoring/acc_maf_ingroup/50/chr1/chr1_50_acc_13193595_13193645.maf	50	50	0	1	0	0.04	0.028284	0	0.04	0.028284	chr1:13193595-13193645	0.02	0.066476	0.036917	0.076039	TRUE	2	1	0	1 1	0 0	chr1	13193523	13193701	179	*	2	2	0.011173	0.011173
1508	chr1	13194069	13194119	/home/rstudio/disco_tmp/data/scoring/acc_maf_ingroup/50/chr1/chr1_50_acc_13194069_13194119.maf	50	50	0	3	0.04	0.1	0.042426	0.04	0.1	0.042426	chr1:13194069-13194119	0.06	0.103933	0.132215	0.168175	TRUE	1	3	0	3	0	chr1	13194070	13194282	213	*	3	1	0.014085	0.004695
150939	chr8	23935344	23935369	/home/rstudio/disco_tmp/data/scoring/acc_maf_ingroup/25/chr8/chr8_25_acc_23935344_23935369.maf	25	25	0	1	0.04	0.08	0.028284	0.04	0.08	0.028284	chr8:23935344-23935369	0.04	0.066476	0.084566	0.107566	TRUE	3	3	18	1 2 1	6 12 0	chr8	23935174	23935525	352	*	1	1	0.002841	0.002841
150939	chr8	23935319	23935369	/home/rstudio/disco_tmp/data/scoring/acc_maf_ingroup/50/chr8/chr8_50_acc_23935319_23935369.maf	50	62	12	2	0.016129	0.064516	0.034215	0.016129	0.064516	0.034215	chr8:23935319-23935369	0.032258	0.082184	0.066121	0.105481	TRUE	3	3	18	1 2 1	6 12 0	chr8	23935174	23935525	352	*	1	1	0.002841	0.002841
150939	chr8	23935269	23935319	/home/rstudio/disco_tmp/data/scoring/acc_maf_ingroup/50/chr8/chr8_50_acc_23935269_23935319.maf	50	58	6	1	0.068966	0.103448	0.024383	0.068966	0.103448	0.024383	chr8:23935269-23935319	0.017241	0.056144	0.030345	0.063819	TRUE	3	3	18	1 2 1	6 12 0	chr8	23935174	23935525	352	*	1	1	0.002841	0.002841
150943	chr8	23966675	23966725	/home/rstudio/disco_tmp/data/scoring/acc_maf_ingroup/50/chr8/chr8_50_acc_23966675_23966725.maf	50	50	0	3	0.08	0.12	0.028284	0.08	0.12	0.028284	chr8:23966675-23966725	0.06	0.066476	0.132215	0.147986	TRUE	1	3	0	3	0	chr8	23966632	23966792	161	*	3	1	0.018634	0.006211
150944	chr8	23967222	23967272	/home/rstudio/disco_tmp/data/scoring/acc_maf_ingroup/50/chr8/chr8_50_acc_23967222_23967272.maf	50	50	0	1	0.04	0.08	0.028284	0.04	0.08	0.028284	chr8:23967222-23967272	0.02	0.066476	0.036917	0.076039	TRUE	1	1	0	1	0	chr8	23967173	23967409	237	*	1	1	0.004219	0.004219
151053	chr8	24413442	24413467	/home/rstudio/disco_tmp/data/scoring/acc_maf_ingroup/25/chr8/chr8_25_acc_24413442_24413467.maf	25	25	0	2	0	0.12	0.084853	0	0.12	0.084853	chr8:24413442-24413467	0.08	0.216301	0.179863	0.281313	TRUE	1	2	0	2	0	chr8	24413239	24413469	231	*	2	1	0.008658	0.004329
151054	chr8	24415323	24415373	/home/rstudio/disco_tmp/data/scoring/acc_maf_ingroup/50/chr8/chr8_50_acc_24415323_24415373.maf	50	50	0	6	0.02	0.18	0.113137	0.02	0.18	0.113137	chr8:24415323-24415373	0.12	0.291214	0.275161	0.400648	TRUE	2	9	2	6 3	0 2	chr8	24415324	24415520	197	*	6	1	0.030457	0.005076
151054	chr8	24415409	24415434	/home/rstudio/disco_tmp/data/scoring/acc_maf_ingroup/25/chr8/chr8_25_acc_24415409_24415434.maf	25	27	2	3	0	0.148148	0.104757	0	0.148148	0.104757	chr8:24415409-24415434	0.111111	0.269017	0.253984	0.36997	TRUE	2	9	2	6 3	0 2	chr8	24415324	24415520	197	*	6	1	0.030457	0.005076
151060	chr8	24430763	24430788	/home/rstudio/disco_tmp/data/scoring/acc_maf_ingroup/25/chr8/chr8_25_acc_24430763_24430788.maf	25	25	0	1	0.04	0.12	0.056569	0.04	0.12	0.056569	chr8:24430763-24430788	0.04	0.141389	0.084566	0.164749	TRUE	1	1	0	1	0	chr8	24430689	24430877	189	*	1	1	0.005291	0.005291
1512	chr1	13199365	13199390	/home/rstudio/disco_tmp/data/scoring/acc_maf_ingroup/25/chr1/chr1_25_acc_13199365_13199390.maf	25	25	0	1	0.04	0.12	0.056569	0.04	0.12	0.056569	chr1:13199365-13199390	0.04	0.141389	0.084566	0.164749	TRUE	1	1	0	1	0	chr1	13199316	13199514	199	*	1	1	0.005025	0.005025
151228	chr8	25031587	25031637	/home/rstudio/disco_tmp/data/scoring/acc_maf_ingroup/50/chr8/chr8_50_acc_25031587_25031637.maf	50	52	2	3	0.038462	0.211538	0.122384	0.038462	0.211538	0.122384	chr8:25031587-25031637	0.057692	0.315704	0.126717	0.340186	TRUE	3	5	2	2 1 3	0 0 2	chr8	25031488	25031664	177	*	3	2	0.016949	0.011299
151228	chr8	25031537	25031587	/home/rstudio/disco_tmp/data/scoring/acc_maf_ingroup/50/chr8/chr8_50_acc_25031537_25031587.maf	50	50	0	2	0.02	0.08	0.042426	0.02	0.08	0.042426	chr8:25031537-25031587	0.04	0.103933	0.084566	0.13399	TRUE	3	5	2	2 1 3	0 0 2	chr8	25031488	25031664	177	*	3	2	0.016949	0.011299
151228	chr8	25031587	25031612	/home/rstudio/disco_tmp/data/scoring/acc_maf_ingroup/25/chr8/chr8_25_acc_25031587_25031612.maf	25	25	0	1	0	0.12	0.084853	0	0.12	0.084853	chr8:25031587-25031612	0.04	0.216301	0.084566	0.232245	TRUE	3	5	2	2 1 3	0 0 2	chr8	25031488	25031664	177	*	3	2	0.016949	0.011299
151342	chr8	25525355	25525405	/home/rstudio/disco_tmp/data/scoring/acc_maf_ingroup/50/chr8/chr8_50_acc_25525355_25525405.maf	50	50	0	2	0	0.08	0.056569	0	0.08	0.056569	chr8:25525355-25525405	0.04	0.141389	0.084566	0.164749	TRUE	1	2	0	2	0	chr8	25525306	25525415	110	*	2	1	0.018182	0.009091
151550	chr8	26213368	26213393	/home/rstudio/disco_tmp/data/scoring/acc_maf_ingroup/25/chr8/chr8_25_acc_26213368_26213393.maf	25	25	0	1	0	0.04	0.028284	0	0.04	0.028284	chr8:26213368-26213393	0.04	0.066476	0.084566	0.107566	TRUE	5	5	0	1 1 2 2 1	0 0 0 0 0	chr8	26213044	26213603	560	*	7	5	0.0125	0.008929
151550	chr8	26213193	26213218	/home/rstudio/disco_tmp/data/scoring/acc_maf_ingroup/25/chr8/chr8_25_acc_26213193_26213218.maf	25	25	0	2	0	0.08	0.056569	0	0.08	0.056569	chr8:26213193-26213218	0.08	0.141389	0.179863	0.228783	TRUE	5	5	0	1 1 2 2 1	0 0 0 0 0	chr8	26213044	26213603	560	*	7	5	0.0125	0.008929
151550	chr8	26213143	26213193	/home/rstudio/disco_tmp/data/scoring/acc_maf_ingroup/50/chr8/chr8_50_acc_26213143_26213193.maf	50	50	0	1	0.04	0.06	0.014142	0.04	0.06	0.014142	chr8:26213143-26213193	0.02	0.02902	0.036917	0.046958	TRUE	5	5	0	1 1 2 2 1	0 0 0 0 0	chr8	26213044	26213603	560	*	7	5	0.0125	0.008929
151550	chr8	26213193	26213243	/home/rstudio/disco_tmp/data/scoring/acc_maf_ingroup/50/chr8/chr8_50_acc_26213193_26213243.maf	50	50	0	2	0	0.06	0.042426	0	0.06	0.042426	chr8:26213193-26213243	0.04	0.103933	0.084566	0.13399	TRUE	5	5	0	1 1 2 2 1	0 0 0 0 0	chr8	26213044	26213603	560	*	7	5	0.0125	0.008929
151550	chr8	26213093	26213118	/home/rstudio/disco_tmp/data/scoring/acc_maf_ingroup/25/chr8/chr8_25_acc_26213093_26213118.maf	25	25	0	1	0	0.04	0.028284	0	0.04	0.028284	chr8:26213093-26213118	0.04	0.066476	0.084566	0.107566	TRUE	5	5	0	1 1 2 2 1	0 0 0 0 0	chr8	26213044	26213603	560	*	7	5	0.0125	0.008929
151551	chr8	26214839	26214889	/home/rstudio/disco_tmp/data/scoring/acc_maf_ingroup/50/chr8/chr8_50_acc_26214839_26214889.maf	50	50	0	1	0	0.04	0.028284	0	0.04	0.028284	chr8:26214839-26214889	0.02	0.066476	0.036917	0.076039	TRUE	1	1	0	1	0	chr8	26214840	26214958	119	*	1	1	0.008403	0.008403
151806	chr8	27401809	27401859	/home/rstudio/disco_tmp/data/scoring/acc_maf_ingroup/50/chr8/chr8_50_acc_27401809_27401859.maf	50	50	0	2	0	0.04	0.028284	0	0.04	0.028284	chr8:27401809-27401859	0.04	0.066476	0.084566	0.107566	TRUE	5	9	0	2 3 2 2 2	0 0 0 0 0	chr8	27401810	27402357	548	*	11	5	0.020073	0.009124
151806	chr8	27402059	27402109	/home/rstudio/disco_tmp/data/scoring/acc_maf_ingroup/50/chr8/chr8_50_acc_27402059_27402109.maf	50	50	0	2	0	0.06	0.042426	0	0.06	0.042426	chr8:27402059-27402109	0.04	0.103933	0.084566	0.13399	TRUE	5	9	0	2 3 2 2 2	0 0 0 0 0	chr8	27401810	27402357	548	*	11	5	0.020073	0.009124
151806	chr8	27402259	27402309	/home/rstudio/disco_tmp/data/scoring/acc_maf_ingroup/50/chr8/chr8_50_acc_27402259_27402309.maf	50	50	0	2	0.02	0.06	0.028284	0.02	0.06	0.028284	chr8:27402259-27402309	0.04	0.066476	0.084566	0.107566	TRUE	5	9	0	2 3 2 2 2	0 0 0 0 0	chr8	27401810	27402357	548	*	11	5	0.020073	0.009124
151806	chr8	27402084	27402109	/home/rstudio/disco_tmp/data/scoring/acc_maf_ingroup/25/chr8/chr8_25_acc_27402084_27402109.maf	25	25	0	2	0	0.12	0.084853	0	0.12	0.084853	chr8:27402084-27402109	0.08	0.216301	0.179863	0.281313	TRUE	5	9	0	2 3 2 2 2	0 0 0 0 0	chr8	27401810	27402357	548	*	11	5	0.020073	0.009124
151806	chr8	27402009	27402059	/home/rstudio/disco_tmp/data/scoring/acc_maf_ingroup/50/chr8/chr8_50_acc_27402009_27402059.maf	50	50	0	3	0.06	0.1	0.028284	0.06	0.1	0.028284	chr8:27402009-27402059	0.06	0.066476	0.132215	0.147986	TRUE	5	9	0	2 3 2 2 2	0 0 0 0 0	chr8	27401810	27402357	548	*	11	5	0.020073	0.009124
151905	chr8	27596369	27596419	/home/rstudio/disco_tmp/data/scoring/acc_maf_ingroup/50/chr8/chr8_50_acc_27596369_27596419.maf	50	50	0	1	0	0.02	0.014142	0	0.02	0.014142	chr8:27596369-27596419	0.02	0.02902	0.036917	0.046958	TRUE	1	1	0	1	0	chr8	27596320	27596590	271	*	1	1	0.00369	0.00369
15196	chr1	108515005	108515055	/home/rstudio/disco_tmp/data/scoring/acc_maf_ingroup/50/chr1/chr1_50_acc_108515005_108515055.maf	50	50	0	2	0.1	0.14	0.028284	0.1	0.14	0.028284	chr1:108515005-108515055	0.04	0.066476	0.084566	0.107566	TRUE	1	2	0	2	0	chr1	108514906	108515075	170	*	2	1	0.011765	0.005882
15202	chr1	108522833	108522858	/home/rstudio/disco_tmp/data/scoring/acc_maf_ingroup/25/chr1/chr1_25_acc_108522833_108522858.maf	25	25	0	1	0	0.04	0.028284	0	0.04	0.028284	chr1:108522833-108522858	0.04	0.066476	0.084566	0.107566	TRUE	2	2	0	1 1	0 0	chr1	108522603	108523400	798	*	2	2	0.002506	0.002506
15202	chr1	108522958	108522983	/home/rstudio/disco_tmp/data/scoring/acc_maf_ingroup/25/chr1/chr1_25_acc_108522958_108522983.maf	25	25	0	1	0	0.04	0.028284	0	0.04	0.028284	chr1:108522958-108522983	0.04	0.066476	0.084566	0.107566	TRUE	2	2	0	1 1	0 0	chr1	108522603	108523400	798	*	2	2	0.002506	0.002506
152260	chr8	28657717	28657767	/home/rstudio/disco_tmp/data/scoring/acc_maf_ingroup/50/chr8/chr8_50_acc_28657717_28657767.maf	50	50	0	4	0	0.12	0.084853	0	0.12	0.084853	chr8:28657717-28657767	0.08	0.216301	0.179863	0.281313	TRUE	1	4	0	4	0	chr8	28657718	28657958	241	*	4	1	0.016598	0.004149
152623	chr9	1166100	1166150	/home/rstudio/disco_tmp/data/scoring/acc_maf_ingroup/50/chr9/chr9_50_acc_1166100_1166150.maf	50	50	0	1	0	0.04	0.028284	0	0.04	0.028284	chr9:1166100-1166150	0.02	0.066476	0.036917	0.076039	TRUE	1	1	0	1	0	chr9	1166051	1166162	112	*	1	1	0.008929	0.008929
152645	chr9	1215720	1215770	/home/rstudio/disco_tmp/data/scoring/acc_maf_ingroup/50/chr9/chr9_50_acc_1215720_1215770.maf	50	50	0	5	0	0.14	0.098995	0	0.14	0.098995	chr9:1215720-1215770	0.1	0.253757	0.227512	0.340815	TRUE	1	5	0	5	0	chr9	1215609	1215823	215	*	5	1	0.023256	0.004651
152851	chr9	1668142	1668192	/home/rstudio/disco_tmp/data/scoring/acc_maf_ingroup/50/chr9/chr9_50_acc_1668142_1668192.maf	50	50	0	4	0.04	0.1	0.042426	0.04	0.1	0.042426	chr9:1668142-1668192	0.08	0.103933	0.179863	0.207733	TRUE	2	6	0	4 2	0 0	chr9	1668143	1668256	114	*	6	2	0.052632	0.017544
152851	chr9	1668192	1668242	/home/rstudio/disco_tmp/data/scoring/acc_maf_ingroup/50/chr9/chr9_50_acc_1668192_1668242.maf	50	50	0	2	0.08	0.14	0.042426	0.08	0.14	0.042426	chr9:1668192-1668242	0.04	0.103933	0.084566	0.13399	TRUE	2	6	0	4 2	0 0	chr9	1668143	1668256	114	*	6	2	0.052632	0.017544
154058	chr9	8481283	8481308	/home/rstudio/disco_tmp/data/scoring/acc_maf_ingroup/25/chr9/chr9_25_acc_8481283_8481308.maf	25	25	0	1	0.04	0.08	0.028284	0.04	0.08	0.028284	chr9:8481283-8481308	0.04	0.066476	0.084566	0.107566	TRUE	2	5	2	1 5	0 2	chr9	8481134	8481395	262	*	1	1	0.003817	0.003817
154058	chr9	8481283	8481333	/home/rstudio/disco_tmp/data/scoring/acc_maf_ingroup/50/chr9/chr9_50_acc_8481283_8481333.maf	50	52	2	5	0.019231	0.115385	0.067991	0.019231	0.115385	0.067991	chr9:8481283-8481333	0.096154	0.171642	0.218349	0.277736	TRUE	2	5	2	1 5	0 2	chr9	8481134	8481395	262	*	1	1	0.003817	0.003817
154387	chr9	10399328	10399353	/home/rstudio/disco_tmp/data/scoring/acc_maf_ingroup/25/chr9/chr9_25_acc_10399328_10399353.maf	25	25	0	1	0	0.08	0.056569	0	0.08	0.056569	chr9:10399328-10399353	0.04	0.141389	0.084566	0.164749	TRUE	1	1	0	1	0	chr9	10399208	10399411	204	*	1	1	0.004902	0.004902
1544	chr1	13248876	13248901	/home/rstudio/disco_tmp/data/scoring/acc_maf_ingroup/25/chr1/chr1_25_acc_13248876_13248901.maf	25	25	0	2	0.08	0.12	0.028284	0.08	0.12	0.028284	chr1:13248876-13248901	0.08	0.066476	0.179863	0.191755	TRUE	1	2	0	2	0	chr1	13248765	13248946	182	*	2	1	0.010989	0.005495
155083	chr9	14961267	14961292	/home/rstudio/disco_tmp/data/scoring/acc_maf_ingroup/25/chr9/chr9_25_acc_14961267_14961292.maf	25	25	0	1	0	0.08	0.056569	0	0.08	0.056569	chr9:14961267-14961292	0.04	0.141389	0.084566	0.164749	TRUE	2	4	17	3 1	17 0	chr9	14961093	14961310	218	*	1	1	0.004587	0.004587
155083	chr9	14961142	14961192	/home/rstudio/disco_tmp/data/scoring/acc_maf_ingroup/50/chr9/chr9_50_acc_14961142_14961192.maf	50	67	17	3	0.014925	0.149254	0.094984	0.014925	0.149254	0.094984	chr9:14961142-14961192	0.044776	0.243135	0.095945	0.261381	TRUE	2	4	17	3 1	17 0	chr9	14961093	14961310	218	*	1	1	0.004587	0.004587
155085	chr9	15020011	15020061	/home/rstudio/disco_tmp/data/scoring/acc_maf_ingroup/50/chr9/chr9_50_acc_15020011_15020061.maf	50	50	0	4	0.04	0.14	0.070711	0.04	0.14	0.070711	chr9:15020011-15020061	0.08	0.178845	0.179863	0.253646	TRUE	1	4	0	4	0	chr9	15019925	15020088	164	*	4	1	0.02439	0.006098
155369	chr9	15982685	15982735	/home/rstudio/disco_tmp/data/scoring/acc_maf_ingroup/50/chr9/chr9_50_acc_15982685_15982735.maf	50	50	0	2	0.04	0.06	0.014142	0.04	0.06	0.014142	chr9:15982685-15982735	0.04	0.02902	0.084566	0.089407	TRUE	2	2	0	1 2	0 0	chr9	15982636	15982756	121	*	3	2	0.024793	0.016529
155369	chr9	15982685	15982710	/home/rstudio/disco_tmp/data/scoring/acc_maf_ingroup/25/chr9/chr9_25_acc_15982685_15982710.maf	25	25	0	1	0.04	0.08	0.028284	0.04	0.08	0.028284	chr9:15982685-15982710	0.04	0.066476	0.084566	0.107566	TRUE	2	2	0	1 2	0 0	chr9	15982636	15982756	121	*	3	2	0.024793	0.016529
155567	chr9	16551247	16551272	/home/rstudio/disco_tmp/data/scoring/acc_maf_ingroup/25/chr9/chr9_25_acc_16551247_16551272.maf	25	25	0	1	0	0.08	0.056569	0	0.08	0.056569	chr9:16551247-16551272	0.04	0.141389	0.084566	0.164749	TRUE	1	1	0	1	0	chr9	16551223	16551383	161	*	1	1	0.006211	0.006211
155983	chr9	18178754	18178779	/home/rstudio/disco_tmp/data/scoring/acc_maf_ingroup/25/chr9/chr9_25_acc_18178754_18178779.maf	25	25	0	1	0.04	0.08	0.028284	0.04	0.08	0.028284	chr9:18178754-18178779	0.04	0.066476	0.084566	0.107566	TRUE	1	1	0	1	0	chr9	18178755	18178888	134	*	1	1	0.007463	0.007463
156092	chr9	18888014	18888064	/home/rstudio/disco_tmp/data/scoring/acc_maf_ingroup/50/chr9/chr9_50_acc_18888014_18888064.maf	50	50	0	1	0.02	0.04	0.014142	0.02	0.04	0.014142	chr9:18888014-18888064	0.02	0.02902	0.036917	0.046958	TRUE	2	2	0	1 1	0 0	chr9	18887915	18888216	302	*	2	2	0.006623	0.006623
156092	chr9	18888114	18888164	/home/rstudio/disco_tmp/data/scoring/acc_maf_ingroup/50/chr9/chr9_50_acc_18888114_18888164.maf	50	50	0	1	0	0.08	0.056569	0	0.08	0.056569	chr9:18888114-18888164	0.02	0.141389	0.036917	0.146129	TRUE	2	2	0	1 1	0 0	chr9	18887915	18888216	302	*	2	2	0.006623	0.006623
15619	chr1	111046787	111046812	/home/rstudio/disco_tmp/data/scoring/acc_maf_ingroup/25/chr1/chr1_25_acc_111046787_111046812.maf	25	25	0	1	0.04	0.12	0.056569	0.04	0.12	0.056569	chr1:111046787-111046812	0.04	0.141389	0.084566	0.164749	TRUE	1	1	0	1	0	chr1	111046738	111046840	103	*	1	1	0.009709	0.009709
156197	chr9	19463565	19463590	/home/rstudio/disco_tmp/data/scoring/acc_maf_ingroup/25/chr9/chr9_25_acc_19463565_19463590.maf	25	25	0	1	0	0.04	0.028284	0	0.04	0.028284	chr9:19463565-19463590	0.04	0.066476	0.084566	0.107566	TRUE	1	1	0	1	0	chr9	19463541	19463756	216	*	1	1	0.00463	0.00463
156635	chr9	21151655	21151705	/home/rstudio/disco_tmp/data/scoring/acc_maf_ingroup/50/chr9/chr9_50_acc_21151655_21151705.maf	50	50	0	2	0.04	0.06	0.014142	0.04	0.06	0.014142	chr9:21151655-21151705	0.04	0.02902	0.084566	0.089407	TRUE	1	2	0	2	0	chr9	21151537	21151777	241	*	2	1	0.008299	0.004149
15677	chr1	111407733	111407758	/home/rstudio/disco_tmp/data/scoring/acc_maf_ingroup/25/chr1/chr1_25_acc_111407733_111407758.maf	25	25	0	1	0	0.12	0.084853	0	0.12	0.084853	chr1:111407733-111407758	0.04	0.216301	0.084566	0.232245	TRUE	1	1	0	1	0	chr1	111407709	111407835	127	*	1	1	0.007874	0.007874
15679	chr1	111410271	111410296	/home/rstudio/disco_tmp/data/scoring/acc_maf_ingroup/25/chr1/chr1_25_acc_111410271_111410296.maf	25	25	0	1	0	0.04	0.028284	0	0.04	0.028284	chr1:111410271-111410296	0.04	0.066476	0.084566	0.107566	TRUE	1	1	0	1	0	chr1	111410071	111410377	307	*	1	1	0.003257	0.003257
1569	chr1	13348134	13348159	/home/rstudio/disco_tmp/data/scoring/acc_maf_ingroup/25/chr1/chr1_25_acc_13348134_13348159.maf	25	25	0	1	0.04	0.08	0.028284	0.04	0.08	0.028284	chr1:13348134-13348159	0.04	0.066476	0.084566	0.107566	TRUE	1	1	0	1	0	chr1	13348110	13348219	110	*	1	1	0.009091	0.009091
15760	chr1	111967058	111967083	/home/rstudio/disco_tmp/data/scoring/acc_maf_ingroup/25/chr1/chr1_25_acc_111967058_111967083.maf	25	25	0	1	0	0.04	0.028284	0	0.04	0.028284	chr1:111967058-111967083	0.04	0.066476	0.084566	0.107566	TRUE	1	1	0	1	0	chr1	111967034	111967143	110	*	1	1	0.009091	0.009091
15807	chr1	112346859	112346909	/home/rstudio/disco_tmp/data/scoring/acc_maf_ingroup/50/chr1/chr1_50_acc_112346859_112346909.maf	50	50	0	1	0.04	0.16	0.084853	0.04	0.16	0.084853	chr1:112346859-112346909	0.02	0.216301	0.036917	0.219429	TRUE	1	1	0	1	0	chr1	112346810	112346945	136	*	1	1	0.007353	0.007353
16161	chr1	114498976	114499001	/home/rstudio/disco_tmp/data/scoring/acc_maf_ingroup/25/chr1/chr1_25_acc_114498976_114499001.maf	25	25	0	3	0	0.12	0.084853	0	0.12	0.084853	chr1:114498976-114499001	0.12	0.216301	0.275161	0.35	TRUE	1	3	0	3	0	chr1	114498952	114499223	272	*	3	1	0.011029	0.003676
16310	chr1	116230293	116230343	/home/rstudio/disco_tmp/data/scoring/acc_maf_ingroup/50/chr1/chr1_50_acc_116230293_116230343.maf	50	50	0	1	0.02	0.04	0.014142	0.02	0.04	0.014142	chr1:116230293-116230343	0.02	0.02902	0.036917	0.046958	TRUE	4	5	0	1 1 1 3	0 0 0 0	chr1	116230107	116230451	345	*	6	4	0.017391	0.011594
16310	chr1	116230318	116230343	/home/rstudio/disco_tmp/data/scoring/acc_maf_ingroup/25/chr1/chr1_25_acc_116230318_116230343.maf	25	25	0	1	0.04	0.08	0.028284	0.04	0.08	0.028284	chr1:116230318-116230343	0.04	0.066476	0.084566	0.107566	TRUE	4	5	0	1 1 1 3	0 0 0 0	chr1	116230107	116230451	345	*	6	4	0.017391	0.011594
16310	chr1	116230368	116230393	/home/rstudio/disco_tmp/data/scoring/acc_maf_ingroup/25/chr1/chr1_25_acc_116230368_116230393.maf	25	25	0	3	0	0.16	0.113137	0	0.16	0.113137	chr1:116230368-116230393	0.12	0.291214	0.275161	0.400648	TRUE	4	5	0	1 1 1 3	0 0 0 0	chr1	116230107	116230451	345	*	6	4	0.017391	0.011594
16310	chr1	116230343	116230368	/home/rstudio/disco_tmp/data/scoring/acc_maf_ingroup/25/chr1/chr1_25_acc_116230343_116230368.maf	25	25	0	1	0	0.04	0.028284	0	0.04	0.028284	chr1:116230343-116230368	0.04	0.066476	0.084566	0.107566	TRUE	4	5	0	1 1 1 3	0 0 0 0	chr1	116230107	116230451	345	*	6	4	0.017391	0.011594
16372	chr1	116793661	116793686	/home/rstudio/disco_tmp/data/scoring/acc_maf_ingroup/25/chr1/chr1_25_acc_116793661_116793686.maf	25	25	0	1	0.04	0.12	0.056569	0.04	0.12	0.056569	chr1:116793661-116793686	0.04	0.141389	0.084566	0.164749	TRUE	1	1	0	1	0	chr1	116793393	116793817	425	*	1	1	0.002353	0.002353
16412	chr1	116989490	116989540	/home/rstudio/disco_tmp/data/scoring/acc_maf_ingroup/50/chr1/chr1_50_acc_116989490_116989540.maf	50	50	0	5	0.02	0.1	0.056569	0.02	0.1	0.056569	chr1:116989490-116989540	0.1	0.141389	0.227512	0.267867	TRUE	1	5	0	5	0	chr1	116989491	116989591	101	*	5	1	0.049505	0.009901
16659	chr1	119518604	119518654	/home/rstudio/disco_tmp/data/scoring/acc_maf_ingroup/50/chr1/chr1_50_acc_119518604_119518654.maf	50	50	0	2	0.06	0.1	0.028284	0.06	0.1	0.028284	chr1:119518604-119518654	0.04	0.066476	0.084566	0.107566	TRUE	1	2	0	2	0	chr1	119518551	119518719	169	*	2	1	0.011834	0.005917
16662	chr1	119524450	119524500	/home/rstudio/disco_tmp/data/scoring/acc_maf_ingroup/50/chr1/chr1_50_acc_119524450_119524500.maf	50	50	0	3	0	0.1	0.070711	0	0.1	0.070711	chr1:119524450-119524500	0.06	0.178845	0.132215	0.22241	TRUE	1	3	0	3	0	chr1	119524444	119524565	122	*	3	1	0.02459	0.008197
16692	chr1	119679047	119679072	/home/rstudio/disco_tmp/data/scoring/acc_maf_ingroup/25/chr1/chr1_25_acc_119679047_119679072.maf	25	85	60	3	0.011765	0.035294	0.016638	0.011765	0.035294	0.016638	chr1:119679047-119679072	0.035294	0.03563	0.073354	0.08155	TRUE	4	6	61	1 3 1 1	0 60 1 0	chr1	119678698	119679490	793	*	2	2	0.002522	0.002522
16692	chr1	119678972	119678997	/home/rstudio/disco_tmp/data/scoring/acc_maf_ingroup/25/chr1/chr1_25_acc_119678972_119678997.maf	25	25	0	1	0	0.08	0.056569	0	0.08	0.056569	chr1:119678972-119678997	0.04	0.141389	0.084566	0.164749	TRUE	4	6	61	1 3 1 1	0 60 1 0	chr1	119678698	119679490	793	*	2	2	0.002522	0.002522
16692	chr1	119679097	119679147	/home/rstudio/disco_tmp/data/scoring/acc_maf_ingroup/50/chr1/chr1_50_acc_119679097_119679147.maf	50	51	1	1	0.019608	0.039216	0.013865	0.019608	0.039216	0.013865	chr1:119679097-119679147	0.019608	0.028286	0.035983	0.045769	TRUE	4	6	61	1 3 1 1	0 60 1 0	chr1	119678698	119679490	793	*	2	2	0.002522	0.002522
16692	chr1	119679347	119679372	/home/rstudio/disco_tmp/data/scoring/acc_maf_ingroup/25/chr1/chr1_25_acc_119679347_119679372.maf	25	25	0	1	0	0.04	0.028284	0	0.04	0.028284	chr1:119679347-119679372	0.04	0.066476	0.084566	0.107566	TRUE	4	6	61	1 3 1 1	0 60 1 0	chr1	119678698	119679490	793	*	2	2	0.002522	0.002522
16910	chr1	121599227	121599277	/home/rstudio/disco_tmp/data/scoring/acc_maf_ingroup/50/chr1/chr1_50_acc_121599227_121599277.maf	50	50	0	3	0.06	0.12	0.042426	0.06	0.12	0.042426	chr1:121599227-121599277	0.06	0.103933	0.132215	0.168175	TRUE	1	3	0	3	0	chr1	121599178	121599300	123	*	3	1	0.02439	0.00813
17095	chr1	122671744	122671794	/home/rstudio/disco_tmp/data/scoring/acc_maf_ingroup/50/chr1/chr1_50_acc_122671744_122671794.maf	50	50	0	2	0.02	0.08	0.042426	0.02	0.08	0.042426	chr1:122671744-122671794	0.04	0.103933	0.084566	0.13399	TRUE	2	2	0	2 2	0 0	chr1	122671745	122671877	133	*	4	2	0.030075	0.015038
17095	chr1	122671744	122671769	/home/rstudio/disco_tmp/data/scoring/acc_maf_ingroup/25/chr1/chr1_25_acc_122671744_122671769.maf	25	25	0	2	0	0.08	0.056569	0	0.08	0.056569	chr1:122671744-122671769	0.08	0.141389	0.179863	0.228783	TRUE	2	2	0	2 2	0 0	chr1	122671745	122671877	133	*	4	2	0.030075	0.015038
1721	chr1	14569334	14569384	/home/rstudio/disco_tmp/data/scoring/acc_maf_ingroup/50/chr1/chr1_50_acc_14569334_14569384.maf	50	53	3	2	0.056604	0.09434	0.026683	0.056604	0.09434	0.026683	chr1:14569334-14569384	0.037736	0.062236	0.079172	0.100705	TRUE	2	4	3	2 2	0 3	chr1	14569185	14569463	279	*	2	1	0.007168	0.003584
1721	chr1	14569184	14569209	/home/rstudio/disco_tmp/data/scoring/acc_maf_ingroup/25/chr1/chr1_25_acc_14569184_14569209.maf	25	25	0	2	0.04	0.16	0.084853	0.04	0.16	0.084853	chr1:14569184-14569209	0.08	0.216301	0.179863	0.281313	TRUE	2	4	3	2 2	0 3	chr1	14569185	14569463	279	*	2	1	0.007168	0.003584
1727	chr1	14684741	14684791	/home/rstudio/disco_tmp/data/scoring/acc_maf_ingroup/50/chr1/chr1_50_acc_14684741_14684791.maf	50	50	0	4	0.02	0.18	0.113137	0.02	0.18	0.113137	chr1:14684741-14684791	0.08	0.291214	0.179863	0.342281	TRUE	1	4	0	4	0	chr1	14684642	14684841	200	*	4	1	0.02	0.005
17281	chr1	124305542	124305592	/home/rstudio/disco_tmp/data/scoring/acc_maf_ingroup/50/chr1/chr1_50_acc_124305542_124305592.maf	50	50	0	1	0.04	0.08	0.028284	0.04	0.08	0.028284	chr1:124305542-124305592	0.02	0.066476	0.036917	0.076039	TRUE	2	1	0	1 1	0 0	chr1	124305393	124305859	467	*	2	2	0.004283	0.004283
17281	chr1	124305567	124305592	/home/rstudio/disco_tmp/data/scoring/acc_maf_ingroup/25/chr1/chr1_25_acc_124305567_124305592.maf	25	25	0	1	0.08	0.12	0.028284	0.08	0.12	0.028284	chr1:124305567-124305592	0.04	0.066476	0.084566	0.107566	TRUE	2	1	0	1 1	0 0	chr1	124305393	124305859	467	*	2	2	0.004283	0.004283
1732	chr1	14688624	14688649	/home/rstudio/disco_tmp/data/scoring/acc_maf_ingroup/25/chr1/chr1_25_acc_14688624_14688649.maf	25	25	0	3	0.08	0.2	0.084853	0.08	0.2	0.084853	chr1:14688624-14688649	0.12	0.216301	0.275161	0.35	TRUE	1	3	0	3	0	chr1	14688575	14688740	166	*	3	1	0.018072	0.006024
1734	chr1	14691862	14691912	/home/rstudio/disco_tmp/data/scoring/acc_maf_ingroup/50/chr1/chr1_50_acc_14691862_14691912.maf	50	54	4	3	0.018519	0.074074	0.039284	0.018519	0.074074	0.039284	chr1:14691862-14691912	0.055556	0.095609	0.121626	0.154706	TRUE	3	5	4	3 2 2	4 0 0	chr1	14691850	14692026	177	*	4	2	0.022599	0.011299
1734	chr1	14691912	14691937	/home/rstudio/disco_tmp/data/scoring/acc_maf_ingroup/25/chr1/chr1_25_acc_14691912_14691937.maf	25	25	0	2	0.04	0.16	0.084853	0.04	0.16	0.084853	chr1:14691912-14691937	0.08	0.216301	0.179863	0.281313	TRUE	3	5	4	3 2 2	4 0 0	chr1	14691850	14692026	177	*	4	2	0.022599	0.011299
1734	chr1	14691912	14691962	/home/rstudio/disco_tmp/data/scoring/acc_maf_ingroup/50/chr1/chr1_50_acc_14691912_14691962.maf	50	50	0	2	0.02	0.08	0.042426	0.02	0.08	0.042426	chr1:14691912-14691962	0.04	0.103933	0.084566	0.13399	TRUE	3	5	4	3 2 2	4 0 0	chr1	14691850	14692026	177	*	4	2	0.022599	0.011299
17417	chr1	126003929	126003954	/home/rstudio/disco_tmp/data/scoring/acc_maf_ingroup/25/chr1/chr1_25_acc_126003929_126003954.maf	25	25	0	3	0	0.2	0.141421	0	0.2	0.141421	chr1:126003929-126003954	0.12	0.366126	0.275161	0.457998	TRUE	1	3	0	3	0	chr1	126003619	126004416	798	*	3	1	0.003759	0.001253
17508	chr1	126548888	126548938	/home/rstudio/disco_tmp/data/scoring/acc_maf_ingroup/50/chr1/chr1_50_acc_126548888_126548938.maf	50	70	20	1	0	0.028571	0.020203	0	0.028571	0.020203	chr1:126548888-126548938	0.014286	0.045073	0.023303	0.05074	TRUE	3	5	53	1 1 3	20 0 33	chr1	126548823	126549464	642	*	1	1	0.001558	0.001558
17508	chr1	126549005	126549030	/home/rstudio/disco_tmp/data/scoring/acc_maf_ingroup/25/chr1/chr1_25_acc_126549005_126549030.maf	25	25	0	1	0	0.04	0.028284	0	0.04	0.028284	chr1:126549005-126549030	0.04	0.066476	0.084566	0.107566	TRUE	3	5	53	1 1 3	20 0 33	chr1	126548823	126549464	642	*	1	1	0.001558	0.001558
17508	chr1	126549305	126549355	/home/rstudio/disco_tmp/data/scoring/acc_maf_ingroup/50/chr1/chr1_50_acc_126549305_126549355.maf	50	83	33	3	0.012048	0.108434	0.068155	0.012048	0.108434	0.068155	chr1:126549305-126549355	0.036145	0.172076	0.075381	0.187862	TRUE	3	5	53	1 1 3	20 0 33	chr1	126548823	126549464	642	*	1	1	0.001558	0.001558
17510	chr1	126551572	126551622	/home/rstudio/disco_tmp/data/scoring/acc_maf_ingroup/50/chr1/chr1_50_acc_126551572_126551622.maf	50	52	2	1	0.019231	0.057692	0.027196	0.019231	0.057692	0.027196	chr1:126551572-126551622	0.019231	0.063595	0.035084	0.072631	TRUE	2	1	2	1 1	2 0	chr1	126551573	126551744	172	*	1	1	0.005814	0.005814
17510	chr1	126551597	126551622	/home/rstudio/disco_tmp/data/scoring/acc_maf_ingroup/25/chr1/chr1_25_acc_126551597_126551622.maf	25	25	0	1	0.04	0.12	0.056569	0.04	0.12	0.056569	chr1:126551597-126551622	0.04	0.141389	0.084566	0.164749	TRUE	2	1	2	1 1	2 0	chr1	126551573	126551744	172	*	1	1	0.005814	0.005814
17513	chr1	126562057	126562107	/home/rstudio/disco_tmp/data/scoring/acc_maf_ingroup/50/chr1/chr1_50_acc_126562057_126562107.maf	50	59	9	2	0.033898	0.118644	0.059924	0.033898	0.118644	0.059924	chr1:126562057-126562107	0.033898	0.150277	0.070029	0.165792	TRUE	2	2	9	2 1	9 0	chr1	126562058	126562171	114	*	1	1	0.008772	0.008772
17513	chr1	126562082	126562107	/home/rstudio/disco_tmp/data/scoring/acc_maf_ingroup/25/chr1/chr1_25_acc_126562082_126562107.maf	25	25	0	1	0	0.08	0.056569	0	0.08	0.056569	chr1:126562082-126562107	0.04	0.141389	0.084566	0.164749	TRUE	2	2	9	2 1	9 0	chr1	126562058	126562171	114	*	1	1	0.008772	0.008772
17559	chr1	127164649	127164699	/home/rstudio/disco_tmp/data/scoring/acc_maf_ingroup/50/chr1/chr1_50_acc_127164649_127164699.maf	50	50	0	3	0.02	0.14	0.084853	0.02	0.14	0.084853	chr1:127164649-127164699	0.06	0.216301	0.132215	0.253509	TRUE	1	3	0	3	0	chr1	127164600	127164828	229	*	3	1	0.0131	0.004367
17655	chr1	128273785	128273810	/home/rstudio/disco_tmp/data/scoring/acc_maf_ingroup/25/chr1/chr1_25_acc_128273785_128273810.maf	25	25	0	1	0	0.04	0.028284	0	0.04	0.028284	chr1:128273785-128273810	0.04	0.066476	0.084566	0.107566	TRUE	1	1	0	1	0	chr1	128273761	128273894	134	*	1	1	0.007463	0.007463
17761	chr1	129762576	129762626	/home/rstudio/disco_tmp/data/scoring/acc_maf_ingroup/50/chr1/chr1_50_acc_129762576_129762626.maf	50	50	0	1	0	0.06	0.042426	0	0.06	0.042426	chr1:129762576-129762626	0.02	0.103933	0.036917	0.110294	TRUE	1	1	0	1	0	chr1	129762577	129762748	172	*	1	1	0.005814	0.005814
1791	chr1	14952027	14952077	/home/rstudio/disco_tmp/data/scoring/acc_maf_ingroup/50/chr1/chr1_50_acc_14952027_14952077.maf	50	50	0	3	0	0.08	0.056569	0	0.08	0.056569	chr1:14952027-14952077	0.06	0.141389	0.132215	0.193576	TRUE	2	3	0	2 3	0 0	chr1	14952028	14952201	174	*	5	2	0.028736	0.011494
1791	chr1	14952027	14952052	/home/rstudio/disco_tmp/data/scoring/acc_maf_ingroup/25/chr1/chr1_25_acc_14952027_14952052.maf	25	25	0	2	0	0.08	0.056569	0	0.08	0.056569	chr1:14952027-14952052	0.08	0.141389	0.179863	0.228783	TRUE	2	3	0	2 3	0 0	chr1	14952028	14952201	174	*	5	2	0.028736	0.011494
1808	chr1	15000701	15000751	/home/rstudio/disco_tmp/data/scoring/acc_maf_ingroup/50/chr1/chr1_50_acc_15000701_15000751.maf	50	50	0	2	0.08	0.18	0.070711	0.08	0.18	0.070711	chr1:15000701-15000751	0.04	0.178845	0.084566	0.19783	TRUE	2	3	0	2 1	0 0	chr1	15000702	15000814	113	*	3	2	0.026549	0.017699
1808	chr1	15000751	15000776	/home/rstudio/disco_tmp/data/scoring/acc_maf_ingroup/25/chr1/chr1_25_acc_15000751_15000776.maf	25	25	0	1	0.04	0.2	0.113137	0.04	0.2	0.113137	chr1:15000751-15000776	0.04	0.291214	0.084566	0.303244	TRUE	2	3	0	2 1	0 0	chr1	15000702	15000814	113	*	3	2	0.026549	0.017699
18114	chr1	131750930	131750955	/home/rstudio/disco_tmp/data/scoring/acc_maf_ingroup/25/chr1/chr1_25_acc_131750930_131750955.maf	25	25	0	1	0	0.08	0.056569	0	0.08	0.056569	chr1:131750930-131750955	0.04	0.141389	0.084566	0.164749	TRUE	1	1	0	1	0	chr1	131750931	131751105	175	*	1	1	0.005714	0.005714
18130	chr1	131841069	131841094	/home/rstudio/disco_tmp/data/scoring/acc_maf_ingroup/25/chr1/chr1_25_acc_131841069_131841094.maf	25	25	0	1	0	0.08	0.056569	0	0.08	0.056569	chr1:131841069-131841094	0.04	0.141389	0.084566	0.164749	TRUE	1	1	0	1	0	chr1	131840970	131841102	133	*	1	1	0.007519	0.007519
18169	chr1	131868090	131868115	/home/rstudio/disco_tmp/data/scoring/acc_maf_ingroup/25/chr1/chr1_25_acc_131868090_131868115.maf	25	25	0	1	0	0.16	0.113137	0	0.16	0.113137	chr1:131868090-131868115	0.04	0.291214	0.084566	0.303244	TRUE	1	1	0	1	0	chr1	131867941	131868137	197	*	1	1	0.005076	0.005076
18187	chr1	131885405	131885455	/home/rstudio/disco_tmp/data/scoring/acc_maf_ingroup/50/chr1/chr1_50_acc_131885405_131885455.maf	50	50	0	5	0.06	0.18	0.084853	0.06	0.18	0.084853	chr1:131885405-131885455	0.1	0.216301	0.227512	0.313924	TRUE	1	5	0	5	0	chr1	131885306	131885473	168	*	5	1	0.029762	0.005952
18195	chr1	131892569	131892594	/home/rstudio/disco_tmp/data/scoring/acc_maf_ingroup/25/chr1/chr1_25_acc_131892569_131892594.maf	25	25	0	1	0.04	0.08	0.028284	0.04	0.08	0.028284	chr1:131892569-131892594	0.04	0.066476	0.084566	0.107566	TRUE	1	1	0	1	0	chr1	131892470	131892643	174	*	1	1	0.005747	0.005747
18274	chr1	132734248	132734273	/home/rstudio/disco_tmp/data/scoring/acc_maf_ingroup/25/chr1/chr1_25_acc_132734248_132734273.maf	25	25	0	1	0	0.08	0.056569	0	0.08	0.056569	chr1:132734248-132734273	0.04	0.141389	0.084566	0.164749	TRUE	1	1	0	1	0	chr1	132734224	132734449	226	*	1	1	0.004425	0.004425
18335	chr1	133236634	133236684	/home/rstudio/disco_tmp/data/scoring/acc_maf_ingroup/50/chr1/chr1_50_acc_133236634_133236684.maf	50	50	0	3	0.06	0.14	0.056569	0.06	0.14	0.056569	chr1:133236634-133236684	0.06	0.141389	0.132215	0.193576	TRUE	1	3	0	3	0	chr1	133236335	133237707	1373	*	3	1	0.002185	0.000728
18341	chr1	133256330	133256355	/home/rstudio/disco_tmp/data/scoring/acc_maf_ingroup/25/chr1/chr1_25_acc_133256330_133256355.maf	25	25	0	1	0	0.04	0.028284	0	0.04	0.028284	chr1:133256330-133256355	0.04	0.066476	0.084566	0.107566	TRUE	1	1	0	1	0	chr1	133256256	133256384	129	*	1	1	0.007752	0.007752
18365	chr1	133438556	133438581	/home/rstudio/disco_tmp/data/scoring/acc_maf_ingroup/25/chr1/chr1_25_acc_133438556_133438581.maf	25	25	0	2	0	0.08	0.056569	0	0.08	0.056569	chr1:133438556-133438581	0.08	0.141389	0.179863	0.228783	TRUE	1	2	0	2	0	chr1	133438495	133438600	106	*	2	1	0.018868	0.009434
18382	chr1	133462638	133462663	/home/rstudio/disco_tmp/data/scoring/acc_maf_ingroup/25/chr1/chr1_25_acc_133462638_133462663.maf	25	25	0	1	0	0.12	0.084853	0	0.12	0.084853	chr1:133462638-133462663	0.04	0.216301	0.084566	0.232245	TRUE	1	1	0	1	0	chr1	133462614	133462780	167	*	1	1	0.005988	0.005988
18442	chr1	133661379	133661429	/home/rstudio/disco_tmp/data/scoring/acc_maf_ingroup/50/chr1/chr1_50_acc_133661379_133661429.maf	50	50	0	1	0.04	0.1	0.042426	0.04	0.1	0.042426	chr1:133661379-133661429	0.02	0.103933	0.036917	0.110294	TRUE	1	1	0	1	0	chr1	133661330	133661476	147	*	1	1	0.006803	0.006803
18444	chr1	133689768	133689818	/home/rstudio/disco_tmp/data/scoring/acc_maf_ingroup/50/chr1/chr1_50_acc_133689768_133689818.maf	50	50	0	1	0.02	0.08	0.042426	0.02	0.08	0.042426	chr1:133689768-133689818	0.02	0.103933	0.036917	0.110294	TRUE	1	1	0	1	0	chr1	133689719	133689843	125	*	1	1	0.008	0.008
18487	chr1	133884627	133884677	/home/rstudio/disco_tmp/data/scoring/acc_maf_ingroup/50/chr1/chr1_50_acc_133884627_133884677.maf	50	50	0	2	0.02	0.1	0.056569	0.02	0.1	0.056569	chr1:133884627-133884677	0.04	0.141389	0.084566	0.164749	TRUE	3	2	0	1 2 1	0 0 0	chr1	133884578	133884778	201	*	4	3	0.0199	0.014925
18487	chr1	133884627	133884652	/home/rstudio/disco_tmp/data/scoring/acc_maf_ingroup/25/chr1/chr1_25_acc_133884627_133884652.maf	25	25	0	1	0.04	0.08	0.028284	0.04	0.08	0.028284	chr1:133884627-133884652	0.04	0.066476	0.084566	0.107566	TRUE	3	2	0	1 2 1	0 0 0	chr1	133884578	133884778	201	*	4	3	0.0199	0.014925
18487	chr1	133884652	133884677	/home/rstudio/disco_tmp/data/scoring/acc_maf_ingroup/25/chr1/chr1_25_acc_133884652_133884677.maf	25	25	0	1	0	0.12	0.084853	0	0.12	0.084853	chr1:133884652-133884677	0.04	0.216301	0.084566	0.232245	TRUE	3	2	0	1 2 1	0 0 0	chr1	133884578	133884778	201	*	4	3	0.0199	0.014925
1858	chr1	15108812	15108862	/home/rstudio/disco_tmp/data/scoring/acc_maf_ingroup/50/chr1/chr1_50_acc_15108812_15108862.maf	50	50	0	1	0.06	0.1	0.028284	0.06	0.1	0.028284	chr1:15108812-15108862	0.02	0.066476	0.036917	0.076039	TRUE	1	1	0	1	0	chr1	15108763	15108916	154	*	1	1	0.006494	0.006494
18610	chr1	134413992	134414017	/home/rstudio/disco_tmp/data/scoring/acc_maf_ingroup/25/chr1/chr1_25_acc_134413992_134414017.maf	25	25	0	1	0	0.04	0.028284	0	0.04	0.028284	chr1:134413992-134414017	0.04	0.066476	0.084566	0.107566	TRUE	1	1	0	1	0	chr1	134413968	134414211	244	*	1	1	0.004098	0.004098
18629	chr1	134624093	134624118	/home/rstudio/disco_tmp/data/scoring/acc_maf_ingroup/25/chr1/chr1_25_acc_134624093_134624118.maf	25	25	0	2	0	0.08	0.056569	0	0.08	0.056569	chr1:134624093-134624118	0.08	0.141389	0.179863	0.228783	TRUE	2	6	0	4 2	0 0	chr1	134623994	134624148	155	*	6	2	0.03871	0.012903
18629	chr1	134623993	134624043	/home/rstudio/disco_tmp/data/scoring/acc_maf_ingroup/50/chr1/chr1_50_acc_134623993_134624043.maf	50	50	0	4	0.06	0.1	0.028284	0.06	0.1	0.028284	chr1:134623993-134624043	0.08	0.066476	0.179863	0.191755	TRUE	2	6	0	4 2	0 0	chr1	134623994	134624148	155	*	6	2	0.03871	0.012903
1864	chr1	15124271	15124321	/home/rstudio/disco_tmp/data/scoring/acc_maf_ingroup/50/chr1/chr1_50_acc_15124271_15124321.maf	50	50	0	2	0.04	0.18	0.098995	0.04	0.18	0.098995	chr1:15124271-15124321	0.04	0.253757	0.084566	0.267477	TRUE	1	2	0	2	0	chr1	15124272	15124439	168	*	2	1	0.011905	0.005952
1869	chr1	15146744	15146769	/home/rstudio/disco_tmp/data/scoring/acc_maf_ingroup/25/chr1/chr1_25_acc_15146744_15146769.maf	25	25	0	1	0	0.12	0.084853	0	0.12	0.084853	chr1:15146744-15146769	0.04	0.216301	0.084566	0.232245	TRUE	1	1	0	1	0	chr1	15146670	15146874	205	*	1	1	0.004878	0.004878
18741	chr1	135306621	135306671	/home/rstudio/disco_tmp/data/scoring/acc_maf_ingroup/50/chr1/chr1_50_acc_135306621_135306671.maf	50	50	0	3	0.04	0.1	0.042426	0.04	0.1	0.042426	chr1:135306621-135306671	0.06	0.103933	0.132215	0.168175	TRUE	2	4	0	3 1	0 0	chr1	135306534	135307010	477	*	4	2	0.008386	0.004193
18741	chr1	135306937	135306962	/home/rstudio/disco_tmp/data/scoring/acc_maf_ingroup/25/chr1/chr1_25_acc_135306937_135306962.maf	25	25	0	1	0	0.04	0.028284	0	0.04	0.028284	chr1:135306937-135306962	0.04	0.066476	0.084566	0.107566	TRUE	2	4	0	3 1	0 0	chr1	135306534	135307010	477	*	4	2	0.008386	0.004193
18742	chr1	135311916	135311941	/home/rstudio/disco_tmp/data/scoring/acc_maf_ingroup/25/chr1/chr1_25_acc_135311916_135311941.maf	25	25	0	1	0.04	0.08	0.028284	0.04	0.08	0.028284	chr1:135311916-135311941	0.04	0.066476	0.084566	0.107566	TRUE	4	8	30	3 2 2 1	30 0 0 0	chr1	135311684	135311965	282	*	5	3	0.01773	0.010638
18742	chr1	135311766	135311791	/home/rstudio/disco_tmp/data/scoring/acc_maf_ingroup/25/chr1/chr1_25_acc_135311766_135311791.maf	25	25	0	2	0	0.16	0.113137	0	0.16	0.113137	chr1:135311766-135311791	0.08	0.291214	0.179863	0.342281	TRUE	4	8	30	3 2 2 1	30 0 0 0	chr1	135311684	135311965	282	*	5	3	0.01773	0.010638
18742	chr1	135311691	135311741	/home/rstudio/disco_tmp/data/scoring/acc_maf_ingroup/50/chr1/chr1_50_acc_135311691_135311741.maf	50	80	30	3	0.025	0.05	0.017678	0.025	0.05	0.017678	chr1:135311691-135311741	0.0375	0.038384	0.07861	0.087481	TRUE	4	8	30	3 2 2 1	30 0 0 0	chr1	135311684	135311965	282	*	5	3	0.01773	0.010638
18742	chr1	135311791	135311841	/home/rstudio/disco_tmp/data/scoring/acc_maf_ingroup/50/chr1/chr1_50_acc_135311791_135311841.maf	50	50	0	2	0	0.1	0.070711	0	0.1	0.070711	chr1:135311791-135311841	0.04	0.178845	0.084566	0.19783	TRUE	4	8	30	3 2 2 1	30 0 0 0	chr1	135311684	135311965	282	*	5	3	0.01773	0.010638
19058	chr1	136363900	136363950	/home/rstudio/disco_tmp/data/scoring/acc_maf_ingroup/50/chr1/chr1_50_acc_136363900_136363950.maf	50	50	0	5	0.04	0.1	0.042426	0.04	0.1	0.042426	chr1:136363900-136363950	0.1	0.103933	0.227512	0.250128	TRUE	1	5	0	5	0	chr1	136363801	136363982	182	*	5	1	0.027473	0.005495
19340	chr1	138395620	138395670	/home/rstudio/disco_tmp/data/scoring/acc_maf_ingroup/50/chr1/chr1_50_acc_138395620_138395670.maf	50	50	0	2	0.04	0.06	0.014142	0.04	0.06	0.014142	chr1:138395620-138395670	0.04	0.02902	0.084566	0.089407	TRUE	1	2	0	2	0	chr1	138395571	138395687	117	*	2	1	0.017094	0.008547
19346	chr1	138455726	138455776	/home/rstudio/disco_tmp/data/scoring/acc_maf_ingroup/50/chr1/chr1_50_acc_138455726_138455776.maf	50	50	0	4	0.04	0.1	0.042426	0.04	0.1	0.042426	chr1:138455726-138455776	0.08	0.103933	0.179863	0.207733	TRUE	1	4	0	4	0	chr1	138455627	138455787	161	*	4	1	0.024845	0.006211
19397	chr1	138698962	138699012	/home/rstudio/disco_tmp/data/scoring/acc_maf_ingroup/50/chr1/chr1_50_acc_138698962_138699012.maf	50	50	0	3	0.04	0.1	0.042426	0.04	0.1	0.042426	chr1:138698962-138699012	0.06	0.103933	0.132215	0.168175	TRUE	2	4	0	3 1	0 0	chr1	138698963	138699121	159	*	4	2	0.025157	0.012579
19397	chr1	138699012	138699062	/home/rstudio/disco_tmp/data/scoring/acc_maf_ingroup/50/chr1/chr1_50_acc_138699012_138699062.maf	50	50	0	1	0.1	0.16	0.042426	0.1	0.16	0.042426	chr1:138699012-138699062	0.02	0.103933	0.036917	0.110294	TRUE	2	4	0	3 1	0 0	chr1	138698963	138699121	159	*	4	2	0.025157	0.012579
19398	chr1	138707268	138707318	/home/rstudio/disco_tmp/data/scoring/acc_maf_ingroup/50/chr1/chr1_50_acc_138707268_138707318.maf	50	50	0	1	0	0.06	0.042426	0	0.06	0.042426	chr1:138707268-138707318	0.02	0.103933	0.036917	0.110294	TRUE	1	1	0	1	0	chr1	138707219	138707377	159	*	1	1	0.006289	0.006289
19594	chr1	140184878	140184928	/home/rstudio/disco_tmp/data/scoring/acc_maf_ingroup/50/chr1/chr1_50_acc_140184878_140184928.maf	50	50	0	1	0.02	0.1	0.056569	0.02	0.1	0.056569	chr1:140184878-140184928	0.02	0.141389	0.036917	0.146129	TRUE	1	1	0	1	0	chr1	140184879	140184986	108	*	1	1	0.009259	0.009259
19876	chr1	142503854	142503904	/home/rstudio/disco_tmp/data/scoring/acc_maf_ingroup/50/chr1/chr1_50_acc_142503854_142503904.maf	50	50	0	1	0	0.04	0.028284	0	0.04	0.028284	chr1:142503854-142503904	0.02	0.066476	0.036917	0.076039	TRUE	1	1	0	1	0	chr1	142502747	142503940	1194	*	1	1	0.000838	0.000838
19877	chr1	142505075	142505125	/home/rstudio/disco_tmp/data/scoring/acc_maf_ingroup/50/chr1/chr1_50_acc_142505075_142505125.maf	50	50	0	1	0.06	0.08	0.014142	0.06	0.08	0.014142	chr1:142505075-142505125	0.02	0.02902	0.036917	0.046958	TRUE	1	1	0	1	0	chr1	142504976	142505162	187	*	1	1	0.005348	0.005348
19902	chr1	142553721	142553771	/home/rstudio/disco_tmp/data/scoring/acc_maf_ingroup/50/chr1/chr1_50_acc_142553721_142553771.maf	50	50	0	1	0.02	0.04	0.014142	0.02	0.04	0.014142	chr1:142553721-142553771	0.02	0.02902	0.036917	0.046958	TRUE	4	5	115	2 1 1 2	49 6 0 66	chr1	142553672	142555297	1626	*	1	1	0.000615	0.000615
19902	chr1	142553696	142553721	/home/rstudio/disco_tmp/data/scoring/acc_maf_ingroup/25/chr1/chr1_25_acc_142553696_142553721.maf	25	31	6	1	0	0.064516	0.04562	0	0.064516	0.04562	chr1:142553696-142553721	0.032258	0.11239	0.066121	0.130398	TRUE	4	5	115	2 1 1 2	49 6 0 66	chr1	142553672	142555297	1626	*	1	1	0.000615	0.000615
19902	chr1	142553671	142553721	/home/rstudio/disco_tmp/data/scoring/acc_maf_ingroup/50/chr1/chr1_50_acc_142553671_142553721.maf	50	99	49	2	0.020202	0.050505	0.021427	0.020202	0.050505	0.021427	chr1:142553671-142553721	0.020202	0.048316	0.037398	0.061099	TRUE	4	5	115	2 1 1 2	49 6 0 66	chr1	142553672	142555297	1626	*	1	1	0.000615	0.000615
19902	chr1	142553921	142553971	/home/rstudio/disco_tmp/data/scoring/acc_maf_ingroup/50/chr1/chr1_50_acc_142553921_142553971.maf	50	116	66	2	0	0.025862	0.018287	0	0.025862	0.018287	chr1:142553921-142553971	0.017241	0.039999	0.030345	0.050207	TRUE	4	5	115	2 1 1 2	49 6 0 66	chr1	142553672	142555297	1626	*	1	1	0.000615	0.000615
20178	chr1	144408798	144408823	/home/rstudio/disco_tmp/data/scoring/acc_maf_ingroup/25/chr1/chr1_25_acc_144408798_144408823.maf	25	25	0	1	0.04	0.08	0.028284	0.04	0.08	0.028284	chr1:144408798-144408823	0.04	0.066476	0.084566	0.107566	TRUE	2	2	0	1 1	0 0	chr1	144408605	144408958	354	*	2	2	0.00565	0.00565
20178	chr1	144408604	144408629	/home/rstudio/disco_tmp/data/scoring/acc_maf_ingroup/25/chr1/chr1_25_acc_144408604_144408629.maf	25	25	0	1	0	0.04	0.028284	0	0.04	0.028284	chr1:144408604-144408629	0.04	0.066476	0.084566	0.107566	TRUE	2	2	0	1 1	0 0	chr1	144408605	144408958	354	*	2	2	0.00565	0.00565
20196	chr1	144788627	144788677	/home/rstudio/disco_tmp/data/scoring/acc_maf_ingroup/50/chr1/chr1_50_acc_144788627_144788677.maf	50	50	0	1	0.04	0.06	0.014142	0.04	0.06	0.014142	chr1:144788627-144788677	0.02	0.02902	0.036917	0.046958	TRUE	2	4	0	1 3	0 0	chr1	144788628	144788841	214	*	4	2	0.018692	0.009346
20196	chr1	144788727	144788777	/home/rstudio/disco_tmp/data/scoring/acc_maf_ingroup/50/chr1/chr1_50_acc_144788727_144788777.maf	50	50	0	3	0.04	0.08	0.028284	0.04	0.08	0.028284	chr1:144788727-144788777	0.06	0.066476	0.132215	0.147986	TRUE	2	4	0	1 3	0 0	chr1	144788628	144788841	214	*	4	2	0.018692	0.009346
20515	chr1	146291856	146291881	/home/rstudio/disco_tmp/data/scoring/acc_maf_ingroup/25/chr1/chr1_25_acc_146291856_146291881.maf	25	25	0	1	0.04	0.12	0.056569	0.04	0.12	0.056569	chr1:146291856-146291881	0.04	0.141389	0.084566	0.164749	TRUE	1	1	0	1	0	chr1	146291707	146291957	251	*	1	1	0.003984	0.003984
20527	chr1	146340221	146340246	/home/rstudio/disco_tmp/data/scoring/acc_maf_ingroup/25/chr1/chr1_25_acc_146340221_146340246.maf	25	25	0	1	0.04	0.08	0.028284	0.04	0.08	0.028284	chr1:146340221-146340246	0.04	0.066476	0.084566	0.107566	TRUE	1	1	0	1	0	chr1	146340222	146340329	108	*	1	1	0.009259	0.009259
20537	chr1	146366910	146366960	/home/rstudio/disco_tmp/data/scoring/acc_maf_ingroup/50/chr1/chr1_50_acc_146366910_146366960.maf	50	50	0	1	0.02	0.08	0.042426	0.02	0.08	0.042426	chr1:146366910-146366960	0.02	0.103933	0.036917	0.110294	TRUE	1	1	0	1	0	chr1	146366765	146366975	211	*	1	1	0.004739	0.004739
20547	chr1	146388805	146388830	/home/rstudio/disco_tmp/data/scoring/acc_maf_ingroup/25/chr1/chr1_25_acc_146388805_146388830.maf	25	25	0	1	0	0.08	0.056569	0	0.08	0.056569	chr1:146388805-146388830	0.04	0.141389	0.084566	0.164749	TRUE	2	3	0	1 2	0 0	chr1	146388796	146388969	174	*	3	2	0.017241	0.011494
20547	chr1	146388855	146388905	/home/rstudio/disco_tmp/data/scoring/acc_maf_ingroup/50/chr1/chr1_50_acc_146388855_146388905.maf	50	50	0	2	0.08	0.12	0.028284	0.08	0.12	0.028284	chr1:146388855-146388905	0.04	0.066476	0.084566	0.107566	TRUE	2	3	0	1 2	0 0	chr1	146388796	146388969	174	*	3	2	0.017241	0.011494
20548	chr1	146390174	146390224	/home/rstudio/disco_tmp/data/scoring/acc_maf_ingroup/50/chr1/chr1_50_acc_146390174_146390224.maf	50	50	0	1	0.04	0.1	0.042426	0.04	0.1	0.042426	chr1:146390174-146390224	0.02	0.103933	0.036917	0.110294	TRUE	1	1	0	1	0	chr1	146390125	146390247	123	*	1	1	0.00813	0.00813
20593	chr1	146762996	146763021	/home/rstudio/disco_tmp/data/scoring/acc_maf_ingroup/25/chr1/chr1_25_acc_146762996_146763021.maf	25	25	0	1	0	0.08	0.056569	0	0.08	0.056569	chr1:146762996-146763021	0.04	0.141389	0.084566	0.164749	TRUE	2	3	23	1 2	0 23	chr1	146762852	146763457	606	*	1	1	0.00165	0.00165
20593	chr1	146763333	146763383	/home/rstudio/disco_tmp/data/scoring/acc_maf_ingroup/50/chr1/chr1_50_acc_146763333_146763383.maf	50	73	23	2	0.027397	0.068493	0.029059	0.027397	0.068493	0.029059	chr1:146763333-146763383	0.027397	0.068529	0.054541	0.087583	TRUE	2	3	23	1 2	0 23	chr1	146762852	146763457	606	*	1	1	0.00165	0.00165
20595	chr1	146764558	146764583	/home/rstudio/disco_tmp/data/scoring/acc_maf_ingroup/25/chr1/chr1_25_acc_146764558_146764583.maf	25	25	0	1	0	0.12	0.084853	0	0.12	0.084853	chr1:146764558-146764583	0.04	0.216301	0.084566	0.232245	TRUE	2	2	3	1 1	3 0	chr1	146764190	146764690	501	*	1	1	0.001996	0.001996
20595	chr1	146764465	146764490	/home/rstudio/disco_tmp/data/scoring/acc_maf_ingroup/25/chr1/chr1_25_acc_146764465_146764490.maf	25	28	3	1	0.035714	0.107143	0.050508	0.035714	0.107143	0.050508	chr1:146764465-146764490	0.035714	0.125336	0.074355	0.145732	TRUE	2	2	3	1 1	3 0	chr1	146764190	146764690	501	*	1	1	0.001996	0.001996
20599	chr1	146782578	146782603	/home/rstudio/disco_tmp/data/scoring/acc_maf_ingroup/25/chr1/chr1_25_acc_146782578_146782603.maf	25	25	0	1	0	0.08	0.056569	0	0.08	0.056569	chr1:146782578-146782603	0.04	0.141389	0.084566	0.164749	TRUE	1	1	0	1	0	chr1	146782504	146782668	165	*	1	1	0.006061	0.006061
20602	chr1	146787512	146787562	/home/rstudio/disco_tmp/data/scoring/acc_maf_ingroup/50/chr1/chr1_50_acc_146787512_146787562.maf	50	63	13	4	0.015873	0.095238	0.05612	0.015873	0.095238	0.05612	chr1:146787512-146787562	0.063492	0.1402	0.140534	0.198509	TRUE	5	10	13	4 3 2 2 4	13 7 0 0 0	chr1	146787513	146787803	291	*	8	3	0.027491	0.010309
20602	chr1	146787537	146787562	/home/rstudio/disco_tmp/data/scoring/acc_maf_ingroup/25/chr1/chr1_25_acc_146787537_146787562.maf	25	32	7	3	0.03125	0.125	0.066291	0.03125	0.125	0.066291	chr1:146787537-146787562	0.09375	0.16714	0.212622	0.270451	TRUE	5	10	13	4 3 2 2 4	13 7 0 0 0	chr1	146787513	146787803	291	*	8	3	0.027491	0.010309
20602	chr1	146787662	146787687	/home/rstudio/disco_tmp/data/scoring/acc_maf_ingroup/25/chr1/chr1_25_acc_146787662_146787687.maf	25	25	0	2	0	0.08	0.056569	0	0.08	0.056569	chr1:146787662-146787687	0.08	0.141389	0.179863	0.228783	TRUE	5	10	13	4 3 2 2 4	13 7 0 0 0	chr1	146787513	146787803	291	*	8	3	0.027491	0.010309
20602	chr1	146787637	146787662	/home/rstudio/disco_tmp/data/scoring/acc_maf_ingroup/25/chr1/chr1_25_acc_146787637_146787662.maf	25	25	0	2	0	0.08	0.056569	0	0.08	0.056569	chr1:146787637-146787662	0.08	0.141389	0.179863	0.228783	TRUE	5	10	13	4 3 2 2 4	13 7 0 0 0	chr1	146787513	146787803	291	*	8	3	0.027491	0.010309
20602	chr1	146787662	146787712	/home/rstudio/disco_tmp/data/scoring/acc_maf_ingroup/50/chr1/chr1_50_acc_146787662_146787712.maf	50	50	0	4	0	0.08	0.056569	0	0.08	0.056569	chr1:146787662-146787712	0.08	0.141389	0.179863	0.228783	TRUE	5	10	13	4 3 2 2 4	13 7 0 0 0	chr1	146787513	146787803	291	*	8	3	0.027491	0.010309
20692	chr1	147510767	147510792	/home/rstudio/disco_tmp/data/scoring/acc_maf_ingroup/25/chr1/chr1_25_acc_147510767_147510792.maf	25	25	0	3	0.04	0.16	0.084853	0.04	0.16	0.084853	chr1:147510767-147510792	0.12	0.216301	0.275161	0.35	TRUE	1	3	0	3	0	chr1	147510743	147510962	220	*	3	1	0.013636	0.004545
21738	chr1	158231295	158231345	/home/rstudio/disco_tmp/data/scoring/acc_maf_ingroup/50/chr1/chr1_50_acc_158231295_158231345.maf	50	50	0	3	0	0.08	0.056569	0	0.08	0.056569	chr1:158231295-158231345	0.06	0.141389	0.132215	0.193576	TRUE	3	5	28	2 2 3	28 0 0	chr1	158231111	158231368	258	*	5	2	0.01938	0.007752
21738	chr1	158231245	158231295	/home/rstudio/disco_tmp/data/scoring/acc_maf_ingroup/50/chr1/chr1_50_acc_158231245_158231295.maf	50	78	28	2	0.012821	0.025641	0.009065	0.012821	0.025641	0.009065	chr1:158231245-158231295	0.025641	0.015574	0.050356	0.05271	TRUE	3	5	28	2 2 3	28 0 0	chr1	158231111	158231368	258	*	5	2	0.01938	0.007752
21738	chr1	158231270	158231295	/home/rstudio/disco_tmp/data/scoring/acc_maf_ingroup/25/chr1/chr1_25_acc_158231270_158231295.maf	25	25	0	2	0.04	0.08	0.028284	0.04	0.08	0.028284	chr1:158231270-158231295	0.08	0.066476	0.179863	0.191755	TRUE	3	5	28	2 2 3	28 0 0	chr1	158231111	158231368	258	*	5	2	0.01938	0.007752
21765	chr1	158297734	158297759	/home/rstudio/disco_tmp/data/scoring/acc_maf_ingroup/25/chr1/chr1_25_acc_158297734_158297759.maf	25	25	0	2	0	0.16	0.113137	0	0.16	0.113137	chr1:158297734-158297759	0.08	0.291214	0.179863	0.342281	TRUE	1	2	0	2	0	chr1	158297710	158297854	145	*	2	1	0.013793	0.006897
22319	chr1	163532355	163532405	/home/rstudio/disco_tmp/data/scoring/acc_maf_ingroup/50/chr1/chr1_50_acc_163532355_163532405.maf	50	50	0	3	0.08	0.16	0.056569	0.08	0.16	0.056569	chr1:163532355-163532405	0.06	0.141389	0.132215	0.193576	TRUE	1	3	0	3	0	chr1	163532332	163532486	155	*	3	1	0.019355	0.006452
22320	chr1	163549111	163549161	/home/rstudio/disco_tmp/data/scoring/acc_maf_ingroup/50/chr1/chr1_50_acc_163549111_163549161.maf	50	50	0	6	0.04	0.16	0.084853	0.04	0.16	0.084853	chr1:163549111-163549161	0.12	0.216301	0.275161	0.35	TRUE	1	6	0	6	0	chr1	163549079	163549275	197	*	6	1	0.030457	0.005076
2255	chr1	18928966	18928991	/home/rstudio/disco_tmp/data/scoring/acc_maf_ingroup/25/chr1/chr1_25_acc_18928966_18928991.maf	25	25	0	1	0.04	0.12	0.056569	0.04	0.12	0.056569	chr1:18928966-18928991	0.04	0.141389	0.084566	0.164749	TRUE	2	2	35	1 1	35 0	chr1	18928570	18929112	543	*	1	1	0.001842	0.001842
2255	chr1	18928645	18928670	/home/rstudio/disco_tmp/data/scoring/acc_maf_ingroup/25/chr1/chr1_25_acc_18928645_18928670.maf	25	60	35	1	0	0.016667	0.011785	0	0.016667	0.011785	chr1:18928645-18928670	0.016667	0.022777	0.028976	0.036856	TRUE	2	2	35	1 1	35 0	chr1	18928570	18929112	543	*	1	1	0.001842	0.001842
2258	chr1	18937339	18937389	/home/rstudio/disco_tmp/data/scoring/acc_maf_ingroup/50/chr1/chr1_50_acc_18937339_18937389.maf	50	50	0	2	0.04	0.08	0.028284	0.04	0.08	0.028284	chr1:18937339-18937389	0.04	0.066476	0.084566	0.107566	TRUE	1	2	0	2	0	chr1	18937340	18937475	136	*	2	1	0.014706	0.007353
2261	chr1	18955917	18955942	/home/rstudio/disco_tmp/data/scoring/acc_maf_ingroup/25/chr1/chr1_25_acc_18955917_18955942.maf	25	25	0	1	0	0.08	0.056569	0	0.08	0.056569	chr1:18955917-18955942	0.04	0.141389	0.084566	0.164749	TRUE	1	1	0	1	0	chr1	18955843	18956542	700	*	1	1	0.001429	0.001429
2266	chr1	18967250	18967300	/home/rstudio/disco_tmp/data/scoring/acc_maf_ingroup/50/chr1/chr1_50_acc_18967250_18967300.maf	50	50	0	3	0.04	0.08	0.028284	0.04	0.08	0.028284	chr1:18967250-18967300	0.06	0.066476	0.132215	0.147986	TRUE	2	3	0	2 3	0 0	chr1	18967151	18967345	195	*	5	2	0.025641	0.010256
2266	chr1	18967250	18967275	/home/rstudio/disco_tmp/data/scoring/acc_maf_ingroup/25/chr1/chr1_25_acc_18967250_18967275.maf	25	25	0	2	0.04	0.12	0.056569	0.04	0.12	0.056569	chr1:18967250-18967275	0.08	0.141389	0.179863	0.228783	TRUE	2	3	0	2 3	0 0	chr1	18967151	18967345	195	*	5	2	0.025641	0.010256
2267	chr1	18979797	18979847	/home/rstudio/disco_tmp/data/scoring/acc_maf_ingroup/50/chr1/chr1_50_acc_18979797_18979847.maf	50	50	0	2	0	0.04	0.028284	0	0.04	0.028284	chr1:18979797-18979847	0.04	0.066476	0.084566	0.107566	TRUE	3	7	1	1 2 4	0 0 1	chr1	18979179	18980577	1399	*	3	2	0.002144	0.00143
2267	chr1	18979597	18979647	/home/rstudio/disco_tmp/data/scoring/acc_maf_ingroup/50/chr1/chr1_50_acc_18979597_18979647.maf	50	50	0	1	0	0.02	0.014142	0	0.02	0.014142	chr1:18979597-18979647	0.02	0.02902	0.036917	0.046958	TRUE	3	7	1	1 2 4	0 0 1	chr1	18979179	18980577	1399	*	3	2	0.002144	0.00143
2267	chr1	18980447	18980497	/home/rstudio/disco_tmp/data/scoring/acc_maf_ingroup/50/chr1/chr1_50_acc_18980447_18980497.maf	50	51	1	4	0.058824	0.137255	0.055459	0.058824	0.137255	0.055459	chr1:18980447-18980497	0.078431	0.138451	0.176126	0.224029	TRUE	3	7	1	1 2 4	0 0 1	chr1	18979179	18980577	1399	*	3	2	0.002144	0.00143
2271	chr1	19018123	19018173	/home/rstudio/disco_tmp/data/scoring/acc_maf_ingroup/50/chr1/chr1_50_acc_19018123_19018173.maf	50	50	0	5	0.04	0.14	0.070711	0.04	0.14	0.070711	chr1:19018123-19018173	0.1	0.178845	0.227512	0.289391	TRUE	6	13	0	3 1 2 5 1 2	0 0 0 0 0 0	chr1	19016460	19018731	2272	*	14	6	0.006162	0.002641
2271	chr1	19018173	19018223	/home/rstudio/disco_tmp/data/scoring/acc_maf_ingroup/50/chr1/chr1_50_acc_19018173_19018223.maf	50	50	0	2	0.04	0.1	0.042426	0.04	0.1	0.042426	chr1:19018173-19018223	0.04	0.103933	0.084566	0.13399	TRUE	6	13	0	3 1 2 5 1 2	0 0 0 0 0 0	chr1	19016460	19018731	2272	*	14	6	0.006162	0.002641
2271	chr1	19017998	19018023	/home/rstudio/disco_tmp/data/scoring/acc_maf_ingroup/25/chr1/chr1_25_acc_19017998_19018023.maf	25	25	0	1	0	0.08	0.056569	0	0.08	0.056569	chr1:19017998-19018023	0.04	0.141389	0.084566	0.164749	TRUE	6	13	0	3 1 2 5 1 2	0 0 0 0 0 0	chr1	19016460	19018731	2272	*	14	6	0.006162	0.002641
2271	chr1	19018173	19018198	/home/rstudio/disco_tmp/data/scoring/acc_maf_ingroup/25/chr1/chr1_25_acc_19018173_19018198.maf	25	25	0	1	0.04	0.12	0.056569	0.04	0.12	0.056569	chr1:19018173-19018198	0.04	0.141389	0.084566	0.164749	TRUE	6	13	0	3 1 2 5 1 2	0 0 0 0 0 0	chr1	19016460	19018731	2272	*	14	6	0.006162	0.002641
2271	chr1	19017973	19017998	/home/rstudio/disco_tmp/data/scoring/acc_maf_ingroup/25/chr1/chr1_25_acc_19017973_19017998.maf	25	25	0	3	0.04	0.16	0.084853	0.04	0.16	0.084853	chr1:19017973-19017998	0.12	0.216301	0.275161	0.35	TRUE	6	13	0	3 1 2 5 1 2	0 0 0 0 0 0	chr1	19016460	19018731	2272	*	14	6	0.006162	0.002641
2271	chr1	19018098	19018123	/home/rstudio/disco_tmp/data/scoring/acc_maf_ingroup/25/chr1/chr1_25_acc_19018098_19018123.maf	25	25	0	2	0	0.08	0.056569	0	0.08	0.056569	chr1:19018098-19018123	0.08	0.141389	0.179863	0.228783	TRUE	6	13	0	3 1 2 5 1 2	0 0 0 0 0 0	chr1	19016460	19018731	2272	*	14	6	0.006162	0.002641
22881	chr1	167095626	167095651	/home/rstudio/disco_tmp/data/scoring/acc_maf_ingroup/25/chr1/chr1_25_acc_167095626_167095651.maf	25	25	0	1	0	0.08	0.056569	0	0.08	0.056569	chr1:167095626-167095651	0.04	0.141389	0.084566	0.164749	TRUE	1	1	0	1	0	chr1	167095527	167095728	202	*	1	1	0.00495	0.00495
23185	chr1	169356375	169356425	/home/rstudio/disco_tmp/data/scoring/acc_maf_ingroup/50/chr1/chr1_50_acc_169356375_169356425.maf	50	50	0	1	0.08	0.1	0.014142	0.08	0.1	0.014142	chr1:169356375-169356425	0.02	0.02902	0.036917	0.046958	TRUE	1	1	0	1	0	chr1	169356376	169356499	124	*	1	1	0.008065	0.008065
23212	chr1	169695708	169695733	/home/rstudio/disco_tmp/data/scoring/acc_maf_ingroup/25/chr1/chr1_25_acc_169695708_169695733.maf	25	25	0	3	0	0.12	0.084853	0	0.12	0.084853	chr1:169695708-169695733	0.12	0.216301	0.275161	0.35	TRUE	1	3	0	3	0	chr1	169695559	169695763	205	*	3	1	0.014634	0.004878
23236	chr1	170084244	170084269	/home/rstudio/disco_tmp/data/scoring/acc_maf_ingroup/25/chr1/chr1_25_acc_170084244_170084269.maf	25	25	0	2	0	0.08	0.056569	0	0.08	0.056569	chr1:170084244-170084269	0.08	0.141389	0.179863	0.228783	TRUE	1	2	0	2	0	chr1	170084195	170084335	141	*	2	1	0.014184	0.007092
23265	chr1	170402765	170402815	/home/rstudio/disco_tmp/data/scoring/acc_maf_ingroup/50/chr1/chr1_50_acc_170402765_170402815.maf	50	50	0	1	0.04	0.08	0.028284	0.04	0.08	0.028284	chr1:170402765-170402815	0.02	0.066476	0.036917	0.076039	TRUE	1	1	0	1	0	chr1	170402716	170402876	161	*	1	1	0.006211	0.006211
23281	chr1	170474627	170474677	/home/rstudio/disco_tmp/data/scoring/acc_maf_ingroup/50/chr1/chr1_50_acc_170474627_170474677.maf	50	50	0	1	0.1	0.12	0.014142	0.1	0.12	0.014142	chr1:170474627-170474677	0.02	0.02902	0.036917	0.046958	TRUE	1	1	0	1	0	chr1	170474628	170474777	150	*	1	1	0.006667	0.006667
23283	chr1	170486990	170487040	/home/rstudio/disco_tmp/data/scoring/acc_maf_ingroup/50/chr1/chr1_50_acc_170486990_170487040.maf	50	50	0	1	0.04	0.1	0.042426	0.04	0.1	0.042426	chr1:170486990-170487040	0.02	0.103933	0.036917	0.110294	TRUE	1	1	0	1	0	chr1	170486991	170487121	131	*	1	1	0.007634	0.007634
23311	chr1	170604540	170604590	/home/rstudio/disco_tmp/data/scoring/acc_maf_ingroup/50/chr1/chr1_50_acc_170604540_170604590.maf	50	50	0	3	0	0.1	0.070711	0	0.1	0.070711	chr1:170604540-170604590	0.06	0.178845	0.132215	0.22241	TRUE	1	3	0	3	0	chr1	170604541	170604645	105	*	3	1	0.028571	0.009524
23327	chr1	170717807	170717832	/home/rstudio/disco_tmp/data/scoring/acc_maf_ingroup/25/chr1/chr1_25_acc_170717807_170717832.maf	25	25	0	1	0	0.08	0.056569	0	0.08	0.056569	chr1:170717807-170717832	0.04	0.141389	0.084566	0.164749	TRUE	1	1	0	1	0	chr1	170717726	170717844	119	*	1	1	0.008403	0.008403
23366	chr1	171513426	171513476	/home/rstudio/disco_tmp/data/scoring/acc_maf_ingroup/50/chr1/chr1_50_acc_171513426_171513476.maf	50	50	0	2	0	0.06	0.042426	0	0.06	0.042426	chr1:171513426-171513476	0.04	0.103933	0.084566	0.13399	TRUE	1	2	0	2	0	chr1	171513377	171513501	125	*	2	1	0.016	0.008
23453	chr1	171959562	171959587	/home/rstudio/disco_tmp/data/scoring/acc_maf_ingroup/25/chr1/chr1_25_acc_171959562_171959587.maf	25	28	3	3	0	0.107143	0.075761	0	0.107143	0.075761	chr1:171959562-171959587	0.107143	0.192222	0.24453	0.311037	TRUE	7	17	33	3 3 4 3 3 4 1	0 3 6 21 3 3 0	chr1	171958263	171959639	1377	*	4	2	0.002905	0.001452
23453	chr1	171958737	171958762	/home/rstudio/disco_tmp/data/scoring/acc_maf_ingroup/25/chr1/chr1_25_acc_171958737_171958762.maf	25	46	21	3	0	0.086957	0.061488	0	0.086957	0.061488	chr1:171958737-171958762	0.065217	0.154417	0.144645	0.211581	TRUE	7	17	33	3 3 4 3 3 4 1	0 3 6 21 3 3 0	chr1	171958263	171959639	1377	*	4	2	0.002905	0.001452
23453	chr1	171958312	171958362	/home/rstudio/disco_tmp/data/scoring/acc_maf_ingroup/50/chr1/chr1_50_acc_171958312_171958362.maf	50	50	0	3	0.08	0.16	0.056569	0.08	0.16	0.056569	chr1:171958312-171958362	0.06	0.141389	0.132215	0.193576	TRUE	7	17	33	3 3 4 3 3 4 1	0 3 6 21 3 3 0	chr1	171958263	171959639	1377	*	4	2	0.002905	0.001452
23453	chr1	171959587	171959612	/home/rstudio/disco_tmp/data/scoring/acc_maf_ingroup/25/chr1/chr1_25_acc_171959587_171959612.maf	25	25	0	1	0	0.12	0.084853	0	0.12	0.084853	chr1:171959587-171959612	0.04	0.216301	0.084566	0.232245	TRUE	7	17	33	3 3 4 3 3 4 1	0 3 6 21 3 3 0	chr1	171958263	171959639	1377	*	4	2	0.002905	0.001452
23453	chr1	171959562	171959612	/home/rstudio/disco_tmp/data/scoring/acc_maf_ingroup/50/chr1/chr1_50_acc_171959562_171959612.maf	50	53	3	4	0	0.113208	0.08005	0	0.113208	0.08005	chr1:171959562-171959612	0.075472	0.20358	0.169075	0.264634	TRUE	7	17	33	3 3 4 3 3 4 1	0 3 6 21 3 3 0	chr1	171958263	171959639	1377	*	4	2	0.002905	0.001452
23453	chr1	171958637	171958662	/home/rstudio/disco_tmp/data/scoring/acc_maf_ingroup/25/chr1/chr1_25_acc_171958637_171958662.maf	25	28	3	3	0	0.107143	0.075761	0	0.107143	0.075761	chr1:171958637-171958662	0.107143	0.192222	0.24453	0.311037	TRUE	7	17	33	3 3 4 3 3 4 1	0 3 6 21 3 3 0	chr1	171958263	171959639	1377	*	4	2	0.002905	0.001452
23453	chr1	171958662	171958712	/home/rstudio/disco_tmp/data/scoring/acc_maf_ingroup/50/chr1/chr1_50_acc_171958662_171958712.maf	50	56	6	4	0	0.125	0.088388	0	0.125	0.088388	chr1:171958662-171958712	0.071429	0.225665	0.159443	0.276309	TRUE	7	17	33	3 3 4 3 3 4 1	0 3 6 21 3 3 0	chr1	171958263	171959639	1377	*	4	2	0.002905	0.001452
23573	chr1	173682720	173682770	/home/rstudio/disco_tmp/data/scoring/acc_maf_ingroup/50/chr1/chr1_50_acc_173682720_173682770.maf	50	50	0	1	0	0.04	0.028284	0	0.04	0.028284	chr1:173682720-173682770	0.02	0.066476	0.036917	0.076039	TRUE	1	1	0	1	0	chr1	173682321	173682837	517	*	1	1	0.001934	0.001934
23588	chr1	173759509	173759534	/home/rstudio/disco_tmp/data/scoring/acc_maf_ingroup/25/chr1/chr1_25_acc_173759509_173759534.maf	25	25	0	2	0	0.12	0.084853	0	0.12	0.084853	chr1:173759509-173759534	0.08	0.216301	0.179863	0.281313	TRUE	1	2	0	2	0	chr1	173759460	173759895	436	*	2	1	0.004587	0.002294
23592	chr1	173780240	173780290	/home/rstudio/disco_tmp/data/scoring/acc_maf_ingroup/50/chr1/chr1_50_acc_173780240_173780290.maf	50	50	0	2	0.02	0.08	0.042426	0.02	0.08	0.042426	chr1:173780240-173780290	0.04	0.103933	0.084566	0.13399	TRUE	1	2	0	2	0	chr1	173780191	173780436	246	*	2	1	0.00813	0.004065
23674	chr1	174400224	174400274	/home/rstudio/disco_tmp/data/scoring/acc_maf_ingroup/50/chr1/chr1_50_acc_174400224_174400274.maf	50	50	0	3	0.04	0.08	0.028284	0.04	0.08	0.028284	chr1:174400224-174400274	0.06	0.066476	0.132215	0.147986	TRUE	1	3	0	3	0	chr1	174400104	174400716	613	*	3	1	0.004894	0.001631
23688	chr1	174449887	174449937	/home/rstudio/disco_tmp/data/scoring/acc_maf_ingroup/50/chr1/chr1_50_acc_174449887_174449937.maf	50	50	0	3	0.06	0.12	0.042426	0.06	0.12	0.042426	chr1:174449887-174449937	0.06	0.103933	0.132215	0.168175	TRUE	1	3	0	3	0	chr1	174449838	174449997	160	*	3	1	0.01875	0.00625
23718	chr1	174521623	174521648	/home/rstudio/disco_tmp/data/scoring/acc_maf_ingroup/25/chr1/chr1_25_acc_174521623_174521648.maf	25	25	0	1	0.04	0.2	0.113137	0.04	0.2	0.113137	chr1:174521623-174521648	0.04	0.291214	0.084566	0.303244	TRUE	1	1	0	1	0	chr1	174520514	174521695	1182	*	1	1	0.000846	0.000846
23752	chr1	174644506	174644531	/home/rstudio/disco_tmp/data/scoring/acc_maf_ingroup/25/chr1/chr1_25_acc_174644506_174644531.maf	25	25	0	2	0	0.12	0.084853	0	0.12	0.084853	chr1:174644506-174644531	0.08	0.216301	0.179863	0.281313	TRUE	1	2	0	2	0	chr1	174644507	174644645	139	*	2	1	0.014388	0.007194
23763	chr1	174693042	174693067	/home/rstudio/disco_tmp/data/scoring/acc_maf_ingroup/25/chr1/chr1_25_acc_174693042_174693067.maf	25	25	0	1	0	0.04	0.028284	0	0.04	0.028284	chr1:174693042-174693067	0.04	0.066476	0.084566	0.107566	TRUE	2	2	0	1 1	0 0	chr1	174692918	174693119	202	*	2	2	0.009901	0.009901
23763	chr1	174692992	174693017	/home/rstudio/disco_tmp/data/scoring/acc_maf_ingroup/25/chr1/chr1_25_acc_174692992_174693017.maf	25	25	0	1	0	0.08	0.056569	0	0.08	0.056569	chr1:174692992-174693017	0.04	0.141389	0.084566	0.164749	TRUE	2	2	0	1 1	0 0	chr1	174692918	174693119	202	*	2	2	0.009901	0.009901
23766	chr1	174700032	174700082	/home/rstudio/disco_tmp/data/scoring/acc_maf_ingroup/50/chr1/chr1_50_acc_174700032_174700082.maf	50	50	0	1	0	0.06	0.042426	0	0.06	0.042426	chr1:174700032-174700082	0.02	0.103933	0.036917	0.110294	TRUE	1	1	0	1	0	chr1	174699883	174700120	238	*	1	1	0.004202	0.004202
23769	chr1	174707454	174707504	/home/rstudio/disco_tmp/data/scoring/acc_maf_ingroup/50/chr1/chr1_50_acc_174707454_174707504.maf	50	50	0	6	0.04	0.18	0.098995	0.04	0.18	0.098995	chr1:174707454-174707504	0.12	0.253757	0.275161	0.374308	TRUE	1	6	0	6	0	chr1	174707455	174707562	108	*	6	1	0.055556	0.009259
23775	chr1	174731540	174731590	/home/rstudio/disco_tmp/data/scoring/acc_maf_ingroup/50/chr1/chr1_50_acc_174731540_174731590.maf	50	50	0	4	0.02	0.16	0.098995	0.02	0.16	0.098995	chr1:174731540-174731590	0.08	0.253757	0.179863	0.311036	TRUE	1	4	0	4	0	chr1	174731541	174731694	154	*	4	1	0.025974	0.006494
23777	chr1	174738991	174739041	/home/rstudio/disco_tmp/data/scoring/acc_maf_ingroup/50/chr1/chr1_50_acc_174738991_174739041.maf	50	50	0	2	0	0.06	0.042426	0	0.06	0.042426	chr1:174738991-174739041	0.04	0.103933	0.084566	0.13399	TRUE	1	2	0	2	0	chr1	174738992	174739147	156	*	2	1	0.012821	0.00641
23860	chr1	175734549	175734599	/home/rstudio/disco_tmp/data/scoring/acc_maf_ingroup/50/chr1/chr1_50_acc_175734549_175734599.maf	50	58	5	3	0.017241	0.12069	0.073149	0.017241	0.12069	0.073149	chr1:175734549-175734599	0.051724	0.185303	0.112498	0.216779	TRUE	3	6	5	3 3 3	0 5 5	chr1	175734348	175734876	529	*	3	1	0.005671	0.00189
23860	chr1	175734394	175734419	/home/rstudio/disco_tmp/data/scoring/acc_maf_ingroup/25/chr1/chr1_25_acc_175734394_175734419.maf	25	25	0	3	0	0.12	0.084853	0	0.12	0.084853	chr1:175734394-175734419	0.12	0.216301	0.275161	0.35	TRUE	3	6	5	3 3 3	0 5 5	chr1	175734348	175734876	529	*	3	1	0.005671	0.00189
23860	chr1	175734549	175734574	/home/rstudio/disco_tmp/data/scoring/acc_maf_ingroup/25/chr1/chr1_25_acc_175734549_175734574.maf	25	33	5	3	0	0.121212	0.08571	0	0.121212	0.08571	chr1:175734549-175734574	0.090909	0.218571	0.205854	0.300248	TRUE	3	6	5	3 3 3	0 5 5	chr1	175734348	175734876	529	*	3	1	0.005671	0.00189
23865	chr1	175743744	175743794	/home/rstudio/disco_tmp/data/scoring/acc_maf_ingroup/50/chr1/chr1_50_acc_175743744_175743794.maf	50	50	0	1	0	0.04	0.028284	0	0.04	0.028284	chr1:175743744-175743794	0.02	0.066476	0.036917	0.076039	TRUE	1	1	0	1	0	chr1	175743645	175743805	161	*	1	1	0.006211	0.006211
23868	chr1	175748084	175748109	/home/rstudio/disco_tmp/data/scoring/acc_maf_ingroup/25/chr1/chr1_25_acc_175748084_175748109.maf	25	25	0	2	0.08	0.2	0.084853	0.08	0.2	0.084853	chr1:175748084-175748109	0.08	0.216301	0.179863	0.281313	TRUE	1	2	0	2	0	chr1	175748035	175748178	144	*	2	1	0.013889	0.006944
23875	chr1	175767584	175767634	/home/rstudio/disco_tmp/data/scoring/acc_maf_ingroup/50/chr1/chr1_50_acc_175767584_175767634.maf	50	50	0	2	0.04	0.06	0.014142	0.04	0.06	0.014142	chr1:175767584-175767634	0.04	0.02902	0.084566	0.089407	TRUE	1	2	0	2	0	chr1	175767535	175767709	175	*	2	1	0.011429	0.005714
24022	chr1	176493973	176494023	/home/rstudio/disco_tmp/data/scoring/acc_maf_ingroup/50/chr1/chr1_50_acc_176493973_176494023.maf	50	50	0	3	0.04	0.08	0.028284	0.04	0.08	0.028284	chr1:176493973-176494023	0.06	0.066476	0.132215	0.147986	TRUE	3	6	0	3 1 3	0 0 0	chr1	176493920	176494090	171	*	7	3	0.040936	0.017544
24022	chr1	176494023	176494073	/home/rstudio/disco_tmp/data/scoring/acc_maf_ingroup/50/chr1/chr1_50_acc_176494023_176494073.maf	50	50	0	3	0.06	0.1	0.028284	0.06	0.1	0.028284	chr1:176494023-176494073	0.06	0.066476	0.132215	0.147986	TRUE	3	6	0	3 1 3	0 0 0	chr1	176493920	176494090	171	*	7	3	0.040936	0.017544
24022	chr1	176494023	176494048	/home/rstudio/disco_tmp/data/scoring/acc_maf_ingroup/25/chr1/chr1_25_acc_176494023_176494048.maf	25	25	0	1	0.04	0.08	0.028284	0.04	0.08	0.028284	chr1:176494023-176494048	0.04	0.066476	0.084566	0.107566	TRUE	3	6	0	3 1 3	0 0 0	chr1	176493920	176494090	171	*	7	3	0.040936	0.017544
2406	chr1	20399200	20399225	/home/rstudio/disco_tmp/data/scoring/acc_maf_ingroup/25/chr1/chr1_25_acc_20399200_20399225.maf	25	25	0	2	0	0.08	0.056569	0	0.08	0.056569	chr1:20399200-20399225	0.08	0.141389	0.179863	0.228783	TRUE	1	2	0	2	0	chr1	20399101	20399253	153	*	2	1	0.013072	0.006536
24112	chr1	177180569	177180619	/home/rstudio/disco_tmp/data/scoring/acc_maf_ingroup/50/chr1/chr1_50_acc_177180569_177180619.maf	50	61	11	2	0	0.114754	0.081143	0	0.114754	0.081143	chr1:177180569-177180619	0.032787	0.206477	0.067381	0.217193	TRUE	2	2	11	2 1	11 0	chr1	177180418	177180818	401	*	1	1	0.002494	0.002494
24112	chr1	177180594	177180619	/home/rstudio/disco_tmp/data/scoring/acc_maf_ingroup/25/chr1/chr1_25_acc_177180594_177180619.maf	25	25	0	1	0	0.04	0.028284	0	0.04	0.028284	chr1:177180594-177180619	0.04	0.066476	0.084566	0.107566	TRUE	2	2	11	2 1	11 0	chr1	177180418	177180818	401	*	1	1	0.002494	0.002494
24139	chr1	177256780	177256830	/home/rstudio/disco_tmp/data/scoring/acc_maf_ingroup/50/chr1/chr1_50_acc_177256780_177256830.maf	50	50	0	1	0.02	0.1	0.056569	0.02	0.1	0.056569	chr1:177256780-177256830	0.02	0.141389	0.036917	0.146129	TRUE	1	1	0	1	0	chr1	177256649	177257051	403	*	1	1	0.002481	0.002481
24344	chr1	178399716	178399766	/home/rstudio/disco_tmp/data/scoring/acc_maf_ingroup/50/chr1/chr1_50_acc_178399716_178399766.maf	50	50	0	1	0.02	0.04	0.014142	0.02	0.04	0.014142	chr1:178399716-178399766	0.02	0.02902	0.036917	0.046958	TRUE	1	1	0	1	0	chr1	178399433	178399983	551	*	1	1	0.001815	0.001815
24525	chr1	179687542	179687592	/home/rstudio/disco_tmp/data/scoring/acc_maf_ingroup/50/chr1/chr1_50_acc_179687542_179687592.maf	50	50	0	1	0.04	0.08	0.028284	0.04	0.08	0.028284	chr1:179687542-179687592	0.02	0.066476	0.036917	0.076039	TRUE	2	2	0	1 1	0 0	chr1	179687217	179687717	501	*	2	2	0.003992	0.003992
24525	chr1	179687442	179687492	/home/rstudio/disco_tmp/data/scoring/acc_maf_ingroup/50/chr1/chr1_50_acc_179687442_179687492.maf	50	50	0	1	0.02	0.04	0.014142	0.02	0.04	0.014142	chr1:179687442-179687492	0.02	0.02902	0.036917	0.046958	TRUE	2	2	0	1 1	0 0	chr1	179687217	179687717	501	*	2	2	0.003992	0.003992
24598	chr1	180102041	180102066	/home/rstudio/disco_tmp/data/scoring/acc_maf_ingroup/25/chr1/chr1_25_acc_180102041_180102066.maf	25	25	0	3	0	0.16	0.113137	0	0.16	0.113137	chr1:180102041-180102066	0.12	0.291214	0.275161	0.400648	TRUE	1	3	0	3	0	chr1	180101915	180102099	185	*	3	1	0.016216	0.005405
24600	chr1	180104298	180104348	/home/rstudio/disco_tmp/data/scoring/acc_maf_ingroup/50/chr1/chr1_50_acc_180104298_180104348.maf	50	50	0	1	0.02	0.08	0.042426	0.02	0.08	0.042426	chr1:180104298-180104348	0.02	0.103933	0.036917	0.110294	TRUE	1	1	0	1	0	chr1	180104299	180104599	301	*	1	1	0.003322	0.003322
24603	chr1	180107586	180107636	/home/rstudio/disco_tmp/data/scoring/acc_maf_ingroup/50/chr1/chr1_50_acc_180107586_180107636.maf	50	50	0	3	0.04	0.08	0.028284	0.04	0.08	0.028284	chr1:180107586-180107636	0.06	0.066476	0.132215	0.147986	TRUE	1	3	0	3	0	chr1	180107535	180107688	154	*	3	1	0.019481	0.006494
24606	chr1	180111751	180111801	/home/rstudio/disco_tmp/data/scoring/acc_maf_ingroup/50/chr1/chr1_50_acc_180111751_180111801.maf	50	50	0	1	0.02	0.06	0.028284	0.02	0.06	0.028284	chr1:180111751-180111801	0.02	0.066476	0.036917	0.076039	TRUE	2	2	0	1 1	0 0	chr1	180111652	180112084	433	*	2	2	0.004619	0.004619
24606	chr1	180111701	180111751	/home/rstudio/disco_tmp/data/scoring/acc_maf_ingroup/50/chr1/chr1_50_acc_180111701_180111751.maf	50	50	0	1	0.02	0.1	0.056569	0.02	0.1	0.056569	chr1:180111701-180111751	0.02	0.141389	0.036917	0.146129	TRUE	2	2	0	1 1	0 0	chr1	180111652	180112084	433	*	2	2	0.004619	0.004619
24741	chr1	180968313	180968363	/home/rstudio/disco_tmp/data/scoring/acc_maf_ingroup/50/chr1/chr1_50_acc_180968313_180968363.maf	50	50	0	2	0.04	0.08	0.028284	0.04	0.08	0.028284	chr1:180968313-180968363	0.04	0.066476	0.084566	0.107566	TRUE	1	2	0	2	0	chr1	180968314	180968567	254	*	2	1	0.007874	0.003937
24793	chr1	181473431	181473456	/home/rstudio/disco_tmp/data/scoring/acc_maf_ingroup/25/chr1/chr1_25_acc_181473431_181473456.maf	25	25	0	1	0.04	0.12	0.056569	0.04	0.12	0.056569	chr1:181473431-181473456	0.04	0.141389	0.084566	0.164749	TRUE	1	1	0	1	0	chr1	181473432	181473568	137	*	1	1	0.007299	0.007299
24820	chr1	181604178	181604228	/home/rstudio/disco_tmp/data/scoring/acc_maf_ingroup/50/chr1/chr1_50_acc_181604178_181604228.maf	50	50	0	1	0.04	0.06	0.014142	0.04	0.06	0.014142	chr1:181604178-181604228	0.02	0.02902	0.036917	0.046958	TRUE	1	1	0	1	0	chr1	181604179	181604302	124	*	1	1	0.008065	0.008065
24850	chr1	181640897	181640922	/home/rstudio/disco_tmp/data/scoring/acc_maf_ingroup/25/chr1/chr1_25_acc_181640897_181640922.maf	25	25	0	1	0	0.04	0.028284	0	0.04	0.028284	chr1:181640897-181640922	0.04	0.066476	0.084566	0.107566	TRUE	1	1	0	1	0	chr1	181640898	181641067	170	*	1	1	0.005882	0.005882
24965	chr1	182498551	182498601	/home/rstudio/disco_tmp/data/scoring/acc_maf_ingroup/50/chr1/chr1_50_acc_182498551_182498601.maf	50	110	60	1	0	0.027273	0.019285	0	0.027273	0.019285	chr1:182498551-182498601	0.009091	0.042641	0.010927	0.044018	TRUE	4	3	70	1 1 1 1	0 60 26 10	chr1	182497711	182498984	1274	*	1	1	0.000785	0.000785
24965	chr1	182498601	182498651	/home/rstudio/disco_tmp/data/scoring/acc_maf_ingroup/50/chr1/chr1_50_acc_182498601_182498651.maf	50	60	10	1	0.016667	0.05	0.02357	0.016667	0.05	0.02357	chr1:182498601-182498651	0.016667	0.053991	0.028976	0.061275	TRUE	4	3	70	1 1 1 1	0 60 26 10	chr1	182497711	182498984	1274	*	1	1	0.000785	0.000785
24965	chr1	182498576	182498601	/home/rstudio/disco_tmp/data/scoring/acc_maf_ingroup/25/chr1/chr1_25_acc_182498576_182498601.maf	25	51	26	1	0	0.039216	0.02773	0	0.039216	0.02773	chr1:182498576-182498601	0.019608	0.065007	0.035983	0.074302	TRUE	4	3	70	1 1 1 1	0 60 26 10	chr1	182497711	182498984	1274	*	1	1	0.000785	0.000785
24965	chr1	182497810	182497835	/home/rstudio/disco_tmp/data/scoring/acc_maf_ingroup/25/chr1/chr1_25_acc_182497810_182497835.maf	25	25	0	1	0.04	0.08	0.028284	0.04	0.08	0.028284	chr1:182497810-182497835	0.04	0.066476	0.084566	0.107566	TRUE	4	3	70	1 1 1 1	0 60 26 10	chr1	182497711	182498984	1274	*	1	1	0.000785	0.000785
24966	chr1	182505069	182505094	/home/rstudio/disco_tmp/data/scoring/acc_maf_ingroup/25/chr1/chr1_25_acc_182505069_182505094.maf	25	25	0	1	0	0.04	0.028284	0	0.04	0.028284	chr1:182505069-182505094	0.04	0.066476	0.084566	0.107566	TRUE	1	1	0	1	0	chr1	182504756	182505220	465	*	1	1	0.002151	0.002151
25182	chr1	183976438	183976463	/home/rstudio/disco_tmp/data/scoring/acc_maf_ingroup/25/chr1/chr1_25_acc_183976438_183976463.maf	25	75	50	2	0.013333	0.026667	0.009428	0.013333	0.026667	0.009428	chr1:183976438-183976463	0.026667	0.016535	0.0528	0.055328	TRUE	2	4	50	2 2	50 0	chr1	183975920	183976708	789	*	2	1	0.002535	0.001267
25182	chr1	183976538	183976563	/home/rstudio/disco_tmp/data/scoring/acc_maf_ingroup/25/chr1/chr1_25_acc_183976538_183976563.maf	25	25	0	2	0	0.08	0.056569	0	0.08	0.056569	chr1:183976538-183976563	0.08	0.141389	0.179863	0.228783	TRUE	2	4	50	2 2	50 0	chr1	183975920	183976708	789	*	2	1	0.002535	0.001267
25187	chr1	183991666	183991716	/home/rstudio/disco_tmp/data/scoring/acc_maf_ingroup/50/chr1/chr1_50_acc_183991666_183991716.maf	50	65	15	2	0.030769	0.076923	0.032636	0.030769	0.076923	0.032636	chr1:183991666-183991716	0.030769	0.078001	0.062574	0.099999	TRUE	2	5	15	2 3	15 0	chr1	183991667	183991889	223	*	3	1	0.013453	0.004484
25187	chr1	183991716	183991766	/home/rstudio/disco_tmp/data/scoring/acc_maf_ingroup/50/chr1/chr1_50_acc_183991716_183991766.maf	50	50	0	3	0.06	0.1	0.028284	0.06	0.1	0.028284	chr1:183991716-183991766	0.06	0.066476	0.132215	0.147986	TRUE	2	5	15	2 3	15 0	chr1	183991667	183991889	223	*	3	1	0.013453	0.004484
25195	chr1	184053910	184053935	/home/rstudio/disco_tmp/data/scoring/acc_maf_ingroup/25/chr1/chr1_25_acc_184053910_184053935.maf	25	25	0	2	0	0.08	0.056569	0	0.08	0.056569	chr1:184053910-184053935	0.08	0.141389	0.179863	0.228783	TRUE	1	2	0	2	0	chr1	184053911	184054196	286	*	2	1	0.006993	0.003497
25219	chr1	184497647	184497697	/home/rstudio/disco_tmp/data/scoring/acc_maf_ingroup/50/chr1/chr1_50_acc_184497647_184497697.maf	50	50	0	2	0.02	0.1	0.056569	0.02	0.1	0.056569	chr1:184497647-184497697	0.04	0.141389	0.084566	0.164749	TRUE	1	2	0	2	0	chr1	184497539	184497704	166	*	2	1	0.012048	0.006024
25438	chr1	186515758	186515783	/home/rstudio/disco_tmp/data/scoring/acc_maf_ingroup/25/chr1/chr1_25_acc_186515758_186515783.maf	25	25	0	2	0	0.16	0.113137	0	0.16	0.113137	chr1:186515758-186515783	0.08	0.291214	0.179863	0.342281	TRUE	2	2	0	2 2	0 0	chr1	186515734	186515850	117	*	4	2	0.034188	0.017094
25438	chr1	186515733	186515783	/home/rstudio/disco_tmp/data/scoring/acc_maf_ingroup/50/chr1/chr1_50_acc_186515733_186515783.maf	50	50	0	2	0	0.14	0.098995	0	0.14	0.098995	chr1:186515733-186515783	0.04	0.253757	0.084566	0.267477	TRUE	2	2	0	2 2	0 0	chr1	186515734	186515850	117	*	4	2	0.034188	0.017094
2556	chr1	21985757	21985807	/home/rstudio/disco_tmp/data/scoring/acc_maf_ingroup/50/chr1/chr1_50_acc_21985757_21985807.maf	50	50	0	1	0.02	0.04	0.014142	0.02	0.04	0.014142	chr1:21985757-21985807	0.02	0.02902	0.036917	0.046958	TRUE	1	1	0	1	0	chr1	21985652	21985952	301	*	1	1	0.003322	0.003322
2557	chr1	21996963	21996988	/home/rstudio/disco_tmp/data/scoring/acc_maf_ingroup/25/chr1/chr1_25_acc_21996963_21996988.maf	25	25	0	1	0.08	0.12	0.028284	0.08	0.12	0.028284	chr1:21996963-21996988	0.04	0.066476	0.084566	0.107566	TRUE	2	2	26	1 2	0 26	chr1	21996317	21997134	818	*	1	1	0.001222	0.001222
2557	chr1	21996963	21997013	/home/rstudio/disco_tmp/data/scoring/acc_maf_ingroup/50/chr1/chr1_50_acc_21996963_21997013.maf	50	76	26	2	0.065789	0.092105	0.018608	0.065789	0.092105	0.018608	chr1:21996963-21997013	0.026316	0.040848	0.051964	0.066097	TRUE	2	2	26	1 2	0 26	chr1	21996317	21997134	818	*	1	1	0.001222	0.001222
25648	chr1	187763943	187763993	/home/rstudio/disco_tmp/data/scoring/acc_maf_ingroup/50/chr1/chr1_50_acc_187763943_187763993.maf	50	50	0	5	0.02	0.1	0.056569	0.02	0.1	0.056569	chr1:187763943-187763993	0.1	0.141389	0.227512	0.267867	TRUE	2	7	4	5 2	0 4	chr1	187763944	187764130	187	*	5	1	0.026738	0.005348
25648	chr1	187764043	187764093	/home/rstudio/disco_tmp/data/scoring/acc_maf_ingroup/50/chr1/chr1_50_acc_187764043_187764093.maf	50	54	4	2	0	0.148148	0.104757	0	0.148148	0.104757	chr1:187764043-187764093	0.037037	0.269017	0.077507	0.27996	TRUE	2	7	4	5 2	0 4	chr1	187763944	187764130	187	*	5	1	0.026738	0.005348
2565	chr1	22211644	22211694	/home/rstudio/disco_tmp/data/scoring/acc_maf_ingroup/50/chr1/chr1_50_acc_22211644_22211694.maf	50	50	0	2	0.04	0.12	0.056569	0.04	0.12	0.056569	chr1:22211644-22211694	0.04	0.141389	0.084566	0.164749	TRUE	1	2	0	2	0	chr1	22211595	22211696	102	*	2	1	0.019608	0.009804
2572	chr1	22377479	22377504	/home/rstudio/disco_tmp/data/scoring/acc_maf_ingroup/25/chr1/chr1_25_acc_22377479_22377504.maf	25	25	0	1	0	0.08	0.056569	0	0.08	0.056569	chr1:22377479-22377504	0.04	0.141389	0.084566	0.164749	TRUE	1	1	0	1	0	chr1	22377405	22377542	138	*	1	1	0.007246	0.007246
2573	chr1	22379437	22379487	/home/rstudio/disco_tmp/data/scoring/acc_maf_ingroup/50/chr1/chr1_50_acc_22379437_22379487.maf	50	50	0	4	0.04	0.08	0.028284	0.04	0.08	0.028284	chr1:22379437-22379487	0.08	0.066476	0.179863	0.191755	TRUE	1	4	0	4	0	chr1	22379388	22379503	116	*	4	1	0.034483	0.008621
2578	chr1	22396214	22396239	/home/rstudio/disco_tmp/data/scoring/acc_maf_ingroup/25/chr1/chr1_25_acc_22396214_22396239.maf	25	25	0	1	0.04	0.12	0.056569	0.04	0.12	0.056569	chr1:22396214-22396239	0.04	0.141389	0.084566	0.164749	TRUE	1	1	0	1	0	chr1	22396085	22396336	252	*	1	1	0.003968	0.003968
25792	chr1	189048660	189048685	/home/rstudio/disco_tmp/data/scoring/acc_maf_ingroup/25/chr1/chr1_25_acc_189048660_189048685.maf	25	25	0	1	0	0.08	0.056569	0	0.08	0.056569	chr1:189048660-189048685	0.04	0.141389	0.084566	0.164749	TRUE	1	1	0	1	0	chr1	189048611	189048711	101	*	1	1	0.009901	0.009901
25817	chr1	189460691	189460741	/home/rstudio/disco_tmp/data/scoring/acc_maf_ingroup/50/chr1/chr1_50_acc_189460691_189460741.maf	50	50	0	2	0.04	0.1	0.042426	0.04	0.1	0.042426	chr1:189460691-189460741	0.04	0.103933	0.084566	0.13399	TRUE	1	2	0	2	0	chr1	189460042	189461033	992	*	2	1	0.002016	0.001008
25864	chr1	190014633	190014658	/home/rstudio/disco_tmp/data/scoring/acc_maf_ingroup/25/chr1/chr1_25_acc_190014633_190014658.maf	25	25	0	2	0	0.08	0.056569	0	0.08	0.056569	chr1:190014633-190014658	0.08	0.141389	0.179863	0.228783	TRUE	1	2	0	2	0	chr1	190014143	190015485	1343	*	2	1	0.001489	0.000745
26053	chr1	191748906	191748931	/home/rstudio/disco_tmp/data/scoring/acc_maf_ingroup/25/chr1/chr1_25_acc_191748906_191748931.maf	25	25	0	1	0.04	0.12	0.056569	0.04	0.12	0.056569	chr1:191748906-191748931	0.04	0.141389	0.084566	0.164749	TRUE	1	1	0	1	0	chr1	191748800	191748966	167	*	1	1	0.005988	0.005988
26054	chr1	191753417	191753467	/home/rstudio/disco_tmp/data/scoring/acc_maf_ingroup/50/chr1/chr1_50_acc_191753417_191753467.maf	50	50	0	2	0.04	0.1	0.042426	0.04	0.1	0.042426	chr1:191753417-191753467	0.04	0.103933	0.084566	0.13399	TRUE	1	2	0	2	0	chr1	191753418	191753520	103	*	2	1	0.019417	0.009709
26057	chr1	191757953	191758003	/home/rstudio/disco_tmp/data/scoring/acc_maf_ingroup/50/chr1/chr1_50_acc_191757953_191758003.maf	50	50	0	2	0	0.12	0.084853	0	0.12	0.084853	chr1:191757953-191758003	0.04	0.216301	0.084566	0.232245	TRUE	2	2	0	1 2	0 0	chr1	191757954	191758104	151	*	3	2	0.019868	0.013245
26057	chr1	191757953	191757978	/home/rstudio/disco_tmp/data/scoring/acc_maf_ingroup/25/chr1/chr1_25_acc_191757953_191757978.maf	25	25	0	1	0	0.12	0.084853	0	0.12	0.084853	chr1:191757953-191757978	0.04	0.216301	0.084566	0.232245	TRUE	2	2	0	1 2	0 0	chr1	191757954	191758104	151	*	3	2	0.019868	0.013245
26267	chr1	193629228	193629278	/home/rstudio/disco_tmp/data/scoring/acc_maf_ingroup/50/chr1/chr1_50_acc_193629228_193629278.maf	50	50	0	2	0.1	0.12	0.014142	0.1	0.12	0.014142	chr1:193629228-193629278	0.04	0.02902	0.084566	0.089407	TRUE	2	4	17	2 2	17 0	chr1	193629169	193629422	254	*	2	1	0.007874	0.003937
26267	chr1	193629178	193629228	/home/rstudio/disco_tmp/data/scoring/acc_maf_ingroup/50/chr1/chr1_50_acc_193629178_193629228.maf	50	67	17	2	0.029851	0.134328	0.073877	0.029851	0.134328	0.073877	chr1:193629178-193629228	0.029851	0.187231	0.060386	0.196728	TRUE	2	4	17	2 2	17 0	chr1	193629169	193629422	254	*	2	1	0.007874	0.003937
26292	chr1	193736169	193736219	/home/rstudio/disco_tmp/data/scoring/acc_maf_ingroup/50/chr1/chr1_50_acc_193736169_193736219.maf	50	50	0	1	0.08	0.12	0.028284	0.08	0.12	0.028284	chr1:193736169-193736219	0.02	0.066476	0.036917	0.076039	TRUE	1	1	0	1	0	chr1	193735878	193736245	368	*	1	1	0.002717	0.002717
26311	chr1	193802963	193802988	/home/rstudio/disco_tmp/data/scoring/acc_maf_ingroup/25/chr1/chr1_25_acc_193802963_193802988.maf	25	25	0	2	0.04	0.12	0.056569	0.04	0.12	0.056569	chr1:193802963-193802988	0.08	0.141389	0.179863	0.228783	TRUE	1	2	0	2	0	chr1	193802939	193804106	1168	*	2	1	0.001712	0.000856
26526	chr1	195327967	195327992	/home/rstudio/disco_tmp/data/scoring/acc_maf_ingroup/25/chr1/chr1_25_acc_195327967_195327992.maf	25	25	0	1	0	0.08	0.056569	0	0.08	0.056569	chr1:195327967-195327992	0.04	0.141389	0.084566	0.164749	TRUE	5	11	14	2 3 1 4 4	9 9 0 0 5	chr1	195327943	195328241	299	*	5	2	0.016722	0.006689
26526	chr1	195327942	195327967	/home/rstudio/disco_tmp/data/scoring/acc_maf_ingroup/25/chr1/chr1_25_acc_195327942_195327967.maf	25	34	9	2	0	0.088235	0.062392	0	0.088235	0.062392	chr1:195327942-195327967	0.058824	0.156812	0.129412	0.203316	TRUE	5	11	14	2 3 1 4 4	9 9 0 0 5	chr1	195327943	195328241	299	*	5	2	0.016722	0.006689
26526	chr1	195328092	195328142	/home/rstudio/disco_tmp/data/scoring/acc_maf_ingroup/50/chr1/chr1_50_acc_195328092_195328142.maf	50	55	5	4	0.018182	0.2	0.128565	0.018182	0.2	0.128565	chr1:195328092-195328142	0.072727	0.332075	0.162537	0.369719	TRUE	5	11	14	2 3 1 4 4	9 9 0 0 5	chr1	195327943	195328241	299	*	5	2	0.016722	0.006689
26526	chr1	195327942	195327992	/home/rstudio/disco_tmp/data/scoring/acc_maf_ingroup/50/chr1/chr1_50_acc_195327942_195327992.maf	50	59	9	3	0	0.084746	0.059924	0	0.084746	0.059924	chr1:195327942-195327992	0.050847	0.150277	0.110409	0.186476	TRUE	5	11	14	2 3 1 4 4	9 9 0 0 5	chr1	195327943	195328241	299	*	5	2	0.016722	0.006689
26526	chr1	195327992	195328017	/home/rstudio/disco_tmp/data/scoring/acc_maf_ingroup/25/chr1/chr1_25_acc_195327992_195328017.maf	25	25	0	4	0	0.16	0.113137	0	0.16	0.113137	chr1:195327992-195328017	0.16	0.291214	0.370459	0.471216	TRUE	5	11	14	2 3 1 4 4	9 9 0 0 5	chr1	195327943	195328241	299	*	5	2	0.016722	0.006689
26704	chr1	196644358	196644383	/home/rstudio/disco_tmp/data/scoring/acc_maf_ingroup/25/chr1/chr1_25_acc_196644358_196644383.maf	25	25	0	3	0	0.2	0.141421	0	0.2	0.141421	chr1:196644358-196644383	0.12	0.366126	0.275161	0.457998	TRUE	1	3	0	3	0	chr1	196644309	196644509	201	*	3	1	0.014925	0.004975
26707	chr1	196651495	196651545	/home/rstudio/disco_tmp/data/scoring/acc_maf_ingroup/50/chr1/chr1_50_acc_196651495_196651545.maf	50	50	0	1	0	0.1	0.070711	0	0.1	0.070711	chr1:196651495-196651545	0.02	0.178845	0.036917	0.182615	TRUE	1	1	0	1	0	chr1	196651446	196651553	108	*	1	1	0.009259	0.009259
26952	chr10	1799297	1799347	/home/rstudio/disco_tmp/data/scoring/acc_maf_ingroup/50/chr10/chr10_50_acc_1799297_1799347.maf	50	50	0	1	0.02	0.04	0.014142	0.02	0.04	0.014142	chr10:1799297-1799347	0.02	0.02902	0.036917	0.046958	TRUE	1	1	0	1	0	chr10	1799198	1799392	195	*	1	1	0.005128	0.005128
27045	chr10	2136989	2137039	/home/rstudio/disco_tmp/data/scoring/acc_maf_ingroup/50/chr10/chr10_50_acc_2136989_2137039.maf	50	50	0	1	0	0.04	0.028284	0	0.04	0.028284	chr10:2136989-2137039	0.02	0.066476	0.036917	0.076039	TRUE	1	1	0	1	0	chr10	2136837	2137120	284	*	1	1	0.003521	0.003521
2706	chr1	23046529	23046554	/home/rstudio/disco_tmp/data/scoring/acc_maf_ingroup/25/chr1/chr1_25_acc_23046529_23046554.maf	25	25	0	5	0.04	0.2	0.113137	0.04	0.2	0.113137	chr1:23046529-23046554	0.2	0.291214	0.465756	0.549303	TRUE	1	5	0	5	0	chr1	23046455	23046587	133	*	5	1	0.037594	0.007519
27242	chr10	3290119	3290144	/paula/2019/aves/data/scoring/acc_maf_ingroup/25/chr10/chr10_25_acc_3290119_3290144.maf	25	25	0	1	0	0.04	0.028284	0	0.04	0.028284	chr10:3290119-3290144	0.04	0.066476	0.084566	0.107566	TRUE	1	1	0	1	0	chr10	3288474	3290331	1858	*	1	1	0.000538	0.000538
27521	chr10	4627218	4627268	/home/rstudio/disco_tmp/data/scoring/acc_maf_ingroup/50/chr10/chr10_50_acc_4627218_4627268.maf	50	50	0	1	0	0.04	0.028284	0	0.04	0.028284	chr10:4627218-4627268	0.02	0.066476	0.036917	0.076039	TRUE	1	1	0	1	0	chr10	4627169	4627322	154	*	1	1	0.006494	0.006494
27677	chr10	5475113	5475163	/home/rstudio/disco_tmp/data/scoring/acc_maf_ingroup/50/chr10/chr10_50_acc_5475113_5475163.maf	50	50	0	1	0	0.04	0.028284	0	0.04	0.028284	chr10:5475113-5475163	0.02	0.066476	0.036917	0.076039	TRUE	1	1	0	1	0	chr10	5474864	5475305	442	*	1	1	0.002262	0.002262
27680	chr10	5480465	5480515	/home/rstudio/disco_tmp/data/scoring/acc_maf_ingroup/50/chr10/chr10_50_acc_5480465_5480515.maf	50	50	0	2	0	0.08	0.056569	0	0.08	0.056569	chr10:5480465-5480515	0.04	0.141389	0.084566	0.164749	TRUE	1	2	0	2	0	chr10	5480413	5480546	134	*	2	1	0.014925	0.007463
2771	chr1	23572377	23572402	/home/rstudio/disco_tmp/data/scoring/acc_maf_ingroup/25/chr1/chr1_25_acc_23572377_23572402.maf	25	25	0	3	0	0.24	0.169706	0	0.24	0.169706	chr1:23572377-23572402	0.12	0.441038	0.275161	0.519835	TRUE	1	3	0	3	0	chr1	23572208	23572405	198	*	3	1	0.015152	0.005051
2783	chr1	23647424	23647474	/home/rstudio/disco_tmp/data/scoring/acc_maf_ingroup/50/chr1/chr1_50_acc_23647424_23647474.maf	50	50	0	3	0.04	0.14	0.070711	0.04	0.14	0.070711	chr1:23647424-23647474	0.06	0.178845	0.132215	0.22241	TRUE	1	3	0	3	0	chr1	23647425	23647582	158	*	3	1	0.018987	0.006329
28111	chr10	7871257	7871307	/home/rstudio/disco_tmp/data/scoring/acc_maf_ingroup/50/chr10/chr10_50_acc_7871257_7871307.maf	50	50	0	2	0.06	0.12	0.042426	0.06	0.12	0.042426	chr10:7871257-7871307	0.04	0.103933	0.084566	0.13399	TRUE	1	2	0	2	0	chr10	7871258	7871357	100	*	2	1	0.02	0.01
28115	chr10	7881941	7881991	/home/rstudio/disco_tmp/data/scoring/acc_maf_ingroup/50/chr10/chr10_50_acc_7881941_7881991.maf	50	50	0	3	0.06	0.18	0.084853	0.06	0.18	0.084853	chr10:7881941-7881991	0.06	0.216301	0.132215	0.253509	TRUE	1	3	0	3	0	chr10	7881850	7881995	146	*	3	1	0.020548	0.006849
28273	chr10	9253067	9253117	/home/rstudio/disco_tmp/data/scoring/acc_maf_ingroup/50/chr10/chr10_50_acc_9253067_9253117.maf	50	50	0	1	0.08	0.1	0.014142	0.08	0.1	0.014142	chr10:9253067-9253117	0.02	0.02902	0.036917	0.046958	TRUE	1	1	0	1	0	chr10	9253014	9253247	234	*	1	1	0.004274	0.004274
28332	chr10	9370174	9370224	/home/rstudio/disco_tmp/data/scoring/acc_maf_ingroup/50/chr10/chr10_50_acc_9370174_9370224.maf	50	138	88	2	0.007246	0.036232	0.020496	0.007246	0.036232	0.020496	chr10:9370174-9370224	0.014493	0.045848	0.023796	0.051656	TRUE	2	3	88	2 1	88 0	chr10	9369729	9371944	2216	*	1	1	0.000451	0.000451
28332	chr10	9371855	9371905	/home/rstudio/disco_tmp/data/scoring/acc_maf_ingroup/50/chr10/chr10_50_acc_9371855_9371905.maf	50	50	0	1	0.04	0.08	0.028284	0.04	0.08	0.028284	chr10:9371855-9371905	0.02	0.066476	0.036917	0.076039	TRUE	2	3	88	2 1	88 0	chr10	9369729	9371944	2216	*	1	1	0.000451	0.000451
28336	chr10	9377077	9377127	/home/rstudio/disco_tmp/data/scoring/acc_maf_ingroup/50/chr10/chr10_50_acc_9377077_9377127.maf	50	50	0	1	0	0.02	0.014142	0	0.02	0.014142	chr10:9377077-9377127	0.02	0.02902	0.036917	0.046958	TRUE	1	1	0	1	0	chr10	9376578	9377796	1219	*	1	1	0.00082	0.00082
2858	chr1	24646946	24646971	/home/rstudio/disco_tmp/data/scoring/acc_maf_ingroup/25/chr1/chr1_25_acc_24646946_24646971.maf	25	31	6	1	0	0.032258	0.02281	0	0.032258	0.02281	chr1:24646946-24646971	0.032258	0.051977	0.066121	0.084105	TRUE	2	4	6	1 3	6 0	chr1	24646872	24647102	231	*	3	1	0.012987	0.004329
2858	chr1	24647021	24647046	/home/rstudio/disco_tmp/data/scoring/acc_maf_ingroup/25/chr1/chr1_25_acc_24647021_24647046.maf	25	25	0	3	0	0.12	0.084853	0	0.12	0.084853	chr1:24647021-24647046	0.12	0.216301	0.275161	0.35	TRUE	2	4	6	1 3	6 0	chr1	24646872	24647102	231	*	3	1	0.012987	0.004329
2862	chr1	24653330	24653380	/home/rstudio/disco_tmp/data/scoring/acc_maf_ingroup/50/chr1/chr1_50_acc_24653330_24653380.maf	50	50	0	4	0	0.08	0.056569	0	0.08	0.056569	chr1:24653330-24653380	0.08	0.141389	0.179863	0.228783	TRUE	4	6	31	3 4 1 1	0 0 24 7	chr1	24653049	24653596	548	*	7	2	0.012774	0.00365
2862	chr1	24653330	24653355	/home/rstudio/disco_tmp/data/scoring/acc_maf_ingroup/25/chr1/chr1_25_acc_24653330_24653355.maf	25	25	0	3	0	0.12	0.084853	0	0.12	0.084853	chr1:24653330-24653355	0.12	0.216301	0.275161	0.35	TRUE	4	6	31	3 4 1 1	0 0 24 7	chr1	24653049	24653596	548	*	7	2	0.012774	0.00365
2862	chr1	24653555	24653580	/home/rstudio/disco_tmp/data/scoring/acc_maf_ingroup/25/chr1/chr1_25_acc_24653555_24653580.maf	25	32	7	1	0	0.125	0.088388	0	0.125	0.088388	chr1:24653555-24653580	0.03125	0.225665	0.06372	0.234489	TRUE	4	6	31	3 4 1 1	0 0 24 7	chr1	24653049	24653596	548	*	7	2	0.012774	0.00365
2862	chr1	24653430	24653455	/home/rstudio/disco_tmp/data/scoring/acc_maf_ingroup/25/chr1/chr1_25_acc_24653430_24653455.maf	25	49	24	1	0	0.020408	0.014431	0	0.020408	0.014431	chr1:24653430-24653455	0.020408	0.029785	0.037889	0.048195	TRUE	4	6	31	3 4 1 1	0 0 24 7	chr1	24653049	24653596	548	*	7	2	0.012774	0.00365
2865	chr1	24659662	24659712	/home/rstudio/disco_tmp/data/scoring/acc_maf_ingroup/50/chr1/chr1_50_acc_24659662_24659712.maf	50	50	0	1	0	0.04	0.028284	0	0.04	0.028284	chr1:24659662-24659712	0.02	0.066476	0.036917	0.076039	TRUE	2	1	0	1 1	0 0	chr1	24659613	24659848	236	*	2	2	0.008475	0.008475
2865	chr1	24659662	24659687	/home/rstudio/disco_tmp/data/scoring/acc_maf_ingroup/25/chr1/chr1_25_acc_24659662_24659687.maf	25	25	0	1	0	0.08	0.056569	0	0.08	0.056569	chr1:24659662-24659687	0.04	0.141389	0.084566	0.164749	TRUE	2	1	0	1 1	0 0	chr1	24659613	24659848	236	*	2	2	0.008475	0.008475
2869	chr1	24672502	24672527	/home/rstudio/disco_tmp/data/scoring/acc_maf_ingroup/25/chr1/chr1_25_acc_24672502_24672527.maf	25	25	0	3	0.04	0.24	0.141421	0.04	0.24	0.141421	chr1:24672502-24672527	0.12	0.366126	0.275161	0.457998	TRUE	1	3	0	3	0	chr1	24672470	24672761	292	*	3	1	0.010274	0.003425
2875	chr1	24684616	24684641	/home/rstudio/disco_tmp/data/scoring/acc_maf_ingroup/25/chr1/chr1_25_acc_24684616_24684641.maf	25	25	0	1	0.12	0.24	0.084853	0.12	0.24	0.084853	chr1:24684616-24684641	0.04	0.216301	0.084566	0.232245	TRUE	1	1	0	1	0	chr1	24684617	24684828	212	*	1	1	0.004717	0.004717
28759	chr10	10989092	10989142	/home/rstudio/disco_tmp/data/scoring/acc_maf_ingroup/50/chr10/chr10_50_acc_10989092_10989142.maf	50	50	0	1	0	0.02	0.014142	0	0.02	0.014142	chr10:10989092-10989142	0.02	0.02902	0.036917	0.046958	TRUE	2	3	0	1 2	0 0	chr10	10988693	10989330	638	*	3	2	0.004702	0.003135
28759	chr10	10989242	10989292	/home/rstudio/disco_tmp/data/scoring/acc_maf_ingroup/50/chr10/chr10_50_acc_10989242_10989292.maf	50	50	0	2	0.02	0.12	0.070711	0.02	0.12	0.070711	chr10:10989242-10989292	0.04	0.178845	0.084566	0.19783	TRUE	2	3	0	1 2	0 0	chr10	10988693	10989330	638	*	3	2	0.004702	0.003135
2887	chr1	24721368	24721393	/home/rstudio/disco_tmp/data/scoring/acc_maf_ingroup/25/chr1/chr1_25_acc_24721368_24721393.maf	25	25	0	1	0.04	0.2	0.113137	0.04	0.2	0.113137	chr1:24721368-24721393	0.04	0.291214	0.084566	0.303244	TRUE	2	2	1	1 1	1 0	chr1	24721244	24721476	233	*	1	1	0.004292	0.004292
2887	chr1	24721343	24721368	/home/rstudio/disco_tmp/data/scoring/acc_maf_ingroup/25/chr1/chr1_25_acc_24721343_24721368.maf	25	26	1	1	0.038462	0.076923	0.027196	0.038462	0.076923	0.027196	chr1:24721343-24721368	0.038462	0.063595	0.080901	0.102904	TRUE	2	2	1	1 1	1 0	chr1	24721244	24721476	233	*	1	1	0.004292	0.004292
29059	chr10	12562336	12562386	/home/rstudio/disco_tmp/data/scoring/acc_maf_ingroup/50/chr10/chr10_50_acc_12562336_12562386.maf	50	50	0	2	0	0.06	0.042426	0	0.06	0.042426	chr10:12562336-12562386	0.04	0.103933	0.084566	0.13399	TRUE	1	2	0	2	0	chr10	12562337	12562456	120	*	2	1	0.016667	0.008333
29153	chr10	13200020	13200045	/paula/2019/aves/data/scoring/acc_maf_ingroup/25/chr10/chr10_25_acc_13200020_13200045.maf	25	25	0	1	0	0.08	0.056569	0	0.08	0.056569	chr10:13200020-13200045	0.04	0.141389	0.084566	0.164749	TRUE	1	1	0	1	0	chr10	13199345	13200360	1016	*	1	1	0.000984	0.000984
2922	chr1	24878430	24878455	/home/rstudio/disco_tmp/data/scoring/acc_maf_ingroup/25/chr1/chr1_25_acc_24878430_24878455.maf	25	25	0	1	0	0.08	0.056569	0	0.08	0.056569	chr1:24878430-24878455	0.04	0.141389	0.084566	0.164749	TRUE	1	1	0	1	0	chr1	24878337	24878494	158	*	1	1	0.006329	0.006329
2938	chr1	25062201	25062251	/home/rstudio/disco_tmp/data/scoring/acc_maf_ingroup/50/chr1/chr1_50_acc_25062201_25062251.maf	50	50	0	3	0.06	0.12	0.042426	0.06	0.12	0.042426	chr1:25062201-25062251	0.06	0.103933	0.132215	0.168175	TRUE	1	3	0	3	0	chr1	25062052	25062275	224	*	3	1	0.013393	0.004464
2940	chr1	25063454	25063504	/home/rstudio/disco_tmp/data/scoring/acc_maf_ingroup/50/chr1/chr1_50_acc_25063454_25063504.maf	50	50	0	3	0	0.06	0.042426	0	0.06	0.042426	chr1:25063454-25063504	0.06	0.103933	0.132215	0.168175	TRUE	2	3	0	3 1	0 0	chr1	25063455	25063684	230	*	4	2	0.017391	0.008696
2940	chr1	25063479	25063504	/home/rstudio/disco_tmp/data/scoring/acc_maf_ingroup/25/chr1/chr1_25_acc_25063479_25063504.maf	25	25	0	1	0	0.04	0.028284	0	0.04	0.028284	chr1:25063479-25063504	0.04	0.066476	0.084566	0.107566	TRUE	2	3	0	3 1	0 0	chr1	25063455	25063684	230	*	4	2	0.017391	0.008696
2974	chr1	25202194	25202219	/home/rstudio/disco_tmp/data/scoring/acc_maf_ingroup/25/chr1/chr1_25_acc_25202194_25202219.maf	25	25	0	1	0	0.16	0.113137	0	0.16	0.113137	chr1:25202194-25202219	0.04	0.291214	0.084566	0.303244	TRUE	2	2	0	1 1	0 0	chr1	25201915	25202280	366	*	2	2	0.005464	0.005464
2974	chr1	25202069	25202119	/home/rstudio/disco_tmp/data/scoring/acc_maf_ingroup/50/chr1/chr1_50_acc_25202069_25202119.maf	50	50	0	1	0	0.06	0.042426	0	0.06	0.042426	chr1:25202069-25202119	0.02	0.103933	0.036917	0.110294	TRUE	2	2	0	1 1	0 0	chr1	25201915	25202280	366	*	2	2	0.005464	0.005464
29801	chr10	16276021	16276046	/paula/2019/aves/data/scoring/acc_maf_ingroup/25/chr10/chr10_25_acc_16276021_16276046.maf	25	25	0	1	0	0.24	0.169706	0	0.24	0.169706	chr10:16276021-16276046	0.04	0.441038	0.084566	0.449073	TRUE	1	1	0	1	0	chr10	16275897	16276182	286	*	1	1	0.003497	0.003497
30300	chr10	18181273	18181298	/paula/2019/aves/data/scoring/acc_maf_ingroup/25/chr10/chr10_25_acc_18181273_18181298.maf	25	25	0	1	0	0.12	0.084853	0	0.12	0.084853	chr10:18181273-18181298	0.04	0.216301	0.084566	0.232245	TRUE	1	1	0	1	0	chr10	18181274	18181443	170	*	1	1	0.005882	0.005882
30406	chr10	18509126	18509151	/paula/2019/aves/data/scoring/acc_maf_ingroup/25/chr10/chr10_25_acc_18509126_18509151.maf	25	25	0	3	0	0.16	0.113137	0	0.16	0.113137	chr10:18509126-18509151	0.12	0.291214	0.275161	0.400648	TRUE	1	3	0	3	0	chr10	18508702	18509227	526	*	3	1	0.005703	0.001901
31287	chr11	1456079	1456129	/home/rstudio/disco_tmp/data/scoring/acc_maf_ingroup/50/chr11/chr11_50_acc_1456079_1456129.maf	50	50	0	1	0.02	0.06	0.028284	0.02	0.06	0.028284	chr11:1456079-1456129	0.02	0.066476	0.036917	0.076039	TRUE	1	1	0	1	0	chr11	1456058	1456165	108	*	1	1	0.009259	0.009259
31589	chr11	3285113	3285163	/home/rstudio/disco_tmp/data/scoring/acc_maf_ingroup/50/chr11/chr11_50_acc_3285113_3285163.maf	50	50	0	1	0.04	0.06	0.014142	0.04	0.06	0.014142	chr11:3285113-3285163	0.02	0.02902	0.036917	0.046958	TRUE	1	1	0	1	0	chr11	3285014	3285400	387	*	1	1	0.002584	0.002584
3227	chr1	26101867	26101892	/home/rstudio/disco_tmp/data/scoring/acc_maf_ingroup/25/chr1/chr1_25_acc_26101867_26101892.maf	25	25	0	1	0	0.04	0.028284	0	0.04	0.028284	chr1:26101867-26101892	0.04	0.066476	0.084566	0.107566	TRUE	3	3	6	2 1 1	0 0 6	chr1	26101843	26102252	410	*	3	2	0.007317	0.004878
3227	chr1	26101842	26101892	/home/rstudio/disco_tmp/data/scoring/acc_maf_ingroup/50/chr1/chr1_50_acc_26101842_26101892.maf	50	50	0	2	0	0.04	0.028284	0	0.04	0.028284	chr1:26101842-26101892	0.04	0.066476	0.084566	0.107566	TRUE	3	3	6	2 1 1	0 0 6	chr1	26101843	26102252	410	*	3	2	0.007317	0.004878
3227	chr1	26101892	26101942	/home/rstudio/disco_tmp/data/scoring/acc_maf_ingroup/50/chr1/chr1_50_acc_26101892_26101942.maf	50	56	6	1	0.017857	0.035714	0.012627	0.017857	0.035714	0.012627	chr1:26101892-26101942	0.017857	0.025007	0.031812	0.040464	TRUE	3	3	6	2 1 1	0 0 6	chr1	26101843	26102252	410	*	3	2	0.007317	0.004878
32346	chr11	5946622	5946647	/paula/2019/aves/data/scoring/acc_maf_ingroup/25/chr11/chr11_25_acc_5946622_5946647.maf	25	25	0	1	0	0.04	0.028284	0	0.04	0.028284	chr11:5946622-5946647	0.04	0.066476	0.084566	0.107566	TRUE	1	1	0	1	0	chr11	5945828	5947396	1569	*	1	1	0.000637	0.000637
32702	chr11	7382055	7382105	/home/rstudio/disco_tmp/data/scoring/acc_maf_ingroup/50/chr11/chr11_50_acc_7382055_7382105.maf	50	50	0	1	0	0.02	0.014142	0	0.02	0.014142	chr11:7382055-7382105	0.02	0.02902	0.036917	0.046958	TRUE	1	1	0	1	0	chr11	7381906	7382156	251	*	1	1	0.003984	0.003984
32784	chr11	7836469	7836519	/home/rstudio/disco_tmp/data/scoring/acc_maf_ingroup/50/chr11/chr11_50_acc_7836469_7836519.maf	50	50	0	4	0.04	0.14	0.070711	0.04	0.14	0.070711	chr11:7836469-7836519	0.08	0.178845	0.179863	0.253646	TRUE	1	4	0	4	0	chr11	7836420	7836609	190	*	4	1	0.021053	0.005263
33799	chr11	12196153	12196203	/home/rstudio/disco_tmp/data/scoring/acc_maf_ingroup/50/chr11/chr11_50_acc_12196153_12196203.maf	50	50	0	2	0.04	0.06	0.014142	0.04	0.06	0.014142	chr11:12196153-12196203	0.04	0.02902	0.084566	0.089407	TRUE	1	2	0	2	0	chr11	12195756	12197271	1516	*	2	1	0.001319	0.00066
34234	chr11	14689730	14689755	/paula/2019/aves/data/scoring/acc_maf_ingroup/25/chr11/chr11_25_acc_14689730_14689755.maf	25	25	0	1	0	0.16	0.113137	0	0.16	0.113137	chr11:14689730-14689755	0.04	0.291214	0.084566	0.303244	TRUE	1	1	0	1	0	chr11	14689579	14689944	366	*	1	1	0.002732	0.002732
34548	chr11	16882175	16882225	/home/rstudio/disco_tmp/data/scoring/acc_maf_ingroup/50/chr11/chr11_50_acc_16882175_16882225.maf	50	65	15	1	0.030769	0.076923	0.032636	0.030769	0.076923	0.032636	chr11:16882175-16882225	0.015385	0.078001	0.025921	0.082196	TRUE	2	2	15	1 1	15 0	chr11	16881788	16882464	677	*	1	1	0.001477	0.001477
34548	chr11	16882325	16882350	/paula/2019/aves/data/scoring/acc_maf_ingroup/25/chr11/chr11_25_acc_16882325_16882350.maf	25	25	0	1	0.04	0.16	0.084853	0.04	0.16	0.084853	chr11:16882325-16882350	0.04	0.216301	0.084566	0.232245	TRUE	2	2	15	1 1	15 0	chr11	16881788	16882464	677	*	1	1	0.001477	0.001477
3482	chr1	28567738	28567788	/home/rstudio/disco_tmp/data/scoring/acc_maf_ingroup/50/chr1/chr1_50_acc_28567738_28567788.maf	50	50	0	3	0.04	0.08	0.028284	0.04	0.08	0.028284	chr1:28567738-28567788	0.06	0.066476	0.132215	0.147986	TRUE	1	3	0	3	0	chr1	28567689	28567909	221	*	3	1	0.013575	0.004525
3495	chr1	28655170	28655195	/home/rstudio/disco_tmp/data/scoring/acc_maf_ingroup/25/chr1/chr1_25_acc_28655170_28655195.maf	25	25	0	2	0.08	0.12	0.028284	0.08	0.12	0.028284	chr1:28655170-28655195	0.08	0.066476	0.179863	0.191755	TRUE	1	2	0	2	0	chr1	28655121	28655277	157	*	2	1	0.012739	0.006369
35156	chr11	19580510	19580560	/home/rstudio/disco_tmp/data/scoring/acc_maf_ingroup/50/chr11/chr11_50_acc_19580510_19580560.maf	50	50	0	1	0	0.04	0.028284	0	0.04	0.028284	chr11:19580510-19580560	0.02	0.066476	0.036917	0.076039	TRUE	1	1	0	1	0	chr11	19578850	19580821	1972	*	1	1	0.000507	0.000507
35327	chr12	1111676	1111726	/paula/2019/aves/data/scoring/acc_maf_ingroup/50/chr12/chr12_50_acc_1111676_1111726.maf	50	50	0	3	0.02	0.08	0.042426	0.02	0.08	0.042426	chr12:1111676-1111726	0.06	0.103933	0.132215	0.168175	TRUE	1	3	0	3	0	chr12	1111555	1111805	251	*	3	1	0.011952	0.003984
35345	chr12	1153082	1153132	/paula/2019/aves/data/scoring/acc_maf_ingroup/50/chr12/chr12_50_acc_1153082_1153132.maf	50	50	0	2	0.04	0.06	0.014142	0.04	0.06	0.014142	chr12:1153082-1153132	0.04	0.02902	0.084566	0.089407	TRUE	1	2	0	2	0	chr12	1153083	1153189	107	*	2	1	0.018692	0.009346
3538	chr1	28843404	28843429	/home/rstudio/disco_tmp/data/scoring/acc_maf_ingroup/25/chr1/chr1_25_acc_28843404_28843429.maf	25	25	0	1	0	0.04	0.028284	0	0.04	0.028284	chr1:28843404-28843429	0.04	0.066476	0.084566	0.107566	TRUE	1	1	0	1	0	chr1	28843205	28843453	249	*	1	1	0.004016	0.004016
3558	chr1	29068433	29068458	/home/rstudio/disco_tmp/data/scoring/acc_maf_ingroup/25/chr1/chr1_25_acc_29068433_29068458.maf	25	25	0	1	0	0.04	0.028284	0	0.04	0.028284	chr1:29068433-29068458	0.04	0.066476	0.084566	0.107566	TRUE	1	1	0	1	0	chr1	29068384	29068583	200	*	1	1	0.005	0.005
35647	chr12	2863807	2863857	/paula/2019/aves/data/scoring/acc_maf_ingroup/50/chr12/chr12_50_acc_2863807_2863857.maf	50	50	0	3	0.02	0.12	0.070711	0.02	0.12	0.070711	chr12:2863807-2863857	0.06	0.178845	0.132215	0.22241	TRUE	1	3	0	3	0	chr12	2863603	2864073	471	*	3	1	0.006369	0.002123
3565	chr1	29102900	29102950	/home/rstudio/disco_tmp/data/scoring/acc_maf_ingroup/50/chr1/chr1_50_acc_29102900_29102950.maf	50	50	0	3	0.04	0.16	0.084853	0.04	0.16	0.084853	chr1:29102900-29102950	0.06	0.216301	0.132215	0.253509	TRUE	2	4	18	1 3	18 0	chr1	29102851	29102975	125	*	3	1	0.024	0.008
3565	chr1	29102850	29102900	/home/rstudio/disco_tmp/data/scoring/acc_maf_ingroup/50/chr1/chr1_50_acc_29102850_29102900.maf	50	68	18	1	0.014706	0.073529	0.041595	0.014706	0.073529	0.041595	chr1:29102850-29102900	0.014706	0.101729	0.024304	0.104592	TRUE	2	4	18	1 3	18 0	chr1	29102851	29102975	125	*	3	1	0.024	0.008
3567	chr1	29119288	29119313	/home/rstudio/disco_tmp/data/scoring/acc_maf_ingroup/25/chr1/chr1_25_acc_29119288_29119313.maf	25	25	0	1	0.04	0.08	0.028284	0.04	0.08	0.028284	chr1:29119288-29119313	0.04	0.066476	0.084566	0.107566	TRUE	2	2	5	1 1	5 0	chr1	29118917	29119491	575	*	1	1	0.001739	0.001739
3567	chr1	29119238	29119288	/home/rstudio/disco_tmp/data/scoring/acc_maf_ingroup/50/chr1/chr1_50_acc_29119238_29119288.maf	50	55	5	1	0.018182	0.036364	0.012856	0.018182	0.036364	0.012856	chr1:29119238-29119288	0.018182	0.025615	0.032585	0.041448	TRUE	2	2	5	1 1	5 0	chr1	29118917	29119491	575	*	1	1	0.001739	0.001739
35705	chr12	3022700	3022725	/paula/2019/aves/data/scoring/acc_maf_ingroup/25/chr12/chr12_25_acc_3022700_3022725.maf	25	31	6	1	0	0.032258	0.02281	0	0.032258	0.02281	chr12:3022700-3022725	0.032258	0.051977	0.066121	0.084105	TRUE	2	2	6	1 1	6 0	chr12	3022584	3023479	896	*	1	1	0.001116	0.001116
35705	chr12	3022775	3022825	/paula/2019/aves/data/scoring/acc_maf_ingroup/50/chr12/chr12_50_acc_3022775_3022825.maf	50	50	0	1	0.02	0.06	0.028284	0.02	0.06	0.028284	chr12:3022775-3022825	0.02	0.066476	0.036917	0.076039	TRUE	2	2	6	1 1	6 0	chr12	3022584	3023479	896	*	1	1	0.001116	0.001116
35732	chr12	3094557	3094582	/paula/2019/aves/data/scoring/acc_maf_ingroup/25/chr12/chr12_25_acc_3094557_3094582.maf	25	25	0	2	0	0.16	0.113137	0	0.16	0.113137	chr12:3094557-3094582	0.08	0.291214	0.179863	0.342281	TRUE	1	2	0	2	0	chr12	3094398	3094598	201	*	2	1	0.00995	0.004975
35769	chr12	3244471	3244496	/paula/2019/aves/data/scoring/acc_maf_ingroup/25/chr12/chr12_25_acc_3244471_3244496.maf	25	25	0	2	0	0.08	0.056569	0	0.08	0.056569	chr12:3244471-3244496	0.08	0.141389	0.179863	0.228783	TRUE	2	6	0	4 2	0 0	chr12	3244304	3244564	261	*	6	2	0.022989	0.007663
35769	chr12	3244418	3244443	/paula/2019/aves/data/scoring/acc_maf_ingroup/25/chr12/chr12_25_acc_3244418_3244443.maf	25	25	0	4	0	0.2	0.141421	0	0.2	0.141421	chr12:3244418-3244443	0.16	0.366126	0.370459	0.520853	TRUE	2	6	0	4 2	0 0	chr12	3244304	3244564	261	*	6	2	0.022989	0.007663
36149	chr12	5281469	5281494	/paula/2019/aves/data/scoring/acc_maf_ingroup/25/chr12/chr12_25_acc_5281469_5281494.maf	25	25	0	1	0	0.08	0.056569	0	0.08	0.056569	chr12:5281469-5281494	0.04	0.141389	0.084566	0.164749	TRUE	1	1	0	1	0	chr12	5281093	5281550	458	*	1	1	0.002183	0.002183
36180	chr12	5460331	5460356	/paula/2019/aves/data/scoring/acc_maf_ingroup/25/chr12/chr12_25_acc_5460331_5460356.maf	25	25	0	2	0	0.08	0.056569	0	0.08	0.056569	chr12:5460331-5460356	0.08	0.141389	0.179863	0.228783	TRUE	1	2	0	2	0	chr12	5460112	5460359	248	*	2	1	0.008065	0.004032
36498	chr12	7511911	7511936	/paula/2019/aves/data/scoring/acc_maf_ingroup/25/chr12/chr12_25_acc_7511911_7511936.maf	25	25	0	1	0	0.08	0.056569	0	0.08	0.056569	chr12:7511911-7511936	0.04	0.141389	0.084566	0.164749	TRUE	1	1	0	1	0	chr12	7511887	7512040	154	*	1	1	0.006494	0.006494
36499	chr12	7515403	7515453	/paula/2019/aves/data/scoring/acc_maf_ingroup/50/chr12/chr12_50_acc_7515403_7515453.maf	50	50	0	2	0.02	0.06	0.028284	0.02	0.06	0.028284	chr12:7515403-7515453	0.04	0.066476	0.084566	0.107566	TRUE	2	4	45	2 2	45 0	chr12	7515304	7515484	181	*	2	1	0.01105	0.005525
36499	chr12	7515353	7515403	/paula/2019/aves/data/scoring/acc_maf_ingroup/50/chr12/chr12_50_acc_7515353_7515403.maf	50	95	45	2	0.031579	0.052632	0.014886	0.031579	0.052632	0.014886	chr12:7515353-7515403	0.021053	0.030991	0.039425	0.050148	TRUE	2	4	45	2 2	45 0	chr12	7515304	7515484	181	*	2	1	0.01105	0.005525
36507	chr12	7552528	7552578	/paula/2019/aves/data/scoring/acc_maf_ingroup/50/chr12/chr12_50_acc_7552528_7552578.maf	50	50	0	3	0.06	0.12	0.042426	0.06	0.12	0.042426	chr12:7552528-7552578	0.06	0.103933	0.132215	0.168175	TRUE	1	3	0	3	0	chr12	7552379	7552710	332	*	3	1	0.009036	0.003012
36508	chr12	7552785	7552835	/paula/2019/aves/data/scoring/acc_maf_ingroup/50/chr12/chr12_50_acc_7552785_7552835.maf	50	50	0	1	0.02	0.04	0.014142	0.02	0.04	0.014142	chr12:7552785-7552835	0.02	0.02902	0.036917	0.046958	TRUE	1	1	0	1	0	chr12	7552786	7553271	486	*	1	1	0.002058	0.002058
3680	chr1	29634990	29635015	/home/rstudio/disco_tmp/data/scoring/acc_maf_ingroup/25/chr1/chr1_25_acc_29634990_29635015.maf	25	25	0	1	0	0.08	0.056569	0	0.08	0.056569	chr1:29634990-29635015	0.04	0.141389	0.084566	0.164749	TRUE	1	1	0	1	0	chr1	29634595	29635189	595	*	1	1	0.001681	0.001681
3687	chr1	29693754	29693804	/home/rstudio/disco_tmp/data/scoring/acc_maf_ingroup/50/chr1/chr1_50_acc_29693754_29693804.maf	50	50	0	3	0.02	0.12	0.070711	0.02	0.12	0.070711	chr1:29693754-29693804	0.06	0.178845	0.132215	0.22241	TRUE	1	3	0	3	0	chr1	29693705	29693823	119	*	3	1	0.02521	0.008403
36922	chr12	9186799	9186849	/paula/2019/aves/data/scoring/acc_maf_ingroup/50/chr12/chr12_50_acc_9186799_9186849.maf	50	50	0	1	0.04	0.08	0.028284	0.04	0.08	0.028284	chr12:9186799-9186849	0.02	0.066476	0.036917	0.076039	TRUE	1	1	0	1	0	chr12	9186750	9186919	170	*	1	1	0.005882	0.005882
36923	chr12	9195012	9195062	/paula/2019/aves/data/scoring/acc_maf_ingroup/50/chr12/chr12_50_acc_9195012_9195062.maf	50	50	0	3	0.02	0.1	0.056569	0.02	0.1	0.056569	chr12:9195012-9195062	0.06	0.141389	0.132215	0.193576	TRUE	1	3	0	3	0	chr12	9195013	9195114	102	*	3	1	0.029412	0.009804
36924	chr12	9196608	9196658	/paula/2019/aves/data/scoring/acc_maf_ingroup/50/chr12/chr12_50_acc_9196608_9196658.maf	50	50	0	1	0.12	0.14	0.014142	0.12	0.14	0.014142	chr12:9196608-9196658	0.02	0.02902	0.036917	0.046958	TRUE	1	1	0	1	0	chr12	9196609	9196755	147	*	1	1	0.006803	0.006803
36929	chr12	9209589	9209614	/paula/2019/aves/data/scoring/acc_maf_ingroup/25/chr12/chr12_25_acc_9209589_9209614.maf	25	28	3	1	0.035714	0.071429	0.025254	0.035714	0.071429	0.025254	chr12:9209589-9209614	0.035714	0.05845	0.074355	0.094579	TRUE	2	2	3	1 1	0 3	chr12	9209444	9209615	172	*	1	1	0.005814	0.005814
36929	chr12	9209539	9209564	/paula/2019/aves/data/scoring/acc_maf_ingroup/25/chr12/chr12_25_acc_9209539_9209564.maf	25	25	0	1	0	0.04	0.028284	0	0.04	0.028284	chr12:9209539-9209564	0.04	0.066476	0.084566	0.107566	TRUE	2	2	3	1 1	0 3	chr12	9209444	9209615	172	*	1	1	0.005814	0.005814
36987	chr12	9325950	9325975	/paula/2019/aves/data/scoring/acc_maf_ingroup/25/chr12/chr12_25_acc_9325950_9325975.maf	25	25	0	2	0	0.16	0.113137	0	0.16	0.113137	chr12:9325950-9325975	0.08	0.291214	0.179863	0.342281	TRUE	4	6	0	3 2 1 2	0 0 0 0	chr12	9325826	9326058	233	*	8	4	0.034335	0.017167
36987	chr12	9325925	9325975	/paula/2019/aves/data/scoring/acc_maf_ingroup/50/chr12/chr12_50_acc_9325925_9325975.maf	50	50	0	3	0.04	0.16	0.084853	0.04	0.16	0.084853	chr12:9325925-9325975	0.06	0.216301	0.132215	0.253509	TRUE	4	6	0	3 2 1 2	0 0 0 0	chr12	9325826	9326058	233	*	8	4	0.034335	0.017167
36987	chr12	9325975	9326025	/paula/2019/aves/data/scoring/acc_maf_ingroup/50/chr12/chr12_50_acc_9325975_9326025.maf	50	50	0	1	0.02	0.12	0.070711	0.02	0.12	0.070711	chr12:9325975-9326025	0.02	0.178845	0.036917	0.182615	TRUE	4	6	0	3 2 1 2	0 0 0 0	chr12	9325826	9326058	233	*	8	4	0.034335	0.017167
36987	chr12	9326025	9326050	/paula/2019/aves/data/scoring/acc_maf_ingroup/25/chr12/chr12_25_acc_9326025_9326050.maf	25	25	0	2	0	0.16	0.113137	0	0.16	0.113137	chr12:9326025-9326050	0.08	0.291214	0.179863	0.342281	TRUE	4	6	0	3 2 1 2	0 0 0 0	chr12	9325826	9326058	233	*	8	4	0.034335	0.017167
37112	chr12	9609908	9609933	/paula/2019/aves/data/scoring/acc_maf_ingroup/25/chr12/chr12_25_acc_9609908_9609933.maf	25	25	0	2	0	0.08	0.056569	0	0.08	0.056569	chr12:9609908-9609933	0.08	0.141389	0.179863	0.228783	TRUE	1	2	0	2	0	chr12	9609884	9610093	210	*	2	1	0.009524	0.004762
373	chr1	3805252	3805302	/home/rstudio/disco_tmp/data/scoring/acc_maf_ingroup/50/chr1/chr1_50_acc_3805252_3805302.maf	50	50	0	1	0.02	0.06	0.028284	0.02	0.06	0.028284	chr1:3805252-3805302	0.02	0.066476	0.036917	0.076039	TRUE	1	1	0	1	0	chr1	3805203	3805330	128	*	1	1	0.007812	0.007812
37675	chr12	11401681	11401706	/paula/2019/aves/data/scoring/acc_maf_ingroup/25/chr12/chr12_25_acc_11401681_11401706.maf	25	25	0	1	0	0.08	0.056569	0	0.08	0.056569	chr12:11401681-11401706	0.04	0.141389	0.084566	0.164749	TRUE	2	1	0	1 1	0 0	chr12	11401657	11401798	142	*	2	2	0.014085	0.014085
37675	chr12	11401656	11401706	/paula/2019/aves/data/scoring/acc_maf_ingroup/50/chr12/chr12_50_acc_11401656_11401706.maf	50	50	0	1	0	0.04	0.028284	0	0.04	0.028284	chr12:11401656-11401706	0.02	0.066476	0.036917	0.076039	TRUE	2	1	0	1 1	0 0	chr12	11401657	11401798	142	*	2	2	0.014085	0.014085
37677	chr12	11403857	11403882	/paula/2019/aves/data/scoring/acc_maf_ingroup/25/chr12/chr12_25_acc_11403857_11403882.maf	25	25	0	1	0	0.04	0.028284	0	0.04	0.028284	chr12:11403857-11403882	0.04	0.066476	0.084566	0.107566	TRUE	2	1	0	1 1	0 0	chr12	11403833	11403941	109	*	2	2	0.018349	0.018349
37677	chr12	11403832	11403882	/paula/2019/aves/data/scoring/acc_maf_ingroup/50/chr12/chr12_50_acc_11403832_11403882.maf	50	50	0	1	0	0.04	0.028284	0	0.04	0.028284	chr12:11403832-11403882	0.02	0.066476	0.036917	0.076039	TRUE	2	1	0	1 1	0 0	chr12	11403833	11403941	109	*	2	2	0.018349	0.018349
37678	chr12	11404576	11404626	/paula/2019/aves/data/scoring/acc_maf_ingroup/50/chr12/chr12_50_acc_11404576_11404626.maf	50	50	0	3	0.02	0.14	0.084853	0.02	0.14	0.084853	chr12:11404576-11404626	0.06	0.216301	0.132215	0.253509	TRUE	1	3	0	3	0	chr12	11404527	11404705	179	*	3	1	0.01676	0.005587
37757	chr12	11723084	11723134	/paula/2019/aves/data/scoring/acc_maf_ingroup/50/chr12/chr12_50_acc_11723084_11723134.maf	50	53	3	2	0	0.132075	0.093391	0	0.132075	0.093391	chr12:11723084-11723134	0.037736	0.238916	0.079172	0.251692	TRUE	2	5	3	2 3	3 0	chr12	11723085	11723249	165	*	3	1	0.018182	0.006061
37757	chr12	11723209	11723234	/paula/2019/aves/data/scoring/acc_maf_ingroup/25/chr12/chr12_25_acc_11723209_11723234.maf	25	25	0	3	0	0.2	0.141421	0	0.2	0.141421	chr12:11723209-11723234	0.12	0.366126	0.275161	0.457998	TRUE	2	5	3	2 3	3 0	chr12	11723085	11723249	165	*	3	1	0.018182	0.006061
37782	chr12	11778331	11778356	/paula/2019/aves/data/scoring/acc_maf_ingroup/25/chr12/chr12_25_acc_11778331_11778356.maf	25	45	20	2	0	0.088889	0.062854	0	0.088889	0.062854	chr12:11778331-11778356	0.044444	0.158036	0.095154	0.184471	TRUE	2	4	20	2 2	20 0	chr12	11778257	11778440	184	*	2	1	0.01087	0.005435
37782	chr12	11778356	11778406	/paula/2019/aves/data/scoring/acc_maf_ingroup/50/chr12/chr12_50_acc_11778356_11778406.maf	50	50	0	2	0	0.04	0.028284	0	0.04	0.028284	chr12:11778356-11778406	0.04	0.066476	0.084566	0.107566	TRUE	2	4	20	2 2	20 0	chr12	11778257	11778440	184	*	2	1	0.01087	0.005435
37812	chr12	11852320	11852345	/paula/2019/aves/data/scoring/acc_maf_ingroup/25/chr12/chr12_25_acc_11852320_11852345.maf	25	25	0	1	0	0.16	0.113137	0	0.16	0.113137	chr12:11852320-11852345	0.04	0.291214	0.084566	0.303244	TRUE	2	3	0	1 3	0 0	chr12	11852251	11852448	198	*	4	2	0.020202	0.010101
37812	chr12	11852320	11852370	/paula/2019/aves/data/scoring/acc_maf_ingroup/50/chr12/chr12_50_acc_11852320_11852370.maf	50	50	0	3	0.02	0.18	0.113137	0.02	0.18	0.113137	chr12:11852320-11852370	0.06	0.291214	0.132215	0.319822	TRUE	2	3	0	1 3	0 0	chr12	11852251	11852448	198	*	4	2	0.020202	0.010101
37818	chr12	11869005	11869030	/paula/2019/aves/data/scoring/acc_maf_ingroup/25/chr12/chr12_25_acc_11869005_11869030.maf	25	25	0	2	0	0.12	0.084853	0	0.12	0.084853	chr12:11869005-11869030	0.08	0.216301	0.179863	0.281313	TRUE	1	2	0	2	0	chr12	11868881	11869172	292	*	2	1	0.006849	0.003425
37879	chr12	12024099	12024124	/paula/2019/aves/data/scoring/acc_maf_ingroup/25/chr12/chr12_25_acc_12024099_12024124.maf	25	28	0	1	0.035714	0.142857	0.075761	0.035714	0.142857	0.075761	chr12:12024099-12024124	0.035714	0.192222	0.074355	0.206102	TRUE	2	2	12	1 1	0 12	chr12	12023852	12024230	379	*	1	1	0.002639	0.002639
37879	chr12	12024205	12024230	/paula/2019/aves/data/scoring/acc_maf_ingroup/25/chr12/chr12_25_acc_12024205_12024230.maf	25	38	12	1	0.026316	0.105263	0.055824	0.026316	0.105263	0.055824	chr12:12024205-12024230	0.026316	0.139417	0.051964	0.148787	TRUE	2	2	12	1 1	0 12	chr12	12023852	12024230	379	*	1	1	0.002639	0.002639
37902	chr12	12076009	12076059	/paula/2019/aves/data/scoring/acc_maf_ingroup/50/chr12/chr12_50_acc_12076009_12076059.maf	50	58	8	1	0.017241	0.068966	0.036574	0.017241	0.068966	0.036574	chr12:12076009-12076059	0.017241	0.088433	0.030345	0.093495	TRUE	2	3	8	1 2	8 0	chr12	12075969	12076197	229	*	2	1	0.008734	0.004367
37902	chr12	12076159	12076184	/paula/2019/aves/data/scoring/acc_maf_ingroup/25/chr12/chr12_25_acc_12076159_12076184.maf	25	25	0	2	0	0.08	0.056569	0	0.08	0.056569	chr12:12076159-12076184	0.08	0.141389	0.179863	0.228783	TRUE	2	3	8	1 2	8 0	chr12	12075969	12076197	229	*	2	1	0.008734	0.004367
37905	chr12	12081078	12081128	/paula/2019/aves/data/scoring/acc_maf_ingroup/50/chr12/chr12_50_acc_12081078_12081128.maf	50	50	0	1	0.04	0.14	0.070711	0.04	0.14	0.070711	chr12:12081078-12081128	0.02	0.178845	0.036917	0.182615	TRUE	1	1	0	1	0	chr12	12081079	12081205	127	*	1	1	0.007874	0.007874
37907	chr12	12096912	12096937	/paula/2019/aves/data/scoring/acc_maf_ingroup/25/chr12/chr12_25_acc_12096912_12096937.maf	25	25	0	1	0.04	0.16	0.084853	0.04	0.16	0.084853	chr12:12096912-12096937	0.04	0.216301	0.084566	0.232245	TRUE	2	3	0	2 1	0 0	chr12	12096788	12097146	359	*	3	2	0.008357	0.005571
37907	chr12	12096787	12096812	/paula/2019/aves/data/scoring/acc_maf_ingroup/25/chr12/chr12_25_acc_12096787_12096812.maf	25	25	0	2	0	0.12	0.084853	0	0.12	0.084853	chr12:12096787-12096812	0.08	0.216301	0.179863	0.281313	TRUE	2	3	0	2 1	0 0	chr12	12096788	12097146	359	*	3	2	0.008357	0.005571
38190	chr12	13427365	13427415	/paula/2019/aves/data/scoring/acc_maf_ingroup/50/chr12/chr12_50_acc_13427365_13427415.maf	50	51	1	1	0.019608	0.039216	0.013865	0.019608	0.039216	0.013865	chr12:13427365-13427415	0.019608	0.028286	0.035983	0.045769	TRUE	4	2	6	1 1 1 1	5 0 0 1	chr12	13427248	13427425	178	*	2	2	0.011236	0.011236
38190	chr12	13427365	13427390	/paula/2019/aves/data/scoring/acc_maf_ingroup/25/chr12/chr12_25_acc_13427365_13427390.maf	25	25	0	1	0	0.04	0.028284	0	0.04	0.028284	chr12:13427365-13427390	0.04	0.066476	0.084566	0.107566	TRUE	4	2	6	1 1 1 1	5 0 0 1	chr12	13427248	13427425	178	*	2	2	0.011236	0.011236
38190	chr12	13427265	13427315	/paula/2019/aves/data/scoring/acc_maf_ingroup/50/chr12/chr12_50_acc_13427265_13427315.maf	50	55	5	1	0.054545	0.181818	0.089995	0.054545	0.181818	0.089995	chr12:13427265-13427315	0.018182	0.229922	0.032585	0.232219	TRUE	4	2	6	1 1 1 1	5 0 0 1	chr12	13427248	13427425	178	*	2	2	0.011236	0.011236
38190	chr12	13427290	13427315	/paula/2019/aves/data/scoring/acc_maf_ingroup/25/chr12/chr12_25_acc_13427290_13427315.maf	25	25	0	1	0	0.08	0.056569	0	0.08	0.056569	chr12:13427290-13427315	0.04	0.141389	0.084566	0.164749	TRUE	4	2	6	1 1 1 1	5 0 0 1	chr12	13427248	13427425	178	*	2	2	0.011236	0.011236
38205	chr12	13492300	13492350	/paula/2019/aves/data/scoring/acc_maf_ingroup/50/chr12/chr12_50_acc_13492300_13492350.maf	50	50	0	1	0.02	0.06	0.028284	0.02	0.06	0.028284	chr12:13492300-13492350	0.02	0.066476	0.036917	0.076039	TRUE	1	1	0	1	0	chr12	13492251	13492412	162	*	1	1	0.006173	0.006173
38206	chr12	13493282	13493332	/paula/2019/aves/data/scoring/acc_maf_ingroup/50/chr12/chr12_50_acc_13493282_13493332.maf	50	50	0	1	0.02	0.06	0.028284	0.02	0.06	0.028284	chr12:13493282-13493332	0.02	0.066476	0.036917	0.076039	TRUE	1	1	0	1	0	chr12	13493183	13493337	155	*	1	1	0.006452	0.006452
3827	chr1	30499773	30499823	/home/rstudio/disco_tmp/data/scoring/acc_maf_ingroup/50/chr1/chr1_50_acc_30499773_30499823.maf	50	50	0	4	0.02	0.12	0.070711	0.02	0.12	0.070711	chr1:30499773-30499823	0.08	0.178845	0.179863	0.253646	TRUE	2	4	0	4 3	0 0	chr1	30499774	30499880	107	*	7	2	0.065421	0.018692
3827	chr1	30499798	30499823	/home/rstudio/disco_tmp/data/scoring/acc_maf_ingroup/25/chr1/chr1_25_acc_30499798_30499823.maf	25	25	0	3	0.04	0.16	0.084853	0.04	0.16	0.084853	chr1:30499798-30499823	0.12	0.216301	0.275161	0.35	TRUE	2	4	0	4 3	0 0	chr1	30499774	30499880	107	*	7	2	0.065421	0.018692
38490	chr12	14829761	14829786	/paula/2019/aves/data/scoring/acc_maf_ingroup/25/chr12/chr12_25_acc_14829761_14829786.maf	25	25	0	1	0	0.12	0.084853	0	0.12	0.084853	chr12:14829761-14829786	0.04	0.216301	0.084566	0.232245	TRUE	2	3	34	2 1	34 0	chr12	14829534	14829932	399	*	1	1	0.002506	0.002506
38490	chr12	14829685	14829735	/paula/2019/aves/data/scoring/acc_maf_ingroup/50/chr12/chr12_50_acc_14829685_14829735.maf	50	84	34	2	0	0.047619	0.033672	0	0.047619	0.033672	chr12:14829685-14829735	0.02381	0.080745	0.045993	0.092926	TRUE	2	3	34	2 1	34 0	chr12	14829534	14829932	399	*	1	1	0.002506	0.002506
38583	chr12	15180306	15180356	/paula/2019/aves/data/scoring/acc_maf_ingroup/50/chr12/chr12_50_acc_15180306_15180356.maf	50	50	0	3	0.02	0.12	0.070711	0.02	0.12	0.070711	chr12:15180306-15180356	0.06	0.178845	0.132215	0.22241	TRUE	2	3	0	1 3	0 0	chr12	15180207	15180379	173	*	4	2	0.023121	0.011561
38583	chr12	15180306	15180331	/paula/2019/aves/data/scoring/acc_maf_ingroup/25/chr12/chr12_25_acc_15180306_15180331.maf	25	25	0	1	0	0.12	0.084853	0	0.12	0.084853	chr12:15180306-15180331	0.04	0.216301	0.084566	0.232245	TRUE	2	3	0	1 3	0 0	chr12	15180207	15180379	173	*	4	2	0.023121	0.011561
38584	chr12	15185434	15185459	/paula/2019/aves/data/scoring/acc_maf_ingroup/25/chr12/chr12_25_acc_15185434_15185459.maf	25	25	0	1	0	0.04	0.028284	0	0.04	0.028284	chr12:15185434-15185459	0.04	0.066476	0.084566	0.107566	TRUE	1	1	0	1	0	chr12	15185435	15185565	131	*	1	1	0.007634	0.007634
38763	chr12	15931852	15931902	/paula/2019/aves/data/scoring/acc_maf_ingroup/50/chr12/chr12_50_acc_15931852_15931902.maf	50	50	0	6	0.02	0.12	0.070711	0.02	0.12	0.070711	chr12:15931852-15931902	0.12	0.178845	0.275161	0.328175	TRUE	2	10	0	6 4	0 0	chr12	15931803	15932088	286	*	10	2	0.034965	0.006993
38763	chr12	15931902	15931952	/paula/2019/aves/data/scoring/acc_maf_ingroup/50/chr12/chr12_50_acc_15931902_15931952.maf	50	50	0	4	0.06	0.14	0.056569	0.06	0.14	0.056569	chr12:15931902-15931952	0.08	0.141389	0.179863	0.228783	TRUE	2	10	0	6 4	0 0	chr12	15931803	15932088	286	*	10	2	0.034965	0.006993
3890	chr1	30993478	30993503	/home/rstudio/disco_tmp/data/scoring/acc_maf_ingroup/25/chr1/chr1_25_acc_30993478_30993503.maf	25	25	0	1	0.04	0.08	0.028284	0.04	0.08	0.028284	chr1:30993478-30993503	0.04	0.066476	0.084566	0.107566	TRUE	1	1	0	1	0	chr1	30993392	30993778	387	*	1	1	0.002584	0.002584
39175	chr12	16940233	16940283	/paula/2019/aves/data/scoring/acc_maf_ingroup/50/chr12/chr12_50_acc_16940233_16940283.maf	50	50	0	1	0.02	0.06	0.028284	0.02	0.06	0.028284	chr12:16940233-16940283	0.02	0.066476	0.036917	0.076039	TRUE	1	1	0	1	0	chr12	16940234	16940413	180	*	1	1	0.005556	0.005556
3922	chr1	31231539	31231589	/home/rstudio/disco_tmp/data/scoring/acc_maf_ingroup/50/chr1/chr1_50_acc_31231539_31231589.maf	50	50	0	2	0.06	0.14	0.056569	0.06	0.14	0.056569	chr1:31231539-31231589	0.04	0.141389	0.084566	0.164749	TRUE	1	2	0	2	0	chr1	31231485	31231594	110	*	2	1	0.018182	0.009091
39522	chr12	18842790	18842840	/paula/2019/aves/data/scoring/acc_maf_ingroup/50/chr12/chr12_50_acc_18842790_18842840.maf	50	50	0	2	0.02	0.1	0.056569	0.02	0.1	0.056569	chr12:18842790-18842840	0.04	0.141389	0.084566	0.164749	TRUE	1	2	0	2	0	chr12	18842782	18842962	181	*	2	1	0.01105	0.005525
39537	chr12	18859746	18859771	/paula/2019/aves/data/scoring/acc_maf_ingroup/25/chr12/chr12_25_acc_18859746_18859771.maf	25	25	0	2	0	0.12	0.084853	0	0.12	0.084853	chr12:18859746-18859771	0.08	0.216301	0.179863	0.281313	TRUE	1	2	0	2	0	chr12	18859613	18859783	171	*	2	1	0.011696	0.005848
39660	chr12	19765637	19765662	/paula/2019/aves/data/scoring/acc_maf_ingroup/25/chr12/chr12_25_acc_19765637_19765662.maf	25	25	0	1	0	0.12	0.084853	0	0.12	0.084853	chr12:19765637-19765662	0.04	0.216301	0.084566	0.232245	TRUE	1	1	0	1	0	chr12	19765472	19765663	192	*	1	1	0.005208	0.005208
3971	chr1	31843438	31843463	/home/rstudio/disco_tmp/data/scoring/acc_maf_ingroup/25/chr1/chr1_25_acc_31843438_31843463.maf	25	25	0	1	0	0.12	0.084853	0	0.12	0.084853	chr1:31843438-31843463	0.04	0.216301	0.084566	0.232245	TRUE	1	1	0	1	0	chr1	31843142	31843486	345	*	1	1	0.002899	0.002899
3975	chr1	31848541	31848566	/home/rstudio/disco_tmp/data/scoring/acc_maf_ingroup/25/chr1/chr1_25_acc_31848541_31848566.maf	25	25	0	2	0	0.12	0.084853	0	0.12	0.084853	chr1:31848541-31848566	0.08	0.216301	0.179863	0.281313	TRUE	1	2	0	2	0	chr1	31848442	31848914	473	*	2	1	0.004228	0.002114
39813	chr13	1336141	1336191	/paula/2019/aves/data/scoring/acc_maf_ingroup/50/chr13/chr13_50_acc_1336141_1336191.maf	50	50	0	1	0.02	0.1	0.056569	0.02	0.1	0.056569	chr13:1336141-1336191	0.02	0.141389	0.036917	0.146129	TRUE	1	1	0	1	0	chr13	1335571	1336346	776	*	1	1	0.001289	0.001289
3982	chr1	31862918	31862943	/home/rstudio/disco_tmp/data/scoring/acc_maf_ingroup/25/chr1/chr1_25_acc_31862918_31862943.maf	25	25	0	1	0.04	0.12	0.056569	0.04	0.12	0.056569	chr1:31862918-31862943	0.04	0.141389	0.084566	0.164749	TRUE	2	2	0	1 1	0 0	chr1	31862839	31863069	231	*	2	2	0.008658	0.008658
3982	chr1	31862968	31863018	/home/rstudio/disco_tmp/data/scoring/acc_maf_ingroup/50/chr1/chr1_50_acc_31862968_31863018.maf	50	50	0	1	0.02	0.06	0.028284	0.02	0.06	0.028284	chr1:31862968-31863018	0.02	0.066476	0.036917	0.076039	TRUE	2	2	0	1 1	0 0	chr1	31862839	31863069	231	*	2	2	0.008658	0.008658
39975	chr13	2302871	2302921	/paula/2019/aves/data/scoring/acc_maf_ingroup/50/chr13/chr13_50_acc_2302871_2302921.maf	50	50	0	1	0	0.02	0.014142	0	0.02	0.014142	chr13:2302871-2302921	0.02	0.02902	0.036917	0.046958	TRUE	1	1	0	1	0	chr13	2302872	2303394	523	*	1	1	0.001912	0.001912
40094	chr13	3222238	3222263	/paula/2019/aves/data/scoring/acc_maf_ingroup/25/chr13/chr13_25_acc_3222238_3222263.maf	25	25	0	1	0	0.12	0.084853	0	0.12	0.084853	chr13:3222238-3222263	0.04	0.216301	0.084566	0.232245	TRUE	3	6	21	1 3 2	0 18 3	chr13	3221788	3223001	1214	*	1	1	0.000824	0.000824
40094	chr13	3222663	3222713	/paula/2019/aves/data/scoring/acc_maf_ingroup/50/chr13/chr13_50_acc_3222663_3222713.maf	50	53	3	2	0	0.037736	0.026683	0	0.037736	0.026683	chr13:3222663-3222713	0.037736	0.062236	0.079172	0.100705	TRUE	3	6	21	1 3 2	0 18 3	chr13	3221788	3223001	1214	*	1	1	0.000824	0.000824
40094	chr13	3222463	3222513	/paula/2019/aves/data/scoring/acc_maf_ingroup/50/chr13/chr13_50_acc_3222463_3222513.maf	50	68	18	3	0.014706	0.044118	0.020797	0.014706	0.044118	0.020797	chr13:3222463-3222513	0.044118	0.046647	0.094376	0.105274	TRUE	3	6	21	1 3 2	0 18 3	chr13	3221788	3223001	1214	*	1	1	0.000824	0.000824
40467	chr13	5582122	5582147	/paula/2019/aves/data/scoring/acc_maf_ingroup/25/chr13/chr13_25_acc_5582122_5582147.maf	25	28	3	3	0.035714	0.178571	0.101015	0.035714	0.178571	0.101015	chr13:5582122-5582147	0.107143	0.259108	0.24453	0.356275	TRUE	3	5	3	2 1 3	0 0 3	chr13	5581898	5582255	358	*	3	2	0.00838	0.005587
40467	chr13	5582072	5582097	/paula/2019/aves/data/scoring/acc_maf_ingroup/25/chr13/chr13_25_acc_5582072_5582097.maf	25	25	0	1	0	0.04	0.028284	0	0.04	0.028284	chr13:5582072-5582097	0.04	0.066476	0.084566	0.107566	TRUE	3	5	3	2 1 3	0 0 3	chr13	5581898	5582255	358	*	3	2	0.00838	0.005587
40467	chr13	5582047	5582097	/paula/2019/aves/data/scoring/acc_maf_ingroup/50/chr13/chr13_50_acc_5582047_5582097.maf	50	50	0	2	0.02	0.06	0.028284	0.02	0.06	0.028284	chr13:5582047-5582097	0.04	0.066476	0.084566	0.107566	TRUE	3	5	3	2 1 3	0 0 3	chr13	5581898	5582255	358	*	3	2	0.00838	0.005587
40470	chr13	5588894	5588919	/paula/2019/aves/data/scoring/acc_maf_ingroup/25/chr13/chr13_25_acc_5588894_5588919.maf	25	28	3	1	0	0.071429	0.050508	0	0.071429	0.050508	chr13:5588894-5588919	0.035714	0.125336	0.074355	0.145732	TRUE	8	20	25	5 1 2 2 1 4 5 1	21 0 0 1 3 3 0 0	chr13	5588245	5589131	887	*	9	4	0.010147	0.00451
40470	chr13	5588994	5589044	/paula/2019/aves/data/scoring/acc_maf_ingroup/50/chr13/chr13_50_acc_5588994_5589044.maf	50	50	0	5	0.02	0.12	0.070711	0.02	0.12	0.070711	chr13:5588994-5589044	0.1	0.178845	0.227512	0.289391	TRUE	8	20	25	5 1 2 2 1 4 5 1	21 0 0 1 3 3 0 0	chr13	5588245	5589131	887	*	9	4	0.010147	0.00451
40470	chr13	5588594	5588644	/paula/2019/aves/data/scoring/acc_maf_ingroup/50/chr13/chr13_50_acc_5588594_5588644.maf	50	71	21	5	0.028169	0.15493	0.089633	0.028169	0.15493	0.089633	chr13:5588594-5588644	0.070423	0.228962	0.157046	0.277646	TRUE	8	20	25	5 1 2 2 1 4 5 1	21 0 0 1 3 3 0 0	chr13	5588245	5589131	887	*	9	4	0.010147	0.00451
40470	chr13	5588644	5588669	/paula/2019/aves/data/scoring/acc_maf_ingroup/25/chr13/chr13_25_acc_5588644_5588669.maf	25	25	0	1	0.04	0.12	0.056569	0.04	0.12	0.056569	chr13:5588644-5588669	0.04	0.141389	0.084566	0.164749	TRUE	8	20	25	5 1 2 2 1 4 5 1	21 0 0 1 3 3 0 0	chr13	5588245	5589131	887	*	9	4	0.010147	0.00451
40470	chr13	5588844	5588894	/paula/2019/aves/data/scoring/acc_maf_ingroup/50/chr13/chr13_50_acc_5588844_5588894.maf	50	51	1	2	0	0.058824	0.041595	0	0.058824	0.041595	chr13:5588844-5588894	0.039216	0.101729	0.082697	0.131102	TRUE	8	20	25	5 1 2 2 1 4 5 1	21 0 0 1 3 3 0 0	chr13	5588245	5589131	887	*	9	4	0.010147	0.00451
40470	chr13	5588744	5588794	/paula/2019/aves/data/scoring/acc_maf_ingroup/50/chr13/chr13_50_acc_5588744_5588794.maf	50	50	0	2	0.02	0.12	0.070711	0.02	0.12	0.070711	chr13:5588744-5588794	0.04	0.178845	0.084566	0.19783	TRUE	8	20	25	5 1 2 2 1 4 5 1	21 0 0 1 3 3 0 0	chr13	5588245	5589131	887	*	9	4	0.010147	0.00451
40470	chr13	5588894	5588944	/paula/2019/aves/data/scoring/acc_maf_ingroup/50/chr13/chr13_50_acc_5588894_5588944.maf	50	53	3	4	0	0.113208	0.08005	0	0.113208	0.08005	chr13:5588894-5588944	0.075472	0.20358	0.169075	0.264634	TRUE	8	20	25	5 1 2 2 1 4 5 1	21 0 0 1 3 3 0 0	chr13	5588245	5589131	887	*	9	4	0.010147	0.00451
40470	chr13	5589069	5589094	/paula/2019/aves/data/scoring/acc_maf_ingroup/25/chr13/chr13_25_acc_5589069_5589094.maf	25	25	0	1	0.04	0.12	0.056569	0.04	0.12	0.056569	chr13:5589069-5589094	0.04	0.141389	0.084566	0.164749	TRUE	8	20	25	5 1 2 2 1 4 5 1	21 0 0 1 3 3 0 0	chr13	5588245	5589131	887	*	9	4	0.010147	0.00451
40526	chr13	5852421	5852471	/paula/2019/aves/data/scoring/acc_maf_ingroup/50/chr13/chr13_50_acc_5852421_5852471.maf	50	50	0	2	0	0.04	0.028284	0	0.04	0.028284	chr13:5852421-5852471	0.04	0.066476	0.084566	0.107566	TRUE	2	2	0	1 2	0 0	chr13	5852372	5852516	145	*	3	2	0.02069	0.013793
40526	chr13	5852421	5852446	/paula/2019/aves/data/scoring/acc_maf_ingroup/25/chr13/chr13_25_acc_5852421_5852446.maf	25	25	0	1	0	0.04	0.028284	0	0.04	0.028284	chr13:5852421-5852446	0.04	0.066476	0.084566	0.107566	TRUE	2	2	0	1 2	0 0	chr13	5852372	5852516	145	*	3	2	0.02069	0.013793
4072	chr1	33052635	33052685	/home/rstudio/disco_tmp/data/scoring/acc_maf_ingroup/50/chr1/chr1_50_acc_33052635_33052685.maf	50	50	0	1	0.02	0.06	0.028284	0.02	0.06	0.028284	chr1:33052635-33052685	0.02	0.066476	0.036917	0.076039	TRUE	1	1	0	1	0	chr1	33052536	33052687	152	*	1	1	0.006579	0.006579
4079	chr1	33080353	33080403	/home/rstudio/disco_tmp/data/scoring/acc_maf_ingroup/50/chr1/chr1_50_acc_33080353_33080403.maf	50	50	0	1	0.06	0.08	0.014142	0.06	0.08	0.014142	chr1:33080353-33080403	0.02	0.02902	0.036917	0.046958	TRUE	1	1	0	1	0	chr1	33080354	33080585	232	*	1	1	0.00431	0.00431
40828	chr13	8069822	8069847	/paula/2019/aves/data/scoring/acc_maf_ingroup/25/chr13/chr13_25_acc_8069822_8069847.maf	25	25	0	1	0	0.04	0.028284	0	0.04	0.028284	chr13:8069822-8069847	0.04	0.066476	0.084566	0.107566	TRUE	1	1	0	1	0	chr13	8069748	8069847	100	*	1	1	0.01	0.01
40834	chr13	8186714	8186764	/paula/2019/aves/data/scoring/acc_maf_ingroup/50/chr13/chr13_50_acc_8186714_8186764.maf	50	50	0	1	0	0.08	0.056569	0	0.08	0.056569	chr13:8186714-8186764	0.02	0.141389	0.036917	0.146129	TRUE	3	2	0	1 1 1	0 0 0	chr13	8186617	8186808	192	*	3	3	0.015625	0.015625
40834	chr13	8186689	8186714	/paula/2019/aves/data/scoring/acc_maf_ingroup/25/chr13/chr13_25_acc_8186689_8186714.maf	25	25	0	1	0	0.08	0.056569	0	0.08	0.056569	chr13:8186689-8186714	0.04	0.141389	0.084566	0.164749	TRUE	3	2	0	1 1 1	0 0 0	chr13	8186617	8186808	192	*	3	3	0.015625	0.015625
40834	chr13	8186739	8186764	/paula/2019/aves/data/scoring/acc_maf_ingroup/25/chr13/chr13_25_acc_8186739_8186764.maf	25	25	0	1	0	0.08	0.056569	0	0.08	0.056569	chr13:8186739-8186764	0.04	0.141389	0.084566	0.164749	TRUE	3	2	0	1 1 1	0 0 0	chr13	8186617	8186808	192	*	3	3	0.015625	0.015625
4101	chr1	33140210	33140260	/home/rstudio/disco_tmp/data/scoring/acc_maf_ingroup/50/chr1/chr1_50_acc_33140210_33140260.maf	50	50	0	2	0.04	0.12	0.056569	0.04	0.12	0.056569	chr1:33140210-33140260	0.04	0.141389	0.084566	0.164749	TRUE	1	2	0	2	0	chr1	33140111	33140303	193	*	2	1	0.010363	0.005181
4112	chr1	33158941	33158991	/home/rstudio/disco_tmp/data/scoring/acc_maf_ingroup/50/chr1/chr1_50_acc_33158941_33158991.maf	50	50	0	5	0.14	0.18	0.028284	0.14	0.18	0.028284	chr1:33158941-33158991	0.1	0.066476	0.227512	0.237025	TRUE	1	5	0	5	0	chr1	33158942	33159092	151	*	5	1	0.033113	0.006623
4116	chr1	33169742	33169792	/home/rstudio/disco_tmp/data/scoring/acc_maf_ingroup/50/chr1/chr1_50_acc_33169742_33169792.maf	50	50	0	3	0.02	0.08	0.042426	0.02	0.08	0.042426	chr1:33169742-33169792	0.06	0.103933	0.132215	0.168175	TRUE	1	3	0	3	0	chr1	33169693	33169830	138	*	3	1	0.021739	0.007246
41228	chr13	10519111	10519136	/paula/2019/aves/data/scoring/acc_maf_ingroup/25/chr13/chr13_25_acc_10519111_10519136.maf	25	25	0	1	0	0.08	0.056569	0	0.08	0.056569	chr13:10519111-10519136	0.04	0.141389	0.084566	0.164749	TRUE	1	1	0	1	0	chr13	10518905	10519358	454	*	1	1	0.002203	0.002203
41276	chr13	10787103	10787153	/paula/2019/aves/data/scoring/acc_maf_ingroup/50/chr13/chr13_50_acc_10787103_10787153.maf	50	50	0	1	0	0.04	0.028284	0	0.04	0.028284	chr13:10787103-10787153	0.02	0.066476	0.036917	0.076039	TRUE	2	2	18	1 1	18 0	chr13	10786954	10787223	270	*	1	1	0.003704	0.003704
41276	chr13	10787003	10787053	/paula/2019/aves/data/scoring/acc_maf_ingroup/50/chr13/chr13_50_acc_10787003_10787053.maf	50	68	18	1	0.014706	0.044118	0.020797	0.014706	0.044118	0.020797	chr13:10787003-10787053	0.014706	0.046647	0.024304	0.052598	TRUE	2	2	18	1 1	18 0	chr13	10786954	10787223	270	*	1	1	0.003704	0.003704
41278	chr13	10789873	10789898	/paula/2019/aves/data/scoring/acc_maf_ingroup/25/chr13/chr13_25_acc_10789873_10789898.maf	25	29	4	1	0	0.103448	0.073149	0	0.103448	0.073149	chr13:10789873-10789898	0.034483	0.185303	0.071421	0.19859	TRUE	2	4	4	3 1	0 4	chr13	10789774	10790047	274	*	3	1	0.010949	0.00365
41278	chr13	10789823	10789873	/paula/2019/aves/data/scoring/acc_maf_ingroup/50/chr13/chr13_50_acc_10789823_10789873.maf	50	50	0	3	0	0.08	0.056569	0	0.08	0.056569	chr13:10789823-10789873	0.06	0.141389	0.132215	0.193576	TRUE	2	4	4	3 1	0 4	chr13	10789774	10790047	274	*	3	1	0.010949	0.00365
4158	chr1	33673564	33673614	/home/rstudio/disco_tmp/data/scoring/acc_maf_ingroup/50/chr1/chr1_50_acc_33673564_33673614.maf	50	50	0	1	0	0.06	0.042426	0	0.06	0.042426	chr1:33673564-33673614	0.02	0.103933	0.036917	0.110294	TRUE	1	1	0	1	0	chr1	33673465	33673615	151	*	1	1	0.006623	0.006623
41709	chr13	11987413	11987463	/paula/2019/aves/data/scoring/acc_maf_ingroup/50/chr13/chr13_50_acc_11987413_11987463.maf	50	50	0	2	0	0.04	0.028284	0	0.04	0.028284	chr13:11987413-11987463	0.04	0.066476	0.084566	0.107566	TRUE	1	2	0	2	0	chr13	11987216	11987939	724	*	2	1	0.002762	0.001381
4177	chr1	33735666	33735691	/home/rstudio/disco_tmp/data/scoring/acc_maf_ingroup/25/chr1/chr1_25_acc_33735666_33735691.maf	25	25	0	1	0	0.04	0.028284	0	0.04	0.028284	chr1:33735666-33735691	0.04	0.066476	0.084566	0.107566	TRUE	1	1	0	1	0	chr1	33735467	33735694	228	*	1	1	0.004386	0.004386
4178	chr1	33736477	33736527	/home/rstudio/disco_tmp/data/scoring/acc_maf_ingroup/50/chr1/chr1_50_acc_33736477_33736527.maf	50	50	0	2	0.04	0.1	0.042426	0.04	0.1	0.042426	chr1:33736477-33736527	0.04	0.103933	0.084566	0.13399	TRUE	1	2	0	2	0	chr1	33736378	33736572	195	*	2	1	0.010256	0.005128
4179	chr1	33736967	33736992	/home/rstudio/disco_tmp/data/scoring/acc_maf_ingroup/25/chr1/chr1_25_acc_33736967_33736992.maf	25	25	0	1	0	0.08	0.056569	0	0.08	0.056569	chr1:33736967-33736992	0.04	0.141389	0.084566	0.164749	TRUE	3	3	0	1 1 2	0 0 0	chr1	33736943	33737125	183	*	4	3	0.021858	0.016393
4179	chr1	33736942	33736992	/home/rstudio/disco_tmp/data/scoring/acc_maf_ingroup/50/chr1/chr1_50_acc_33736942_33736992.maf	50	50	0	1	0	0.04	0.028284	0	0.04	0.028284	chr1:33736942-33736992	0.02	0.066476	0.036917	0.076039	TRUE	3	3	0	1 1 2	0 0 0	chr1	33736943	33737125	183	*	4	3	0.021858	0.016393
4179	chr1	33736992	33737042	/home/rstudio/disco_tmp/data/scoring/acc_maf_ingroup/50/chr1/chr1_50_acc_33736992_33737042.maf	50	50	0	2	0.04	0.08	0.028284	0.04	0.08	0.028284	chr1:33736992-33737042	0.04	0.066476	0.084566	0.107566	TRUE	3	3	0	1 1 2	0 0 0	chr1	33736943	33737125	183	*	4	3	0.021858	0.016393
41923	chr13	13034025	13034075	/paula/2019/aves/data/scoring/acc_maf_ingroup/50/chr13/chr13_50_acc_13034025_13034075.maf	50	50	0	2	0.02	0.14	0.084853	0.02	0.14	0.084853	chr13:13034025-13034075	0.04	0.216301	0.084566	0.232245	TRUE	1	2	0	2	0	chr13	13033909	13034141	233	*	2	1	0.008584	0.004292
41929	chr13	13046411	13046436	/paula/2019/aves/data/scoring/acc_maf_ingroup/25/chr13/chr13_25_acc_13046411_13046436.maf	25	25	0	1	0	0.04	0.028284	0	0.04	0.028284	chr13:13046411-13046436	0.04	0.066476	0.084566	0.107566	TRUE	1	1	0	1	0	chr13	13046312	13046618	307	*	1	1	0.003257	0.003257
42393	chr13	14817043	14817068	/paula/2019/aves/data/scoring/acc_maf_ingroup/25/chr13/chr13_25_acc_14817043_14817068.maf	25	25	0	1	0	0.04	0.028284	0	0.04	0.028284	chr13:14817043-14817068	0.04	0.066476	0.084566	0.107566	TRUE	1	1	0	1	0	chr13	14816940	14817069	130	*	1	1	0.007692	0.007692
42433	chr13	15074672	15074722	/paula/2019/aves/data/scoring/acc_maf_ingroup/50/chr13/chr13_50_acc_15074672_15074722.maf	50	50	0	2	0	0.06	0.042426	0	0.06	0.042426	chr13:15074672-15074722	0.04	0.103933	0.084566	0.13399	TRUE	1	2	0	2	0	chr13	15074618	15074793	176	*	2	1	0.011364	0.005682
42445	chr13	15101649	15101699	/paula/2019/aves/data/scoring/acc_maf_ingroup/50/chr13/chr13_50_acc_15101649_15101699.maf	50	50	0	3	0.04	0.08	0.028284	0.04	0.08	0.028284	chr13:15101649-15101699	0.06	0.066476	0.132215	0.147986	TRUE	1	3	0	3	0	chr13	15101600	15101709	110	*	3	1	0.027273	0.009091
42545	chr13	15816167	15816192	/paula/2019/aves/data/scoring/acc_maf_ingroup/25/chr13/chr13_25_acc_15816167_15816192.maf	25	25	0	1	0	0.12	0.084853	0	0.12	0.084853	chr13:15816167-15816192	0.04	0.216301	0.084566	0.232245	TRUE	1	1	0	1	0	chr13	15815818	15816244	427	*	1	1	0.002342	0.002342
42604	chr13	16147291	16147341	/paula/2019/aves/data/scoring/acc_maf_ingroup/50/chr13/chr13_50_acc_16147291_16147341.maf	50	50	0	1	0	0.02	0.014142	0	0.02	0.014142	chr13:16147291-16147341	0.02	0.02902	0.036917	0.046958	TRUE	1	1	0	1	0	chr13	16147093	16147440	348	*	1	1	0.002874	0.002874
4263	chr1	34137752	34137777	/home/rstudio/disco_tmp/data/scoring/acc_maf_ingroup/25/chr1/chr1_25_acc_34137752_34137777.maf	25	25	0	2	0	0.08	0.056569	0	0.08	0.056569	chr1:34137752-34137777	0.08	0.141389	0.179863	0.228783	TRUE	1	2	0	2	0	chr1	34137473	34137841	369	*	2	1	0.00542	0.00271
42758	chr13	16599665	16599715	/paula/2019/aves/data/scoring/acc_maf_ingroup/50/chr13/chr13_50_acc_16599665_16599715.maf	50	50	0	2	0	0.08	0.056569	0	0.08	0.056569	chr13:16599665-16599715	0.04	0.141389	0.084566	0.164749	TRUE	1	2	0	2	0	chr13	16599666	16599834	169	*	2	1	0.011834	0.005917
42768	chr13	16626404	16626454	/paula/2019/aves/data/scoring/acc_maf_ingroup/50/chr13/chr13_50_acc_16626404_16626454.maf	50	50	0	1	0	0.02	0.014142	0	0.02	0.014142	chr13:16626404-16626454	0.02	0.02902	0.036917	0.046958	TRUE	1	1	0	1	0	chr13	16626405	16626584	180	*	1	1	0.005556	0.005556
43090	chr13	18099683	18099708	/paula/2019/aves/data/scoring/acc_maf_ingroup/25/chr13/chr13_25_acc_18099683_18099708.maf	25	25	0	2	0	0.12	0.084853	0	0.12	0.084853	chr13:18099683-18099708	0.08	0.216301	0.179863	0.281313	TRUE	1	2	0	2	0	chr13	18099520	18099733	214	*	2	1	0.009346	0.004673
43247	chr13	18850173	18850223	/paula/2019/aves/data/scoring/acc_maf_ingroup/50/chr13/chr13_50_acc_18850173_18850223.maf	50	50	0	6	0.02	0.2	0.127279	0.02	0.2	0.127279	chr13:18850173-18850223	0.12	0.32867	0.275161	0.428646	TRUE	1	6	0	6	0	chr13	18850074	18850301	228	*	6	1	0.026316	0.004386
43318	chr14	523823	523873	/paula/2019/aves/data/scoring/acc_maf_ingroup/50/chr14/chr14_50_acc_523823_523873.maf	50	50	0	2	0.06	0.1	0.028284	0.06	0.1	0.028284	chr14:523823-523873	0.04	0.066476	0.084566	0.107566	TRUE	1	2	0	2	0	chr14	523774	523875	102	*	2	1	0.019608	0.009804
43837	chr14	3007776	3007826	/paula/2019/aves/data/scoring/acc_maf_ingroup/50/chr14/chr14_50_acc_3007776_3007826.maf	50	50	0	1	0.04	0.1	0.042426	0.04	0.1	0.042426	chr14:3007776-3007826	0.02	0.103933	0.036917	0.110294	TRUE	2	2	0	1 1	0 0	chr14	3007627	3008192	566	*	2	2	0.003534	0.003534
43837	chr14	3007676	3007726	/paula/2019/aves/data/scoring/acc_maf_ingroup/50/chr14/chr14_50_acc_3007676_3007726.maf	50	50	0	1	0.02	0.12	0.070711	0.02	0.12	0.070711	chr14:3007676-3007726	0.02	0.178845	0.036917	0.182615	TRUE	2	2	0	1 1	0 0	chr14	3007627	3008192	566	*	2	2	0.003534	0.003534
4414	chr1	35357687	35357737	/home/rstudio/disco_tmp/data/scoring/acc_maf_ingroup/50/chr1/chr1_50_acc_35357687_35357737.maf	50	50	0	1	0.04	0.08	0.028284	0.04	0.08	0.028284	chr1:35357687-35357737	0.02	0.066476	0.036917	0.076039	TRUE	2	2	0	1 1	0 0	chr1	35357588	35357740	153	*	2	2	0.013072	0.013072
4414	chr1	35357587	35357637	/home/rstudio/disco_tmp/data/scoring/acc_maf_ingroup/50/chr1/chr1_50_acc_35357587_35357637.maf	50	50	0	1	0.02	0.04	0.014142	0.02	0.04	0.014142	chr1:35357587-35357637	0.02	0.02902	0.036917	0.046958	TRUE	2	2	0	1 1	0 0	chr1	35357588	35357740	153	*	2	2	0.013072	0.013072
44195	chr14	4465321	4465371	/paula/2019/aves/data/scoring/acc_maf_ingroup/50/chr14/chr14_50_acc_4465321_4465371.maf	50	50	0	1	0.04	0.16	0.084853	0.04	0.16	0.084853	chr14:4465321-4465371	0.02	0.216301	0.036917	0.219429	TRUE	1	1	0	1	0	chr14	4465322	4465494	173	*	1	1	0.00578	0.00578
44256	chr14	4575248	4575298	/paula/2019/aves/data/scoring/acc_maf_ingroup/50/chr14/chr14_50_acc_4575248_4575298.maf	50	50	0	3	0.04	0.08	0.028284	0.04	0.08	0.028284	chr14:4575248-4575298	0.06	0.066476	0.132215	0.147986	TRUE	1	3	0	3	0	chr14	4574894	4575340	447	*	3	1	0.006711	0.002237
44391	chr14	5145439	5145489	/paula/2019/aves/data/scoring/acc_maf_ingroup/50/chr14/chr14_50_acc_5145439_5145489.maf	50	50	0	2	0.02	0.08	0.042426	0.02	0.08	0.042426	chr14:5145439-5145489	0.04	0.103933	0.084566	0.13399	TRUE	1	2	0	2	0	chr14	5145440	5145628	189	*	2	1	0.010582	0.005291
44402	chr14	5185301	5185351	/paula/2019/aves/data/scoring/acc_maf_ingroup/50/chr14/chr14_50_acc_5185301_5185351.maf	50	50	0	5	0	0.12	0.084853	0	0.12	0.084853	chr14:5185301-5185351	0.1	0.216301	0.227512	0.313924	TRUE	1	5	0	5	0	chr14	5185102	5185383	282	*	5	1	0.01773	0.003546
4445	chr1	35514054	35514079	/home/rstudio/disco_tmp/data/scoring/acc_maf_ingroup/25/chr1/chr1_25_acc_35514054_35514079.maf	25	25	0	1	0	0.12	0.084853	0	0.12	0.084853	chr1:35514054-35514079	0.04	0.216301	0.084566	0.232245	TRUE	1	1	0	1	0	chr1	35514055	35514207	153	*	1	1	0.006536	0.006536
4448	chr1	35516139	35516189	/home/rstudio/disco_tmp/data/scoring/acc_maf_ingroup/50/chr1/chr1_50_acc_35516139_35516189.maf	50	50	0	1	0.08	0.18	0.070711	0.08	0.18	0.070711	chr1:35516139-35516189	0.02	0.178845	0.036917	0.182615	TRUE	1	1	0	1	0	chr1	35515960	35516210	251	*	1	1	0.003984	0.003984
4461	chr1	35611331	35611356	/home/rstudio/disco_tmp/data/scoring/acc_maf_ingroup/25/chr1/chr1_25_acc_35611331_35611356.maf	25	25	0	1	0.04	0.12	0.056569	0.04	0.12	0.056569	chr1:35611331-35611356	0.04	0.141389	0.084566	0.164749	TRUE	4	8	41	2 2 1 3	6 17 0 18	chr1	35610560	35611762	1203	*	1	1	0.000831	0.000831
4461	chr1	35611206	35611256	/home/rstudio/disco_tmp/data/scoring/acc_maf_ingroup/50/chr1/chr1_50_acc_35611206_35611256.maf	50	67	17	2	0.029851	0.059701	0.021108	0.029851	0.059701	0.021108	chr1:35611206-35611256	0.029851	0.047469	0.060386	0.07681	TRUE	4	8	41	2 2 1 3	6 17 0 18	chr1	35610560	35611762	1203	*	1	1	0.000831	0.000831
4461	chr1	35611565	35611615	/home/rstudio/disco_tmp/data/scoring/acc_maf_ingroup/50/chr1/chr1_50_acc_35611565_35611615.maf	50	71	18	3	0.042254	0.140845	0.069715	0.042254	0.140845	0.069715	chr1:35611565-35611615	0.042254	0.176207	0.089935	0.197831	TRUE	4	8	41	2 2 1 3	6 17 0 18	chr1	35610560	35611762	1203	*	1	1	0.000831	0.000831
4461	chr1	35610634	35610659	/home/rstudio/disco_tmp/data/scoring/acc_maf_ingroup/25/chr1/chr1_25_acc_35610634_35610659.maf	25	31	6	2	0	0.096774	0.06843	0	0.096774	0.06843	chr1:35610634-35610659	0.064516	0.172804	0.142974	0.224283	TRUE	4	8	41	2 2 1 3	6 17 0 18	chr1	35610560	35611762	1203	*	1	1	0.000831	0.000831
44946	chr14	7902389	7902439	/paula/2019/aves/data/scoring/acc_maf_ingroup/50/chr14/chr14_50_acc_7902389_7902439.maf	50	50	0	1	0	0.04	0.028284	0	0.04	0.028284	chr14:7902389-7902439	0.02	0.066476	0.036917	0.076039	TRUE	1	1	0	1	0	chr14	7902327	7902486	160	*	1	1	0.00625	0.00625
4515	chr1	35914157	35914182	/home/rstudio/disco_tmp/data/scoring/acc_maf_ingroup/25/chr1/chr1_25_acc_35914157_35914182.maf	25	25	0	2	0	0.08	0.056569	0	0.08	0.056569	chr1:35914157-35914182	0.08	0.141389	0.179863	0.228783	TRUE	1	2	0	2	0	chr1	35914133	35914264	132	*	2	1	0.015152	0.007576
4517	chr1	35915989	35916039	/home/rstudio/disco_tmp/data/scoring/acc_maf_ingroup/50/chr1/chr1_50_acc_35915989_35916039.maf	50	50	0	1	0.04	0.08	0.028284	0.04	0.08	0.028284	chr1:35915989-35916039	0.02	0.066476	0.036917	0.076039	TRUE	1	1	0	1	0	chr1	35915940	35916111	172	*	1	1	0.005814	0.005814
4518	chr1	35921440	35921465	/home/rstudio/disco_tmp/data/scoring/acc_maf_ingroup/25/chr1/chr1_25_acc_35921440_35921465.maf	25	25	0	1	0.04	0.12	0.056569	0.04	0.12	0.056569	chr1:35921440-35921465	0.04	0.141389	0.084566	0.164749	TRUE	1	1	0	1	0	chr1	35921333	35921470	138	*	1	1	0.007246	0.007246
45260	chr14	9198132	9198182	/paula/2019/aves/data/scoring/acc_maf_ingroup/50/chr14/chr14_50_acc_9198132_9198182.maf	50	50	0	1	0.04	0.08	0.028284	0.04	0.08	0.028284	chr14:9198132-9198182	0.02	0.066476	0.036917	0.076039	TRUE	1	1	0	1	0	chr14	9198060	9198192	133	*	1	1	0.007519	0.007519
45355	chr14	10371481	10371531	/paula/2019/aves/data/scoring/acc_maf_ingroup/50/chr14/chr14_50_acc_10371481_10371531.maf	50	50	0	3	0.02	0.1	0.056569	0.02	0.1	0.056569	chr14:10371481-10371531	0.06	0.141389	0.132215	0.193576	TRUE	1	3	0	3	0	chr14	10371482	10371596	115	*	3	1	0.026087	0.008696
464	chr1	4817727	4817752	/home/rstudio/disco_tmp/data/scoring/acc_maf_ingroup/25/chr1/chr1_25_acc_4817727_4817752.maf	25	25	0	1	0	0.08	0.056569	0	0.08	0.056569	chr1:4817727-4817752	0.04	0.141389	0.084566	0.164749	TRUE	1	1	0	1	0	chr1	4817682	4817812	131	*	1	1	0.007634	0.007634
46439	chr15	645839	645889	/paula/2019/aves/data/scoring/acc_maf_ingroup/50/chr15/chr15_50_acc_645839_645889.maf	50	50	0	1	0	0.02	0.014142	0	0.02	0.014142	chr15:645839-645889	0.02	0.02902	0.036917	0.046958	TRUE	1	1	0	1	0	chr15	645790	645895	106	*	1	1	0.009434	0.009434
46649	chr15	1685479	1685529	/paula/2019/aves/data/scoring/acc_maf_ingroup/50/chr15/chr15_50_acc_1685479_1685529.maf	50	50	0	2	0	0.04	0.028284	0	0.04	0.028284	chr15:1685479-1685529	0.04	0.066476	0.084566	0.107566	TRUE	1	2	0	2	0	chr15	1685412	1685631	220	*	2	1	0.009091	0.004545
468	chr1	4821036	4821061	/home/rstudio/disco_tmp/data/scoring/acc_maf_ingroup/25/chr1/chr1_25_acc_4821036_4821061.maf	25	25	0	1	0	0.04	0.028284	0	0.04	0.028284	chr1:4821036-4821061	0.04	0.066476	0.084566	0.107566	TRUE	1	1	0	1	0	chr1	4820962	4821068	107	*	1	1	0.009346	0.009346
47786	chr15	6480547	6480597	/paula/2019/aves/data/scoring/acc_maf_ingroup/50/chr15/chr15_50_acc_6480547_6480597.maf	50	50	0	2	0	0.06	0.042426	0	0.06	0.042426	chr15:6480547-6480597	0.04	0.103933	0.084566	0.13399	TRUE	2	2	0	1 2	0 0	chr15	6480485	6480638	154	*	3	2	0.019481	0.012987
47786	chr15	6480547	6480572	/paula/2019/aves/data/scoring/acc_maf_ingroup/25/chr15/chr15_25_acc_6480547_6480572.maf	25	25	0	1	0	0.04	0.028284	0	0.04	0.028284	chr15:6480547-6480572	0.04	0.066476	0.084566	0.107566	TRUE	2	2	0	1 2	0 0	chr15	6480485	6480638	154	*	3	2	0.019481	0.012987
47807	chr15	6521036	6521061	/paula/2019/aves/data/scoring/acc_maf_ingroup/25/chr15/chr15_25_acc_6521036_6521061.maf	25	25	0	2	0.04	0.12	0.056569	0.04	0.12	0.056569	chr15:6521036-6521061	0.08	0.141389	0.179863	0.228783	TRUE	1	2	0	2	0	chr15	6520937	6521129	193	*	2	1	0.010363	0.005181
4833	chr1	38279745	38279795	/home/rstudio/disco_tmp/data/scoring/acc_maf_ingroup/50/chr1/chr1_50_acc_38279745_38279795.maf	50	50	0	4	0.02	0.12	0.070711	0.02	0.12	0.070711	chr1:38279745-38279795	0.08	0.178845	0.179863	0.253646	TRUE	1	4	0	4	0	chr1	38279696	38279847	152	*	4	1	0.026316	0.006579
4837	chr1	38291680	38291730	/home/rstudio/disco_tmp/data/scoring/acc_maf_ingroup/50/chr1/chr1_50_acc_38291680_38291730.maf	50	50	0	3	0.02	0.1	0.056569	0.02	0.1	0.056569	chr1:38291680-38291730	0.06	0.141389	0.132215	0.193576	TRUE	1	3	0	3	0	chr1	38291581	38291747	167	*	3	1	0.017964	0.005988
48416	chr15	9719988	9720038	/paula/2019/aves/data/scoring/acc_maf_ingroup/50/chr15/chr15_50_acc_9719988_9720038.maf	50	50	0	1	0	0.02	0.014142	0	0.02	0.014142	chr15:9719988-9720038	0.02	0.02902	0.036917	0.046958	TRUE	1	1	0	1	0	chr15	9719806	9720109	304	*	1	1	0.003289	0.003289
4842	chr1	38311914	38311964	/home/rstudio/disco_tmp/data/scoring/acc_maf_ingroup/50/chr1/chr1_50_acc_38311914_38311964.maf	50	50	0	1	0.02	0.06	0.028284	0.02	0.06	0.028284	chr1:38311914-38311964	0.02	0.066476	0.036917	0.076039	TRUE	1	1	0	1	0	chr1	38311865	38311967	103	*	1	1	0.009709	0.009709
4891	chr1	38828045	38828095	/home/rstudio/disco_tmp/data/scoring/acc_maf_ingroup/50/chr1/chr1_50_acc_38828045_38828095.maf	50	50	0	1	0	0.04	0.028284	0	0.04	0.028284	chr1:38828045-38828095	0.02	0.066476	0.036917	0.076039	TRUE	1	1	0	1	0	chr1	38827996	38828128	133	*	1	1	0.007519	0.007519
49235	chr17	1374614	1374664	/paula/2019/aves/data/scoring/acc_maf_ingroup/50/chr17/chr17_50_acc_1374614_1374664.maf	50	50	0	1	0	0.06	0.042426	0	0.06	0.042426	chr17:1374614-1374664	0.02	0.103933	0.036917	0.110294	TRUE	1	1	0	1	0	chr17	1374515	1374782	268	*	1	1	0.003731	0.003731
4935	chr1	38999258	38999283	/home/rstudio/disco_tmp/data/scoring/acc_maf_ingroup/25/chr1/chr1_25_acc_38999258_38999283.maf	25	25	0	2	0.04	0.12	0.056569	0.04	0.12	0.056569	chr1:38999258-38999283	0.08	0.141389	0.179863	0.228783	TRUE	1	2	0	2	0	chr1	38999134	38999337	204	*	2	1	0.009804	0.004902
49385	chr17	2470646	2470696	/paula/2019/aves/data/scoring/acc_maf_ingroup/50/chr17/chr17_50_acc_2470646_2470696.maf	50	50	0	2	0.02	0.1	0.056569	0.02	0.1	0.056569	chr17:2470646-2470696	0.04	0.141389	0.084566	0.164749	TRUE	1	2	0	2	0	chr17	2470404	2470774	371	*	2	1	0.005391	0.002695
49725	chr17	4358359	4358409	/paula/2019/aves/data/scoring/acc_maf_ingroup/50/chr17/chr17_50_acc_4358359_4358409.maf	50	50	0	1	0.06	0.1	0.028284	0.06	0.1	0.028284	chr17:4358359-4358409	0.02	0.066476	0.036917	0.076039	TRUE	1	1	0	1	0	chr17	4358177	4359340	1164	*	1	1	0.000859	0.000859
499	chr1	4916370	4916420	/home/rstudio/disco_tmp/data/scoring/acc_maf_ingroup/50/chr1/chr1_50_acc_4916370_4916420.maf	50	50	0	5	0.02	0.14	0.084853	0.02	0.14	0.084853	chr1:4916370-4916420	0.1	0.216301	0.227512	0.313924	TRUE	1	5	0	5	0	chr1	4916321	4916422	102	*	5	1	0.04902	0.009804
50108	chr17	5785117	5785167	/paula/2019/aves/data/scoring/acc_maf_ingroup/50/chr17/chr17_50_acc_5785117_5785167.maf	50	50	0	2	0.1	0.18	0.056569	0.1	0.18	0.056569	chr17:5785117-5785167	0.04	0.141389	0.084566	0.164749	TRUE	1	2	0	2	0	chr17	5785068	5785179	112	*	2	1	0.017857	0.008929
50355	chr17	7164141	7164191	/paula/2019/aves/data/scoring/acc_maf_ingroup/50/chr17/chr17_50_acc_7164141_7164191.maf	50	50	0	1	0	0.04	0.028284	0	0.04	0.028284	chr17:7164141-7164191	0.02	0.066476	0.036917	0.076039	TRUE	1	1	0	1	0	chr17	7164142	7164360	219	*	1	1	0.004566	0.004566
5042	chr1	39694488	39694538	/home/rstudio/disco_tmp/data/scoring/acc_maf_ingroup/50/chr1/chr1_50_acc_39694488_39694538.maf	50	50	0	3	0.02	0.06	0.028284	0.02	0.06	0.028284	chr1:39694488-39694538	0.06	0.066476	0.132215	0.147986	TRUE	1	3	0	3	0	chr1	39694413	39694642	230	*	3	1	0.013043	0.004348
5045	chr1	39723771	39723821	/home/rstudio/disco_tmp/data/scoring/acc_maf_ingroup/50/chr1/chr1_50_acc_39723771_39723821.maf	50	50	0	1	0.02	0.1	0.056569	0.02	0.1	0.056569	chr1:39723771-39723821	0.02	0.141389	0.036917	0.146129	TRUE	1	1	0	1	0	chr1	39723772	39723922	151	*	1	1	0.006623	0.006623
50462	chr17	7766161	7766211	/paula/2019/aves/data/scoring/acc_maf_ingroup/50/chr17/chr17_50_acc_7766161_7766211.maf	50	50	0	4	0.02	0.12	0.070711	0.02	0.12	0.070711	chr17:7766161-7766211	0.08	0.178845	0.179863	0.253646	TRUE	1	4	0	4	0	chr17	7766062	7766293	232	*	4	1	0.017241	0.00431
50529	chr17	8132938	8132988	/paula/2019/aves/data/scoring/acc_maf_ingroup/50/chr17/chr17_50_acc_8132938_8132988.maf	50	50	0	3	0.02	0.16	0.098995	0.02	0.16	0.098995	chr17:8132938-8132988	0.06	0.253757	0.132215	0.286135	TRUE	1	3	0	3	0	chr17	8132882	8133151	270	*	3	1	0.011111	0.003704
51118	chr17	10104134	10104184	/paula/2019/aves/data/scoring/acc_maf_ingroup/50/chr17/chr17_50_acc_10104134_10104184.maf	50	50	0	3	0.02	0.14	0.084853	0.02	0.14	0.084853	chr17:10104134-10104184	0.06	0.216301	0.132215	0.253509	TRUE	1	3	0	3	0	chr17	10104085	10104336	252	*	3	1	0.011905	0.003968
517	chr1	4980532	4980557	/home/rstudio/disco_tmp/data/scoring/acc_maf_ingroup/25/chr1/chr1_25_acc_4980532_4980557.maf	25	44	19	1	0	0.022727	0.016071	0	0.022727	0.016071	chr1:4980532-4980557	0.022727	0.034128	0.043415	0.055223	TRUE	2	2	19	1 1	0 19	chr1	4980423	4980557	135	*	1	1	0.007407	0.007407
517	chr1	4980482	4980507	/home/rstudio/disco_tmp/data/scoring/acc_maf_ingroup/25/chr1/chr1_25_acc_4980482_4980507.maf	25	25	0	1	0.04	0.12	0.056569	0.04	0.12	0.056569	chr1:4980482-4980507	0.04	0.141389	0.084566	0.164749	TRUE	2	2	19	1 1	0 19	chr1	4980423	4980557	135	*	1	1	0.007407	0.007407
52764	chr18	7140897	7140947	/paula/2019/aves/data/scoring/acc_maf_ingroup/50/chr18/chr18_50_acc_7140897_7140947.maf	50	50	0	3	0.02	0.06	0.028284	0.02	0.06	0.028284	chr18:7140897-7140947	0.06	0.066476	0.132215	0.147986	TRUE	1	3	0	3	0	chr18	7140848	7141320	473	*	3	1	0.006342	0.002114
52792	chr18	7237776	7237801	/paula/2019/aves/data/scoring/acc_maf_ingroup/25/chr18/chr18_25_acc_7237776_7237801.maf	25	25	0	2	0	0.16	0.113137	0	0.16	0.113137	chr18:7237776-7237801	0.08	0.291214	0.179863	0.342281	TRUE	2	3	9	1 2	9 0	chr18	7237419	7237962	544	*	2	1	0.003676	0.001838
52792	chr18	7237726	7237776	/paula/2019/aves/data/scoring/acc_maf_ingroup/50/chr18/chr18_50_acc_7237726_7237776.maf	50	59	9	1	0.050847	0.084746	0.02397	0.050847	0.084746	0.02397	chr18:7237726-7237776	0.016949	0.055049	0.029649	0.062525	TRUE	2	3	9	1 2	9 0	chr18	7237419	7237962	544	*	2	1	0.003676	0.001838
52875	chr18	7630039	7630089	/paula/2019/aves/data/scoring/acc_maf_ingroup/50/chr18/chr18_50_acc_7630039_7630089.maf	50	50	0	3	0.06	0.08	0.014142	0.06	0.08	0.014142	chr18:7630039-7630089	0.06	0.02902	0.132215	0.135362	TRUE	1	3	0	3	0	chr18	7629988	7630165	178	*	3	1	0.016854	0.005618
53568	chr18	10077813	10077863	/paula/2019/aves/data/scoring/acc_maf_ingroup/50/chr18/chr18_50_acc_10077813_10077863.maf	50	50	0	1	0	0.06	0.042426	0	0.06	0.042426	chr18:10077813-10077863	0.02	0.103933	0.036917	0.110294	TRUE	2	2	0	1 1	0 0	chr18	10077378	10078555	1178	*	2	2	0.001698	0.001698
53568	chr18	10077713	10077763	/paula/2019/aves/data/scoring/acc_maf_ingroup/50/chr18/chr18_50_acc_10077713_10077763.maf	50	50	0	1	0.02	0.06	0.028284	0.02	0.06	0.028284	chr18:10077713-10077763	0.02	0.066476	0.036917	0.076039	TRUE	2	2	0	1 1	0 0	chr18	10077378	10078555	1178	*	2	2	0.001698	0.001698
53693	chr18	10400559	10400609	/paula/2019/aves/data/scoring/acc_maf_ingroup/50/chr18/chr18_50_acc_10400559_10400609.maf	50	50	0	1	0.04	0.06	0.014142	0.04	0.06	0.014142	chr18:10400559-10400609	0.02	0.02902	0.036917	0.046958	TRUE	1	1	0	1	0	chr18	10400560	10400741	182	*	1	1	0.005495	0.005495
54134	chr19	2774370	2774420	/paula/2019/aves/data/scoring/acc_maf_ingroup/50/chr19/chr19_50_acc_2774370_2774420.maf	50	50	0	1	0.02	0.1	0.056569	0.02	0.1	0.056569	chr19:2774370-2774420	0.02	0.141389	0.036917	0.146129	TRUE	1	1	0	1	0	chr19	2774321	2774457	137	*	1	1	0.007299	0.007299
54482	chr19	5065132	5065182	/paula/2019/aves/data/scoring/acc_maf_ingroup/50/chr19/chr19_50_acc_5065132_5065182.maf	50	50	0	1	0.02	0.04	0.014142	0.02	0.04	0.014142	chr19:5065132-5065182	0.02	0.02902	0.036917	0.046958	TRUE	1	1	0	1	0	chr19	5064983	5065221	239	*	1	1	0.004184	0.004184
54504	chr19	5345510	5345560	/paula/2019/aves/data/scoring/acc_maf_ingroup/50/chr19/chr19_50_acc_5345510_5345560.maf	50	50	0	3	0.02	0.1	0.056569	0.02	0.1	0.056569	chr19:5345510-5345560	0.06	0.141389	0.132215	0.193576	TRUE	1	3	0	3	0	chr19	5345508	5345718	211	*	3	1	0.014218	0.004739
5495	chr1	43450559	43450609	/home/rstudio/disco_tmp/data/scoring/acc_maf_ingroup/50/chr1/chr1_50_acc_43450559_43450609.maf	50	50	0	1	0	0.06	0.042426	0	0.06	0.042426	chr1:43450559-43450609	0.02	0.103933	0.036917	0.110294	TRUE	1	1	0	1	0	chr1	43450410	43450687	278	*	1	1	0.003597	0.003597
55059	chr19	7433786	7433836	/paula/2019/aves/data/scoring/acc_maf_ingroup/50/chr19/chr19_50_acc_7433786_7433836.maf	50	50	0	3	0.02	0.1	0.056569	0.02	0.1	0.056569	chr19:7433786-7433836	0.06	0.141389	0.132215	0.193576	TRUE	1	3	0	3	0	chr19	7433672	7433840	169	*	3	1	0.017751	0.005917
55117	chr19	7535481	7535531	/paula/2019/aves/data/scoring/acc_maf_ingroup/50/chr19/chr19_50_acc_7535481_7535531.maf	50	50	0	1	0	0.02	0.014142	0	0.02	0.014142	chr19:7535481-7535531	0.02	0.02902	0.036917	0.046958	TRUE	1	1	0	1	0	chr19	7535432	7535549	118	*	1	1	0.008475	0.008475
55120	chr19	7538451	7538501	/paula/2019/aves/data/scoring/acc_maf_ingroup/50/chr19/chr19_50_acc_7538451_7538501.maf	50	50	0	1	0.02	0.04	0.014142	0.02	0.04	0.014142	chr19:7538451-7538501	0.02	0.02902	0.036917	0.046958	TRUE	1	1	0	1	0	chr19	7538310	7538509	200	*	1	1	0.005	0.005
5530	chr1	44030213	44030263	/home/rstudio/disco_tmp/data/scoring/acc_maf_ingroup/50/chr1/chr1_50_acc_44030213_44030263.maf	50	50	0	3	0.04	0.1	0.042426	0.04	0.1	0.042426	chr1:44030213-44030263	0.06	0.103933	0.132215	0.168175	TRUE	1	3	0	3	0	chr1	44030030	44030266	237	*	3	1	0.012658	0.004219
5540	chr1	44067186	44067236	/home/rstudio/disco_tmp/data/scoring/acc_maf_ingroup/50/chr1/chr1_50_acc_44067186_44067236.maf	50	50	0	4	0.08	0.16	0.056569	0.08	0.16	0.056569	chr1:44067186-44067236	0.08	0.141389	0.179863	0.228783	TRUE	1	4	0	4	0	chr1	44067187	44067307	121	*	4	1	0.033058	0.008264
5566	chr1	44430462	44430512	/home/rstudio/disco_tmp/data/scoring/acc_maf_ingroup/50/chr1/chr1_50_acc_44430462_44430512.maf	50	50	0	3	0.04	0.06	0.014142	0.04	0.06	0.014142	chr1:44430462-44430512	0.06	0.02902	0.132215	0.135362	TRUE	7	9	82	1 1 2 1 1 3 1	2 10 34 36 12 0 0	chr1	44429262	44430626	1365	*	4	2	0.00293	0.001465
5566	chr1	44430587	44430612	/home/rstudio/disco_tmp/data/scoring/acc_maf_ingroup/25/chr1/chr1_25_acc_44430587_44430612.maf	25	25	0	1	0	0.08	0.056569	0	0.08	0.056569	chr1:44430587-44430612	0.04	0.141389	0.084566	0.164749	TRUE	7	9	82	1 1 2 1 1 3 1	2 10 34 36 12 0 0	chr1	44429262	44430626	1365	*	4	2	0.00293	0.001465
5566	chr1	44429855	44429880	/home/rstudio/disco_tmp/data/scoring/acc_maf_ingroup/25/chr1/chr1_25_acc_44429855_44429880.maf	25	35	10	1	0	0.057143	0.040406	0	0.057143	0.040406	chr1:44429855-44429880	0.028571	0.098582	0.057338	0.114044	TRUE	7	9	82	1 1 2 1 1 3 1	2 10 34 36 12 0 0	chr1	44429262	44430626	1365	*	4	2	0.00293	0.001465
5566	chr1	44429903	44429953	/home/rstudio/disco_tmp/data/scoring/acc_maf_ingroup/50/chr1/chr1_50_acc_44429903_44429953.maf	50	84	34	2	0.011905	0.071429	0.04209	0.011905	0.071429	0.04209	chr1:44429903-44429953	0.02381	0.103041	0.045993	0.112839	TRUE	7	9	82	1 1 2 1 1 3 1	2 10 34 36 12 0 0	chr1	44429262	44430626	1365	*	4	2	0.00293	0.001465
5566	chr1	44429518	44429543	/home/rstudio/disco_tmp/data/scoring/acc_maf_ingroup/25/chr1/chr1_25_acc_44429518_44429543.maf	25	27	2	1	0	0.111111	0.078567	0	0.111111	0.078567	chr1:44429518-44429543	0.037037	0.199654	0.077507	0.21417	TRUE	7	9	82	1 1 2 1 1 3 1	2 10 34 36 12 0 0	chr1	44429262	44430626	1365	*	4	2	0.00293	0.001465
5566	chr1	44430192	44430217	/home/rstudio/disco_tmp/data/scoring/acc_maf_ingroup/25/chr1/chr1_25_acc_44430192_44430217.maf	25	37	12	1	0	0.054054	0.038222	0	0.054054	0.038222	chr1:44430192-44430217	0.027027	0.092797	0.053659	0.107194	TRUE	7	9	82	1 1 2 1 1 3 1	2 10 34 36 12 0 0	chr1	44429262	44430626	1365	*	4	2	0.00293	0.001465
5566	chr1	44430167	44430217	/home/rstudio/disco_tmp/data/scoring/acc_maf_ingroup/50/chr1/chr1_50_acc_44430167_44430217.maf	50	86	36	1	0	0.023256	0.016444	0	0.023256	0.016444	chr1:44430167-44430217	0.011628	0.035118	0.016971	0.039003	TRUE	7	9	82	1 1 2 1 1 3 1	2 10 34 36 12 0 0	chr1	44429262	44430626	1365	*	4	2	0.00293	0.001465
56053	chr2	1558030	1558055	/home/rstudio/disco_tmp/data/scoring/acc_maf_ingroup/25/chr2/chr2_25_acc_1558030_1558055.maf	25	25	0	1	0.04	0.08	0.028284	0.04	0.08	0.028284	chr2:1558030-1558055	0.04	0.066476	0.084566	0.107566	TRUE	1	1	0	1	0	chr2	1557981	1558120	140	*	1	1	0.007143	0.007143
56094	chr2	2110535	2110585	/home/rstudio/disco_tmp/data/scoring/acc_maf_ingroup/50/chr2/chr2_50_acc_2110535_2110585.maf	50	50	0	3	0.06	0.1	0.028284	0.06	0.1	0.028284	chr2:2110535-2110585	0.06	0.066476	0.132215	0.147986	TRUE	1	3	0	3	0	chr2	2110507	2110715	209	*	3	1	0.014354	0.004785
56215	chr2	2551910	2551960	/home/rstudio/disco_tmp/data/scoring/acc_maf_ingroup/50/chr2/chr2_50_acc_2551910_2551960.maf	50	50	0	3	0.04	0.14	0.070711	0.04	0.14	0.070711	chr2:2551910-2551960	0.06	0.178845	0.132215	0.22241	TRUE	1	3	0	3	0	chr2	2551911	2552404	494	*	3	1	0.006073	0.002024
5623	chr1	44876670	44876695	/home/rstudio/disco_tmp/data/scoring/acc_maf_ingroup/25/chr1/chr1_25_acc_44876670_44876695.maf	25	25	0	1	0.04	0.08	0.028284	0.04	0.08	0.028284	chr1:44876670-44876695	0.04	0.066476	0.084566	0.107566	TRUE	1	1	0	1	0	chr1	44876671	44876826	156	*	1	1	0.00641	0.00641
5624	chr1	44877008	44877033	/home/rstudio/disco_tmp/data/scoring/acc_maf_ingroup/25/chr1/chr1_25_acc_44877008_44877033.maf	25	25	0	1	0	0.04	0.028284	0	0.04	0.028284	chr1:44877008-44877033	0.04	0.066476	0.084566	0.107566	TRUE	1	1	0	1	0	chr1	44876984	44877239	256	*	1	1	0.003906	0.003906
56285	chr2	3742944	3742994	/home/rstudio/disco_tmp/data/scoring/acc_maf_ingroup/50/chr2/chr2_50_acc_3742944_3742994.maf	50	50	0	1	0.02	0.04	0.014142	0.02	0.04	0.014142	chr2:3742944-3742994	0.02	0.02902	0.036917	0.046958	TRUE	1	1	0	1	0	chr2	3742895	3743057	163	*	1	1	0.006135	0.006135
56287	chr2	3756647	3756672	/home/rstudio/disco_tmp/data/scoring/acc_maf_ingroup/25/chr2/chr2_25_acc_3756647_3756672.maf	25	25	0	1	0	0.16	0.113137	0	0.16	0.113137	chr2:3756647-3756672	0.04	0.291214	0.084566	0.303244	TRUE	1	1	0	1	0	chr2	3756598	3756744	147	*	1	1	0.006803	0.006803
56354	chr2	4428032	4428057	/home/rstudio/disco_tmp/data/scoring/acc_maf_ingroup/25/chr2/chr2_25_acc_4428032_4428057.maf	25	25	0	1	0.04	0.16	0.084853	0.04	0.16	0.084853	chr2:4428032-4428057	0.04	0.216301	0.084566	0.232245	TRUE	1	1	0	1	0	chr2	4428033	4428157	125	*	1	1	0.008	0.008
56359	chr2	4434894	4434944	/home/rstudio/disco_tmp/data/scoring/acc_maf_ingroup/50/chr2/chr2_50_acc_4434894_4434944.maf	50	50	0	2	0.02	0.06	0.028284	0.02	0.06	0.028284	chr2:4434894-4434944	0.04	0.066476	0.084566	0.107566	TRUE	1	2	0	2	0	chr2	4434895	4435020	126	*	2	1	0.015873	0.007937
56374	chr2	4634134	4634159	/home/rstudio/disco_tmp/data/scoring/acc_maf_ingroup/25/chr2/chr2_25_acc_4634134_4634159.maf	25	25	0	1	0.04	0.16	0.084853	0.04	0.16	0.084853	chr2:4634134-4634159	0.04	0.216301	0.084566	0.232245	TRUE	1	1	0	1	0	chr2	4634010	4634210	201	*	1	1	0.004975	0.004975
56425	chr2	4800369	4800394	/home/rstudio/disco_tmp/data/scoring/acc_maf_ingroup/25/chr2/chr2_25_acc_4800369_4800394.maf	25	25	0	1	0	0.08	0.056569	0	0.08	0.056569	chr2:4800369-4800394	0.04	0.141389	0.084566	0.164749	TRUE	1	1	0	1	0	chr2	4800230	4800414	185	*	1	1	0.005405	0.005405
56500	chr2	5350305	5350330	/home/rstudio/disco_tmp/data/scoring/acc_maf_ingroup/25/chr2/chr2_25_acc_5350305_5350330.maf	25	25	0	2	0	0.16	0.113137	0	0.16	0.113137	chr2:5350305-5350330	0.08	0.291214	0.179863	0.342281	TRUE	1	2	0	2	0	chr2	5350256	5350391	136	*	2	1	0.014706	0.007353
56505	chr2	5361323	5361373	/home/rstudio/disco_tmp/data/scoring/acc_maf_ingroup/50/chr2/chr2_50_acc_5361323_5361373.maf	50	50	0	2	0	0.06	0.042426	0	0.06	0.042426	chr2:5361323-5361373	0.04	0.103933	0.084566	0.13399	TRUE	1	2	0	2	0	chr2	5361324	5361435	112	*	2	1	0.017857	0.008929
56507	chr2	5364114	5364139	/home/rstudio/disco_tmp/data/scoring/acc_maf_ingroup/25/chr2/chr2_25_acc_5364114_5364139.maf	25	25	0	2	0	0.08	0.056569	0	0.08	0.056569	chr2:5364114-5364139	0.08	0.141389	0.179863	0.228783	TRUE	1	2	0	2	0	chr2	5364040	5364147	108	*	2	1	0.018519	0.009259
56550	chr2	5545816	5545841	/home/rstudio/disco_tmp/data/scoring/acc_maf_ingroup/25/chr2/chr2_25_acc_5545816_5545841.maf	25	25	0	1	0	0.12	0.084853	0	0.12	0.084853	chr2:5545816-5545841	0.04	0.216301	0.084566	0.232245	TRUE	1	1	0	1	0	chr2	5545776	5545897	122	*	1	1	0.008197	0.008197
56561	chr2	5595268	5595293	/home/rstudio/disco_tmp/data/scoring/acc_maf_ingroup/25/chr2/chr2_25_acc_5595268_5595293.maf	25	32	7	1	0	0.03125	0.022097	0	0.03125	0.022097	chr2:5595268-5595293	0.03125	0.050089	0.06372	0.08105	TRUE	4	10	16	3 3 6 1	9 0 0 7	chr2	5595144	5595566	423	*	9	2	0.021277	0.004728
56561	chr2	5595143	5595193	/home/rstudio/disco_tmp/data/scoring/acc_maf_ingroup/50/chr2/chr2_50_acc_5595143_5595193.maf	50	59	9	3	0.016949	0.118644	0.071909	0.016949	0.118644	0.071909	chr2:5595143-5595193	0.050847	0.182019	0.110409	0.212888	TRUE	4	10	16	3 3 6 1	9 0 0 7	chr2	5595144	5595566	423	*	9	2	0.021277	0.004728
56561	chr2	5595193	5595218	/home/rstudio/disco_tmp/data/scoring/acc_maf_ingroup/25/chr2/chr2_25_acc_5595193_5595218.maf	25	25	0	3	0	0.2	0.141421	0	0.2	0.141421	chr2:5595193-5595218	0.12	0.366126	0.275161	0.457998	TRUE	4	10	16	3 3 6 1	9 0 0 7	chr2	5595144	5595566	423	*	9	2	0.021277	0.004728
56561	chr2	5595193	5595243	/home/rstudio/disco_tmp/data/scoring/acc_maf_ingroup/50/chr2/chr2_50_acc_5595193_5595243.maf	50	50	0	6	0.04	0.16	0.084853	0.04	0.16	0.084853	chr2:5595193-5595243	0.12	0.216301	0.275161	0.35	TRUE	4	10	16	3 3 6 1	9 0 0 7	chr2	5595144	5595566	423	*	9	2	0.021277	0.004728
56577	chr2	5655407	5655432	/home/rstudio/disco_tmp/data/scoring/acc_maf_ingroup/25/chr2/chr2_25_acc_5655407_5655432.maf	25	25	0	1	0	0.08	0.056569	0	0.08	0.056569	chr2:5655407-5655432	0.04	0.141389	0.084566	0.164749	TRUE	1	1	0	1	0	chr2	5655346	5655515	170	*	1	1	0.005882	0.005882
56587	chr2	5699583	5699608	/home/rstudio/disco_tmp/data/scoring/acc_maf_ingroup/25/chr2/chr2_25_acc_5699583_5699608.maf	25	25	0	1	0.04	0.08	0.028284	0.04	0.08	0.028284	chr2:5699583-5699608	0.04	0.066476	0.084566	0.107566	TRUE	1	1	0	1	0	chr2	5699020	5700163	1144	*	1	1	0.000874	0.000874
56615	chr2	5813107	5813132	/home/rstudio/disco_tmp/data/scoring/acc_maf_ingroup/25/chr2/chr2_25_acc_5813107_5813132.maf	25	25	0	3	0.04	0.16	0.084853	0.04	0.16	0.084853	chr2:5813107-5813132	0.12	0.216301	0.275161	0.35	TRUE	1	3	0	3	0	chr2	5813023	5813164	142	*	3	1	0.021127	0.007042
56714	chr2	6392320	6392345	/home/rstudio/disco_tmp/data/scoring/acc_maf_ingroup/25/chr2/chr2_25_acc_6392320_6392345.maf	25	25	0	2	0	0.08	0.056569	0	0.08	0.056569	chr2:6392320-6392345	0.08	0.141389	0.179863	0.228783	TRUE	2	4	0	2 2	0 0	chr2	6392246	6392367	122	*	4	2	0.032787	0.016393
56714	chr2	6392245	6392270	/home/rstudio/disco_tmp/data/scoring/acc_maf_ingroup/25/chr2/chr2_25_acc_6392245_6392270.maf	25	25	0	2	0.04	0.08	0.028284	0.04	0.08	0.028284	chr2:6392245-6392270	0.08	0.066476	0.179863	0.191755	TRUE	2	4	0	2 2	0 0	chr2	6392246	6392367	122	*	4	2	0.032787	0.016393
56716	chr2	6426776	6426826	/home/rstudio/disco_tmp/data/scoring/acc_maf_ingroup/50/chr2/chr2_50_acc_6426776_6426826.maf	50	50	0	1	0.02	0.08	0.042426	0.02	0.08	0.042426	chr2:6426776-6426826	0.02	0.103933	0.036917	0.110294	TRUE	1	1	0	1	0	chr2	6426626	6426850	225	*	1	1	0.004444	0.004444
57087	chr2	8680807	8680857	/home/rstudio/disco_tmp/data/scoring/acc_maf_ingroup/50/chr2/chr2_50_acc_8680807_8680857.maf	50	50	0	2	0.02	0.06	0.028284	0.02	0.06	0.028284	chr2:8680807-8680857	0.04	0.066476	0.084566	0.107566	TRUE	1	2	0	2	0	chr2	8680758	8680884	127	*	2	1	0.015748	0.007874
57090	chr2	8685317	8685342	/home/rstudio/disco_tmp/data/scoring/acc_maf_ingroup/25/chr2/chr2_25_acc_8685317_8685342.maf	25	25	0	1	0	0.12	0.084853	0	0.12	0.084853	chr2:8685317-8685342	0.04	0.216301	0.084566	0.232245	TRUE	1	1	0	1	0	chr2	8685243	8685473	231	*	1	1	0.004329	0.004329
57119	chr2	8760533	8760583	/home/rstudio/disco_tmp/data/scoring/acc_maf_ingroup/50/chr2/chr2_50_acc_8760533_8760583.maf	50	50	0	3	0.06	0.12	0.042426	0.06	0.12	0.042426	chr2:8760533-8760583	0.06	0.103933	0.132215	0.168175	TRUE	1	3	0	3	0	chr2	8760484	8761121	638	*	3	1	0.004702	0.001567
57285	chr2	9703230	9703280	/home/rstudio/disco_tmp/data/scoring/acc_maf_ingroup/50/chr2/chr2_50_acc_9703230_9703280.maf	50	50	0	2	0.04	0.12	0.056569	0.04	0.12	0.056569	chr2:9703230-9703280	0.04	0.141389	0.084566	0.164749	TRUE	1	2	0	2	0	chr2	9703231	9703339	109	*	2	1	0.018349	0.009174
57287	chr2	9715677	9715702	/home/rstudio/disco_tmp/data/scoring/acc_maf_ingroup/25/chr2/chr2_25_acc_9715677_9715702.maf	25	25	0	1	0	0.08	0.056569	0	0.08	0.056569	chr2:9715677-9715702	0.04	0.141389	0.084566	0.164749	TRUE	1	1	0	1	0	chr2	9715578	9715735	158	*	1	1	0.006329	0.006329
5747	chr1	45798617	45798667	/home/rstudio/disco_tmp/data/scoring/acc_maf_ingroup/50/chr1/chr1_50_acc_45798617_45798667.maf	50	50	0	6	0.08	0.16	0.056569	0.08	0.16	0.056569	chr1:45798617-45798667	0.12	0.141389	0.275161	0.309361	TRUE	1	6	0	6	0	chr1	45798551	45798781	231	*	6	1	0.025974	0.004329
57603	chr2	11465383	11465408	/home/rstudio/disco_tmp/data/scoring/acc_maf_ingroup/25/chr2/chr2_25_acc_11465383_11465408.maf	25	25	0	2	0.04	0.2	0.113137	0.04	0.2	0.113137	chr2:11465383-11465408	0.08	0.291214	0.179863	0.342281	TRUE	1	2	0	2	0	chr2	11465334	11465497	164	*	2	1	0.012195	0.006098
57669	chr2	11825391	11825416	/home/rstudio/disco_tmp/data/scoring/acc_maf_ingroup/25/chr2/chr2_25_acc_11825391_11825416.maf	25	25	0	1	0	0.04	0.028284	0	0.04	0.028284	chr2:11825391-11825416	0.04	0.066476	0.084566	0.107566	TRUE	1	1	0	1	0	chr2	11825342	11825518	177	*	1	1	0.00565	0.00565
57673	chr2	11830519	11830544	/home/rstudio/disco_tmp/data/scoring/acc_maf_ingroup/25/chr2/chr2_25_acc_11830519_11830544.maf	25	25	0	1	0	0.08	0.056569	0	0.08	0.056569	chr2:11830519-11830544	0.04	0.141389	0.084566	0.164749	TRUE	2	6	0	5 1	0 0	chr2	11830470	11830580	111	*	6	2	0.054054	0.018018
57673	chr2	11830469	11830519	/home/rstudio/disco_tmp/data/scoring/acc_maf_ingroup/50/chr2/chr2_50_acc_11830469_11830519.maf	50	50	0	5	0.08	0.16	0.056569	0.08	0.16	0.056569	chr2:11830469-11830519	0.1	0.141389	0.227512	0.267867	TRUE	2	6	0	5 1	0 0	chr2	11830470	11830580	111	*	6	2	0.054054	0.018018
57807	chr2	13014719	13014744	/home/rstudio/disco_tmp/data/scoring/acc_maf_ingroup/25/chr2/chr2_25_acc_13014719_13014744.maf	25	25	0	2	0	0.08	0.056569	0	0.08	0.056569	chr2:13014719-13014744	0.08	0.141389	0.179863	0.228783	TRUE	3	7	22	5 2 2	22 0 0	chr2	13014054	13014832	779	*	4	2	0.005135	0.002567
57807	chr2	13014504	13014554	/home/rstudio/disco_tmp/data/scoring/acc_maf_ingroup/50/chr2/chr2_50_acc_13014504_13014554.maf	50	72	22	5	0	0.125	0.088388	0	0.125	0.088388	chr2:13014504-13014554	0.069444	0.225665	0.154715	0.273609	TRUE	3	7	22	5 2 2	22 0 0	chr2	13014054	13014832	779	*	4	2	0.005135	0.002567
57807	chr2	13014694	13014744	/home/rstudio/disco_tmp/data/scoring/acc_maf_ingroup/50/chr2/chr2_50_acc_13014694_13014744.maf	50	50	0	2	0	0.04	0.028284	0	0.04	0.028284	chr2:13014694-13014744	0.04	0.066476	0.084566	0.107566	TRUE	3	7	22	5 2 2	22 0 0	chr2	13014054	13014832	779	*	4	2	0.005135	0.002567
57827	chr2	13093123	13093173	/home/rstudio/disco_tmp/data/scoring/acc_maf_ingroup/50/chr2/chr2_50_acc_13093123_13093173.maf	50	50	0	2	0.1	0.14	0.028284	0.1	0.14	0.028284	chr2:13093123-13093173	0.04	0.066476	0.084566	0.107566	TRUE	1	2	0	2	0	chr2	13093074	13093286	213	*	2	1	0.00939	0.004695
57866	chr2	13386512	13386562	/home/rstudio/disco_tmp/data/scoring/acc_maf_ingroup/50/chr2/chr2_50_acc_13386512_13386562.maf	50	50	0	3	0.02	0.1	0.056569	0.02	0.1	0.056569	chr2:13386512-13386562	0.06	0.141389	0.132215	0.193576	TRUE	1	3	0	3	0	chr2	13386411	13386565	155	*	3	1	0.019355	0.006452
58012	chr2	13947300	13947325	/home/rstudio/disco_tmp/data/scoring/acc_maf_ingroup/25/chr2/chr2_25_acc_13947300_13947325.maf	25	25	0	1	0.08	0.16	0.056569	0.08	0.16	0.056569	chr2:13947300-13947325	0.04	0.141389	0.084566	0.164749	TRUE	2	2	0	1 1	0 0	chr2	13947226	13947474	249	*	2	2	0.008032	0.008032
58012	chr2	13947325	13947375	/home/rstudio/disco_tmp/data/scoring/acc_maf_ingroup/50/chr2/chr2_50_acc_13947325_13947375.maf	50	50	0	1	0.02	0.06	0.028284	0.02	0.06	0.028284	chr2:13947325-13947375	0.02	0.066476	0.036917	0.076039	TRUE	2	2	0	1 1	0 0	chr2	13947226	13947474	249	*	2	2	0.008032	0.008032
58042	chr2	14003456	14003506	/home/rstudio/disco_tmp/data/scoring/acc_maf_ingroup/50/chr2/chr2_50_acc_14003456_14003506.maf	50	50	0	4	0.06	0.12	0.042426	0.06	0.12	0.042426	chr2:14003456-14003506	0.08	0.103933	0.179863	0.207733	TRUE	4	9	49	2 4 4 1	0 0 5 44	chr2	14003307	14004829	1523	*	6	2	0.00394	0.001313
58042	chr2	14003456	14003481	/home/rstudio/disco_tmp/data/scoring/acc_maf_ingroup/25/chr2/chr2_25_acc_14003456_14003481.maf	25	25	0	2	0.04	0.16	0.084853	0.04	0.16	0.084853	chr2:14003456-14003481	0.08	0.216301	0.179863	0.281313	TRUE	4	9	49	2 4 4 1	0 0 5 44	chr2	14003307	14004829	1523	*	6	2	0.00394	0.001313
58042	chr2	14004172	14004222	/home/rstudio/disco_tmp/data/scoring/acc_maf_ingroup/50/chr2/chr2_50_acc_14004172_14004222.maf	50	56	5	4	0	0.089286	0.063135	0	0.089286	0.063135	chr2:14004172-14004222	0.071429	0.158779	0.159443	0.225017	TRUE	4	9	49	2 4 4 1	0 0 5 44	chr2	14003307	14004829	1523	*	6	2	0.00394	0.001313
58042	chr2	14004521	14004571	/home/rstudio/disco_tmp/data/scoring/acc_maf_ingroup/50/chr2/chr2_50_acc_14004521_14004571.maf	50	94	44	1	0	0.010638	0.007522	0	0.010638	0.007522	chr2:14004521-14004571	0.010638	0.011487	0.014613	0.018588	TRUE	4	9	49	2 4 4 1	0 0 5 44	chr2	14003307	14004829	1523	*	6	2	0.00394	0.001313
58121	chr2	14395823	14395848	/home/rstudio/disco_tmp/data/scoring/acc_maf_ingroup/25/chr2/chr2_25_acc_14395823_14395848.maf	25	25	0	1	0.04	0.08	0.028284	0.04	0.08	0.028284	chr2:14395823-14395848	0.04	0.066476	0.084566	0.107566	TRUE	6	11	3	1 4 3 2 1 1	3 0 0 0 0 0	chr2	14394601	14396416	1816	*	11	5	0.006057	0.002753
58121	chr2	14395798	14395848	/home/rstudio/disco_tmp/data/scoring/acc_maf_ingroup/50/chr2/chr2_50_acc_14395798_14395848.maf	50	50	0	2	0.04	0.08	0.028284	0.04	0.08	0.028284	chr2:14395798-14395848	0.04	0.066476	0.084566	0.107566	TRUE	6	11	3	1 4 3 2 1 1	3 0 0 0 0 0	chr2	14394601	14396416	1816	*	11	5	0.006057	0.002753
58121	chr2	14395411	14395436	/home/rstudio/disco_tmp/data/scoring/acc_maf_ingroup/25/chr2/chr2_25_acc_14395411_14395436.maf	25	25	0	4	0.04	0.16	0.084853	0.04	0.16	0.084853	chr2:14395411-14395436	0.16	0.216301	0.370459	0.428982	TRUE	6	11	3	1 4 3 2 1 1	3 0 0 0 0 0	chr2	14394601	14396416	1816	*	11	5	0.006057	0.002753
58121	chr2	14395748	14395798	/home/rstudio/disco_tmp/data/scoring/acc_maf_ingroup/50/chr2/chr2_50_acc_14395748_14395798.maf	50	50	0	3	0.02	0.14	0.084853	0.02	0.14	0.084853	chr2:14395748-14395798	0.06	0.216301	0.132215	0.253509	TRUE	6	11	3	1 4 3 2 1 1	3 0 0 0 0 0	chr2	14394601	14396416	1816	*	11	5	0.006057	0.002753
58121	chr2	14394786	14394811	/home/rstudio/disco_tmp/data/scoring/acc_maf_ingroup/25/chr2/chr2_25_acc_14394786_14394811.maf	25	28	3	1	0	0.035714	0.025254	0	0.035714	0.025254	chr2:14394786-14394811	0.035714	0.05845	0.074355	0.094579	TRUE	6	11	3	1 4 3 2 1 1	3 0 0 0 0 0	chr2	14394601	14396416	1816	*	11	5	0.006057	0.002753
58121	chr2	14396373	14396398	/home/rstudio/disco_tmp/data/scoring/acc_maf_ingroup/25/chr2/chr2_25_acc_14396373_14396398.maf	25	25	0	1	0.04	0.08	0.028284	0.04	0.08	0.028284	chr2:14396373-14396398	0.04	0.066476	0.084566	0.107566	TRUE	6	11	3	1 4 3 2 1 1	3 0 0 0 0 0	chr2	14394601	14396416	1816	*	11	5	0.006057	0.002753
58125	chr2	14405338	14405363	/home/rstudio/disco_tmp/data/scoring/acc_maf_ingroup/25/chr2/chr2_25_acc_14405338_14405363.maf	25	25	0	1	0	0.08	0.056569	0	0.08	0.056569	chr2:14405338-14405363	0.04	0.141389	0.084566	0.164749	TRUE	1	1	0	1	0	chr2	14405283	14405385	103	*	1	1	0.009709	0.009709
58276	chr2	15314646	15314671	/home/rstudio/disco_tmp/data/scoring/acc_maf_ingroup/25/chr2/chr2_25_acc_15314646_15314671.maf	25	25	0	1	0.04	0.08	0.028284	0.04	0.08	0.028284	chr2:15314646-15314671	0.04	0.066476	0.084566	0.107566	TRUE	2	2	27	1 1	27 0	chr2	15314497	15315002	506	*	1	1	0.001976	0.001976
58276	chr2	15314571	15314596	/home/rstudio/disco_tmp/data/scoring/acc_maf_ingroup/25/chr2/chr2_25_acc_15314571_15314596.maf	25	52	27	1	0	0.038462	0.027196	0	0.038462	0.027196	chr2:15314571-15314596	0.019231	0.063595	0.035084	0.072631	TRUE	2	2	27	1 1	27 0	chr2	15314497	15315002	506	*	1	1	0.001976	0.001976
58277	chr2	15315653	15315678	/home/rstudio/disco_tmp/data/scoring/acc_maf_ingroup/25/chr2/chr2_25_acc_15315653_15315678.maf	25	25	0	1	0.04	0.08	0.028284	0.04	0.08	0.028284	chr2:15315653-15315678	0.04	0.066476	0.084566	0.107566	TRUE	1	1	0	1	0	chr2	15315387	15315682	296	*	1	1	0.003378	0.003378
58413	chr2	15935294	15935344	/home/rstudio/disco_tmp/data/scoring/acc_maf_ingroup/50/chr2/chr2_50_acc_15935294_15935344.maf	50	50	0	9	0.02	0.2	0.127279	0.02	0.2	0.127279	chr2:15935294-15935344	0.18	0.32867	0.418107	0.531825	TRUE	1	9	0	9	0	chr2	15935245	15935410	166	*	9	1	0.054217	0.006024
58442	chr2	16083613	16083663	/home/rstudio/disco_tmp/data/scoring/acc_maf_ingroup/50/chr2/chr2_50_acc_16083613_16083663.maf	50	50	0	1	0.04	0.06	0.014142	0.04	0.06	0.014142	chr2:16083613-16083663	0.02	0.02902	0.036917	0.046958	TRUE	3	3	15	1 1 1	0 0 15	chr2	16083520	16083779	260	*	2	2	0.007692	0.007692
58442	chr2	16083713	16083763	/home/rstudio/disco_tmp/data/scoring/acc_maf_ingroup/50/chr2/chr2_50_acc_16083713_16083763.maf	50	65	15	1	0.015385	0.046154	0.021757	0.015385	0.046154	0.021757	chr2:16083713-16083763	0.015385	0.049189	0.025921	0.055601	TRUE	3	3	15	1 1 1	0 0 15	chr2	16083520	16083779	260	*	2	2	0.007692	0.007692
58442	chr2	16083688	16083713	/home/rstudio/disco_tmp/data/scoring/acc_maf_ingroup/25/chr2/chr2_25_acc_16083688_16083713.maf	25	25	0	1	0	0.04	0.028284	0	0.04	0.028284	chr2:16083688-16083713	0.04	0.066476	0.084566	0.107566	TRUE	3	3	15	1 1 1	0 0 15	chr2	16083520	16083779	260	*	2	2	0.007692	0.007692
58508	chr2	16498758	16498808	/home/rstudio/disco_tmp/data/scoring/acc_maf_ingroup/50/chr2/chr2_50_acc_16498758_16498808.maf	50	50	0	5	0.02	0.14	0.084853	0.02	0.14	0.084853	chr2:16498758-16498808	0.1	0.216301	0.227512	0.313924	TRUE	1	5	0	5	0	chr2	16498759	16498893	135	*	5	1	0.037037	0.007407
58530	chr2	16758023	16758073	/home/rstudio/disco_tmp/data/scoring/acc_maf_ingroup/50/chr2/chr2_50_acc_16758023_16758073.maf	50	50	0	2	0.04	0.06	0.014142	0.04	0.06	0.014142	chr2:16758023-16758073	0.04	0.02902	0.084566	0.089407	TRUE	1	2	0	2	0	chr2	16757974	16758168	195	*	2	1	0.010256	0.005128
58559	chr2	16929500	16929550	/home/rstudio/disco_tmp/data/scoring/acc_maf_ingroup/50/chr2/chr2_50_acc_16929500_16929550.maf	50	59	9	4	0.033898	0.101695	0.047939	0.033898	0.101695	0.047939	chr2:16929500-16929550	0.067797	0.118534	0.15079	0.191802	TRUE	4	6	36	1 2 4 1	0 9 9 27	chr2	16929451	16929797	347	*	1	1	0.002882	0.002882
58559	chr2	16929500	16929525	/home/rstudio/disco_tmp/data/scoring/acc_maf_ingroup/25/chr2/chr2_25_acc_16929500_16929525.maf	25	34	9	2	0	0.058824	0.041595	0	0.058824	0.041595	chr2:16929500-16929525	0.058824	0.101729	0.129412	0.164609	TRUE	4	6	36	1 2 4 1	0 9 9 27	chr2	16929451	16929797	347	*	1	1	0.002882	0.002882
58559	chr2	16929475	16929500	/home/rstudio/disco_tmp/data/scoring/acc_maf_ingroup/25/chr2/chr2_25_acc_16929475_16929500.maf	25	25	0	1	0.04	0.2	0.113137	0.04	0.2	0.113137	chr2:16929475-16929500	0.04	0.291214	0.084566	0.303244	TRUE	4	6	36	1 2 4 1	0 9 9 27	chr2	16929451	16929797	347	*	1	1	0.002882	0.002882
58559	chr2	16929587	16929612	/home/rstudio/disco_tmp/data/scoring/acc_maf_ingroup/25/chr2/chr2_25_acc_16929587_16929612.maf	25	52	27	1	0.019231	0.076923	0.040795	0.019231	0.076923	0.040795	chr2:16929587-16929612	0.019231	0.099611	0.035084	0.105609	TRUE	4	6	36	1 2 4 1	0 9 9 27	chr2	16929451	16929797	347	*	1	1	0.002882	0.002882
58754	chr2	18196896	18196921	/home/rstudio/disco_tmp/data/scoring/acc_maf_ingroup/25/chr2/chr2_25_acc_18196896_18196921.maf	25	25	0	2	0	0.08	0.056569	0	0.08	0.056569	chr2:18196896-18196921	0.08	0.141389	0.179863	0.228783	TRUE	1	2	0	2	0	chr2	18196876	18196987	112	*	2	1	0.017857	0.008929
58914	chr2	19617143	19617193	/home/rstudio/disco_tmp/data/scoring/acc_maf_ingroup/50/chr2/chr2_50_acc_19617143_19617193.maf	50	50	0	7	0.04	0.2	0.113137	0.04	0.2	0.113137	chr2:19617143-19617193	0.14	0.291214	0.32281	0.434754	TRUE	1	7	0	7	0	chr2	19617144	19617552	409	*	7	1	0.017115	0.002445
59067	chr2	20349446	20349471	/home/rstudio/disco_tmp/data/scoring/acc_maf_ingroup/25/chr2/chr2_25_acc_20349446_20349471.maf	25	25	0	1	0	0.08	0.056569	0	0.08	0.056569	chr2:20349446-20349471	0.04	0.141389	0.084566	0.164749	TRUE	1	1	0	1	0	chr2	20349356	20349496	141	*	1	1	0.007092	0.007092
59070	chr2	20368682	20368707	/home/rstudio/disco_tmp/data/scoring/acc_maf_ingroup/25/chr2/chr2_25_acc_20368682_20368707.maf	25	25	0	2	0	0.08	0.056569	0	0.08	0.056569	chr2:20368682-20368707	0.08	0.141389	0.179863	0.228783	TRUE	1	2	0	2	0	chr2	20368519	20368805	287	*	2	1	0.006969	0.003484
5933	chr1	46757386	46757436	/home/rstudio/disco_tmp/data/scoring/acc_maf_ingroup/50/chr1/chr1_50_acc_46757386_46757436.maf	50	57	7	2	0.035088	0.087719	0.037216	0.035088	0.087719	0.037216	chr1:46757386-46757436	0.035088	0.090133	0.072863	0.1159	TRUE	2	3	7	2 1	7 0	chr1	46757139	46757618	480	*	1	1	0.002083	0.002083
5933	chr1	46757505	46757530	/home/rstudio/disco_tmp/data/scoring/acc_maf_ingroup/25/chr1/chr1_25_acc_46757505_46757530.maf	25	25	0	1	0	0.04	0.028284	0	0.04	0.028284	chr1:46757505-46757530	0.04	0.066476	0.084566	0.107566	TRUE	2	3	7	2 1	7 0	chr1	46757139	46757618	480	*	1	1	0.002083	0.002083
5935	chr1	46764222	46764272	/home/rstudio/disco_tmp/data/scoring/acc_maf_ingroup/50/chr1/chr1_50_acc_46764222_46764272.maf	50	50	0	1	0.04	0.08	0.028284	0.04	0.08	0.028284	chr1:46764222-46764272	0.02	0.066476	0.036917	0.076039	TRUE	1	1	0	1	0	chr1	46764173	46764319	147	*	1	1	0.006803	0.006803
5943	chr1	46909117	46909167	/home/rstudio/disco_tmp/data/scoring/acc_maf_ingroup/50/chr1/chr1_50_acc_46909117_46909167.maf	50	50	0	1	0	0.02	0.014142	0	0.02	0.014142	chr1:46909117-46909167	0.02	0.02902	0.036917	0.046958	TRUE	1	1	0	1	0	chr1	46909068	46909242	175	*	1	1	0.005714	0.005714
59464	chr2	22970992	22971017	/home/rstudio/disco_tmp/data/scoring/acc_maf_ingroup/25/chr2/chr2_25_acc_22970992_22971017.maf	25	25	0	1	0	0.12	0.084853	0	0.12	0.084853	chr2:22970992-22971017	0.04	0.216301	0.084566	0.232245	TRUE	1	1	0	1	0	chr2	22970893	22971048	156	*	1	1	0.00641	0.00641
59507	chr2	23591695	23591720	/home/rstudio/disco_tmp/data/scoring/acc_maf_ingroup/25/chr2/chr2_25_acc_23591695_23591720.maf	25	25	0	4	0.08	0.24	0.113137	0.08	0.24	0.113137	chr2:23591695-23591720	0.16	0.291214	0.370459	0.471216	TRUE	2	7	0	3 4	0 0	chr2	23591621	23591722	102	*	7	2	0.068627	0.019608
59507	chr2	23591620	23591670	/home/rstudio/disco_tmp/data/scoring/acc_maf_ingroup/50/chr2/chr2_50_acc_23591620_23591670.maf	50	50	0	3	0	0.16	0.113137	0	0.16	0.113137	chr2:23591620-23591670	0.06	0.291214	0.132215	0.319822	TRUE	2	7	0	3 4	0 0	chr2	23591621	23591722	102	*	7	2	0.068627	0.019608
5957	chr1	47089275	47089325	/home/rstudio/disco_tmp/data/scoring/acc_maf_ingroup/50/chr1/chr1_50_acc_47089275_47089325.maf	50	50	0	2	0.04	0.06	0.014142	0.04	0.06	0.014142	chr1:47089275-47089325	0.04	0.02902	0.084566	0.089407	TRUE	1	2	0	2	0	chr1	47089176	47089373	198	*	2	1	0.010101	0.005051
59771	chr2	24926895	24926945	/home/rstudio/disco_tmp/data/scoring/acc_maf_ingroup/50/chr2/chr2_50_acc_24926895_24926945.maf	50	51	1	3	0.019608	0.098039	0.055459	0.019608	0.098039	0.055459	chr2:24926895-24926945	0.058824	0.138451	0.129412	0.189515	TRUE	2	4	1	3 1	1 0	chr2	24926896	24927055	160	*	1	1	0.00625	0.00625
59771	chr2	24926945	24926995	/home/rstudio/disco_tmp/data/scoring/acc_maf_ingroup/50/chr2/chr2_50_acc_24926945_24926995.maf	50	50	0	1	0.04	0.08	0.028284	0.04	0.08	0.028284	chr2:24926945-24926995	0.02	0.066476	0.036917	0.076039	TRUE	2	4	1	3 1	1 0	chr2	24926896	24927055	160	*	1	1	0.00625	0.00625
59947	chr2	26048787	26048812	/home/rstudio/disco_tmp/data/scoring/acc_maf_ingroup/25/chr2/chr2_25_acc_26048787_26048812.maf	25	25	0	1	0	0.08	0.056569	0	0.08	0.056569	chr2:26048787-26048812	0.04	0.141389	0.084566	0.164749	TRUE	1	1	0	1	0	chr2	26048091	26048857	767	*	1	1	0.001304	0.001304
59948	chr2	26053365	26053415	/home/rstudio/disco_tmp/data/scoring/acc_maf_ingroup/50/chr2/chr2_50_acc_26053365_26053415.maf	50	50	0	1	0.08	0.1	0.014142	0.08	0.1	0.014142	chr2:26053365-26053415	0.02	0.02902	0.036917	0.046958	TRUE	1	1	0	1	0	chr2	26053266	26053417	152	*	1	1	0.006579	0.006579
59952	chr2	26069624	26069649	/home/rstudio/disco_tmp/data/scoring/acc_maf_ingroup/25/chr2/chr2_25_acc_26069624_26069649.maf	25	25	0	1	0.04	0.12	0.056569	0.04	0.12	0.056569	chr2:26069624-26069649	0.04	0.141389	0.084566	0.164749	TRUE	1	1	0	1	0	chr2	26069558	26069699	142	*	1	1	0.007042	0.007042
59954	chr2	26075645	26075670	/home/rstudio/disco_tmp/data/scoring/acc_maf_ingroup/25/chr2/chr2_25_acc_26075645_26075670.maf	25	25	0	2	0	0.08	0.056569	0	0.08	0.056569	chr2:26075645-26075670	0.08	0.141389	0.179863	0.228783	TRUE	1	2	0	2	0	chr2	26075439	26075720	282	*	2	1	0.007092	0.003546
60173	chr2	27335845	27335895	/home/rstudio/disco_tmp/data/scoring/acc_maf_ingroup/50/chr2/chr2_50_acc_27335845_27335895.maf	50	50	0	1	0	0.06	0.042426	0	0.06	0.042426	chr2:27335845-27335895	0.02	0.103933	0.036917	0.110294	TRUE	1	1	0	1	0	chr2	27335796	27335919	124	*	1	1	0.008065	0.008065
6025	chr1	47375246	47375271	/home/rstudio/disco_tmp/data/scoring/acc_maf_ingroup/25/chr1/chr1_25_acc_47375246_47375271.maf	25	25	0	1	0	0.08	0.056569	0	0.08	0.056569	chr1:47375246-47375271	0.04	0.141389	0.084566	0.164749	TRUE	1	1	0	1	0	chr1	47375110	47375276	167	*	1	1	0.005988	0.005988
60283	chr2	28053240	28053265	/home/rstudio/disco_tmp/data/scoring/acc_maf_ingroup/25/chr2/chr2_25_acc_28053240_28053265.maf	25	25	0	1	0.04	0.16	0.084853	0.04	0.16	0.084853	chr2:28053240-28053265	0.04	0.216301	0.084566	0.232245	TRUE	2	4	0	1 3	0 0	chr2	28053241	28053420	180	*	4	2	0.022222	0.011111
60283	chr2	28053290	28053340	/home/rstudio/disco_tmp/data/scoring/acc_maf_ingroup/50/chr2/chr2_50_acc_28053290_28053340.maf	50	50	0	3	0	0.1	0.070711	0	0.1	0.070711	chr2:28053290-28053340	0.06	0.178845	0.132215	0.22241	TRUE	2	4	0	1 3	0 0	chr2	28053241	28053420	180	*	4	2	0.022222	0.011111
60351	chr2	28400777	28400802	/home/rstudio/disco_tmp/data/scoring/acc_maf_ingroup/25/chr2/chr2_25_acc_28400777_28400802.maf	25	25	0	1	0.04	0.08	0.028284	0.04	0.08	0.028284	chr2:28400777-28400802	0.04	0.066476	0.084566	0.107566	TRUE	1	1	0	1	0	chr2	28400628	28401056	429	*	1	1	0.002331	0.002331
60364	chr2	28502938	28502988	/home/rstudio/disco_tmp/data/scoring/acc_maf_ingroup/50/chr2/chr2_50_acc_28502938_28502988.maf	50	50	0	3	0.04	0.12	0.056569	0.04	0.12	0.056569	chr2:28502938-28502988	0.06	0.141389	0.132215	0.193576	TRUE	1	3	0	3	0	chr2	28502896	28503078	183	*	3	1	0.016393	0.005464
60370	chr2	28521077	28521102	/home/rstudio/disco_tmp/data/scoring/acc_maf_ingroup/25/chr2/chr2_25_acc_28521077_28521102.maf	25	25	0	1	0	0.04	0.028284	0	0.04	0.028284	chr2:28521077-28521102	0.04	0.066476	0.084566	0.107566	TRUE	1	1	0	1	0	chr2	28520978	28521126	149	*	1	1	0.006711	0.006711
60371	chr2	28525955	28526005	/home/rstudio/disco_tmp/data/scoring/acc_maf_ingroup/50/chr2/chr2_50_acc_28525955_28526005.maf	50	50	0	4	0.04	0.08	0.028284	0.04	0.08	0.028284	chr2:28525955-28526005	0.08	0.066476	0.179863	0.191755	TRUE	1	4	0	4	0	chr2	28525956	28526083	128	*	4	1	0.03125	0.007812
60424	chr2	28972403	28972428	/home/rstudio/disco_tmp/data/scoring/acc_maf_ingroup/25/chr2/chr2_25_acc_28972403_28972428.maf	25	25	0	1	0	0.04	0.028284	0	0.04	0.028284	chr2:28972403-28972428	0.04	0.066476	0.084566	0.107566	TRUE	1	1	0	1	0	chr2	28972354	28972571	218	*	1	1	0.004587	0.004587
60462	chr2	29303635	29303685	/home/rstudio/disco_tmp/data/scoring/acc_maf_ingroup/50/chr2/chr2_50_acc_29303635_29303685.maf	50	50	0	1	0.04	0.08	0.028284	0.04	0.08	0.028284	chr2:29303635-29303685	0.02	0.066476	0.036917	0.076039	TRUE	1	1	0	1	0	chr2	29303586	29303839	254	*	1	1	0.003937	0.003937
60470	chr2	29328437	29328487	/home/rstudio/disco_tmp/data/scoring/acc_maf_ingroup/50/chr2/chr2_50_acc_29328437_29328487.maf	50	50	0	4	0.06	0.22	0.113137	0.06	0.22	0.113137	chr2:29328437-29328487	0.08	0.291214	0.179863	0.342281	TRUE	1	4	0	4	0	chr2	29328438	29328565	128	*	4	1	0.03125	0.007812
60542	chr2	29566868	29566918	/home/rstudio/disco_tmp/data/scoring/acc_maf_ingroup/50/chr2/chr2_50_acc_29566868_29566918.maf	50	50	0	1	0	0.02	0.014142	0	0.02	0.014142	chr2:29566868-29566918	0.02	0.02902	0.036917	0.046958	TRUE	1	1	0	1	0	chr2	29566788	29566991	204	*	1	1	0.004902	0.004902
60760	chr2	30976206	30976231	/home/rstudio/disco_tmp/data/scoring/acc_maf_ingroup/25/chr2/chr2_25_acc_30976206_30976231.maf	25	27	2	3	0.074074	0.148148	0.052378	0.074074	0.148148	0.052378	chr2:30976206-30976231	0.111111	0.130291	0.253984	0.285453	TRUE	2	4	2	3 1	2 0	chr2	30976207	30976495	289	*	1	1	0.00346	0.00346
60760	chr2	30976256	30976281	/home/rstudio/disco_tmp/data/scoring/acc_maf_ingroup/25/chr2/chr2_25_acc_30976256_30976281.maf	25	25	0	1	0.04	0.12	0.056569	0.04	0.12	0.056569	chr2:30976256-30976281	0.04	0.141389	0.084566	0.164749	TRUE	2	4	2	3 1	2 0	chr2	30976207	30976495	289	*	1	1	0.00346	0.00346
60775	chr2	31158123	31158148	/home/rstudio/disco_tmp/data/scoring/acc_maf_ingroup/25/chr2/chr2_25_acc_31158123_31158148.maf	25	25	0	3	0	0.16	0.113137	0	0.16	0.113137	chr2:31158123-31158148	0.12	0.291214	0.275161	0.400648	TRUE	1	3	0	3	0	chr2	31158124	31158244	121	*	3	1	0.024793	0.008264
60781	chr2	31185801	31185826	/home/rstudio/disco_tmp/data/scoring/acc_maf_ingroup/25/chr2/chr2_25_acc_31185801_31185826.maf	25	25	0	1	0	0.04	0.028284	0	0.04	0.028284	chr2:31185801-31185826	0.04	0.066476	0.084566	0.107566	TRUE	1	1	0	1	0	chr2	31185702	31185847	146	*	1	1	0.006849	0.006849
60803	chr2	31464457	31464482	/home/rstudio/disco_tmp/data/scoring/acc_maf_ingroup/25/chr2/chr2_25_acc_31464457_31464482.maf	25	25	0	1	0	0.04	0.028284	0	0.04	0.028284	chr2:31464457-31464482	0.04	0.066476	0.084566	0.107566	TRUE	1	1	0	1	0	chr2	31464307	31464502	196	*	1	1	0.005102	0.005102
60929	chr2	32200365	32200415	/home/rstudio/disco_tmp/data/scoring/acc_maf_ingroup/50/chr2/chr2_50_acc_32200365_32200415.maf	50	50	0	5	0.02	0.12	0.070711	0.02	0.12	0.070711	chr2:32200365-32200415	0.1	0.178845	0.227512	0.289391	TRUE	1	5	0	5	0	chr2	32200266	32200424	159	*	5	1	0.031447	0.006289
6106	chr1	47709520	47709545	/home/rstudio/disco_tmp/data/scoring/acc_maf_ingroup/25/chr1/chr1_25_acc_47709520_47709545.maf	25	25	0	1	0.04	0.12	0.056569	0.04	0.12	0.056569	chr1:47709520-47709545	0.04	0.141389	0.084566	0.164749	TRUE	1	1	0	1	0	chr1	47709372	47709558	187	*	1	1	0.005348	0.005348
61060	chr2	32583054	32583079	/home/rstudio/disco_tmp/data/scoring/acc_maf_ingroup/25/chr2/chr2_25_acc_32583054_32583079.maf	25	25	0	1	0	0.08	0.056569	0	0.08	0.056569	chr2:32583054-32583079	0.04	0.141389	0.084566	0.164749	TRUE	1	1	0	1	0	chr2	32582764	32583150	387	*	1	1	0.002584	0.002584
61071	chr2	32592319	32592344	/home/rstudio/disco_tmp/data/scoring/acc_maf_ingroup/25/chr2/chr2_25_acc_32592319_32592344.maf	25	25	0	2	0	0.08	0.056569	0	0.08	0.056569	chr2:32592319-32592344	0.08	0.141389	0.179863	0.228783	TRUE	4	7	10	2 1 2 4	6 0 0 4	chr2	32591797	32592611	815	*	3	2	0.003681	0.002454
61071	chr2	32592219	32592244	/home/rstudio/disco_tmp/data/scoring/acc_maf_ingroup/25/chr2/chr2_25_acc_32592219_32592244.maf	25	25	0	1	0	0.04	0.028284	0	0.04	0.028284	chr2:32592219-32592244	0.04	0.066476	0.084566	0.107566	TRUE	4	7	10	2 1 2 4	6 0 0 4	chr2	32591797	32592611	815	*	3	2	0.003681	0.002454
61071	chr2	32592319	32592369	/home/rstudio/disco_tmp/data/scoring/acc_maf_ingroup/50/chr2/chr2_50_acc_32592319_32592369.maf	50	54	4	4	0	0.074074	0.052378	0	0.074074	0.052378	chr2:32592319-32592369	0.074074	0.130291	0.165745	0.210825	TRUE	4	7	10	2 1 2 4	6 0 0 4	chr2	32591797	32592611	815	*	3	2	0.003681	0.002454
61071	chr2	32591821	32591846	/home/rstudio/disco_tmp/data/scoring/acc_maf_ingroup/25/chr2/chr2_25_acc_32591821_32591846.maf	25	31	6	2	0	0.064516	0.04562	0	0.064516	0.04562	chr2:32591821-32591846	0.064516	0.11239	0.142974	0.18186	TRUE	4	7	10	2 1 2 4	6 0 0 4	chr2	32591797	32592611	815	*	3	2	0.003681	0.002454
61099	chr2	32623157	32623207	/home/rstudio/disco_tmp/data/scoring/acc_maf_ingroup/50/chr2/chr2_50_acc_32623157_32623207.maf	50	50	0	2	0.02	0.04	0.014142	0.02	0.04	0.014142	chr2:32623157-32623207	0.04	0.02902	0.084566	0.089407	TRUE	1	2	0	2	0	chr2	32622712	32623272	561	*	2	1	0.003565	0.001783
61100	chr2	32624199	32624224	/home/rstudio/disco_tmp/data/scoring/acc_maf_ingroup/25/chr2/chr2_25_acc_32624199_32624224.maf	25	29	4	2	0.034483	0.103448	0.048766	0.034483	0.103448	0.048766	chr2:32624199-32624224	0.068966	0.120723	0.153574	0.195344	TRUE	6	12	58	1 2 3 2 4 2	7 4 25 22 0 0	chr2	32624125	32624923	799	*	6	2	0.007509	0.002503
61100	chr2	32624605	32624630	/home/rstudio/disco_tmp/data/scoring/acc_maf_ingroup/25/chr2/chr2_25_acc_32624605_32624630.maf	25	25	0	2	0	0.08	0.056569	0	0.08	0.056569	chr2:32624605-32624630	0.08	0.141389	0.179863	0.228783	TRUE	6	12	58	1 2 3 2 4 2	7 4 25 22 0 0	chr2	32624125	32624923	799	*	6	2	0.007509	0.002503
61100	chr2	32624505	32624530	/home/rstudio/disco_tmp/data/scoring/acc_maf_ingroup/25/chr2/chr2_25_acc_32624505_32624530.maf	25	47	22	2	0.021277	0.06383	0.03009	0.021277	0.06383	0.03009	chr2:32624505-32624530	0.042553	0.071258	0.090649	0.115303	TRUE	6	12	58	1 2 3 2 4 2	7 4 25 22 0 0	chr2	32624125	32624923	799	*	6	2	0.007509	0.002503
61100	chr2	32624174	32624199	/home/rstudio/disco_tmp/data/scoring/acc_maf_ingroup/25/chr2/chr2_25_acc_32624174_32624199.maf	25	32	7	1	0	0.0625	0.044194	0	0.0625	0.044194	chr2:32624174-32624199	0.03125	0.108615	0.06372	0.125926	TRUE	6	12	58	1 2 3 2 4 2	7 4 25 22 0 0	chr2	32624125	32624923	799	*	6	2	0.007509	0.002503
61100	chr2	32624580	32624630	/home/rstudio/disco_tmp/data/scoring/acc_maf_ingroup/50/chr2/chr2_50_acc_32624580_32624630.maf	50	50	0	4	0	0.08	0.056569	0	0.08	0.056569	chr2:32624580-32624630	0.08	0.141389	0.179863	0.228783	TRUE	6	12	58	1 2 3 2 4 2	7 4 25 22 0 0	chr2	32624125	32624923	799	*	6	2	0.007509	0.002503
61100	chr2	32624313	32624338	/home/rstudio/disco_tmp/data/scoring/acc_maf_ingroup/25/chr2/chr2_25_acc_32624313_32624338.maf	25	50	25	3	0	0.08	0.056569	0	0.08	0.056569	chr2:32624313-32624338	0.06	0.141389	0.132215	0.193576	TRUE	6	12	58	1 2 3 2 4 2	7 4 25 22 0 0	chr2	32624125	32624923	799	*	6	2	0.007509	0.002503
61101	chr2	32626878	32626928	/home/rstudio/disco_tmp/data/scoring/acc_maf_ingroup/50/chr2/chr2_50_acc_32626878_32626928.maf	50	50	0	1	0	0.06	0.042426	0	0.06	0.042426	chr2:32626878-32626928	0.02	0.103933	0.036917	0.110294	TRUE	1	1	0	1	0	chr2	32626762	32627093	332	*	1	1	0.003012	0.003012
61108	chr2	32635644	32635694	/home/rstudio/disco_tmp/data/scoring/acc_maf_ingroup/50/chr2/chr2_50_acc_32635644_32635694.maf	50	50	0	1	0.04	0.08	0.028284	0.04	0.08	0.028284	chr2:32635644-32635694	0.02	0.066476	0.036917	0.076039	TRUE	2	3	1	1 2	0 1	chr2	32635445	32635734	290	*	1	1	0.003448	0.003448
61108	chr2	32635694	32635719	/home/rstudio/disco_tmp/data/scoring/acc_maf_ingroup/25/chr2/chr2_25_acc_32635694_32635719.maf	25	26	1	2	0.038462	0.153846	0.081589	0.038462	0.153846	0.081589	chr2:32635694-32635719	0.076923	0.207657	0.172533	0.26998	TRUE	2	3	1	1 2	0 1	chr2	32635445	32635734	290	*	1	1	0.003448	0.003448
61123	chr2	32652272	32652297	/home/rstudio/disco_tmp/data/scoring/acc_maf_ingroup/25/chr2/chr2_25_acc_32652272_32652297.maf	25	25	0	1	0	0.04	0.028284	0	0.04	0.028284	chr2:32652272-32652297	0.04	0.066476	0.084566	0.107566	TRUE	1	1	0	1	0	chr2	32652223	32652573	351	*	1	1	0.002849	0.002849
61139	chr2	32665961	32665986	/home/rstudio/disco_tmp/data/scoring/acc_maf_ingroup/25/chr2/chr2_25_acc_32665961_32665986.maf	25	25	0	1	0	0.08	0.056569	0	0.08	0.056569	chr2:32665961-32665986	0.04	0.141389	0.084566	0.164749	TRUE	5	3	40	1 1 1 1 1	14 23 17 0 3	chr2	32665561	32666264	704	*	1	1	0.00142	0.00142
61139	chr2	32665961	32666011	/home/rstudio/disco_tmp/data/scoring/acc_maf_ingroup/50/chr2/chr2_50_acc_32665961_32666011.maf	50	53	3	1	0	0.037736	0.026683	0	0.037736	0.026683	chr2:32665961-32666011	0.018868	0.062236	0.03422	0.071023	TRUE	5	3	40	1 1 1 1 1	14 23 17 0 3	chr2	32665561	32666264	704	*	1	1	0.00142	0.00142
61139	chr2	32665836	32665861	/home/rstudio/disco_tmp/data/scoring/acc_maf_ingroup/25/chr2/chr2_25_acc_32665836_32665861.maf	25	42	17	1	0.02381	0.071429	0.033672	0.02381	0.071429	0.033672	chr2:32665836-32665861	0.02381	0.080745	0.045993	0.092926	TRUE	5	3	40	1 1 1 1 1	14 23 17 0 3	chr2	32665561	32666264	704	*	1	1	0.00142	0.00142
61139	chr2	32665811	32665861	/home/rstudio/disco_tmp/data/scoring/acc_maf_ingroup/50/chr2/chr2_50_acc_32665811_32665861.maf	50	73	23	1	0.013699	0.054795	0.029059	0.013699	0.054795	0.029059	chr2:32665811-32665861	0.013699	0.068529	0.021904	0.071944	TRUE	5	3	40	1 1 1 1 1	14 23 17 0 3	chr2	32665561	32666264	704	*	1	1	0.00142	0.00142
61139	chr2	32665786	32665811	/home/rstudio/disco_tmp/data/scoring/acc_maf_ingroup/25/chr2/chr2_25_acc_32665786_32665811.maf	25	39	14	1	0	0.025641	0.018131	0	0.025641	0.018131	chr2:32665786-32665811	0.025641	0.039585	0.050356	0.064052	TRUE	5	3	40	1 1 1 1 1	14 23 17 0 3	chr2	32665561	32666264	704	*	1	1	0.00142	0.00142
61387	chr2	33999895	33999920	/home/rstudio/disco_tmp/data/scoring/acc_maf_ingroup/25/chr2/chr2_25_acc_33999895_33999920.maf	25	25	0	1	0.12	0.16	0.028284	0.12	0.16	0.028284	chr2:33999895-33999920	0.04	0.066476	0.084566	0.107566	TRUE	1	1	0	1	0	chr2	33999757	33999922	166	*	1	1	0.006024	0.006024
6146	chr1	47812068	47812093	/home/rstudio/disco_tmp/data/scoring/acc_maf_ingroup/25/chr1/chr1_25_acc_47812068_47812093.maf	25	25	0	1	0	0.08	0.056569	0	0.08	0.056569	chr1:47812068-47812093	0.04	0.141389	0.084566	0.164749	TRUE	3	3	0	1 2 1	0 0 0	chr1	47811944	47812148	205	*	4	3	0.019512	0.014634
6146	chr1	47811993	47812043	/home/rstudio/disco_tmp/data/scoring/acc_maf_ingroup/50/chr1/chr1_50_acc_47811993_47812043.maf	50	50	0	1	0.04	0.06	0.014142	0.04	0.06	0.014142	chr1:47811993-47812043	0.02	0.02902	0.036917	0.046958	TRUE	3	3	0	1 2 1	0 0 0	chr1	47811944	47812148	205	*	4	3	0.019512	0.014634
6146	chr1	47812043	47812093	/home/rstudio/disco_tmp/data/scoring/acc_maf_ingroup/50/chr1/chr1_50_acc_47812043_47812093.maf	50	50	0	2	0.04	0.08	0.028284	0.04	0.08	0.028284	chr1:47812043-47812093	0.04	0.066476	0.084566	0.107566	TRUE	3	3	0	1 2 1	0 0 0	chr1	47811944	47812148	205	*	4	3	0.019512	0.014634
6152	chr1	47829797	47829822	/home/rstudio/disco_tmp/data/scoring/acc_maf_ingroup/25/chr1/chr1_25_acc_47829797_47829822.maf	25	34	9	1	0	0.029412	0.020797	0	0.029412	0.020797	chr1:47829797-47829822	0.029412	0.046647	0.05934	0.075479	TRUE	3	6	18	3 2 1	0 9 9	chr1	47829523	47830033	511	*	3	1	0.005871	0.001957
6152	chr1	47829522	47829572	/home/rstudio/disco_tmp/data/scoring/acc_maf_ingroup/50/chr1/chr1_50_acc_47829522_47829572.maf	50	50	0	3	0.06	0.1	0.028284	0.06	0.1	0.028284	chr1:47829522-47829572	0.06	0.066476	0.132215	0.147986	TRUE	3	6	18	3 2 1	0 9 9	chr1	47829523	47830033	511	*	3	1	0.005871	0.001957
6152	chr1	47829572	47829622	/home/rstudio/disco_tmp/data/scoring/acc_maf_ingroup/50/chr1/chr1_50_acc_47829572_47829622.maf	50	59	9	2	0.016949	0.050847	0.02397	0.016949	0.050847	0.02397	chr1:47829572-47829622	0.033898	0.055049	0.070029	0.089075	TRUE	3	6	18	3 2 1	0 9 9	chr1	47829523	47830033	511	*	3	1	0.005871	0.001957
6153	chr1	47844641	47844666	/home/rstudio/disco_tmp/data/scoring/acc_maf_ingroup/25/chr1/chr1_25_acc_47844641_47844666.maf	25	25	0	1	0	0.04	0.028284	0	0.04	0.028284	chr1:47844641-47844666	0.04	0.066476	0.084566	0.107566	TRUE	1	1	0	1	0	chr1	47844488	47844930	443	*	1	1	0.002257	0.002257
6154	chr1	47845580	47845605	/home/rstudio/disco_tmp/data/scoring/acc_maf_ingroup/25/chr1/chr1_25_acc_47845580_47845605.maf	25	25	0	1	0	0.08	0.056569	0	0.08	0.056569	chr1:47845580-47845605	0.04	0.141389	0.084566	0.164749	TRUE	2	3	0	3 1	0 0	chr1	47845506	47845834	329	*	4	2	0.012158	0.006079
6154	chr1	47845555	47845605	/home/rstudio/disco_tmp/data/scoring/acc_maf_ingroup/50/chr1/chr1_50_acc_47845555_47845605.maf	50	50	0	3	0	0.1	0.070711	0	0.1	0.070711	chr1:47845555-47845605	0.06	0.178845	0.132215	0.22241	TRUE	2	3	0	3 1	0 0	chr1	47845506	47845834	329	*	4	2	0.012158	0.006079
61624	chr2	35193188	35193238	/home/rstudio/disco_tmp/data/scoring/acc_maf_ingroup/50/chr2/chr2_50_acc_35193188_35193238.maf	50	50	0	1	0.02	0.08	0.042426	0.02	0.08	0.042426	chr2:35193188-35193238	0.02	0.103933	0.036917	0.110294	TRUE	1	1	0	1	0	chr2	35192939	35193400	462	*	1	1	0.002165	0.002165
61733	chr2	35780165	35780190	/home/rstudio/disco_tmp/data/scoring/acc_maf_ingroup/25/chr2/chr2_25_acc_35780165_35780190.maf	25	25	0	2	0.04	0.16	0.084853	0.04	0.16	0.084853	chr2:35780165-35780190	0.08	0.216301	0.179863	0.281313	TRUE	2	2	7	2 2	0 7	chr2	35780027	35780812	786	*	2	1	0.002545	0.001272
61733	chr2	35780165	35780215	/home/rstudio/disco_tmp/data/scoring/acc_maf_ingroup/50/chr2/chr2_50_acc_35780165_35780215.maf	50	57	7	2	0.070175	0.105263	0.024811	0.070175	0.105263	0.024811	chr2:35780165-35780215	0.035088	0.057277	0.072863	0.09268	TRUE	2	2	7	2 2	0 7	chr2	35780027	35780812	786	*	2	1	0.002545	0.001272
6184	chr1	47994739	47994789	/home/rstudio/disco_tmp/data/scoring/acc_maf_ingroup/50/chr1/chr1_50_acc_47994739_47994789.maf	50	50	0	2	0.02	0.08	0.042426	0.02	0.08	0.042426	chr1:47994739-47994789	0.04	0.103933	0.084566	0.13399	TRUE	1	2	0	2	0	chr1	47994580	47994796	217	*	2	1	0.009217	0.004608
61868	chr2	37152601	37152626	/home/rstudio/disco_tmp/data/scoring/acc_maf_ingroup/25/chr2/chr2_25_acc_37152601_37152626.maf	25	25	0	2	0	0.08	0.056569	0	0.08	0.056569	chr2:37152601-37152626	0.08	0.141389	0.179863	0.228783	TRUE	2	3	0	1 2	0 0	chr2	37152552	37152825	274	*	3	2	0.010949	0.007299
61868	chr2	37152551	37152576	/home/rstudio/disco_tmp/data/scoring/acc_maf_ingroup/25/chr2/chr2_25_acc_37152551_37152576.maf	25	25	0	1	0	0.08	0.056569	0	0.08	0.056569	chr2:37152551-37152576	0.04	0.141389	0.084566	0.164749	TRUE	2	3	0	1 2	0 0	chr2	37152552	37152825	274	*	3	2	0.010949	0.007299
61874	chr2	37174469	37174494	/home/rstudio/disco_tmp/data/scoring/acc_maf_ingroup/25/chr2/chr2_25_acc_37174469_37174494.maf	25	25	0	1	0.04	0.08	0.028284	0.04	0.08	0.028284	chr2:37174469-37174494	0.04	0.066476	0.084566	0.107566	TRUE	1	1	0	1	0	chr2	37174320	37174612	293	*	1	1	0.003413	0.003413
61882	chr2	37209948	37209973	/home/rstudio/disco_tmp/data/scoring/acc_maf_ingroup/25/chr2/chr2_25_acc_37209948_37209973.maf	25	25	0	1	0	0.04	0.028284	0	0.04	0.028284	chr2:37209948-37209973	0.04	0.066476	0.084566	0.107566	TRUE	1	1	0	1	0	chr2	37209889	37210144	256	*	1	1	0.003906	0.003906
61981	chr2	37781033	37781083	/home/rstudio/disco_tmp/data/scoring/acc_maf_ingroup/50/chr2/chr2_50_acc_37781033_37781083.maf	50	50	0	6	0.04	0.18	0.098995	0.04	0.18	0.098995	chr2:37781033-37781083	0.12	0.253757	0.275161	0.374308	TRUE	2	7	0	6 1	0 0	chr2	37781034	37781198	165	*	7	2	0.042424	0.012121
61981	chr2	37781112	37781137	/home/rstudio/disco_tmp/data/scoring/acc_maf_ingroup/25/chr2/chr2_25_acc_37781112_37781137.maf	25	25	0	1	0	0.04	0.028284	0	0.04	0.028284	chr2:37781112-37781137	0.04	0.066476	0.084566	0.107566	TRUE	2	7	0	6 1	0 0	chr2	37781034	37781198	165	*	7	2	0.042424	0.012121
6199	chr1	48071533	48071583	/home/rstudio/disco_tmp/data/scoring/acc_maf_ingroup/50/chr1/chr1_50_acc_48071533_48071583.maf	50	50	0	2	0.04	0.16	0.084853	0.04	0.16	0.084853	chr1:48071533-48071583	0.04	0.216301	0.084566	0.232245	TRUE	1	2	0	2	0	chr1	48071384	48071763	380	*	2	1	0.005263	0.002632
62002	chr2	37809897	37809922	/home/rstudio/disco_tmp/data/scoring/acc_maf_ingroup/25/chr2/chr2_25_acc_37809897_37809922.maf	25	25	0	2	0.04	0.12	0.056569	0.04	0.12	0.056569	chr2:37809897-37809922	0.08	0.141389	0.179863	0.228783	TRUE	1	2	0	2	0	chr2	37809823	37809942	120	*	2	1	0.016667	0.008333
62004	chr2	37810417	37810442	/home/rstudio/disco_tmp/data/scoring/acc_maf_ingroup/25/chr2/chr2_25_acc_37810417_37810442.maf	25	25	0	1	0	0.04	0.028284	0	0.04	0.028284	chr2:37810417-37810442	0.04	0.066476	0.084566	0.107566	TRUE	1	1	0	1	0	chr2	37810368	37810483	116	*	1	1	0.008621	0.008621
62012	chr2	37824288	37824313	/home/rstudio/disco_tmp/data/scoring/acc_maf_ingroup/25/chr2/chr2_25_acc_37824288_37824313.maf	25	25	0	2	0.04	0.08	0.028284	0.04	0.08	0.028284	chr2:37824288-37824313	0.08	0.066476	0.179863	0.191755	TRUE	1	2	0	2	0	chr2	37824239	37824346	108	*	2	1	0.018519	0.009259
62314	chr2	40125294	40125319	/home/rstudio/disco_tmp/data/scoring/acc_maf_ingroup/25/chr2/chr2_25_acc_40125294_40125319.maf	25	25	0	2	0	0.08	0.056569	0	0.08	0.056569	chr2:40125294-40125319	0.08	0.141389	0.179863	0.228783	TRUE	1	2	0	2	0	chr2	40125120	40125353	234	*	2	1	0.008547	0.004274
62344	chr2	40403848	40403898	/home/rstudio/disco_tmp/data/scoring/acc_maf_ingroup/50/chr2/chr2_50_acc_40403848_40403898.maf	50	50	0	3	0.06	0.14	0.056569	0.06	0.14	0.056569	chr2:40403848-40403898	0.06	0.141389	0.132215	0.193576	TRUE	1	3	0	3	0	chr2	40403849	40404013	165	*	3	1	0.018182	0.006061
62353	chr2	40451768	40451818	/home/rstudio/disco_tmp/data/scoring/acc_maf_ingroup/50/chr2/chr2_50_acc_40451768_40451818.maf	50	50	0	2	0.02	0.1	0.056569	0.02	0.1	0.056569	chr2:40451768-40451818	0.04	0.141389	0.084566	0.164749	TRUE	1	2	0	2	0	chr2	40451719	40451821	103	*	2	1	0.019417	0.009709
62369	chr2	40480428	40480478	/home/rstudio/disco_tmp/data/scoring/acc_maf_ingroup/50/chr2/chr2_50_acc_40480428_40480478.maf	50	50	0	2	0.08	0.12	0.028284	0.08	0.12	0.028284	chr2:40480428-40480478	0.04	0.066476	0.084566	0.107566	TRUE	3	3	1	2 2 1	0 0 1	chr2	40480046	40480687	642	*	4	2	0.006231	0.003115
62369	chr2	40480428	40480453	/home/rstudio/disco_tmp/data/scoring/acc_maf_ingroup/25/chr2/chr2_25_acc_40480428_40480453.maf	25	25	0	2	0.08	0.16	0.056569	0.08	0.16	0.056569	chr2:40480428-40480453	0.08	0.141389	0.179863	0.228783	TRUE	3	3	1	2 2 1	0 0 1	chr2	40480046	40480687	642	*	4	2	0.006231	0.003115
62369	chr2	40480649	40480674	/home/rstudio/disco_tmp/data/scoring/acc_maf_ingroup/25/chr2/chr2_25_acc_40480649_40480674.maf	25	26	1	1	0.038462	0.115385	0.054393	0.038462	0.115385	0.054393	chr2:40480649-40480674	0.038462	0.135626	0.080901	0.157922	TRUE	3	3	1	2 2 1	0 0 1	chr2	40480046	40480687	642	*	4	2	0.006231	0.003115
62410	chr2	40797528	40797578	/home/rstudio/disco_tmp/data/scoring/acc_maf_ingroup/50/chr2/chr2_50_acc_40797528_40797578.maf	50	50	0	3	0	0.1	0.070711	0	0.1	0.070711	chr2:40797528-40797578	0.06	0.178845	0.132215	0.22241	TRUE	1	3	0	3	0	chr2	40797507	40797701	195	*	3	1	0.015385	0.005128
62447	chr2	41086484	41086509	/home/rstudio/disco_tmp/data/scoring/acc_maf_ingroup/25/chr2/chr2_25_acc_41086484_41086509.maf	25	25	0	2	0.04	0.12	0.056569	0.04	0.12	0.056569	chr2:41086484-41086509	0.08	0.141389	0.179863	0.228783	TRUE	1	2	0	2	0	chr2	41086078	41086593	516	*	2	1	0.003876	0.001938
62761	chr2	42774281	42774331	/home/rstudio/disco_tmp/data/scoring/acc_maf_ingroup/50/chr2/chr2_50_acc_42774281_42774331.maf	50	50	0	2	0.04	0.14	0.070711	0.04	0.14	0.070711	chr2:42774281-42774331	0.04	0.178845	0.084566	0.19783	TRUE	1	2	0	2	0	chr2	42774182	42774402	221	*	2	1	0.00905	0.004525
62854	chr2	43400061	43400111	/home/rstudio/disco_tmp/data/scoring/acc_maf_ingroup/50/chr2/chr2_50_acc_43400061_43400111.maf	50	50	0	2	0.06	0.12	0.042426	0.06	0.12	0.042426	chr2:43400061-43400111	0.04	0.103933	0.084566	0.13399	TRUE	1	2	0	2	0	chr2	43400012	43400275	264	*	2	1	0.007576	0.003788
62859	chr2	43402034	43402084	/home/rstudio/disco_tmp/data/scoring/acc_maf_ingroup/50/chr2/chr2_50_acc_43402034_43402084.maf	50	50	0	1	0.06	0.12	0.042426	0.06	0.12	0.042426	chr2:43402034-43402084	0.02	0.103933	0.036917	0.110294	TRUE	1	1	0	1	0	chr2	43402035	43402296	262	*	1	1	0.003817	0.003817
62944	chr2	44268945	44268995	/home/rstudio/disco_tmp/data/scoring/acc_maf_ingroup/50/chr2/chr2_50_acc_44268945_44268995.maf	50	50	0	2	0.04	0.06	0.014142	0.04	0.06	0.014142	chr2:44268945-44268995	0.04	0.02902	0.084566	0.089407	TRUE	1	2	0	2	0	chr2	44268864	44269003	140	*	2	1	0.014286	0.007143
63201	chr2	46334119	46334144	/home/rstudio/disco_tmp/data/scoring/acc_maf_ingroup/25/chr2/chr2_25_acc_46334119_46334144.maf	25	25	0	1	0	0.04	0.028284	0	0.04	0.028284	chr2:46334119-46334144	0.04	0.066476	0.084566	0.107566	TRUE	1	1	0	1	0	chr2	46334045	46334207	163	*	1	1	0.006135	0.006135
63268	chr2	46874592	46874642	/home/rstudio/disco_tmp/data/scoring/acc_maf_ingroup/50/chr2/chr2_50_acc_46874592_46874642.maf	50	50	0	1	0.02	0.12	0.070711	0.02	0.12	0.070711	chr2:46874592-46874642	0.02	0.178845	0.036917	0.182615	TRUE	1	1	0	1	0	chr2	46874543	46874656	114	*	1	1	0.008772	0.008772
63518	chr2	48860878	48860928	/home/rstudio/disco_tmp/data/scoring/acc_maf_ingroup/50/chr2/chr2_50_acc_48860878_48860928.maf	50	50	0	2	0	0.08	0.056569	0	0.08	0.056569	chr2:48860878-48860928	0.04	0.141389	0.084566	0.164749	TRUE	1	2	0	2	0	chr2	48860829	48860973	145	*	2	1	0.013793	0.006897
6359	chr1	49100759	49100784	/home/rstudio/disco_tmp/data/scoring/acc_maf_ingroup/25/chr1/chr1_25_acc_49100759_49100784.maf	25	26	1	1	0.038462	0.115385	0.054393	0.038462	0.115385	0.054393	chr1:49100759-49100784	0.038462	0.135626	0.080901	0.157922	TRUE	4	4	1	2 1 1 2	1 1 0 0	chr1	49100403	49100933	531	*	3	2	0.00565	0.003766
6359	chr1	49100784	49100834	/home/rstudio/disco_tmp/data/scoring/acc_maf_ingroup/50/chr1/chr1_50_acc_49100784_49100834.maf	50	50	0	2	0.06	0.1	0.028284	0.06	0.1	0.028284	chr1:49100784-49100834	0.04	0.066476	0.084566	0.107566	TRUE	4	4	1	2 1 1 2	1 1 0 0	chr1	49100403	49100933	531	*	3	2	0.00565	0.003766
6359	chr1	49100784	49100809	/home/rstudio/disco_tmp/data/scoring/acc_maf_ingroup/25/chr1/chr1_25_acc_49100784_49100809.maf	25	25	0	1	0	0.08	0.056569	0	0.08	0.056569	chr1:49100784-49100809	0.04	0.141389	0.084566	0.164749	TRUE	4	4	1	2 1 1 2	1 1 0 0	chr1	49100403	49100933	531	*	3	2	0.00565	0.003766
6359	chr1	49100734	49100784	/home/rstudio/disco_tmp/data/scoring/acc_maf_ingroup/50/chr1/chr1_50_acc_49100734_49100784.maf	50	51	1	2	0.019608	0.117647	0.069324	0.019608	0.117647	0.069324	chr1:49100734-49100784	0.039216	0.175173	0.082697	0.193712	TRUE	4	4	1	2 1 1 2	1 1 0 0	chr1	49100403	49100933	531	*	3	2	0.00565	0.003766
6379	chr1	49152451	49152476	/home/rstudio/disco_tmp/data/scoring/acc_maf_ingroup/25/chr1/chr1_25_acc_49152451_49152476.maf	25	25	0	1	0	0.16	0.113137	0	0.16	0.113137	chr1:49152451-49152476	0.04	0.291214	0.084566	0.303244	TRUE	3	5	31	2 2 1	12 19 0	chr1	49152277	49152553	277	*	1	1	0.00361	0.00361
6379	chr1	49152401	49152426	/home/rstudio/disco_tmp/data/scoring/acc_maf_ingroup/25/chr1/chr1_25_acc_49152401_49152426.maf	25	37	12	2	0	0.081081	0.057333	0	0.081081	0.057333	chr1:49152401-49152426	0.054054	0.143413	0.118049	0.18575	TRUE	3	5	31	2 2 1	12 19 0	chr1	49152277	49152553	277	*	1	1	0.00361	0.00361
6379	chr1	49152426	49152451	/home/rstudio/disco_tmp/data/scoring/acc_maf_ingroup/25/chr1/chr1_25_acc_49152426_49152451.maf	25	44	19	2	0	0.068182	0.048212	0	0.068182	0.048212	chr1:49152426-49152451	0.045455	0.119256	0.097561	0.154078	TRUE	3	5	31	2 2 1	12 19 0	chr1	49152277	49152553	277	*	1	1	0.00361	0.00361
63860	chr2	50700922	50700972	/home/rstudio/disco_tmp/data/scoring/acc_maf_ingroup/50/chr2/chr2_50_acc_50700922_50700972.maf	50	50	0	2	0.04	0.08	0.028284	0.04	0.08	0.028284	chr2:50700922-50700972	0.04	0.066476	0.084566	0.107566	TRUE	1	2	0	2	0	chr2	50700823	50701581	759	*	2	1	0.002635	0.001318
63862	chr2	50704414	50704439	/home/rstudio/disco_tmp/data/scoring/acc_maf_ingroup/25/chr2/chr2_25_acc_50704414_50704439.maf	25	25	0	1	0.04	0.08	0.028284	0.04	0.08	0.028284	chr2:50704414-50704439	0.04	0.066476	0.084566	0.107566	TRUE	2	2	12	1 1	0 12	chr2	50704390	50704729	340	*	1	1	0.002941	0.002941
63862	chr2	50704639	50704689	/home/rstudio/disco_tmp/data/scoring/acc_maf_ingroup/50/chr2/chr2_50_acc_50704639_50704689.maf	50	62	12	1	0	0.016129	0.011405	0	0.016129	0.011405	chr2:50704639-50704689	0.016129	0.021771	0.027695	0.035227	TRUE	2	2	12	1 1	0 12	chr2	50704390	50704729	340	*	1	1	0.002941	0.002941
63864	chr2	50710160	50710185	/home/rstudio/disco_tmp/data/scoring/acc_maf_ingroup/25/chr2/chr2_25_acc_50710160_50710185.maf	25	25	0	3	0	0.12	0.084853	0	0.12	0.084853	chr2:50710160-50710185	0.12	0.216301	0.275161	0.35	TRUE	1	3	0	3	0	chr2	50710110	50710285	176	*	3	1	0.017045	0.005682
63961	chr2	51149841	51149866	/home/rstudio/disco_tmp/data/scoring/acc_maf_ingroup/25/chr2/chr2_25_acc_51149841_51149866.maf	25	25	0	2	0	0.08	0.056569	0	0.08	0.056569	chr2:51149841-51149866	0.08	0.141389	0.179863	0.228783	TRUE	1	2	0	2	0	chr2	51149767	51149886	120	*	2	1	0.016667	0.008333
64025	chr2	51831376	51831401	/home/rstudio/disco_tmp/data/scoring/acc_maf_ingroup/25/chr2/chr2_25_acc_51831376_51831401.maf	25	25	0	1	0.04	0.08	0.028284	0.04	0.08	0.028284	chr2:51831376-51831401	0.04	0.066476	0.084566	0.107566	TRUE	1	1	0	1	0	chr2	51831377	51831490	114	*	1	1	0.008772	0.008772
64223	chr2	55545635	55545685	/home/rstudio/disco_tmp/data/scoring/acc_maf_ingroup/50/chr2/chr2_50_acc_55545635_55545685.maf	50	50	0	1	0.04	0.06	0.014142	0.04	0.06	0.014142	chr2:55545635-55545685	0.02	0.02902	0.036917	0.046958	TRUE	1	1	0	1	0	chr2	55545636	55545736	101	*	1	1	0.009901	0.009901
6470	chr1	49562968	49562993	/home/rstudio/disco_tmp/data/scoring/acc_maf_ingroup/25/chr1/chr1_25_acc_49562968_49562993.maf	25	25	0	5	0.04	0.36	0.226274	0.04	0.36	0.226274	chr1:49562968-49562993	0.2	0.590863	0.465756	0.752362	TRUE	1	5	0	5	0	chr1	49562919	49563081	163	*	5	1	0.030675	0.006135
6494	chr1	49614423	49614473	/home/rstudio/disco_tmp/data/scoring/acc_maf_ingroup/50/chr1/chr1_50_acc_49614423_49614473.maf	50	50	0	6	0.02	0.16	0.098995	0.02	0.16	0.098995	chr1:49614423-49614473	0.12	0.253757	0.275161	0.374308	TRUE	1	6	0	6	0	chr1	49614329	49614498	170	*	6	1	0.035294	0.005882
6503	chr1	49643087	49643137	/home/rstudio/disco_tmp/data/scoring/acc_maf_ingroup/50/chr1/chr1_50_acc_49643087_49643137.maf	50	50	0	2	0	0.06	0.042426	0	0.06	0.042426	chr1:49643087-49643137	0.04	0.103933	0.084566	0.13399	TRUE	4	7	29	2 1 2 2	0 0 5 24	chr1	49642999	49644129	1131	*	3	2	0.002653	0.001768
6503	chr1	49643455	49643480	/home/rstudio/disco_tmp/data/scoring/acc_maf_ingroup/25/chr1/chr1_25_acc_49643455_49643480.maf	25	30	5	2	0	0.066667	0.04714	0	0.066667	0.04714	chr1:49643455-49643480	0.066667	0.116418	0.148098	0.188377	TRUE	4	7	29	2 1 2 2	0 0 5 24	chr1	49642999	49644129	1131	*	3	2	0.002653	0.001768
6503	chr1	49643742	49643792	/home/rstudio/disco_tmp/data/scoring/acc_maf_ingroup/50/chr1/chr1_50_acc_49643742_49643792.maf	50	74	24	2	0.027027	0.067568	0.028666	0.027027	0.067568	0.028666	chr1:49643742-49643792	0.027027	0.067489	0.053659	0.08622	TRUE	4	7	29	2 1 2 2	0 0 5 24	chr1	49642999	49644129	1131	*	3	2	0.002653	0.001768
6503	chr1	49643187	49643212	/home/rstudio/disco_tmp/data/scoring/acc_maf_ingroup/25/chr1/chr1_25_acc_49643187_49643212.maf	25	25	0	1	0.04	0.16	0.084853	0.04	0.16	0.084853	chr1:49643187-49643212	0.04	0.216301	0.084566	0.232245	TRUE	4	7	29	2 1 2 2	0 0 5 24	chr1	49642999	49644129	1131	*	3	2	0.002653	0.001768
6509	chr1	49666177	49666202	/home/rstudio/disco_tmp/data/scoring/acc_maf_ingroup/25/chr1/chr1_25_acc_49666177_49666202.maf	25	25	0	2	0.04	0.2	0.113137	0.04	0.2	0.113137	chr1:49666177-49666202	0.08	0.291214	0.179863	0.342281	TRUE	1	2	0	2	0	chr1	49666060	49666378	319	*	2	1	0.00627	0.003135
65128	chr2	61210576	61210601	/home/rstudio/disco_tmp/data/scoring/acc_maf_ingroup/25/chr2/chr2_25_acc_61210576_61210601.maf	25	25	0	1	0	0.04	0.028284	0	0.04	0.028284	chr2:61210576-61210601	0.04	0.066476	0.084566	0.107566	TRUE	1	1	0	1	0	chr2	61210552	61210740	189	*	1	1	0.005291	0.005291
65132	chr2	61242814	61242864	/home/rstudio/disco_tmp/data/scoring/acc_maf_ingroup/50/chr2/chr2_50_acc_61242814_61242864.maf	50	75	25	1	0	0.04	0.028284	0	0.04	0.028284	chr2:61242814-61242864	0.013333	0.066476	0.021034	0.069725	TRUE	7	6	155	1 1 1 1 1 1 1	94 3 29 25 25 0 4	chr2	61242215	61243243	1029	*	1	1	0.000972	0.000972
65132	chr2	61242489	61242514	/home/rstudio/disco_tmp/data/scoring/acc_maf_ingroup/25/chr2/chr2_25_acc_61242489_61242514.maf	25	28	3	1	0	0.071429	0.050508	0	0.071429	0.050508	chr2:61242489-61242514	0.035714	0.125336	0.074355	0.145732	TRUE	7	6	155	1 1 1 1 1 1 1	94 3 29 25 25 0 4	chr2	61242215	61243243	1029	*	1	1	0.000972	0.000972
65132	chr2	61243214	61243239	/home/rstudio/disco_tmp/data/scoring/acc_maf_ingroup/25/chr2/chr2_25_acc_61243214_61243239.maf	25	29	4	1	0.034483	0.103448	0.048766	0.034483	0.103448	0.048766	chr2:61243214-61243239	0.034483	0.120723	0.071421	0.140268	TRUE	7	6	155	1 1 1 1 1 1 1	94 3 29 25 25 0 4	chr2	61242215	61243243	1029	*	1	1	0.000972	0.000972
65132	chr2	61242789	61242814	/home/rstudio/disco_tmp/data/scoring/acc_maf_ingroup/25/chr2/chr2_25_acc_61242789_61242814.maf	25	54	29	1	0	0.018519	0.013095	0	0.018519	0.013095	chr2:61242789-61242814	0.018519	0.026246	0.033388	0.042468	TRUE	7	6	155	1 1 1 1 1 1 1	94 3 29 25 25 0 4	chr2	61242215	61243243	1029	*	1	1	0.000972	0.000972
65132	chr2	61242414	61242439	/home/rstudio/disco_tmp/data/scoring/acc_maf_ingroup/25/chr2/chr2_25_acc_61242414_61242439.maf	25	119	94	1	0	0.02521	0.017826	0	0.02521	0.017826	chr2:61242414-61242439	0.008403	0.038778	0.009289	0.039875	TRUE	7	6	155	1 1 1 1 1 1 1	94 3 29 25 25 0 4	chr2	61242215	61243243	1029	*	1	1	0.000972	0.000972
65132	chr2	61243064	61243089	/home/rstudio/disco_tmp/data/scoring/acc_maf_ingroup/25/chr2/chr2_25_acc_61243064_61243089.maf	25	25	0	1	0	0.04	0.028284	0	0.04	0.028284	chr2:61243064-61243089	0.04	0.066476	0.084566	0.107566	TRUE	7	6	155	1 1 1 1 1 1 1	94 3 29 25 25 0 4	chr2	61242215	61243243	1029	*	1	1	0.000972	0.000972
65132	chr2	61242839	61242864	/home/rstudio/disco_tmp/data/scoring/acc_maf_ingroup/25/chr2/chr2_25_acc_61242839_61242864.maf	25	50	25	1	0	0.02	0.014142	0	0.02	0.014142	chr2:61242839-61242864	0.02	0.02902	0.036917	0.046958	TRUE	7	6	155	1 1 1 1 1 1 1	94 3 29 25 25 0 4	chr2	61242215	61243243	1029	*	1	1	0.000972	0.000972
65134	chr2	61247486	61247536	/home/rstudio/disco_tmp/data/scoring/acc_maf_ingroup/50/chr2/chr2_50_acc_61247486_61247536.maf	50	50	0	3	0.02	0.1	0.056569	0.02	0.1	0.056569	chr2:61247486-61247536	0.06	0.141389	0.132215	0.193576	TRUE	4	15	5	7 1 3 4	5 0 0 0	chr2	61247387	61247897	511	*	8	3	0.015656	0.005871
65134	chr2	61247786	61247836	/home/rstudio/disco_tmp/data/scoring/acc_maf_ingroup/50/chr2/chr2_50_acc_61247786_61247836.maf	50	50	0	4	0.08	0.22	0.098995	0.08	0.22	0.098995	chr2:61247786-61247836	0.08	0.253757	0.179863	0.311036	TRUE	4	15	5	7 1 3 4	5 0 0 0	chr2	61247387	61247897	511	*	8	3	0.015656	0.005871
65134	chr2	61247436	61247461	/home/rstudio/disco_tmp/data/scoring/acc_maf_ingroup/25/chr2/chr2_25_acc_61247436_61247461.maf	25	25	0	1	0.04	0.08	0.028284	0.04	0.08	0.028284	chr2:61247436-61247461	0.04	0.066476	0.084566	0.107566	TRUE	4	15	5	7 1 3 4	5 0 0 0	chr2	61247387	61247897	511	*	8	3	0.015656	0.005871
65134	chr2	61247386	61247436	/home/rstudio/disco_tmp/data/scoring/acc_maf_ingroup/50/chr2/chr2_50_acc_61247386_61247436.maf	50	55	5	7	0.054545	0.163636	0.077139	0.054545	0.163636	0.077139	chr2:61247386-61247436	0.127273	0.19587	0.292488	0.352015	TRUE	4	15	5	7 1 3 4	5 0 0 0	chr2	61247387	61247897	511	*	8	3	0.015656	0.005871
65230	chr2	61930362	61930387	/home/rstudio/disco_tmp/data/scoring/acc_maf_ingroup/25/chr2/chr2_25_acc_61930362_61930387.maf	25	25	0	1	0.04	0.08	0.028284	0.04	0.08	0.028284	chr2:61930362-61930387	0.04	0.066476	0.084566	0.107566	TRUE	1	1	0	1	0	chr2	61930338	61930444	107	*	1	1	0.009346	0.009346
65232	chr2	61931900	61931950	/home/rstudio/disco_tmp/data/scoring/acc_maf_ingroup/50/chr2/chr2_50_acc_61931900_61931950.maf	50	100	50	2	0.02	0.06	0.028284	0.02	0.06	0.028284	chr2:61931900-61931950	0.02	0.066476	0.036917	0.076039	TRUE	3	6	52	3 1 2	0 2 50	chr2	61931225	61932069	845	*	3	1	0.00355	0.001183
65232	chr2	61931457	61931507	/home/rstudio/disco_tmp/data/scoring/acc_maf_ingroup/50/chr2/chr2_50_acc_61931457_61931507.maf	50	52	2	1	0.019231	0.076923	0.040795	0.019231	0.076923	0.040795	chr2:61931457-61931507	0.019231	0.099611	0.035084	0.105609	TRUE	3	6	52	3 1 2	0 2 50	chr2	61931225	61932069	845	*	3	1	0.00355	0.001183
65232	chr2	61931407	61931432	/home/rstudio/disco_tmp/data/scoring/acc_maf_ingroup/25/chr2/chr2_25_acc_61931407_61931432.maf	25	25	0	3	0	0.16	0.113137	0	0.16	0.113137	chr2:61931407-61931432	0.12	0.291214	0.275161	0.400648	TRUE	3	6	52	3 1 2	0 2 50	chr2	61931225	61932069	845	*	3	1	0.00355	0.001183
65270	chr2	62095181	62095231	/home/rstudio/disco_tmp/data/scoring/acc_maf_ingroup/50/chr2/chr2_50_acc_62095181_62095231.maf	50	64	14	4	0.015625	0.078125	0.044194	0.015625	0.078125	0.044194	chr2:62095181-62095231	0.0625	0.108615	0.138171	0.175751	TRUE	3	6	14	4 3 2	14 0 0	chr2	62095182	62095307	126	*	5	2	0.039683	0.015873
65270	chr2	62095206	62095231	/home/rstudio/disco_tmp/data/scoring/acc_maf_ingroup/25/chr2/chr2_25_acc_62095206_62095231.maf	25	25	0	3	0.04	0.16	0.084853	0.04	0.16	0.084853	chr2:62095206-62095231	0.12	0.216301	0.275161	0.35	TRUE	3	6	14	4 3 2	14 0 0	chr2	62095182	62095307	126	*	5	2	0.039683	0.015873
65270	chr2	62095231	62095281	/home/rstudio/disco_tmp/data/scoring/acc_maf_ingroup/50/chr2/chr2_50_acc_62095231_62095281.maf	50	50	0	2	0.04	0.06	0.014142	0.04	0.06	0.014142	chr2:62095231-62095281	0.04	0.02902	0.084566	0.089407	TRUE	3	6	14	4 3 2	14 0 0	chr2	62095182	62095307	126	*	5	2	0.039683	0.015873
65297	chr2	62301127	62301177	/home/rstudio/disco_tmp/data/scoring/acc_maf_ingroup/50/chr2/chr2_50_acc_62301127_62301177.maf	50	54	4	2	0.018519	0.055556	0.026189	0.018519	0.055556	0.026189	chr2:62301127-62301177	0.037037	0.060927	0.077507	0.098587	TRUE	2	2	4	2 1	4 0	chr2	62301128	62301393	266	*	1	1	0.003759	0.003759
65297	chr2	62301152	62301177	/home/rstudio/disco_tmp/data/scoring/acc_maf_ingroup/25/chr2/chr2_25_acc_62301152_62301177.maf	25	25	0	1	0.04	0.08	0.028284	0.04	0.08	0.028284	chr2:62301152-62301177	0.04	0.066476	0.084566	0.107566	TRUE	2	2	4	2 1	4 0	chr2	62301128	62301393	266	*	1	1	0.003759	0.003759
65712	chr2	64652480	64652530	/home/rstudio/disco_tmp/data/scoring/acc_maf_ingroup/50/chr2/chr2_50_acc_64652480_64652530.maf	50	50	0	3	0.02	0.12	0.070711	0.02	0.12	0.070711	chr2:64652480-64652530	0.06	0.178845	0.132215	0.22241	TRUE	6	18	96	3 4 3 4 4 3	0 3 3 12 81 0	chr2	64651969	64652559	591	*	6	2	0.010152	0.003384
65712	chr2	64652043	64652068	/home/rstudio/disco_tmp/data/scoring/acc_maf_ingroup/25/chr2/chr2_25_acc_64652043_64652068.maf	25	28	3	3	0	0.178571	0.126269	0	0.178571	0.126269	chr2:64652043-64652068	0.107143	0.325994	0.24453	0.407513	TRUE	6	18	96	3 4 3 4 4 3	0 3 3 12 81 0	chr2	64651969	64652559	591	*	6	2	0.010152	0.003384
65712	chr2	64651968	64651993	/home/rstudio/disco_tmp/data/scoring/acc_maf_ingroup/25/chr2/chr2_25_acc_64651968_64651993.maf	25	25	0	3	0.04	0.12	0.056569	0.04	0.12	0.056569	chr2:64651968-64651993	0.12	0.141389	0.275161	0.309361	TRUE	6	18	96	3 4 3 4 4 3	0 3 3 12 81 0	chr2	64651969	64652559	591	*	6	2	0.010152	0.003384
65712	chr2	64652330	64652380	/home/rstudio/disco_tmp/data/scoring/acc_maf_ingroup/50/chr2/chr2_50_acc_64652330_64652380.maf	50	131	81	4	0.015267	0.045802	0.021591	0.015267	0.045802	0.021591	chr2:64652330-64652380	0.030534	0.048749	0.062015	0.078881	TRUE	6	18	96	3 4 3 4 4 3	0 3 3 12 81 0	chr2	64651969	64652559	591	*	6	2	0.010152	0.003384
65712	chr2	64652018	64652068	/home/rstudio/disco_tmp/data/scoring/acc_maf_ingroup/50/chr2/chr2_50_acc_64652018_64652068.maf	50	53	3	4	0.018868	0.150943	0.093391	0.018868	0.150943	0.093391	chr2:64652018-64652068	0.075472	0.238916	0.169075	0.29269	TRUE	6	18	96	3 4 3 4 4 3	0 3 3 12 81 0	chr2	64651969	64652559	591	*	6	2	0.010152	0.003384
65712	chr2	64652198	64652248	/home/rstudio/disco_tmp/data/scoring/acc_maf_ingroup/50/chr2/chr2_50_acc_64652198_64652248.maf	50	62	12	4	0.080645	0.129032	0.034215	0.080645	0.129032	0.034215	chr2:64652198-64652248	0.064516	0.082184	0.142974	0.164911	TRUE	6	18	96	3 4 3 4 4 3	0 3 3 12 81 0	chr2	64651969	64652559	591	*	6	2	0.010152	0.003384
65718	chr2	64671288	64671338	/home/rstudio/disco_tmp/data/scoring/acc_maf_ingroup/50/chr2/chr2_50_acc_64671288_64671338.maf	50	50	0	1	0.02	0.1	0.056569	0.02	0.1	0.056569	chr2:64671288-64671338	0.02	0.141389	0.036917	0.146129	TRUE	2	4	0	1 3	0 0	chr2	64671289	64671493	205	*	4	2	0.019512	0.009756
65718	chr2	64671361	64671411	/home/rstudio/disco_tmp/data/scoring/acc_maf_ingroup/50/chr2/chr2_50_acc_64671361_64671411.maf	50	50	0	3	0.08	0.12	0.028284	0.08	0.12	0.028284	chr2:64671361-64671411	0.06	0.066476	0.132215	0.147986	TRUE	2	4	0	1 3	0 0	chr2	64671289	64671493	205	*	4	2	0.019512	0.009756
65721	chr2	64703908	64703958	/home/rstudio/disco_tmp/data/scoring/acc_maf_ingroup/50/chr2/chr2_50_acc_64703908_64703958.maf	50	54	4	2	0	0.055556	0.039284	0	0.055556	0.039284	chr2:64703908-64703958	0.037037	0.095609	0.077507	0.123079	TRUE	3	3	4	1 2 1	4 4 0	chr2	64703891	64704095	205	*	1	1	0.004878	0.004878
65721	chr2	64703908	64703933	/home/rstudio/disco_tmp/data/scoring/acc_maf_ingroup/25/chr2/chr2_25_acc_64703908_64703933.maf	25	29	4	1	0	0.034483	0.024383	0	0.034483	0.024383	chr2:64703908-64703933	0.034483	0.056144	0.071421	0.090847	TRUE	3	3	4	1 2 1	4 4 0	chr2	64703891	64704095	205	*	1	1	0.004878	0.004878
65721	chr2	64704008	64704033	/home/rstudio/disco_tmp/data/scoring/acc_maf_ingroup/25/chr2/chr2_25_acc_64704008_64704033.maf	25	25	0	1	0	0.04	0.028284	0	0.04	0.028284	chr2:64704008-64704033	0.04	0.066476	0.084566	0.107566	TRUE	3	3	4	1 2 1	4 4 0	chr2	64703891	64704095	205	*	1	1	0.004878	0.004878
65878	chr2	66459338	66459388	/home/rstudio/disco_tmp/data/scoring/acc_maf_ingroup/50/chr2/chr2_50_acc_66459338_66459388.maf	50	54	4	4	0.018519	0.111111	0.065473	0.018519	0.111111	0.065473	chr2:66459338-66459388	0.074074	0.164972	0.165745	0.233853	TRUE	3	9	8	5 2 4	4 0 4	chr2	66459239	66459432	194	*	2	1	0.010309	0.005155
65878	chr2	66459288	66459338	/home/rstudio/disco_tmp/data/scoring/acc_maf_ingroup/50/chr2/chr2_50_acc_66459288_66459338.maf	50	54	4	5	0.018519	0.148148	0.091662	0.018519	0.148148	0.091662	chr2:66459288-66459338	0.092593	0.234336	0.209864	0.314573	TRUE	3	9	8	5 2 4	4 0 4	chr2	66459239	66459432	194	*	2	1	0.010309	0.005155
65878	chr2	66459313	66459338	/home/rstudio/disco_tmp/data/scoring/acc_maf_ingroup/25/chr2/chr2_25_acc_66459313_66459338.maf	25	25	0	2	0.04	0.2	0.113137	0.04	0.2	0.113137	chr2:66459313-66459338	0.08	0.291214	0.179863	0.342281	TRUE	3	9	8	5 2 4	4 0 4	chr2	66459239	66459432	194	*	2	1	0.010309	0.005155
65883	chr2	66468850	66468875	/home/rstudio/disco_tmp/data/scoring/acc_maf_ingroup/25/chr2/chr2_25_acc_66468850_66468875.maf	25	25	0	1	0.04	0.16	0.084853	0.04	0.16	0.084853	chr2:66468850-66468875	0.04	0.216301	0.084566	0.232245	TRUE	1	1	0	1	0	chr2	66468826	66468986	161	*	1	1	0.006211	0.006211
66082	chr2	67796773	67796823	/home/rstudio/disco_tmp/data/scoring/acc_maf_ingroup/50/chr2/chr2_50_acc_67796773_67796823.maf	50	50	0	3	0.04	0.14	0.070711	0.04	0.14	0.070711	chr2:67796773-67796823	0.06	0.178845	0.132215	0.22241	TRUE	1	3	0	3	0	chr2	67796724	67796830	107	*	3	1	0.028037	0.009346
66224	chr2	68606607	68606632	/home/rstudio/disco_tmp/data/scoring/acc_maf_ingroup/25/chr2/chr2_25_acc_68606607_68606632.maf	25	25	0	1	0	0.12	0.084853	0	0.12	0.084853	chr2:68606607-68606632	0.04	0.216301	0.084566	0.232245	TRUE	1	1	0	1	0	chr2	68606558	68606738	181	*	1	1	0.005525	0.005525
66226	chr2	68611589	68611614	/home/rstudio/disco_tmp/data/scoring/acc_maf_ingroup/25/chr2/chr2_25_acc_68611589_68611614.maf	25	25	0	1	0	0.08	0.056569	0	0.08	0.056569	chr2:68611589-68611614	0.04	0.141389	0.084566	0.164749	TRUE	1	1	0	1	0	chr2	68611590	68611892	303	*	1	1	0.0033	0.0033
66264	chr2	69056248	69056298	/home/rstudio/disco_tmp/data/scoring/acc_maf_ingroup/50/chr2/chr2_50_acc_69056248_69056298.maf	50	50	0	4	0.04	0.16	0.084853	0.04	0.16	0.084853	chr2:69056248-69056298	0.08	0.216301	0.179863	0.281313	TRUE	1	4	0	4	0	chr2	69055999	69056902	904	*	4	1	0.004425	0.001106
66500	chr2	72171675	72171700	/home/rstudio/disco_tmp/data/scoring/acc_maf_ingroup/25/chr2/chr2_25_acc_72171675_72171700.maf	25	25	0	1	0	0.04	0.028284	0	0.04	0.028284	chr2:72171675-72171700	0.04	0.066476	0.084566	0.107566	TRUE	1	1	0	1	0	chr2	72171601	72171789	189	*	1	1	0.005291	0.005291
66678	chr2	76224217	76224267	/home/rstudio/disco_tmp/data/scoring/acc_maf_ingroup/50/chr2/chr2_50_acc_76224217_76224267.maf	50	50	0	3	0	0.1	0.070711	0	0.1	0.070711	chr2:76224217-76224267	0.06	0.178845	0.132215	0.22241	TRUE	2	3	0	1 3	0 0	chr2	76224218	76224393	176	*	4	2	0.022727	0.011364
66678	chr2	76224217	76224242	/home/rstudio/disco_tmp/data/scoring/acc_maf_ingroup/25/chr2/chr2_25_acc_76224217_76224242.maf	25	25	0	1	0	0.08	0.056569	0	0.08	0.056569	chr2:76224217-76224242	0.04	0.141389	0.084566	0.164749	TRUE	2	3	0	1 3	0 0	chr2	76224218	76224393	176	*	4	2	0.022727	0.011364
67001	chr2	80718356	80718381	/home/rstudio/disco_tmp/data/scoring/acc_maf_ingroup/25/chr2/chr2_25_acc_80718356_80718381.maf	25	25	0	2	0.04	0.12	0.056569	0.04	0.12	0.056569	chr2:80718356-80718381	0.08	0.141389	0.179863	0.228783	TRUE	1	2	0	2	0	chr2	80718307	80718445	139	*	2	1	0.014388	0.007194
67024	chr2	80852711	80852761	/home/rstudio/disco_tmp/data/scoring/acc_maf_ingroup/50/chr2/chr2_50_acc_80852711_80852761.maf	50	50	0	5	0.02	0.16	0.098995	0.02	0.16	0.098995	chr2:80852711-80852761	0.1	0.253757	0.227512	0.340815	TRUE	1	5	0	5	0	chr2	80852128	80852825	698	*	5	1	0.007163	0.001433
67134	chr2	83528680	83528730	/home/rstudio/disco_tmp/data/scoring/acc_maf_ingroup/50/chr2/chr2_50_acc_83528680_83528730.maf	50	50	0	1	0.06	0.08	0.014142	0.06	0.08	0.014142	chr2:83528680-83528730	0.02	0.02902	0.036917	0.046958	TRUE	1	1	0	1	0	chr2	83528581	83528784	204	*	1	1	0.004902	0.004902
67147	chr2	83803497	83803522	/home/rstudio/disco_tmp/data/scoring/acc_maf_ingroup/25/chr2/chr2_25_acc_83803497_83803522.maf	25	25	0	2	0	0.08	0.056569	0	0.08	0.056569	chr2:83803497-83803522	0.08	0.141389	0.179863	0.228783	TRUE	1	2	0	2	0	chr2	83803448	83803550	103	*	2	1	0.019417	0.009709
67148	chr2	83804710	83804760	/home/rstudio/disco_tmp/data/scoring/acc_maf_ingroup/50/chr2/chr2_50_acc_83804710_83804760.maf	50	50	0	5	0.08	0.22	0.098995	0.08	0.22	0.098995	chr2:83804710-83804760	0.1	0.253757	0.227512	0.340815	TRUE	1	5	0	5	0	chr2	83804661	83804812	152	*	5	1	0.032895	0.006579
67152	chr2	83817870	83817895	/home/rstudio/disco_tmp/data/scoring/acc_maf_ingroup/25/chr2/chr2_25_acc_83817870_83817895.maf	25	25	0	1	0	0.12	0.084853	0	0.12	0.084853	chr2:83817870-83817895	0.04	0.216301	0.084566	0.232245	TRUE	1	1	0	1	0	chr2	83817871	83818084	214	*	1	1	0.004673	0.004673
67154	chr2	83835562	83835612	/home/rstudio/disco_tmp/data/scoring/acc_maf_ingroup/50/chr2/chr2_50_acc_83835562_83835612.maf	50	50	0	2	0.02	0.06	0.028284	0.02	0.06	0.028284	chr2:83835562-83835612	0.04	0.066476	0.084566	0.107566	TRUE	1	2	0	2	0	chr2	83835513	83835698	186	*	2	1	0.010753	0.005376
67161	chr2	84220820	84220845	/home/rstudio/disco_tmp/data/scoring/acc_maf_ingroup/25/chr2/chr2_25_acc_84220820_84220845.maf	25	25	0	1	0	0.04	0.028284	0	0.04	0.028284	chr2:84220820-84220845	0.04	0.066476	0.084566	0.107566	TRUE	1	1	0	1	0	chr2	84220771	84221007	237	*	1	1	0.004219	0.004219
67326	chr2	85808730	85808780	/home/rstudio/disco_tmp/data/scoring/acc_maf_ingroup/50/chr2/chr2_50_acc_85808730_85808780.maf	50	50	0	1	0	0.06	0.042426	0	0.06	0.042426	chr2:85808730-85808780	0.02	0.103933	0.036917	0.110294	TRUE	1	1	0	1	0	chr2	85808731	85808838	108	*	1	1	0.009259	0.009259
6742	chr1	50600138	50600188	/home/rstudio/disco_tmp/data/scoring/acc_maf_ingroup/50/chr1/chr1_50_acc_50600138_50600188.maf	50	50	0	2	0.02	0.08	0.042426	0.02	0.08	0.042426	chr1:50600138-50600188	0.04	0.103933	0.084566	0.13399	TRUE	1	2	0	2	0	chr1	50600031	50600285	255	*	2	1	0.007843	0.003922
67466	chr2	86610341	86610391	/home/rstudio/disco_tmp/data/scoring/acc_maf_ingroup/50/chr2/chr2_50_acc_86610341_86610391.maf	50	50	0	1	0.02	0.1	0.056569	0.02	0.1	0.056569	chr2:86610341-86610391	0.02	0.141389	0.036917	0.146129	TRUE	1	1	0	1	0	chr2	86610121	86610534	414	*	1	1	0.002415	0.002415
6751	chr1	50633626	50633676	/home/rstudio/disco_tmp/data/scoring/acc_maf_ingroup/50/chr1/chr1_50_acc_50633626_50633676.maf	50	50	0	2	0.04	0.08	0.028284	0.04	0.08	0.028284	chr1:50633626-50633676	0.04	0.066476	0.084566	0.107566	TRUE	1	2	0	2	0	chr1	50633408	50634476	1069	*	2	1	0.001871	0.000935
67910	chr2	89166436	89166461	/home/rstudio/disco_tmp/data/scoring/acc_maf_ingroup/25/chr2/chr2_25_acc_89166436_89166461.maf	25	25	0	2	0	0.12	0.084853	0	0.12	0.084853	chr2:89166436-89166461	0.08	0.216301	0.179863	0.281313	TRUE	1	2	0	2	0	chr2	89166387	89166574	188	*	2	1	0.010638	0.005319
67925	chr2	89214314	89214339	/home/rstudio/disco_tmp/data/scoring/acc_maf_ingroup/25/chr2/chr2_25_acc_89214314_89214339.maf	25	25	0	2	0	0.08	0.056569	0	0.08	0.056569	chr2:89214314-89214339	0.08	0.141389	0.179863	0.228783	TRUE	1	2	0	2	0	chr2	89214255	89214447	193	*	2	1	0.010363	0.005181
68022	chr2	89931505	89931555	/home/rstudio/disco_tmp/data/scoring/acc_maf_ingroup/50/chr2/chr2_50_acc_89931505_89931555.maf	50	50	0	2	0	0.06	0.042426	0	0.06	0.042426	chr2:89931505-89931555	0.04	0.103933	0.084566	0.13399	TRUE	1	2	0	2	0	chr2	89931356	89931569	214	*	2	1	0.009346	0.004673
68033	chr2	89974906	89974931	/home/rstudio/disco_tmp/data/scoring/acc_maf_ingroup/25/chr2/chr2_25_acc_89974906_89974931.maf	25	25	0	1	0	0.04	0.028284	0	0.04	0.028284	chr2:89974906-89974931	0.04	0.066476	0.084566	0.107566	TRUE	2	2	0	1 1	0 0	chr2	89974907	89975012	106	*	2	2	0.018868	0.018868
68033	chr2	89974956	89974981	/home/rstudio/disco_tmp/data/scoring/acc_maf_ingroup/25/chr2/chr2_25_acc_89974956_89974981.maf	25	25	0	1	0	0.16	0.113137	0	0.16	0.113137	chr2:89974956-89974981	0.04	0.291214	0.084566	0.303244	TRUE	2	2	0	1 1	0 0	chr2	89974907	89975012	106	*	2	2	0.018868	0.018868
68037	chr2	89995678	89995703	/home/rstudio/disco_tmp/data/scoring/acc_maf_ingroup/25/chr2/chr2_25_acc_89995678_89995703.maf	25	25	0	2	0	0.08	0.056569	0	0.08	0.056569	chr2:89995678-89995703	0.08	0.141389	0.179863	0.228783	TRUE	1	2	0	2	0	chr2	89995604	89995719	116	*	2	1	0.017241	0.008621
68093	chr2	90570676	90570701	/home/rstudio/disco_tmp/data/scoring/acc_maf_ingroup/25/chr2/chr2_25_acc_90570676_90570701.maf	25	25	0	1	0.04	0.08	0.028284	0.04	0.08	0.028284	chr2:90570676-90570701	0.04	0.066476	0.084566	0.107566	TRUE	1	1	0	1	0	chr2	90570592	90570711	120	*	1	1	0.008333	0.008333
6818	chr1	50823110	50823135	/home/rstudio/disco_tmp/data/scoring/acc_maf_ingroup/25/chr1/chr1_25_acc_50823110_50823135.maf	25	25	0	1	0.04	0.2	0.113137	0.04	0.2	0.113137	chr1:50823110-50823135	0.04	0.291214	0.084566	0.303244	TRUE	1	1	0	1	0	chr1	50823061	50823212	152	*	1	1	0.006579	0.006579
6822	chr1	50827385	50827410	/home/rstudio/disco_tmp/data/scoring/acc_maf_ingroup/25/chr1/chr1_25_acc_50827385_50827410.maf	25	25	0	1	0	0.04	0.028284	0	0.04	0.028284	chr1:50827385-50827410	0.04	0.066476	0.084566	0.107566	TRUE	1	1	0	1	0	chr1	50827361	50827577	217	*	1	1	0.004608	0.004608
68638	chr2	92622632	92622657	/home/rstudio/disco_tmp/data/scoring/acc_maf_ingroup/25/chr2/chr2_25_acc_92622632_92622657.maf	25	25	0	1	0	0.04	0.028284	0	0.04	0.028284	chr2:92622632-92622657	0.04	0.066476	0.084566	0.107566	TRUE	2	2	0	1 2	0 0	chr2	92622583	92622714	132	*	3	2	0.022727	0.015152
68638	chr2	92622632	92622682	/home/rstudio/disco_tmp/data/scoring/acc_maf_ingroup/50/chr2/chr2_50_acc_92622632_92622682.maf	50	50	0	2	0	0.04	0.028284	0	0.04	0.028284	chr2:92622632-92622682	0.04	0.066476	0.084566	0.107566	TRUE	2	2	0	1 2	0 0	chr2	92622583	92622714	132	*	3	2	0.022727	0.015152
6867	chr1	50937704	50937754	/home/rstudio/disco_tmp/data/scoring/acc_maf_ingroup/50/chr1/chr1_50_acc_50937704_50937754.maf	50	50	0	3	0.02	0.16	0.098995	0.02	0.16	0.098995	chr1:50937704-50937754	0.06	0.253757	0.132215	0.286135	TRUE	1	3	0	3	0	chr1	50937688	50937806	119	*	3	1	0.02521	0.008403
6868	chr1	50938011	50938061	/home/rstudio/disco_tmp/data/scoring/acc_maf_ingroup/50/chr1/chr1_50_acc_50938011_50938061.maf	50	50	0	2	0.02	0.1	0.056569	0.02	0.1	0.056569	chr1:50938011-50938061	0.04	0.141389	0.084566	0.164749	TRUE	2	5	2	3 2	2 0	chr1	50937962	50938120	159	*	2	1	0.012579	0.006289
6868	chr1	50937961	50938011	/home/rstudio/disco_tmp/data/scoring/acc_maf_ingroup/50/chr1/chr1_50_acc_50937961_50938011.maf	50	52	2	3	0.038462	0.076923	0.027196	0.038462	0.076923	0.027196	chr1:50937961-50938011	0.057692	0.063595	0.126717	0.14178	TRUE	2	5	2	3 2	2 0	chr1	50937962	50938120	159	*	2	1	0.012579	0.006289
68720	chr2	93534821	93534871	/home/rstudio/disco_tmp/data/scoring/acc_maf_ingroup/50/chr2/chr2_50_acc_93534821_93534871.maf	50	53	3	3	0.075472	0.132075	0.040025	0.075472	0.132075	0.040025	chr2:93534821-93534871	0.056604	0.097572	0.124123	0.157883	TRUE	3	5	6	1 1 3	3 0 3	chr2	93533414	93535175	1762	*	1	1	0.000568	0.000568
68720	chr2	93534214	93534264	/home/rstudio/disco_tmp/data/scoring/acc_maf_ingroup/50/chr2/chr2_50_acc_93534214_93534264.maf	50	53	3	1	0.018868	0.075472	0.040025	0.018868	0.075472	0.040025	chr2:93534214-93534264	0.018868	0.097572	0.03422	0.103399	TRUE	3	5	6	1 1 3	3 0 3	chr2	93533414	93535175	1762	*	1	1	0.000568	0.000568
68720	chr2	93534521	93534546	/home/rstudio/disco_tmp/data/scoring/acc_maf_ingroup/25/chr2/chr2_25_acc_93534521_93534546.maf	25	25	0	1	0	0.04	0.028284	0	0.04	0.028284	chr2:93534521-93534546	0.04	0.066476	0.084566	0.107566	TRUE	3	5	6	1 1 3	3 0 3	chr2	93533414	93535175	1762	*	1	1	0.000568	0.000568
6892	chr1	50993375	50993400	/home/rstudio/disco_tmp/data/scoring/acc_maf_ingroup/25/chr1/chr1_25_acc_50993375_50993400.maf	25	25	0	1	0	0.08	0.056569	0	0.08	0.056569	chr1:50993375-50993400	0.04	0.141389	0.084566	0.164749	TRUE	1	1	0	1	0	chr1	50993351	50993510	160	*	1	1	0.00625	0.00625
68931	chr2	95507671	95507696	/home/rstudio/disco_tmp/data/scoring/acc_maf_ingroup/25/chr2/chr2_25_acc_95507671_95507696.maf	25	25	0	1	0	0.04	0.028284	0	0.04	0.028284	chr2:95507671-95507696	0.04	0.066476	0.084566	0.107566	TRUE	1	1	0	1	0	chr2	95507422	95507905	484	*	1	1	0.002066	0.002066
6902	chr1	51012349	51012374	/home/rstudio/disco_tmp/data/scoring/acc_maf_ingroup/25/chr1/chr1_25_acc_51012349_51012374.maf	25	25	0	4	0	0.16	0.113137	0	0.16	0.113137	chr1:51012349-51012374	0.16	0.291214	0.370459	0.471216	TRUE	1	4	0	4	0	chr1	51012350	51012500	151	*	4	1	0.02649	0.006623
69187	chr2	97450849	97450874	/home/rstudio/disco_tmp/data/scoring/acc_maf_ingroup/25/chr2/chr2_25_acc_97450849_97450874.maf	25	25	0	1	0	0.08	0.056569	0	0.08	0.056569	chr2:97450849-97450874	0.04	0.141389	0.084566	0.164749	TRUE	2	3	0	2 1	0 0	chr2	97450750	97450910	161	*	3	2	0.018634	0.012422
69187	chr2	97450799	97450849	/home/rstudio/disco_tmp/data/scoring/acc_maf_ingroup/50/chr2/chr2_50_acc_97450799_97450849.maf	50	50	0	2	0.02	0.1	0.056569	0.02	0.1	0.056569	chr2:97450799-97450849	0.04	0.141389	0.084566	0.164749	TRUE	2	3	0	2 1	0 0	chr2	97450750	97450910	161	*	3	2	0.018634	0.012422
6923	chr1	51056869	51056894	/home/rstudio/disco_tmp/data/scoring/acc_maf_ingroup/25/chr1/chr1_25_acc_51056869_51056894.maf	25	25	0	2	0	0.12	0.084853	0	0.12	0.084853	chr1:51056869-51056894	0.08	0.216301	0.179863	0.281313	TRUE	2	6	0	4 2	0 0	chr1	51056492	51056907	416	*	6	2	0.014423	0.004808
6923	chr1	51056749	51056799	/home/rstudio/disco_tmp/data/scoring/acc_maf_ingroup/50/chr1/chr1_50_acc_51056749_51056799.maf	50	50	0	4	0.04	0.12	0.056569	0.04	0.12	0.056569	chr1:51056749-51056799	0.08	0.141389	0.179863	0.228783	TRUE	2	6	0	4 2	0 0	chr1	51056492	51056907	416	*	6	2	0.014423	0.004808
69333	chr2	98537850	98537900	/home/rstudio/disco_tmp/data/scoring/acc_maf_ingroup/50/chr2/chr2_50_acc_98537850_98537900.maf	50	50	0	4	0	0.1	0.070711	0	0.1	0.070711	chr2:98537850-98537900	0.08	0.178845	0.179863	0.253646	TRUE	1	4	0	4	0	chr2	98537551	98538019	469	*	4	1	0.008529	0.002132
69719	chr2	100970839	100970864	/home/rstudio/disco_tmp/data/scoring/acc_maf_ingroup/25/chr2/chr2_25_acc_100970839_100970864.maf	25	25	0	1	0.04	0.08	0.028284	0.04	0.08	0.028284	chr2:100970839-100970864	0.04	0.066476	0.084566	0.107566	TRUE	1	1	0	1	0	chr2	100970823	100970940	118	*	1	1	0.008475	0.008475
69740	chr2	101028039	101028064	/home/rstudio/disco_tmp/data/scoring/acc_maf_ingroup/25/chr2/chr2_25_acc_101028039_101028064.maf	25	25	0	1	0.04	0.08	0.028284	0.04	0.08	0.028284	chr2:101028039-101028064	0.04	0.066476	0.084566	0.107566	TRUE	1	1	0	1	0	chr2	101027990	101028100	111	*	1	1	0.009009	0.009009
69851	chr2	101928905	101928955	/home/rstudio/disco_tmp/data/scoring/acc_maf_ingroup/50/chr2/chr2_50_acc_101928905_101928955.maf	50	50	0	2	0.1	0.14	0.028284	0.1	0.14	0.028284	chr2:101928905-101928955	0.04	0.066476	0.084566	0.107566	TRUE	1	2	0	2	0	chr2	101928854	101928996	143	*	2	1	0.013986	0.006993
69852	chr2	101929957	101930007	/home/rstudio/disco_tmp/data/scoring/acc_maf_ingroup/50/chr2/chr2_50_acc_101929957_101930007.maf	50	50	0	2	0	0.06	0.042426	0	0.06	0.042426	chr2:101929957-101930007	0.04	0.103933	0.084566	0.13399	TRUE	2	2	0	2 2	0 0	chr2	101929803	101930070	268	*	4	2	0.014925	0.007463
69852	chr2	101929957	101929982	/home/rstudio/disco_tmp/data/scoring/acc_maf_ingroup/25/chr2/chr2_25_acc_101929957_101929982.maf	25	25	0	2	0	0.12	0.084853	0	0.12	0.084853	chr2:101929957-101929982	0.08	0.216301	0.179863	0.281313	TRUE	2	2	0	2 2	0 0	chr2	101929803	101930070	268	*	4	2	0.014925	0.007463
69879	chr2	102101434	102101484	/home/rstudio/disco_tmp/data/scoring/acc_maf_ingroup/50/chr2/chr2_50_acc_102101434_102101484.maf	50	50	0	3	0.06	0.14	0.056569	0.06	0.14	0.056569	chr2:102101434-102101484	0.06	0.141389	0.132215	0.193576	TRUE	1	3	0	3	0	chr2	102100485	102101537	1053	*	3	1	0.002849	0.00095
69923	chr2	102199240	102199290	/home/rstudio/disco_tmp/data/scoring/acc_maf_ingroup/50/chr2/chr2_50_acc_102199240_102199290.maf	50	50	0	2	0.04	0.1	0.042426	0.04	0.1	0.042426	chr2:102199240-102199290	0.04	0.103933	0.084566	0.13399	TRUE	1	2	0	2	0	chr2	102199241	102199342	102	*	2	1	0.019608	0.009804
70629	chr2	104793698	104793748	/home/rstudio/disco_tmp/data/scoring/acc_maf_ingroup/50/chr2/chr2_50_acc_104793698_104793748.maf	50	50	0	1	0.02	0.06	0.028284	0.02	0.06	0.028284	chr2:104793698-104793748	0.02	0.066476	0.036917	0.076039	TRUE	1	1	0	1	0	chr2	104793699	104793874	176	*	1	1	0.005682	0.005682
70636	chr2	104813393	104813443	/home/rstudio/disco_tmp/data/scoring/acc_maf_ingroup/50/chr2/chr2_50_acc_104813393_104813443.maf	50	50	0	2	0	0.06	0.042426	0	0.06	0.042426	chr2:104813393-104813443	0.04	0.103933	0.084566	0.13399	TRUE	1	2	0	2	0	chr2	104813294	104813572	279	*	2	1	0.007168	0.003584
70828	chr2	106131725	106131750	/home/rstudio/disco_tmp/data/scoring/acc_maf_ingroup/25/chr2/chr2_25_acc_106131725_106131750.maf	25	25	0	2	0.04	0.12	0.056569	0.04	0.12	0.056569	chr2:106131725-106131750	0.08	0.141389	0.179863	0.228783	TRUE	1	2	0	2	0	chr2	106131701	106131847	147	*	2	1	0.013605	0.006803
70834	chr2	106147112	106147162	/home/rstudio/disco_tmp/data/scoring/acc_maf_ingroup/50/chr2/chr2_50_acc_106147112_106147162.maf	50	89	39	1	0	0.022472	0.01589	0	0.022472	0.01589	chr2:106147112-106147162	0.011236	0.03365	0.016037	0.037276	TRUE	2	3	39	1 2	39 0	chr2	106147113	106147345	233	*	2	1	0.008584	0.004292
70834	chr2	106147213	106147238	/home/rstudio/disco_tmp/data/scoring/acc_maf_ingroup/25/chr2/chr2_25_acc_106147213_106147238.maf	25	25	0	2	0	0.08	0.056569	0	0.08	0.056569	chr2:106147213-106147238	0.08	0.141389	0.179863	0.228783	TRUE	2	3	39	1 2	39 0	chr2	106147113	106147345	233	*	2	1	0.008584	0.004292
71082	chr2	107631015	107631065	/home/rstudio/disco_tmp/data/scoring/acc_maf_ingroup/50/chr2/chr2_50_acc_107631015_107631065.maf	50	50	0	3	0.02	0.1	0.056569	0.02	0.1	0.056569	chr2:107631015-107631065	0.06	0.141389	0.132215	0.193576	TRUE	1	3	0	3	0	chr2	107630966	107631185	220	*	3	1	0.013636	0.004545
71196	chr2	108065059	108065109	/home/rstudio/disco_tmp/data/scoring/acc_maf_ingroup/50/chr2/chr2_50_acc_108065059_108065109.maf	50	65	15	2	0	0.061538	0.043514	0	0.061538	0.043514	chr2:108065059-108065109	0.030769	0.106814	0.062574	0.123793	TRUE	5	11	111	2 5 1 2 2	15 80 41 16 0	chr2	108064815	108065706	892	*	2	1	0.002242	0.001121
71196	chr2	108065534	108065559	/home/rstudio/disco_tmp/data/scoring/acc_maf_ingroup/25/chr2/chr2_25_acc_108065534_108065559.maf	25	25	0	2	0.04	0.08	0.028284	0.04	0.08	0.028284	chr2:108065534-108065559	0.08	0.066476	0.179863	0.191755	TRUE	5	11	111	2 5 1 2 2	15 80 41 16 0	chr2	108064815	108065706	892	*	2	1	0.002242	0.001121
71196	chr2	108065290	108065340	/home/rstudio/disco_tmp/data/scoring/acc_maf_ingroup/50/chr2/chr2_50_acc_108065290_108065340.maf	50	130	80	5	0.023077	0.069231	0.032636	0.023077	0.069231	0.032636	chr2:108065290-108065340	0.038462	0.078001	0.080901	0.112379	TRUE	5	11	111	2 5 1 2 2	15 80 41 16 0	chr2	108064815	108065706	892	*	2	1	0.002242	0.001121
71196	chr2	108065315	108065340	/home/rstudio/disco_tmp/data/scoring/acc_maf_ingroup/25/chr2/chr2_25_acc_108065315_108065340.maf	25	66	41	1	0	0.030303	0.021427	0	0.030303	0.021427	chr2:108065315-108065340	0.015152	0.048316	0.025366	0.05457	TRUE	5	11	111	2 5 1 2 2	15 80 41 16 0	chr2	108064815	108065706	892	*	2	1	0.002242	0.001121
71196	chr2	108065503	108065528	/home/rstudio/disco_tmp/data/scoring/acc_maf_ingroup/25/chr2/chr2_25_acc_108065503_108065528.maf	25	41	16	2	0.02439	0.146341	0.086233	0.02439	0.146341	0.086233	chr2:108065503-108065528	0.04878	0.219955	0.105485	0.243941	TRUE	5	11	111	2 5 1 2 2	15 80 41 16 0	chr2	108064815	108065706	892	*	2	1	0.002242	0.001121
71315	chr2	109474983	109475033	/home/rstudio/disco_tmp/data/scoring/acc_maf_ingroup/50/chr2/chr2_50_acc_109474983_109475033.maf	50	51	1	4	0	0.117647	0.083189	0	0.117647	0.083189	chr2:109474983-109475033	0.078431	0.211895	0.176126	0.275535	TRUE	3	7	1	2 4 3	1 1 0	chr2	109474965	109475165	201	*	3	1	0.014925	0.004975
71315	chr2	109474983	109475008	/home/rstudio/disco_tmp/data/scoring/acc_maf_ingroup/25/chr2/chr2_25_acc_109474983_109475008.maf	25	26	1	2	0	0.115385	0.081589	0	0.115385	0.081589	chr2:109474983-109475008	0.076923	0.207657	0.172533	0.26998	TRUE	3	7	1	2 4 3	1 1 0	chr2	109474965	109475165	201	*	3	1	0.014925	0.004975
71315	chr2	109475033	109475083	/home/rstudio/disco_tmp/data/scoring/acc_maf_ingroup/50/chr2/chr2_50_acc_109475033_109475083.maf	50	50	0	3	0	0.08	0.056569	0	0.08	0.056569	chr2:109475033-109475083	0.06	0.141389	0.132215	0.193576	TRUE	3	7	1	2 4 3	1 1 0	chr2	109474965	109475165	201	*	3	1	0.014925	0.004975
71318	chr2	109491152	109491202	/home/rstudio/disco_tmp/data/scoring/acc_maf_ingroup/50/chr2/chr2_50_acc_109491152_109491202.maf	50	50	0	2	0.06	0.08	0.014142	0.06	0.08	0.014142	chr2:109491152-109491202	0.04	0.02902	0.084566	0.089407	TRUE	1	2	0	2	0	chr2	109490953	109491311	359	*	2	1	0.005571	0.002786
7136	chr1	51805569	51805619	/home/rstudio/disco_tmp/data/scoring/acc_maf_ingroup/50/chr1/chr1_50_acc_51805569_51805619.maf	50	50	0	3	0.1	0.16	0.042426	0.1	0.16	0.042426	chr1:51805569-51805619	0.06	0.103933	0.132215	0.168175	TRUE	1	3	0	3	0	chr1	51805520	51805733	214	*	3	1	0.014019	0.004673
7142	chr1	51809866	51809916	/home/rstudio/disco_tmp/data/scoring/acc_maf_ingroup/50/chr1/chr1_50_acc_51809866_51809916.maf	50	50	0	7	0.06	0.22	0.113137	0.06	0.22	0.113137	chr1:51809866-51809916	0.14	0.291214	0.32281	0.434754	TRUE	1	7	0	7	0	chr1	51809867	51810080	214	*	7	1	0.03271	0.004673
71429	chr2	110339828	110339878	/home/rstudio/disco_tmp/data/scoring/acc_maf_ingroup/50/chr2/chr2_50_acc_110339828_110339878.maf	50	50	0	2	0.04	0.1	0.042426	0.04	0.1	0.042426	chr2:110339828-110339878	0.04	0.103933	0.084566	0.13399	TRUE	1	2	0	2	0	chr2	110339729	110339881	153	*	2	1	0.013072	0.006536
7150	chr1	51816551	51816576	/home/rstudio/disco_tmp/data/scoring/acc_maf_ingroup/25/chr1/chr1_25_acc_51816551_51816576.maf	25	25	0	1	0.04	0.12	0.056569	0.04	0.12	0.056569	chr1:51816551-51816576	0.04	0.141389	0.084566	0.164749	TRUE	1	1	0	1	0	chr1	51816527	51816629	103	*	1	1	0.009709	0.009709
7152	chr1	51818127	51818152	/home/rstudio/disco_tmp/data/scoring/acc_maf_ingroup/25/chr1/chr1_25_acc_51818127_51818152.maf	25	25	0	2	0.04	0.08	0.028284	0.04	0.08	0.028284	chr1:51818127-51818152	0.08	0.066476	0.179863	0.191755	TRUE	1	2	0	2	0	chr1	51818053	51818270	218	*	2	1	0.009174	0.004587
7153	chr1	51818693	51818743	/home/rstudio/disco_tmp/data/scoring/acc_maf_ingroup/50/chr1/chr1_50_acc_51818693_51818743.maf	50	50	0	1	0.02	0.1	0.056569	0.02	0.1	0.056569	chr1:51818693-51818743	0.02	0.141389	0.036917	0.146129	TRUE	1	1	0	1	0	chr1	51818694	51818806	113	*	1	1	0.00885	0.00885
71582	chr2	111238547	111238572	/home/rstudio/disco_tmp/data/scoring/acc_maf_ingroup/25/chr2/chr2_25_acc_111238547_111238572.maf	25	34	9	1	0	0.029412	0.020797	0	0.029412	0.020797	chr2:111238547-111238572	0.029412	0.046647	0.05934	0.075479	TRUE	5	4	9	1 1 2 1 1	0 9 9 0 0	chr2	111237694	111239224	1531	*	3	3	0.00196	0.00196
71582	chr2	111238897	111238922	/home/rstudio/disco_tmp/data/scoring/acc_maf_ingroup/25/chr2/chr2_25_acc_111238897_111238922.maf	25	25	0	1	0	0.04	0.028284	0	0.04	0.028284	chr2:111238897-111238922	0.04	0.066476	0.084566	0.107566	TRUE	5	4	9	1 1 2 1 1	0 9 9 0 0	chr2	111237694	111239224	1531	*	3	3	0.00196	0.00196
71582	chr2	111238547	111238597	/home/rstudio/disco_tmp/data/scoring/acc_maf_ingroup/50/chr2/chr2_50_acc_111238547_111238597.maf	50	59	9	2	0	0.033898	0.02397	0	0.033898	0.02397	chr2:111238547-111238597	0.033898	0.055049	0.070029	0.089076	TRUE	5	4	9	1 1 2 1 1	0 9 9 0 0	chr2	111237694	111239224	1531	*	3	3	0.00196	0.00196
71582	chr2	111237866	111237916	/home/rstudio/disco_tmp/data/scoring/acc_maf_ingroup/50/chr2/chr2_50_acc_111237866_111237916.maf	50	50	0	1	0.06	0.08	0.014142	0.06	0.08	0.014142	chr2:111237866-111237916	0.02	0.02902	0.036917	0.046958	TRUE	5	4	9	1 1 2 1 1	0 9 9 0 0	chr2	111237694	111239224	1531	*	3	3	0.00196	0.00196
71582	chr2	111238572	111238597	/home/rstudio/disco_tmp/data/scoring/acc_maf_ingroup/25/chr2/chr2_25_acc_111238572_111238597.maf	25	25	0	1	0	0.04	0.028284	0	0.04	0.028284	chr2:111238572-111238597	0.04	0.066476	0.084566	0.107566	TRUE	5	4	9	1 1 2 1 1	0 9 9 0 0	chr2	111237694	111239224	1531	*	3	3	0.00196	0.00196
7159	chr1	51820433	51820458	/home/rstudio/disco_tmp/data/scoring/acc_maf_ingroup/25/chr1/chr1_25_acc_51820433_51820458.maf	25	25	0	2	0	0.08	0.056569	0	0.08	0.056569	chr1:51820433-51820458	0.08	0.141389	0.179863	0.228783	TRUE	1	2	0	2	0	chr1	51820375	51820758	384	*	2	1	0.005208	0.002604
71696	chr2	112259693	112259718	/home/rstudio/disco_tmp/data/scoring/acc_maf_ingroup/25/chr2/chr2_25_acc_112259693_112259718.maf	25	25	0	1	0	0.04	0.028284	0	0.04	0.028284	chr2:112259693-112259718	0.04	0.066476	0.084566	0.107566	TRUE	1	1	0	1	0	chr2	112259303	112259832	530	*	1	1	0.001887	0.001887
71804	chr2	112844139	112844164	/home/rstudio/disco_tmp/data/scoring/acc_maf_ingroup/25/chr2/chr2_25_acc_112844139_112844164.maf	25	25	0	1	0.04	0.08	0.028284	0.04	0.08	0.028284	chr2:112844139-112844164	0.04	0.066476	0.084566	0.107566	TRUE	1	1	0	1	0	chr2	112844090	112844190	101	*	1	1	0.009901	0.009901
71819	chr2	112945570	112945620	/home/rstudio/disco_tmp/data/scoring/acc_maf_ingroup/50/chr2/chr2_50_acc_112945570_112945620.maf	50	60	10	2	0.066667	0.116667	0.035355	0.066667	0.116667	0.035355	chr2:112945570-112945620	0.033333	0.085204	0.068683	0.10944	TRUE	2	7	10	2 5	10 0	chr2	112945316	112945753	438	*	5	1	0.011416	0.002283
71819	chr2	112945662	112945712	/home/rstudio/disco_tmp/data/scoring/acc_maf_ingroup/50/chr2/chr2_50_acc_112945662_112945712.maf	50	50	0	5	0	0.16	0.113137	0	0.16	0.113137	chr2:112945662-112945712	0.1	0.291214	0.227512	0.36955	TRUE	2	7	10	2 5	10 0	chr2	112945316	112945753	438	*	5	1	0.011416	0.002283
71827	chr2	112967544	112967569	/home/rstudio/disco_tmp/data/scoring/acc_maf_ingroup/25/chr2/chr2_25_acc_112967544_112967569.maf	25	25	0	1	0	0.04	0.028284	0	0.04	0.028284	chr2:112967544-112967569	0.04	0.066476	0.084566	0.107566	TRUE	2	2	0	1 1	0 0	chr2	112967213	112967583	371	*	2	2	0.005391	0.005391
71827	chr2	112967262	112967312	/home/rstudio/disco_tmp/data/scoring/acc_maf_ingroup/50/chr2/chr2_50_acc_112967262_112967312.maf	50	50	0	1	0.1	0.12	0.014142	0.1	0.12	0.014142	chr2:112967262-112967312	0.02	0.02902	0.036917	0.046958	TRUE	2	2	0	1 1	0 0	chr2	112967213	112967583	371	*	2	2	0.005391	0.005391
71839	chr2	112986297	112986322	/home/rstudio/disco_tmp/data/scoring/acc_maf_ingroup/25/chr2/chr2_25_acc_112986297_112986322.maf	25	25	0	3	0.04	0.16	0.084853	0.04	0.16	0.084853	chr2:112986297-112986322	0.12	0.216301	0.275161	0.35	TRUE	1	3	0	3	0	chr2	112986123	112986339	217	*	3	1	0.013825	0.004608
71846	chr2	112995057	112995107	/home/rstudio/disco_tmp/data/scoring/acc_maf_ingroup/50/chr2/chr2_50_acc_112995057_112995107.maf	50	50	0	1	0	0.02	0.014142	0	0.02	0.014142	chr2:112995057-112995107	0.02	0.02902	0.036917	0.046958	TRUE	1	1	0	1	0	chr2	112994858	112995543	686	*	1	1	0.001458	0.001458
71851	chr2	112998274	112998324	/home/rstudio/disco_tmp/data/scoring/acc_maf_ingroup/50/chr2/chr2_50_acc_112998274_112998324.maf	50	50	0	1	0.02	0.08	0.042426	0.02	0.08	0.042426	chr2:112998274-112998324	0.02	0.103933	0.036917	0.110294	TRUE	2	2	0	1 1	0 0	chr2	112998225	112998679	455	*	2	2	0.004396	0.004396
71851	chr2	112998549	112998574	/home/rstudio/disco_tmp/data/scoring/acc_maf_ingroup/25/chr2/chr2_25_acc_112998549_112998574.maf	25	25	0	1	0	0.12	0.084853	0	0.12	0.084853	chr2:112998549-112998574	0.04	0.216301	0.084566	0.232245	TRUE	2	2	0	1 1	0 0	chr2	112998225	112998679	455	*	2	2	0.004396	0.004396
71854	chr2	113000423	113000473	/home/rstudio/disco_tmp/data/scoring/acc_maf_ingroup/50/chr2/chr2_50_acc_113000423_113000473.maf	50	50	0	2	0.02	0.1	0.056569	0.02	0.1	0.056569	chr2:113000423-113000473	0.04	0.141389	0.084566	0.164749	TRUE	1	2	0	2	0	chr2	113000424	113000538	115	*	2	1	0.017391	0.008696
71855	chr2	113002921	113002946	/home/rstudio/disco_tmp/data/scoring/acc_maf_ingroup/25/chr2/chr2_25_acc_113002921_113002946.maf	25	32	7	1	0	0.03125	0.022097	0	0.03125	0.022097	chr2:113002921-113002946	0.03125	0.050089	0.06372	0.08105	TRUE	4	5	40	2 1 1 1	0 1 32 7	chr2	113001322	113003291	1970	*	2	1	0.001015	0.000508
71855	chr2	113001371	113001421	/home/rstudio/disco_tmp/data/scoring/acc_maf_ingroup/50/chr2/chr2_50_acc_113001371_113001421.maf	50	51	1	1	0.039216	0.078431	0.02773	0.039216	0.078431	0.02773	chr2:113001371-113001421	0.019608	0.065007	0.035983	0.074302	TRUE	4	5	40	2 1 1 1	0 1 32 7	chr2	113001322	113003291	1970	*	2	1	0.001015	0.000508
71855	chr2	113001446	113001471	/home/rstudio/disco_tmp/data/scoring/acc_maf_ingroup/25/chr2/chr2_25_acc_113001446_113001471.maf	25	57	32	1	0	0.052632	0.037216	0	0.052632	0.037216	chr2:113001446-113001471	0.017544	0.090133	0.031065	0.095336	TRUE	4	5	40	2 1 1 1	0 1 32 7	chr2	113001322	113003291	1970	*	2	1	0.001015	0.000508
71855	chr2	113001346	113001371	/home/rstudio/disco_tmp/data/scoring/acc_maf_ingroup/25/chr2/chr2_25_acc_113001346_113001371.maf	25	25	0	2	0	0.08	0.056569	0	0.08	0.056569	chr2:113001346-113001371	0.08	0.141389	0.179863	0.228783	TRUE	4	5	40	2 1 1 1	0 1 32 7	chr2	113001322	113003291	1970	*	2	1	0.001015	0.000508
71959	chr2	113852583	113852633	/home/rstudio/disco_tmp/data/scoring/acc_maf_ingroup/50/chr2/chr2_50_acc_113852583_113852633.maf	50	50	0	3	0.04	0.12	0.056569	0.04	0.12	0.056569	chr2:113852583-113852633	0.06	0.141389	0.132215	0.193576	TRUE	3	8	15	2 3 3	15 0 0	chr2	113851169	113852792	1624	*	6	2	0.003695	0.001232
71959	chr2	113851578	113851628	/home/rstudio/disco_tmp/data/scoring/acc_maf_ingroup/50/chr2/chr2_50_acc_113851578_113851628.maf	50	65	15	2	0	0.046154	0.032636	0	0.046154	0.032636	chr2:113851578-113851628	0.030769	0.078001	0.062574	0.099999	TRUE	3	8	15	2 3 3	15 0 0	chr2	113851169	113852792	1624	*	6	2	0.003695	0.001232
71959	chr2	113852233	113852283	/home/rstudio/disco_tmp/data/scoring/acc_maf_ingroup/50/chr2/chr2_50_acc_113852233_113852283.maf	50	50	0	3	0	0.06	0.042426	0	0.06	0.042426	chr2:113852233-113852283	0.06	0.103933	0.132215	0.168175	TRUE	3	8	15	2 3 3	15 0 0	chr2	113851169	113852792	1624	*	6	2	0.003695	0.001232
72188	chr2	114797744	114797794	/home/rstudio/disco_tmp/data/scoring/acc_maf_ingroup/50/chr2/chr2_50_acc_114797744_114797794.maf	50	50	0	2	0.02	0.06	0.028284	0.02	0.06	0.028284	chr2:114797744-114797794	0.04	0.066476	0.084566	0.107566	TRUE	1	2	0	2	0	chr2	114797745	114797852	108	*	2	1	0.018519	0.009259
72253	chr2	115145604	115145654	/home/rstudio/disco_tmp/data/scoring/acc_maf_ingroup/50/chr2/chr2_50_acc_115145604_115145654.maf	50	50	0	4	0.04	0.12	0.056569	0.04	0.12	0.056569	chr2:115145604-115145654	0.08	0.141389	0.179863	0.228783	TRUE	1	4	0	4	0	chr2	115145555	115145679	125	*	4	1	0.032	0.008
72259	chr2	115154464	115154489	/home/rstudio/disco_tmp/data/scoring/acc_maf_ingroup/25/chr2/chr2_25_acc_115154464_115154489.maf	25	25	0	2	0.04	0.16	0.084853	0.04	0.16	0.084853	chr2:115154464-115154489	0.08	0.216301	0.179863	0.281313	TRUE	1	2	0	2	0	chr2	115154315	115154555	241	*	2	1	0.008299	0.004149
72264	chr2	115178796	115178821	/home/rstudio/disco_tmp/data/scoring/acc_maf_ingroup/25/chr2/chr2_25_acc_115178796_115178821.maf	25	25	0	1	0	0.12	0.084853	0	0.12	0.084853	chr2:115178796-115178821	0.04	0.216301	0.084566	0.232245	TRUE	2	2	0	1 1	0 0	chr2	115178406	115179619	1214	*	2	2	0.001647	0.001647
72264	chr2	115179096	115179121	/home/rstudio/disco_tmp/data/scoring/acc_maf_ingroup/25/chr2/chr2_25_acc_115179096_115179121.maf	25	25	0	1	0	0.08	0.056569	0	0.08	0.056569	chr2:115179096-115179121	0.04	0.141389	0.084566	0.164749	TRUE	2	2	0	1 1	0 0	chr2	115178406	115179619	1214	*	2	2	0.001647	0.001647
72270	chr2	115257926	115257976	/home/rstudio/disco_tmp/data/scoring/acc_maf_ingroup/50/chr2/chr2_50_acc_115257926_115257976.maf	50	50	0	1	0.08	0.16	0.056569	0.08	0.16	0.056569	chr2:115257926-115257976	0.02	0.141389	0.036917	0.146129	TRUE	1	1	0	1	0	chr2	115257877	115257984	108	*	1	1	0.009259	0.009259
72724	chr2	117725612	117725662	/home/rstudio/disco_tmp/data/scoring/acc_maf_ingroup/50/chr2/chr2_50_acc_117725612_117725662.maf	50	50	0	1	0.04	0.1	0.042426	0.04	0.1	0.042426	chr2:117725612-117725662	0.02	0.103933	0.036917	0.110294	TRUE	1	1	0	1	0	chr2	117725455	117725663	209	*	1	1	0.004785	0.004785
72775	chr2	117910359	117910409	/home/rstudio/disco_tmp/data/scoring/acc_maf_ingroup/50/chr2/chr2_50_acc_117910359_117910409.maf	50	50	0	1	0	0.02	0.014142	0	0.02	0.014142	chr2:117910359-117910409	0.02	0.02902	0.036917	0.046958	TRUE	2	1	0	1 1	0 0	chr2	117910310	117910473	164	*	2	2	0.012195	0.012195
72775	chr2	117910359	117910384	/home/rstudio/disco_tmp/data/scoring/acc_maf_ingroup/25/chr2/chr2_25_acc_117910359_117910384.maf	25	25	0	1	0	0.04	0.028284	0	0.04	0.028284	chr2:117910359-117910384	0.04	0.066476	0.084566	0.107566	TRUE	2	1	0	1 1	0 0	chr2	117910310	117910473	164	*	2	2	0.012195	0.012195
72792	chr2	118015593	118015618	/home/rstudio/disco_tmp/data/scoring/acc_maf_ingroup/25/chr2/chr2_25_acc_118015593_118015618.maf	25	25	0	2	0	0.08	0.056569	0	0.08	0.056569	chr2:118015593-118015618	0.08	0.141389	0.179863	0.228783	TRUE	3	4	1	1 2 3	0 0 1	chr2	118015401	118015717	317	*	3	2	0.009464	0.006309
72792	chr2	118015543	118015593	/home/rstudio/disco_tmp/data/scoring/acc_maf_ingroup/50/chr2/chr2_50_acc_118015543_118015593.maf	50	50	0	1	0	0.06	0.042426	0	0.06	0.042426	chr2:118015543-118015593	0.02	0.103933	0.036917	0.110294	TRUE	3	4	1	1 2 3	0 0 1	chr2	118015401	118015717	317	*	3	2	0.009464	0.006309
72792	chr2	118015593	118015643	/home/rstudio/disco_tmp/data/scoring/acc_maf_ingroup/50/chr2/chr2_50_acc_118015593_118015643.maf	50	51	1	3	0	0.058824	0.041595	0	0.058824	0.041595	chr2:118015593-118015643	0.058824	0.101729	0.129412	0.164609	TRUE	3	4	1	1 2 3	0 0 1	chr2	118015401	118015717	317	*	3	2	0.009464	0.006309
72827	chr2	118399695	118399745	/home/rstudio/disco_tmp/data/scoring/acc_maf_ingroup/50/chr2/chr2_50_acc_118399695_118399745.maf	50	50	0	1	0	0.12	0.084853	0	0.12	0.084853	chr2:118399695-118399745	0.02	0.216301	0.036917	0.219429	TRUE	1	1	0	1	0	chr2	118399658	118399830	173	*	1	1	0.00578	0.00578
72835	chr2	118478506	118478556	/home/rstudio/disco_tmp/data/scoring/acc_maf_ingroup/50/chr2/chr2_50_acc_118478506_118478556.maf	50	50	0	2	0.08	0.2	0.084853	0.08	0.2	0.084853	chr2:118478506-118478556	0.04	0.216301	0.084566	0.232245	TRUE	1	2	0	2	0	chr2	118478336	118478718	383	*	2	1	0.005222	0.002611
729	chr1	6384006	6384056	/home/rstudio/disco_tmp/data/scoring/acc_maf_ingroup/50/chr1/chr1_50_acc_6384006_6384056.maf	50	50	0	2	0	0.04	0.028284	0	0.04	0.028284	chr1:6384006-6384056	0.04	0.066476	0.084566	0.107566	TRUE	1	2	0	2	0	chr1	6383846	6384065	220	*	2	1	0.009091	0.004545
7306	chr1	52817104	52817129	/home/rstudio/disco_tmp/data/scoring/acc_maf_ingroup/25/chr1/chr1_25_acc_52817104_52817129.maf	25	25	0	1	0	0.04	0.028284	0	0.04	0.028284	chr1:52817104-52817129	0.04	0.066476	0.084566	0.107566	TRUE	1	1	0	1	0	chr1	52817041	52817160	120	*	1	1	0.008333	0.008333
7322	chr1	52937431	52937456	/home/rstudio/disco_tmp/data/scoring/acc_maf_ingroup/25/chr1/chr1_25_acc_52937431_52937456.maf	25	25	0	1	0.12	0.2	0.056569	0.12	0.2	0.056569	chr1:52937431-52937456	0.04	0.141389	0.084566	0.164749	TRUE	1	1	0	1	0	chr1	52937332	52937641	310	*	1	1	0.003226	0.003226
7327	chr1	52949117	52949142	/home/rstudio/disco_tmp/data/scoring/acc_maf_ingroup/25/chr1/chr1_25_acc_52949117_52949142.maf	25	25	0	1	0	0.08	0.056569	0	0.08	0.056569	chr1:52949117-52949142	0.04	0.141389	0.084566	0.164749	TRUE	1	1	0	1	0	chr1	52948968	52949171	204	*	1	1	0.004902	0.004902
7344	chr1	53095279	53095304	/home/rstudio/disco_tmp/data/scoring/acc_maf_ingroup/25/chr1/chr1_25_acc_53095279_53095304.maf	25	25	0	1	0	0.04	0.028284	0	0.04	0.028284	chr1:53095279-53095304	0.04	0.066476	0.084566	0.107566	TRUE	1	1	0	1	0	chr1	53095155	53095366	212	*	1	1	0.004717	0.004717
73556	chr2	122483816	122483866	/home/rstudio/disco_tmp/data/scoring/acc_maf_ingroup/50/chr2/chr2_50_acc_122483816_122483866.maf	50	50	0	1	0.04	0.06	0.014142	0.04	0.06	0.014142	chr2:122483816-122483866	0.02	0.02902	0.036917	0.046958	TRUE	1	1	0	1	0	chr2	122483691	122483890	200	*	1	1	0.005	0.005
73578	chr2	122615460	122615485	/home/rstudio/disco_tmp/data/scoring/acc_maf_ingroup/25/chr2/chr2_25_acc_122615460_122615485.maf	25	25	0	1	0.04	0.12	0.056569	0.04	0.12	0.056569	chr2:122615460-122615485	0.04	0.141389	0.084566	0.164749	TRUE	1	1	0	1	0	chr2	122615412	122615516	105	*	1	1	0.009524	0.009524
73581	chr2	122620616	122620666	/home/rstudio/disco_tmp/data/scoring/acc_maf_ingroup/50/chr2/chr2_50_acc_122620616_122620666.maf	50	55	5	1	0	0.018182	0.012856	0	0.018182	0.012856	chr2:122620616-122620666	0.018182	0.025615	0.032585	0.041448	TRUE	2	2	5	1 1	5 0	chr2	122620617	122620890	274	*	1	1	0.00365	0.00365
73581	chr2	122620666	122620716	/home/rstudio/disco_tmp/data/scoring/acc_maf_ingroup/50/chr2/chr2_50_acc_122620666_122620716.maf	50	50	0	1	0.04	0.06	0.014142	0.04	0.06	0.014142	chr2:122620666-122620716	0.02	0.02902	0.036917	0.046958	TRUE	2	2	5	1 1	5 0	chr2	122620617	122620890	274	*	1	1	0.00365	0.00365
73620	chr2	123002277	123002302	/home/rstudio/disco_tmp/data/scoring/acc_maf_ingroup/25/chr2/chr2_25_acc_123002277_123002302.maf	25	25	0	1	0	0.04	0.028284	0	0.04	0.028284	chr2:123002277-123002302	0.04	0.066476	0.084566	0.107566	TRUE	1	1	0	1	0	chr2	123002199	123002345	147	*	1	1	0.006803	0.006803
73628	chr2	123025248	123025298	/home/rstudio/disco_tmp/data/scoring/acc_maf_ingroup/50/chr2/chr2_50_acc_123025248_123025298.maf	50	61	11	1	0	0.032787	0.023184	0	0.032787	0.023184	chr2:123025248-123025298	0.016393	0.052968	0.028325	0.060065	TRUE	2	4	11	1 3	11 0	chr2	123025249	123025419	171	*	3	1	0.017544	0.005848
73628	chr2	123025298	123025348	/home/rstudio/disco_tmp/data/scoring/acc_maf_ingroup/50/chr2/chr2_50_acc_123025298_123025348.maf	50	50	0	3	0	0.1	0.070711	0	0.1	0.070711	chr2:123025298-123025348	0.06	0.178845	0.132215	0.22241	TRUE	2	4	11	1 3	11 0	chr2	123025249	123025419	171	*	3	1	0.017544	0.005848
73631	chr2	123029942	123029967	/home/rstudio/disco_tmp/data/scoring/acc_maf_ingroup/25/chr2/chr2_25_acc_123029942_123029967.maf	25	25	0	1	0	0.08	0.056569	0	0.08	0.056569	chr2:123029942-123029967	0.04	0.141389	0.084566	0.164749	TRUE	1	1	0	1	0	chr2	123029918	123030050	133	*	1	1	0.007519	0.007519
73634	chr2	123033725	123033775	/home/rstudio/disco_tmp/data/scoring/acc_maf_ingroup/50/chr2/chr2_50_acc_123033725_123033775.maf	50	50	0	1	0.06	0.08	0.014142	0.06	0.08	0.014142	chr2:123033725-123033775	0.02	0.02902	0.036917	0.046958	TRUE	1	1	0	1	0	chr2	123033676	123033780	105	*	1	1	0.009524	0.009524
73693	chr2	123574015	123574040	/home/rstudio/disco_tmp/data/scoring/acc_maf_ingroup/25/chr2/chr2_25_acc_123574015_123574040.maf	25	29	4	1	0.034483	0.068966	0.024383	0.034483	0.068966	0.024383	chr2:123574015-123574040	0.034483	0.056144	0.071421	0.090847	TRUE	2	2	4	1 1	4 0	chr2	123573288	123574598	1311	*	1	1	0.000763	0.000763
73693	chr2	123574283	123574333	/home/rstudio/disco_tmp/data/scoring/acc_maf_ingroup/50/chr2/chr2_50_acc_123574283_123574333.maf	50	50	0	1	0.02	0.04	0.014142	0.02	0.04	0.014142	chr2:123574283-123574333	0.02	0.02902	0.036917	0.046958	TRUE	2	2	4	1 1	4 0	chr2	123573288	123574598	1311	*	1	1	0.000763	0.000763
73861	chr2	124951055	124951105	/home/rstudio/disco_tmp/data/scoring/acc_maf_ingroup/50/chr2/chr2_50_acc_124951055_124951105.maf	50	78	28	3	0	0.051282	0.036262	0	0.051282	0.036262	chr2:124951055-124951105	0.038462	0.087605	0.080901	0.119246	TRUE	2	4	28	3 1	28 0	chr2	124950006	124951518	1513	*	1	1	0.000661	0.000661
73861	chr2	124951461	124951511	/home/rstudio/disco_tmp/data/scoring/acc_maf_ingroup/50/chr2/chr2_50_acc_124951461_124951511.maf	50	50	0	1	0.1	0.12	0.014142	0.1	0.12	0.014142	chr2:124951461-124951511	0.02	0.02902	0.036917	0.046958	TRUE	2	4	28	3 1	28 0	chr2	124950006	124951518	1513	*	1	1	0.000661	0.000661
73879	chr2	124993222	124993247	/home/rstudio/disco_tmp/data/scoring/acc_maf_ingroup/25/chr2/chr2_25_acc_124993222_124993247.maf	25	25	0	1	0.04	0.12	0.056569	0.04	0.12	0.056569	chr2:124993222-124993247	0.04	0.141389	0.084566	0.164749	TRUE	1	1	0	1	0	chr2	124993048	124993301	254	*	1	1	0.003937	0.003937
739	chr1	6415712	6415762	/home/rstudio/disco_tmp/data/scoring/acc_maf_ingroup/50/chr1/chr1_50_acc_6415712_6415762.maf	50	50	0	1	0.02	0.04	0.014142	0.02	0.04	0.014142	chr1:6415712-6415762	0.02	0.02902	0.036917	0.046958	TRUE	1	1	0	1	0	chr1	6415651	6415822	172	*	1	1	0.005814	0.005814
7433	chr1	53596608	53596658	/home/rstudio/disco_tmp/data/scoring/acc_maf_ingroup/50/chr1/chr1_50_acc_53596608_53596658.maf	50	50	0	1	0.04	0.1	0.042426	0.04	0.1	0.042426	chr1:53596608-53596658	0.02	0.103933	0.036917	0.110294	TRUE	1	1	0	1	0	chr1	53596470	53596680	211	*	1	1	0.004739	0.004739
7435	chr1	53599176	53599201	/home/rstudio/disco_tmp/data/scoring/acc_maf_ingroup/25/chr1/chr1_25_acc_53599176_53599201.maf	25	25	0	1	0	0.04	0.028284	0	0.04	0.028284	chr1:53599176-53599201	0.04	0.066476	0.084566	0.107566	TRUE	2	3	0	1 2	0 0	chr1	53599177	53599496	320	*	3	2	0.009375	0.00625
7435	chr1	53599201	53599226	/home/rstudio/disco_tmp/data/scoring/acc_maf_ingroup/25/chr1/chr1_25_acc_53599201_53599226.maf	25	25	0	2	0	0.08	0.056569	0	0.08	0.056569	chr1:53599201-53599226	0.08	0.141389	0.179863	0.228783	TRUE	2	3	0	1 2	0 0	chr1	53599177	53599496	320	*	3	2	0.009375	0.00625
74714	chr2	128506318	128506368	/home/rstudio/disco_tmp/data/scoring/acc_maf_ingroup/50/chr2/chr2_50_acc_128506318_128506368.maf	50	50	0	2	0.02	0.08	0.042426	0.02	0.08	0.042426	chr2:128506318-128506368	0.04	0.103933	0.084566	0.13399	TRUE	1	2	0	2	0	chr2	128506269	128506475	207	*	2	1	0.009662	0.004831
74717	chr2	128543310	128543360	/home/rstudio/disco_tmp/data/scoring/acc_maf_ingroup/50/chr2/chr2_50_acc_128543310_128543360.maf	50	50	0	1	0.02	0.08	0.042426	0.02	0.08	0.042426	chr2:128543310-128543360	0.02	0.103933	0.036917	0.110294	TRUE	1	1	0	1	0	chr2	128543261	128543366	106	*	1	1	0.009434	0.009434
74720	chr2	128562885	128562910	/home/rstudio/disco_tmp/data/scoring/acc_maf_ingroup/25/chr2/chr2_25_acc_128562885_128562910.maf	25	25	0	2	0	0.08	0.056569	0	0.08	0.056569	chr2:128562885-128562910	0.08	0.141389	0.179863	0.228783	TRUE	1	2	0	2	0	chr2	128562661	128563008	348	*	2	1	0.005747	0.002874
74726	chr2	128626613	128626638	/home/rstudio/disco_tmp/data/scoring/acc_maf_ingroup/25/chr2/chr2_25_acc_128626613_128626638.maf	25	25	0	1	0	0.04	0.028284	0	0.04	0.028284	chr2:128626613-128626638	0.04	0.066476	0.084566	0.107566	TRUE	1	1	0	1	0	chr2	128626589	128626752	164	*	1	1	0.006098	0.006098
7484	chr1	53821122	53821172	/home/rstudio/disco_tmp/data/scoring/acc_maf_ingroup/50/chr1/chr1_50_acc_53821122_53821172.maf	50	50	0	4	0.12	0.22	0.070711	0.12	0.22	0.070711	chr1:53821122-53821172	0.08	0.178845	0.179863	0.253646	TRUE	1	4	0	4	0	chr1	53821123	53821235	113	*	4	1	0.035398	0.00885
74860	chr2	129311390	129311415	/home/rstudio/disco_tmp/data/scoring/acc_maf_ingroup/25/chr2/chr2_25_acc_129311390_129311415.maf	25	25	0	1	0.04	0.16	0.084853	0.04	0.16	0.084853	chr2:129311390-129311415	0.04	0.216301	0.084566	0.232245	TRUE	1	1	0	1	0	chr2	129311266	129311472	207	*	1	1	0.004831	0.004831
7507	chr1	53863483	53863533	/home/rstudio/disco_tmp/data/scoring/acc_maf_ingroup/50/chr1/chr1_50_acc_53863483_53863533.maf	50	50	0	5	0.02	0.14	0.084853	0.02	0.14	0.084853	chr1:53863483-53863533	0.1	0.216301	0.227512	0.313924	TRUE	1	5	0	5	0	chr1	53863434	53863768	335	*	5	1	0.014925	0.002985
75180	chr2	132109451	132109501	/home/rstudio/disco_tmp/data/scoring/acc_maf_ingroup/50/chr2/chr2_50_acc_132109451_132109501.maf	50	50	0	2	0.04	0.08	0.028284	0.04	0.08	0.028284	chr2:132109451-132109501	0.04	0.066476	0.084566	0.107566	TRUE	1	2	0	2	0	chr2	132109352	132109503	152	*	2	1	0.013158	0.006579
75517	chr2	135424348	135424398	/home/rstudio/disco_tmp/data/scoring/acc_maf_ingroup/50/chr2/chr2_50_acc_135424348_135424398.maf	50	50	0	3	0.04	0.08	0.028284	0.04	0.08	0.028284	chr2:135424348-135424398	0.06	0.066476	0.132215	0.147986	TRUE	1	3	0	3	0	chr2	135424299	135424435	137	*	3	1	0.021898	0.007299
75716	chr2	136653603	136653653	/home/rstudio/disco_tmp/data/scoring/acc_maf_ingroup/50/chr2/chr2_50_acc_136653603_136653653.maf	50	50	0	1	0.04	0.06	0.014142	0.04	0.06	0.014142	chr2:136653603-136653653	0.02	0.02902	0.036917	0.046958	TRUE	1	1	0	1	0	chr2	136653604	136653774	171	*	1	1	0.005848	0.005848
75719	chr2	136661148	136661198	/home/rstudio/disco_tmp/data/scoring/acc_maf_ingroup/50/chr2/chr2_50_acc_136661148_136661198.maf	50	50	0	3	0.08	0.1	0.014142	0.08	0.1	0.014142	chr2:136661148-136661198	0.06	0.02902	0.132215	0.135362	TRUE	1	3	0	3	0	chr2	136661099	136661208	110	*	3	1	0.027273	0.009091
75773	chr2	136875310	136875360	/home/rstudio/disco_tmp/data/scoring/acc_maf_ingroup/50/chr2/chr2_50_acc_136875310_136875360.maf	50	50	0	3	0.04	0.16	0.084853	0.04	0.16	0.084853	chr2:136875310-136875360	0.06	0.216301	0.132215	0.253509	TRUE	1	3	0	3	0	chr2	136875311	136875413	103	*	3	1	0.029126	0.009709
75821	chr2	137364704	137364754	/home/rstudio/disco_tmp/data/scoring/acc_maf_ingroup/50/chr2/chr2_50_acc_137364704_137364754.maf	50	50	0	1	0.02	0.04	0.014142	0.02	0.04	0.014142	chr2:137364704-137364754	0.02	0.02902	0.036917	0.046958	TRUE	3	4	10	1 2 1	0 0 10	chr2	137364265	137365055	791	*	3	2	0.003793	0.002528
75821	chr2	137364854	137364904	/home/rstudio/disco_tmp/data/scoring/acc_maf_ingroup/50/chr2/chr2_50_acc_137364854_137364904.maf	50	50	0	2	0	0.08	0.056569	0	0.08	0.056569	chr2:137364854-137364904	0.04	0.141389	0.084566	0.164749	TRUE	3	4	10	1 2 1	0 0 10	chr2	137364265	137365055	791	*	3	2	0.003793	0.002528
75821	chr2	137365029	137365054	/home/rstudio/disco_tmp/data/scoring/acc_maf_ingroup/25/chr2/chr2_25_acc_137365029_137365054.maf	25	35	10	1	0	0.085714	0.060609	0	0.085714	0.060609	chr2:137365029-137365054	0.028571	0.15209	0.057338	0.16254	TRUE	3	4	10	1 2 1	0 0 10	chr2	137364265	137365055	791	*	3	2	0.003793	0.002528
75917	chr2	138073397	138073447	/home/rstudio/disco_tmp/data/scoring/acc_maf_ingroup/50/chr2/chr2_50_acc_138073397_138073447.maf	50	50	0	4	0	0.1	0.070711	0	0.1	0.070711	chr2:138073397-138073447	0.08	0.178845	0.179863	0.253646	TRUE	1	4	0	4	0	chr2	138073346	138073552	207	*	4	1	0.019324	0.004831
75998	chr2	138509757	138509782	/home/rstudio/disco_tmp/data/scoring/acc_maf_ingroup/25/chr2/chr2_25_acc_138509757_138509782.maf	25	25	0	1	0	0.04	0.028284	0	0.04	0.028284	chr2:138509757-138509782	0.04	0.066476	0.084566	0.107566	TRUE	2	2	0	1 1	0 0	chr2	138509683	138509801	119	*	2	2	0.016807	0.016807
75998	chr2	138509707	138509732	/home/rstudio/disco_tmp/data/scoring/acc_maf_ingroup/25/chr2/chr2_25_acc_138509707_138509732.maf	25	25	0	1	0	0.08	0.056569	0	0.08	0.056569	chr2:138509707-138509732	0.04	0.141389	0.084566	0.164749	TRUE	2	2	0	1 1	0 0	chr2	138509683	138509801	119	*	2	2	0.016807	0.016807
76008	chr2	138592754	138592779	/home/rstudio/disco_tmp/data/scoring/acc_maf_ingroup/25/chr2/chr2_25_acc_138592754_138592779.maf	25	25	0	1	0	0.08	0.056569	0	0.08	0.056569	chr2:138592754-138592779	0.04	0.141389	0.084566	0.164749	TRUE	1	1	0	1	0	chr2	138592705	138592923	219	*	1	1	0.004566	0.004566
761	chr1	6475642	6475692	/home/rstudio/disco_tmp/data/scoring/acc_maf_ingroup/50/chr1/chr1_50_acc_6475642_6475692.maf	50	50	0	2	0.04	0.1	0.042426	0.04	0.1	0.042426	chr1:6475642-6475692	0.04	0.103933	0.084566	0.13399	TRUE	1	2	0	2	0	chr1	6475643	6475787	145	*	2	1	0.013793	0.006897
76332	chr2	141718022	141718072	/home/rstudio/disco_tmp/data/scoring/acc_maf_ingroup/50/chr2/chr2_50_acc_141718022_141718072.maf	50	50	0	2	0	0.04	0.028284	0	0.04	0.028284	chr2:141718022-141718072	0.04	0.066476	0.084566	0.107566	TRUE	1	2	0	2	0	chr2	141717929	141718443	515	*	2	1	0.003883	0.001942
765	chr1	6499474	6499524	/home/rstudio/disco_tmp/data/scoring/acc_maf_ingroup/50/chr1/chr1_50_acc_6499474_6499524.maf	50	50	0	4	0.1	0.16	0.042426	0.1	0.16	0.042426	chr1:6499474-6499524	0.08	0.103933	0.179863	0.207733	TRUE	1	4	0	4	0	chr1	6499274	6499654	381	*	4	1	0.010499	0.002625
76733	chr2	145732598	145732648	/home/rstudio/disco_tmp/data/scoring/acc_maf_ingroup/50/chr2/chr2_50_acc_145732598_145732648.maf	50	50	0	3	0.04	0.1	0.042426	0.04	0.1	0.042426	chr2:145732598-145732648	0.06	0.103933	0.132215	0.168175	TRUE	2	4	0	1 3	0 0	chr2	145732549	145732765	217	*	4	2	0.018433	0.009217
76733	chr2	145732548	145732573	/home/rstudio/disco_tmp/data/scoring/acc_maf_ingroup/25/chr2/chr2_25_acc_145732548_145732573.maf	25	25	0	1	0.04	0.08	0.028284	0.04	0.08	0.028284	chr2:145732548-145732573	0.04	0.066476	0.084566	0.107566	TRUE	2	4	0	1 3	0 0	chr2	145732549	145732765	217	*	4	2	0.018433	0.009217
768	chr1	6508592	6508642	/home/rstudio/disco_tmp/data/scoring/acc_maf_ingroup/50/chr1/chr1_50_acc_6508592_6508642.maf	50	64	14	1	0	0.015625	0.011049	0	0.015625	0.011049	chr1:6508592-6508642	0.015625	0.020827	0.026494	0.0337	TRUE	3	2	15	1 1 1	0 1 14	chr1	6508443	6508726	284	*	1	1	0.003521	0.003521
768	chr1	6508542	6508567	/home/rstudio/disco_tmp/data/scoring/acc_maf_ingroup/25/chr1/chr1_25_acc_6508542_6508567.maf	25	25	0	1	0.04	0.08	0.028284	0.04	0.08	0.028284	chr1:6508542-6508567	0.04	0.066476	0.084566	0.107566	TRUE	3	2	15	1 1 1	0 1 14	chr1	6508443	6508726	284	*	1	1	0.003521	0.003521
768	chr1	6508542	6508592	/home/rstudio/disco_tmp/data/scoring/acc_maf_ingroup/50/chr1/chr1_50_acc_6508542_6508592.maf	50	51	1	1	0.019608	0.078431	0.041595	0.019608	0.078431	0.041595	chr1:6508542-6508592	0.019608	0.101729	0.035983	0.107905	TRUE	3	2	15	1 1 1	0 1 14	chr1	6508443	6508726	284	*	1	1	0.003521	0.003521
77402	chr20	1255925	1255975	/paula/2019/aves/data/scoring/acc_maf_ingroup/50/chr20/chr20_50_acc_1255925_1255975.maf	50	50	0	2	0	0.1	0.070711	0	0.1	0.070711	chr20:1255925-1255975	0.04	0.178845	0.084566	0.19783	TRUE	1	2	0	2	0	chr20	1255256	1256568	1313	*	2	1	0.001523	0.000762
7808	chr1	55285840	55285865	/home/rstudio/disco_tmp/data/scoring/acc_maf_ingroup/25/chr1/chr1_25_acc_55285840_55285865.maf	25	25	0	1	0	0.04	0.028284	0	0.04	0.028284	chr1:55285840-55285865	0.04	0.066476	0.084566	0.107566	TRUE	1	1	0	1	0	chr1	55285691	55285868	178	*	1	1	0.005618	0.005618
78156	chr20	4691903	4691953	/paula/2019/aves/data/scoring/acc_maf_ingroup/50/chr20/chr20_50_acc_4691903_4691953.maf	50	50	0	1	0	0.08	0.056569	0	0.08	0.056569	chr20:4691903-4691953	0.02	0.141389	0.036917	0.146129	TRUE	1	1	0	1	0	chr20	4691704	4692687	984	*	1	1	0.001016	0.001016
78311	chr20	5087665	5087715	/paula/2019/aves/data/scoring/acc_maf_ingroup/50/chr20/chr20_50_acc_5087665_5087715.maf	50	50	0	3	0.02	0.08	0.042426	0.02	0.08	0.042426	chr20:5087665-5087715	0.06	0.103933	0.132215	0.168175	TRUE	1	3	0	3	0	chr20	5087630	5087892	263	*	3	1	0.011407	0.003802
7870	chr1	55581256	55581281	/home/rstudio/disco_tmp/data/scoring/acc_maf_ingroup/25/chr1/chr1_25_acc_55581256_55581281.maf	25	25	0	1	0	0.08	0.056569	0	0.08	0.056569	chr1:55581256-55581281	0.04	0.141389	0.084566	0.164749	TRUE	1	1	0	1	0	chr1	55581182	55581337	156	*	1	1	0.00641	0.00641
78968	chr20	7637831	7637881	/paula/2019/aves/data/scoring/acc_maf_ingroup/50/chr20/chr20_50_acc_7637831_7637881.maf	50	50	0	1	0	0.02	0.014142	0	0.02	0.014142	chr20:7637831-7637881	0.02	0.02902	0.036917	0.046958	TRUE	1	1	0	1	0	chr20	7637670	7638152	483	*	1	1	0.00207	0.00207
79163	chr20	8135580	8135630	/paula/2019/aves/data/scoring/acc_maf_ingroup/50/chr20/chr20_50_acc_8135580_8135630.maf	50	50	0	1	0	0.02	0.014142	0	0.02	0.014142	chr20:8135580-8135630	0.02	0.02902	0.036917	0.046958	TRUE	1	1	0	1	0	chr20	8135531	8135664	134	*	1	1	0.007463	0.007463
79178	chr20	8227890	8227915	/paula/2019/aves/data/scoring/acc_maf_ingroup/25/chr20/chr20_25_acc_8227890_8227915.maf	25	25	0	2	0	0.12	0.084853	0	0.12	0.084853	chr20:8227890-8227915	0.08	0.216301	0.179863	0.281313	TRUE	2	2	0	2 2	0 0	chr20	8227488	8227975	488	*	4	2	0.008197	0.004098
79178	chr20	8227865	8227915	/paula/2019/aves/data/scoring/acc_maf_ingroup/50/chr20/chr20_50_acc_8227865_8227915.maf	50	50	0	2	0	0.08	0.056569	0	0.08	0.056569	chr20:8227865-8227915	0.04	0.141389	0.084566	0.164749	TRUE	2	2	0	2 2	0 0	chr20	8227488	8227975	488	*	4	2	0.008197	0.004098
79214	chr20	8435409	8435459	/paula/2019/aves/data/scoring/acc_maf_ingroup/50/chr20/chr20_50_acc_8435409_8435459.maf	50	60	10	2	0.016667	0.05	0.02357	0.016667	0.05	0.02357	chr20:8435409-8435459	0.033333	0.053991	0.068683	0.087363	TRUE	2	4	10	2 2	0 10	chr20	8435066	8435491	426	*	2	1	0.004695	0.002347
79214	chr20	8435115	8435165	/paula/2019/aves/data/scoring/acc_maf_ingroup/50/chr20/chr20_50_acc_8435115_8435165.maf	50	50	0	2	0.02	0.18	0.113137	0.02	0.18	0.113137	chr20:8435115-8435165	0.04	0.291214	0.084566	0.303244	TRUE	2	4	10	2 2	0 10	chr20	8435066	8435491	426	*	2	1	0.004695	0.002347
79310	chr20	8707700	8707750	/paula/2019/aves/data/scoring/acc_maf_ingroup/50/chr20/chr20_50_acc_8707700_8707750.maf	50	50	0	4	0.04	0.1	0.042426	0.04	0.1	0.042426	chr20:8707700-8707750	0.08	0.103933	0.179863	0.207733	TRUE	2	5	1	1 4	1 0	chr20	8707446	8708993	1548	*	4	1	0.002584	0.000646
79310	chr20	8707450	8707500	/paula/2019/aves/data/scoring/acc_maf_ingroup/50/chr20/chr20_50_acc_8707450_8707500.maf	50	51	1	1	0.019608	0.078431	0.041595	0.019608	0.078431	0.041595	chr20:8707450-8707500	0.019608	0.101729	0.035983	0.107905	TRUE	2	5	1	1 4	1 0	chr20	8707446	8708993	1548	*	4	1	0.002584	0.000646
80614	chr20	13750033	13750083	/paula/2019/aves/data/scoring/acc_maf_ingroup/50/chr20/chr20_50_acc_13750033_13750083.maf	50	50	0	1	0	0.02	0.014142	0	0.02	0.014142	chr20:13750033-13750083	0.02	0.02902	0.036917	0.046958	TRUE	1	1	0	1	0	chr20	13749973	13750119	147	*	1	1	0.006803	0.006803
8087	chr1	56783375	56783425	/home/rstudio/disco_tmp/data/scoring/acc_maf_ingroup/50/chr1/chr1_50_acc_56783375_56783425.maf	50	50	0	2	0.04	0.08	0.028284	0.04	0.08	0.028284	chr1:56783375-56783425	0.04	0.066476	0.084566	0.107566	TRUE	1	2	0	2	0	chr1	56783127	56783481	355	*	2	1	0.005634	0.002817
81013	chr21	1770999	1771049	/paula/2019/aves/data/scoring/acc_maf_ingroup/50/chr21/chr21_50_acc_1770999_1771049.maf	50	60	10	4	0.033333	0.133333	0.070711	0.033333	0.133333	0.070711	chr21:1770999-1771049	0.066667	0.178845	0.148098	0.232203	TRUE	2	5	10	4 1	10 0	chr21	1771000	1771759	760	*	1	1	0.001316	0.001316
81013	chr21	1771541	1771591	/paula/2019/aves/data/scoring/acc_maf_ingroup/50/chr21/chr21_50_acc_1771541_1771591.maf	50	50	0	1	0.02	0.04	0.014142	0.02	0.04	0.014142	chr21:1771541-1771591	0.02	0.02902	0.036917	0.046958	TRUE	2	5	10	4 1	10 0	chr21	1771000	1771759	760	*	1	1	0.001316	0.001316
81046	chr21	1963924	1963974	/paula/2019/aves/data/scoring/acc_maf_ingroup/50/chr21/chr21_50_acc_1963924_1963974.maf	50	50	0	1	0.06	0.12	0.042426	0.06	0.12	0.042426	chr21:1963924-1963974	0.02	0.103933	0.036917	0.110294	TRUE	1	1	0	1	0	chr21	1963875	1963985	111	*	1	1	0.009009	0.009009
8136	chr1	56942965	56943015	/home/rstudio/disco_tmp/data/scoring/acc_maf_ingroup/50/chr1/chr1_50_acc_56942965_56943015.maf	50	50	0	1	0.04	0.06	0.014142	0.04	0.06	0.014142	chr1:56942965-56943015	0.02	0.02902	0.036917	0.046958	TRUE	2	2	0	1 1	0 0	chr1	56942966	56943091	126	*	2	2	0.015873	0.015873
8136	chr1	56943015	56943065	/home/rstudio/disco_tmp/data/scoring/acc_maf_ingroup/50/chr1/chr1_50_acc_56943015_56943065.maf	50	50	0	1	0.02	0.04	0.014142	0.02	0.04	0.014142	chr1:56943015-56943065	0.02	0.02902	0.036917	0.046958	TRUE	2	2	0	1 1	0 0	chr1	56942966	56943091	126	*	2	2	0.015873	0.015873
8140	chr1	56949785	56949835	/home/rstudio/disco_tmp/data/scoring/acc_maf_ingroup/50/chr1/chr1_50_acc_56949785_56949835.maf	50	50	0	2	0.08	0.1	0.014142	0.08	0.1	0.014142	chr1:56949785-56949835	0.04	0.02902	0.084566	0.089407	TRUE	1	2	0	2	0	chr1	56949736	56949959	224	*	2	1	0.008929	0.004464
8150	chr1	57035524	57035549	/home/rstudio/disco_tmp/data/scoring/acc_maf_ingroup/25/chr1/chr1_25_acc_57035524_57035549.maf	25	61	36	1	0.016393	0.032787	0.011592	0.016393	0.032787	0.011592	chr1:57035524-57035549	0.016393	0.022266	0.028325	0.036028	TRUE	4	9	161	6 1 1 1	0 0 125 36	chr1	57035246	57035662	417	*	7	2	0.016787	0.004796
8150	chr1	57035449	57035474	/home/rstudio/disco_tmp/data/scoring/acc_maf_ingroup/25/chr1/chr1_25_acc_57035449_57035474.maf	25	25	0	1	0	0.04	0.028284	0	0.04	0.028284	chr1:57035449-57035474	0.04	0.066476	0.084566	0.107566	TRUE	4	9	161	6 1 1 1	0 0 125 36	chr1	57035246	57035662	417	*	7	2	0.016787	0.004796
8150	chr1	57035474	57035524	/home/rstudio/disco_tmp/data/scoring/acc_maf_ingroup/50/chr1/chr1_50_acc_57035474_57035524.maf	50	175	125	1	0	0.022857	0.016162	0	0.022857	0.016162	chr1:57035474-57035524	0.005714	0.034371	0.002882	0.034492	TRUE	4	9	161	6 1 1 1	0 0 125 36	chr1	57035246	57035662	417	*	7	2	0.016787	0.004796
8150	chr1	57035374	57035424	/home/rstudio/disco_tmp/data/scoring/acc_maf_ingroup/50/chr1/chr1_50_acc_57035374_57035424.maf	50	50	0	6	0.06	0.22	0.113137	0.06	0.22	0.113137	chr1:57035374-57035424	0.12	0.291214	0.275161	0.400648	TRUE	4	9	161	6 1 1 1	0 0 125 36	chr1	57035246	57035662	417	*	7	2	0.016787	0.004796
81974	chr21	5956696	5956746	/paula/2019/aves/data/scoring/acc_maf_ingroup/50/chr21/chr21_50_acc_5956696_5956746.maf	50	50	0	3	0.02	0.1	0.056569	0.02	0.1	0.056569	chr21:5956696-5956746	0.06	0.141389	0.132215	0.193576	TRUE	1	3	0	3	0	chr21	5956697	5956807	111	*	3	1	0.027027	0.009009
82031	chr21	6462598	6462648	/paula/2019/aves/data/scoring/acc_maf_ingroup/50/chr21/chr21_50_acc_6462598_6462648.maf	50	50	0	2	0.04	0.06	0.014142	0.04	0.06	0.014142	chr21:6462598-6462648	0.04	0.02902	0.084566	0.089407	TRUE	1	2	0	2	0	chr21	6462549	6462667	119	*	2	1	0.016807	0.008403
82201	chr22	692634	692684	/paula/2019/aves/data/scoring/acc_maf_ingroup/50/chr22/chr22_50_acc_692634_692684.maf	50	50	0	1	0	0.08	0.056569	0	0.08	0.056569	chr22:692634-692684	0.02	0.141389	0.036917	0.146129	TRUE	1	1	0	1	0	chr22	692535	692707	173	*	1	1	0.00578	0.00578
8310	chr1	58917592	58917617	/home/rstudio/disco_tmp/data/scoring/acc_maf_ingroup/25/chr1/chr1_25_acc_58917592_58917617.maf	25	25	0	2	0	0.08	0.056569	0	0.08	0.056569	chr1:58917592-58917617	0.08	0.141389	0.179863	0.228783	TRUE	1	2	0	2	0	chr1	58917593	58917766	174	*	2	1	0.011494	0.005747
8316	chr1	58927364	58927414	/home/rstudio/disco_tmp/data/scoring/acc_maf_ingroup/50/chr1/chr1_50_acc_58927364_58927414.maf	50	50	0	4	0.06	0.12	0.042426	0.06	0.12	0.042426	chr1:58927364-58927414	0.08	0.103933	0.179863	0.207733	TRUE	1	4	0	4	0	chr1	58927265	58927426	162	*	4	1	0.024691	0.006173
83192	chr23	1555177	1555227	/paula/2019/aves/data/scoring/acc_maf_ingroup/50/chr23/chr23_50_acc_1555177_1555227.maf	50	50	0	3	0.02	0.1	0.056569	0.02	0.1	0.056569	chr23:1555177-1555227	0.06	0.141389	0.132215	0.193576	TRUE	1	3	0	3	0	chr23	1555133	1555237	105	*	3	1	0.028571	0.009524
83205	chr23	1601323	1601373	/paula/2019/aves/data/scoring/acc_maf_ingroup/50/chr23/chr23_50_acc_1601323_1601373.maf	50	50	0	1	0.02	0.06	0.028284	0.02	0.06	0.028284	chr23:1601323-1601373	0.02	0.066476	0.036917	0.076039	TRUE	1	1	0	1	0	chr23	1601178	1601462	285	*	1	1	0.003509	0.003509
83220	chr23	1671635	1671685	/paula/2019/aves/data/scoring/acc_maf_ingroup/50/chr23/chr23_50_acc_1671635_1671685.maf	50	50	0	2	0.04	0.06	0.014142	0.04	0.06	0.014142	chr23:1671635-1671685	0.04	0.02902	0.084566	0.089407	TRUE	1	2	0	2	0	chr23	1671586	1671720	135	*	2	1	0.014815	0.007407
8323	chr1	58939389	58939439	/home/rstudio/disco_tmp/data/scoring/acc_maf_ingroup/50/chr1/chr1_50_acc_58939389_58939439.maf	50	50	0	1	0.06	0.14	0.056569	0.06	0.14	0.056569	chr1:58939389-58939439	0.02	0.141389	0.036917	0.146129	TRUE	1	1	0	1	0	chr1	58939388	58939550	163	*	1	1	0.006135	0.006135
83545	chr23	3396823	3396873	/paula/2019/aves/data/scoring/acc_maf_ingroup/50/chr23/chr23_50_acc_3396823_3396873.maf	50	50	0	3	0	0.06	0.042426	0	0.06	0.042426	chr23:3396823-3396873	0.06	0.103933	0.132215	0.168175	TRUE	1	3	0	3	0	chr23	3396741	3396940	200	*	3	1	0.015	0.005
83605	chr23	3703413	3703463	/paula/2019/aves/data/scoring/acc_maf_ingroup/50/chr23/chr23_50_acc_3703413_3703463.maf	50	50	0	3	0.06	0.18	0.084853	0.06	0.18	0.084853	chr23:3703413-3703463	0.06	0.216301	0.132215	0.253509	TRUE	1	3	0	3	0	chr23	3703364	3703503	140	*	3	1	0.021429	0.007143
8395	chr1	59559396	59559421	/home/rstudio/disco_tmp/data/scoring/acc_maf_ingroup/25/chr1/chr1_25_acc_59559396_59559421.maf	25	25	0	1	0	0.04	0.028284	0	0.04	0.028284	chr1:59559396-59559421	0.04	0.066476	0.084566	0.107566	TRUE	2	3	0	1 3	0 0	chr1	59559347	59559516	170	*	4	2	0.023529	0.011765
8395	chr1	59559396	59559446	/home/rstudio/disco_tmp/data/scoring/acc_maf_ingroup/50/chr1/chr1_50_acc_59559396_59559446.maf	50	50	0	3	0	0.1	0.070711	0	0.1	0.070711	chr1:59559396-59559446	0.06	0.178845	0.132215	0.22241	TRUE	2	3	0	1 3	0 0	chr1	59559347	59559516	170	*	4	2	0.023529	0.011765
84396	chr24	177607	177657	/paula/2019/aves/data/scoring/acc_maf_ingroup/50/chr24/chr24_50_acc_177607_177657.maf	50	50	0	5	0.04	0.1	0.042426	0.04	0.1	0.042426	chr24:177607-177657	0.1	0.103933	0.227512	0.250128	TRUE	1	5	0	5	0	chr24	177519	177713	195	*	5	1	0.025641	0.005128
85902	chr24	5585525	5585575	/paula/2019/aves/data/scoring/acc_maf_ingroup/50/chr24/chr24_50_acc_5585525_5585575.maf	50	50	0	2	0	0.06	0.042426	0	0.06	0.042426	chr24:5585525-5585575	0.04	0.103933	0.084566	0.13399	TRUE	1	2	0	2	0	chr24	5585476	5585603	128	*	2	1	0.015625	0.007812
85905	chr24	5587186	5587236	/paula/2019/aves/data/scoring/acc_maf_ingroup/50/chr24/chr24_50_acc_5587186_5587236.maf	50	50	0	1	0	0.06	0.042426	0	0.06	0.042426	chr24:5587186-5587236	0.02	0.103933	0.036917	0.110294	TRUE	1	1	0	1	0	chr24	5587137	5587238	102	*	1	1	0.009804	0.009804
86554	chr26	560748	560773	/paula/2019/aves/data/scoring/acc_maf_ingroup/25/chr26/chr26_25_acc_560748_560773.maf	25	25	0	3	0.04	0.16	0.084853	0.04	0.16	0.084853	chr26:560748-560773	0.12	0.216301	0.275161	0.35	TRUE	2	8	0	8 3	0 0	chr26	560622	560798	177	*	11	2	0.062147	0.011299
86554	chr26	560723	560773	/paula/2019/aves/data/scoring/acc_maf_ingroup/50/chr26/chr26_50_acc_560723_560773.maf	50	50	0	8	0.02	0.18	0.113137	0.02	0.18	0.113137	chr26:560723-560773	0.16	0.291214	0.370459	0.471216	TRUE	2	8	0	8 3	0 0	chr26	560622	560798	177	*	11	2	0.062147	0.011299
8668	chr1	60909380	60909405	/home/rstudio/disco_tmp/data/scoring/acc_maf_ingroup/25/chr1/chr1_25_acc_60909380_60909405.maf	25	25	0	2	0.08	0.12	0.028284	0.08	0.12	0.028284	chr1:60909380-60909405	0.08	0.066476	0.179863	0.191755	TRUE	1	2	0	2	0	chr1	60909198	60909493	296	*	2	1	0.006757	0.003378
8676	chr1	60963680	60963730	/home/rstudio/disco_tmp/data/scoring/acc_maf_ingroup/50/chr1/chr1_50_acc_60963680_60963730.maf	50	50	0	2	0.04	0.12	0.056569	0.04	0.12	0.056569	chr1:60963680-60963730	0.04	0.141389	0.084566	0.164749	TRUE	2	5	0	3 2	0 0	chr1	60963631	60963834	204	*	5	2	0.02451	0.009804
8676	chr1	60963630	60963680	/home/rstudio/disco_tmp/data/scoring/acc_maf_ingroup/50/chr1/chr1_50_acc_60963630_60963680.maf	50	50	0	3	0.06	0.12	0.042426	0.06	0.12	0.042426	chr1:60963630-60963680	0.06	0.103933	0.132215	0.168175	TRUE	2	5	0	3 2	0 0	chr1	60963631	60963834	204	*	5	2	0.02451	0.009804
87356	chr26	3386264	3386314	/paula/2019/aves/data/scoring/acc_maf_ingroup/50/chr26/chr26_50_acc_3386264_3386314.maf	50	50	0	1	0	0.06	0.042426	0	0.06	0.042426	chr26:3386264-3386314	0.02	0.103933	0.036917	0.110294	TRUE	1	1	0	1	0	chr26	3386165	3387283	1119	*	1	1	0.000894	0.000894
878	chr1	7300565	7300590	/home/rstudio/disco_tmp/data/scoring/acc_maf_ingroup/25/chr1/chr1_25_acc_7300565_7300590.maf	25	25	0	1	0	0.08	0.056569	0	0.08	0.056569	chr1:7300565-7300590	0.04	0.141389	0.084566	0.164749	TRUE	1	1	0	1	0	chr1	7300416	7300598	183	*	1	1	0.005464	0.005464
879	chr1	7301420	7301445	/home/rstudio/disco_tmp/data/scoring/acc_maf_ingroup/25/chr1/chr1_25_acc_7301420_7301445.maf	25	25	0	1	0	0.04	0.028284	0	0.04	0.028284	chr1:7301420-7301445	0.04	0.066476	0.084566	0.107566	TRUE	1	1	0	1	0	chr1	7301421	7301540	120	*	1	1	0.008333	0.008333
880	chr1	7305151	7305176	/home/rstudio/disco_tmp/data/scoring/acc_maf_ingroup/25/chr1/chr1_25_acc_7305151_7305176.maf	25	25	0	2	0	0.08	0.056569	0	0.08	0.056569	chr1:7305151-7305176	0.08	0.141389	0.179863	0.228783	TRUE	2	3	3	3 2	3 0	chr1	7305127	7305251	125	*	2	1	0.016	0.008
880	chr1	7305126	7305176	/home/rstudio/disco_tmp/data/scoring/acc_maf_ingroup/50/chr1/chr1_50_acc_7305126_7305176.maf	50	53	3	3	0.018868	0.056604	0.026683	0.018868	0.056604	0.026683	chr1:7305126-7305176	0.056604	0.062236	0.124123	0.138852	TRUE	2	3	3	3 2	3 0	chr1	7305127	7305251	125	*	2	1	0.016	0.008
8811	chr1	61662314	61662364	/home/rstudio/disco_tmp/data/scoring/acc_maf_ingroup/50/chr1/chr1_50_acc_61662314_61662364.maf	50	50	0	1	0.06	0.08	0.014142	0.06	0.08	0.014142	chr1:61662314-61662364	0.02	0.02902	0.036917	0.046958	TRUE	1	1	0	1	0	chr1	61662219	61662452	234	*	1	1	0.004274	0.004274
8824	chr1	61750376	61750401	/home/rstudio/disco_tmp/data/scoring/acc_maf_ingroup/25/chr1/chr1_25_acc_61750376_61750401.maf	25	25	0	2	0	0.08	0.056569	0	0.08	0.056569	chr1:61750376-61750401	0.08	0.141389	0.179863	0.228783	TRUE	1	2	0	2	0	chr1	61750346	61750552	207	*	2	1	0.009662	0.004831
8826	chr1	61751957	61751982	/home/rstudio/disco_tmp/data/scoring/acc_maf_ingroup/25/chr1/chr1_25_acc_61751957_61751982.maf	25	25	0	2	0.04	0.08	0.028284	0.04	0.08	0.028284	chr1:61751957-61751982	0.08	0.066476	0.179863	0.191755	TRUE	1	2	0	2	0	chr1	61751908	61752023	116	*	2	1	0.017241	0.008621
8827	chr1	61755241	61755266	/home/rstudio/disco_tmp/data/scoring/acc_maf_ingroup/25/chr1/chr1_25_acc_61755241_61755266.maf	25	25	0	1	0.04	0.12	0.056569	0.04	0.12	0.056569	chr1:61755241-61755266	0.04	0.141389	0.084566	0.164749	TRUE	1	1	0	1	0	chr1	61755092	61755276	185	*	1	1	0.005405	0.005405
88544	chr27	6205082	6205132	/paula/2019/aves/data/scoring/acc_maf_ingroup/50/chr27/chr27_50_acc_6205082_6205132.maf	50	50	0	4	0	0.1	0.070711	0	0.1	0.070711	chr27:6205082-6205132	0.08	0.178845	0.179863	0.253646	TRUE	2	7	7	3 4	7 0	chr27	6204933	6205309	377	*	4	1	0.01061	0.002653
88544	chr27	6205032	6205082	/paula/2019/aves/data/scoring/acc_maf_ingroup/50/chr27/chr27_50_acc_6205032_6205082.maf	50	57	7	3	0	0.122807	0.086838	0	0.122807	0.086838	chr27:6205032-6205082	0.052632	0.221558	0.11466	0.249469	TRUE	2	7	7	3 4	7 0	chr27	6204933	6205309	377	*	4	1	0.01061	0.002653
88850	chr27	7310809	7310859	/paula/2019/aves/data/scoring/acc_maf_ingroup/50/chr27/chr27_50_acc_7310809_7310859.maf	50	50	0	3	0	0.08	0.056569	0	0.08	0.056569	chr27:7310809-7310859	0.06	0.141389	0.132215	0.193576	TRUE	3	7	5	2 3 2	5 0 0	chr27	7310760	7310929	170	*	5	2	0.029412	0.011765
88850	chr27	7310859	7310909	/paula/2019/aves/data/scoring/acc_maf_ingroup/50/chr27/chr27_50_acc_7310859_7310909.maf	50	50	0	2	0	0.06	0.042426	0	0.06	0.042426	chr27:7310859-7310909	0.04	0.103933	0.084566	0.13399	TRUE	3	7	5	2 3 2	5 0 0	chr27	7310760	7310929	170	*	5	2	0.029412	0.011765
88850	chr27	7310759	7310809	/paula/2019/aves/data/scoring/acc_maf_ingroup/50/chr27/chr27_50_acc_7310759_7310809.maf	50	55	5	2	0	0.090909	0.064282	0	0.090909	0.064282	chr27:7310759-7310809	0.036364	0.161819	0.075902	0.178736	TRUE	3	7	5	2 3 2	5 0 0	chr27	7310760	7310929	170	*	5	2	0.029412	0.011765
89247	chr28	1034488	1034538	/paula/2019/aves/data/scoring/acc_maf_ingroup/50/chr28/chr28_50_acc_1034488_1034538.maf	50	50	0	1	0	0.02	0.014142	0	0.02	0.014142	chr28:1034488-1034538	0.02	0.02902	0.036917	0.046958	TRUE	1	1	0	1	0	chr28	1034339	1034573	235	*	1	1	0.004255	0.004255
8957	chr1	62440550	62440600	/home/rstudio/disco_tmp/data/scoring/acc_maf_ingroup/50/chr1/chr1_50_acc_62440550_62440600.maf	50	50	0	2	0.06	0.1	0.028284	0.06	0.1	0.028284	chr1:62440550-62440600	0.04	0.066476	0.084566	0.107566	TRUE	1	2	0	2	0	chr1	62440551	62440697	147	*	2	1	0.013605	0.006803
89883	chr28	4282629	4282679	/paula/2019/aves/data/scoring/acc_maf_ingroup/50/chr28/chr28_50_acc_4282629_4282679.maf	50	50	0	2	0	0.08	0.056569	0	0.08	0.056569	chr28:4282629-4282679	0.04	0.141389	0.084566	0.164749	TRUE	1	2	0	2	0	chr28	4282630	4282761	132	*	2	1	0.015152	0.007576
8989	chr1	62911858	62911908	/home/rstudio/disco_tmp/data/scoring/acc_maf_ingroup/50/chr1/chr1_50_acc_62911858_62911908.maf	50	50	0	1	0	0.02	0.014142	0	0.02	0.014142	chr1:62911858-62911908	0.02	0.02902	0.036917	0.046958	TRUE	1	1	0	1	0	chr1	62911750	62911921	172	*	1	1	0.005814	0.005814
9011	chr1	63104877	63104927	/home/rstudio/disco_tmp/data/scoring/acc_maf_ingroup/50/chr1/chr1_50_acc_63104877_63104927.maf	50	50	0	3	0.04	0.14	0.070711	0.04	0.14	0.070711	chr1:63104877-63104927	0.06	0.178845	0.132215	0.22241	TRUE	1	3	0	3	0	chr1	63104878	63105025	148	*	3	1	0.02027	0.006757
90568	chr3	1878923	1878973	/home/rstudio/disco_tmp/data/scoring/acc_maf_ingroup/50/chr3/chr3_50_acc_1878923_1878973.maf	50	50	0	2	0.02	0.06	0.028284	0.02	0.06	0.028284	chr3:1878923-1878973	0.04	0.066476	0.084566	0.107566	TRUE	1	2	0	2	0	chr3	1878622	1879593	972	*	2	1	0.002058	0.001029
90569	chr3	1880268	1880293	/home/rstudio/disco_tmp/data/scoring/acc_maf_ingroup/25/chr3/chr3_25_acc_1880268_1880293.maf	25	25	0	1	0	0.12	0.084853	0	0.12	0.084853	chr3:1880268-1880293	0.04	0.216301	0.084566	0.232245	TRUE	6	23	76	5 1 6 4 6 5	0 0 3 3 73 0	chr3	1879621	1880674	1054	*	11	3	0.010436	0.002846
90569	chr3	1880318	1880343	/home/rstudio/disco_tmp/data/scoring/acc_maf_ingroup/25/chr3/chr3_25_acc_1880318_1880343.maf	25	28	3	4	0.035714	0.178571	0.101015	0.035714	0.178571	0.101015	chr3:1880318-1880343	0.142857	0.259108	0.329617	0.419266	TRUE	6	23	76	5 1 6 4 6 5	0 0 3 3 73 0	chr3	1879621	1880674	1054	*	11	3	0.010436	0.002846
90569	chr3	1880093	1880143	/home/rstudio/disco_tmp/data/scoring/acc_maf_ingroup/50/chr3/chr3_50_acc_1880093_1880143.maf	50	50	0	5	0.02	0.14	0.084853	0.02	0.14	0.084853	chr3:1880093-1880143	0.1	0.216301	0.227512	0.313924	TRUE	6	23	76	5 1 6 4 6 5	0 0 3 3 73 0	chr3	1879621	1880674	1054	*	11	3	0.010436	0.002846
90569	chr3	1880393	1880443	/home/rstudio/disco_tmp/data/scoring/acc_maf_ingroup/50/chr3/chr3_50_acc_1880393_1880443.maf	50	123	73	6	0	0.056911	0.040242	0	0.056911	0.040242	chr3:1880393-1880443	0.04878	0.098147	0.105485	0.144083	TRUE	6	23	76	5 1 6 4 6 5	0 0 3 3 73 0	chr3	1879621	1880674	1054	*	11	3	0.010436	0.002846
90569	chr3	1880293	1880343	/home/rstudio/disco_tmp/data/scoring/acc_maf_ingroup/50/chr3/chr3_50_acc_1880293_1880343.maf	50	53	3	6	0.037736	0.150943	0.08005	0.037736	0.150943	0.08005	chr3:1880293-1880343	0.113208	0.20358	0.258978	0.329416	TRUE	6	23	76	5 1 6 4 6 5	0 0 3 3 73 0	chr3	1879621	1880674	1054	*	11	3	0.010436	0.002846
90569	chr3	1880493	1880543	/home/rstudio/disco_tmp/data/scoring/acc_maf_ingroup/50/chr3/chr3_50_acc_1880493_1880543.maf	50	50	0	5	0.06	0.12	0.042426	0.06	0.12	0.042426	chr3:1880493-1880543	0.1	0.103933	0.227512	0.250128	TRUE	6	23	76	5 1 6 4 6 5	0 0 3 3 73 0	chr3	1879621	1880674	1054	*	11	3	0.010436	0.002846
90597	chr3	1931425	1931475	/home/rstudio/disco_tmp/data/scoring/acc_maf_ingroup/50/chr3/chr3_50_acc_1931425_1931475.maf	50	118	66	4	0.076271	0.110169	0.02397	0.076271	0.110169	0.02397	chr3:1931425-1931475	0.033898	0.055049	0.070029	0.089076	TRUE	2	5	66	1 4	0 66	chr3	1931344	1931791	448	*	1	1	0.002232	0.002232
90597	chr3	1931343	1931393	/home/rstudio/disco_tmp/data/scoring/acc_maf_ingroup/50/chr3/chr3_50_acc_1931343_1931393.maf	50	50	0	1	0.02	0.04	0.014142	0.02	0.04	0.014142	chr3:1931343-1931393	0.02	0.02902	0.036917	0.046958	TRUE	2	5	66	1 4	0 66	chr3	1931344	1931791	448	*	1	1	0.002232	0.002232
90647	chr3	2229806	2229856	/home/rstudio/disco_tmp/data/scoring/acc_maf_ingroup/50/chr3/chr3_50_acc_2229806_2229856.maf	50	50	0	4	0	0.1	0.070711	0	0.1	0.070711	chr3:2229806-2229856	0.08	0.178845	0.179863	0.253646	TRUE	2	4	0	2 4	0 0	chr3	2229757	2229893	137	*	6	2	0.043796	0.014599
90647	chr3	2229806	2229831	/home/rstudio/disco_tmp/data/scoring/acc_maf_ingroup/25/chr3/chr3_25_acc_2229806_2229831.maf	25	25	0	2	0	0.12	0.084853	0	0.12	0.084853	chr3:2229806-2229831	0.08	0.216301	0.179863	0.281313	TRUE	2	4	0	2 4	0 0	chr3	2229757	2229893	137	*	6	2	0.043796	0.014599
90657	chr3	2246027	2246077	/home/rstudio/disco_tmp/data/scoring/acc_maf_ingroup/50/chr3/chr3_50_acc_2246027_2246077.maf	50	50	0	1	0.06	0.1	0.028284	0.06	0.1	0.028284	chr3:2246027-2246077	0.02	0.066476	0.036917	0.076039	TRUE	1	1	0	1	0	chr3	2246022	2246123	102	*	1	1	0.009804	0.009804
90683	chr3	2298997	2299022	/home/rstudio/disco_tmp/data/scoring/acc_maf_ingroup/25/chr3/chr3_25_acc_2298997_2299022.maf	25	41	16	2	0	0.04878	0.034493	0	0.04878	0.034493	chr3:2298997-2299022	0.04878	0.08292	0.105485	0.134175	TRUE	2	4	16	2 2	16 0	chr3	2298998	2299160	163	*	2	1	0.01227	0.006135
90683	chr3	2299022	2299047	/home/rstudio/disco_tmp/data/scoring/acc_maf_ingroup/25/chr3/chr3_25_acc_2299022_2299047.maf	25	25	0	2	0	0.16	0.113137	0	0.16	0.113137	chr3:2299022-2299047	0.08	0.291214	0.179863	0.342281	TRUE	2	4	16	2 2	16 0	chr3	2298998	2299160	163	*	2	1	0.01227	0.006135
90788	chr3	2716198	2716223	/home/rstudio/disco_tmp/data/scoring/acc_maf_ingroup/25/chr3/chr3_25_acc_2716198_2716223.maf	25	25	0	1	0	0.04	0.028284	0	0.04	0.028284	chr3:2716198-2716223	0.04	0.066476	0.084566	0.107566	TRUE	1	1	0	1	0	chr3	2716159	2716539	381	*	1	1	0.002625	0.002625
90801	chr3	2737522	2737572	/home/rstudio/disco_tmp/data/scoring/acc_maf_ingroup/50/chr3/chr3_50_acc_2737522_2737572.maf	50	50	0	3	0	0.06	0.042426	0	0.06	0.042426	chr3:2737522-2737572	0.06	0.103933	0.132215	0.168175	TRUE	1	3	0	3	0	chr3	2737523	2737841	319	*	3	1	0.009404	0.003135
90803	chr3	2740148	2740173	/home/rstudio/disco_tmp/data/scoring/acc_maf_ingroup/25/chr3/chr3_25_acc_2740148_2740173.maf	25	25	0	1	0	0.08	0.056569	0	0.08	0.056569	chr3:2740148-2740173	0.04	0.141389	0.084566	0.164749	TRUE	1	1	0	1	0	chr3	2740099	2740224	126	*	1	1	0.007937	0.007937
90806	chr3	2743257	2743307	/home/rstudio/disco_tmp/data/scoring/acc_maf_ingroup/50/chr3/chr3_50_acc_2743257_2743307.maf	50	50	0	1	0.02	0.04	0.014142	0.02	0.04	0.014142	chr3:2743257-2743307	0.02	0.02902	0.036917	0.046958	TRUE	1	1	0	1	0	chr3	2743208	2743340	133	*	1	1	0.007519	0.007519
90833	chr3	2978396	2978446	/home/rstudio/disco_tmp/data/scoring/acc_maf_ingroup/50/chr3/chr3_50_acc_2978396_2978446.maf	50	50	0	1	0.02	0.04	0.014142	0.02	0.04	0.014142	chr3:2978396-2978446	0.02	0.02902	0.036917	0.046958	TRUE	2	1	0	1 1	0 0	chr3	2978297	2978553	257	*	2	2	0.007782	0.007782
90833	chr3	2978421	2978446	/home/rstudio/disco_tmp/data/scoring/acc_maf_ingroup/25/chr3/chr3_25_acc_2978421_2978446.maf	25	25	0	1	0.04	0.08	0.028284	0.04	0.08	0.028284	chr3:2978421-2978446	0.04	0.066476	0.084566	0.107566	TRUE	2	1	0	1 1	0 0	chr3	2978297	2978553	257	*	2	2	0.007782	0.007782
90847	chr3	3003531	3003556	/home/rstudio/disco_tmp/data/scoring/acc_maf_ingroup/25/chr3/chr3_25_acc_3003531_3003556.maf	25	25	0	1	0	0.08	0.056569	0	0.08	0.056569	chr3:3003531-3003556	0.04	0.141389	0.084566	0.164749	TRUE	1	1	0	1	0	chr3	3003446	3003581	136	*	1	1	0.007353	0.007353
91428	chr3	7465871	7465921	/home/rstudio/disco_tmp/data/scoring/acc_maf_ingroup/50/chr3/chr3_50_acc_7465871_7465921.maf	50	50	0	1	0.02	0.12	0.070711	0.02	0.12	0.070711	chr3:7465871-7465921	0.02	0.178845	0.036917	0.182615	TRUE	1	1	0	1	0	chr3	7465722	7466113	392	*	1	1	0.002551	0.002551
91526	chr3	8326678	8326703	/home/rstudio/disco_tmp/data/scoring/acc_maf_ingroup/25/chr3/chr3_25_acc_8326678_8326703.maf	25	25	0	2	0	0.08	0.056569	0	0.08	0.056569	chr3:8326678-8326703	0.08	0.141389	0.179863	0.228783	TRUE	1	2	0	2	0	chr3	8326579	8327106	528	*	2	1	0.003788	0.001894
91578	chr3	8596261	8596311	/home/rstudio/disco_tmp/data/scoring/acc_maf_ingroup/50/chr3/chr3_50_acc_8596261_8596311.maf	50	50	0	3	0.02	0.16	0.098995	0.02	0.16	0.098995	chr3:8596261-8596311	0.06	0.253757	0.132215	0.286135	TRUE	1	3	0	3	0	chr3	8596162	8596374	213	*	3	1	0.014085	0.004695
91599	chr3	8737787	8737812	/home/rstudio/disco_tmp/data/scoring/acc_maf_ingroup/25/chr3/chr3_25_acc_8737787_8737812.maf	25	25	0	1	0	0.04	0.028284	0	0.04	0.028284	chr3:8737787-8737812	0.04	0.066476	0.084566	0.107566	TRUE	2	3	8	3 1	8 0	chr3	8737655	8737870	216	*	1	1	0.00463	0.00463
91599	chr3	8737762	8737812	/home/rstudio/disco_tmp/data/scoring/acc_maf_ingroup/50/chr3/chr3_50_acc_8737762_8737812.maf	50	58	8	3	0	0.12069	0.08534	0	0.12069	0.08534	chr3:8737762-8737812	0.051724	0.217593	0.112498	0.244954	TRUE	2	3	8	3 1	8 0	chr3	8737655	8737870	216	*	1	1	0.00463	0.00463
91755	chr3	9581078	9581128	/home/rstudio/disco_tmp/data/scoring/acc_maf_ingroup/50/chr3/chr3_50_acc_9581078_9581128.maf	50	50	0	1	0.02	0.06	0.028284	0.02	0.06	0.028284	chr3:9581078-9581128	0.02	0.066476	0.036917	0.076039	TRUE	1	1	0	1	0	chr3	9581079	9581231	153	*	1	1	0.006536	0.006536
91881	chr3	10139052	10139077	/home/rstudio/disco_tmp/data/scoring/acc_maf_ingroup/25/chr3/chr3_25_acc_10139052_10139077.maf	25	25	0	2	0	0.16	0.113137	0	0.16	0.113137	chr3:10139052-10139077	0.08	0.291214	0.179863	0.342281	TRUE	2	2	0	2 2	0 0	chr3	10138928	10139109	182	*	4	2	0.021978	0.010989
91881	chr3	10139027	10139077	/home/rstudio/disco_tmp/data/scoring/acc_maf_ingroup/50/chr3/chr3_50_acc_10139027_10139077.maf	50	50	0	2	0.02	0.14	0.084853	0.02	0.14	0.084853	chr3:10139027-10139077	0.04	0.216301	0.084566	0.232245	TRUE	2	2	0	2 2	0 0	chr3	10138928	10139109	182	*	4	2	0.021978	0.010989
91964	chr3	10577343	10577368	/home/rstudio/disco_tmp/data/scoring/acc_maf_ingroup/25/chr3/chr3_25_acc_10577343_10577368.maf	25	25	0	2	0	0.08	0.056569	0	0.08	0.056569	chr3:10577343-10577368	0.08	0.141389	0.179863	0.228783	TRUE	1	2	0	2	0	chr3	10577294	10577436	143	*	2	1	0.013986	0.006993
91966	chr3	10579938	10579963	/home/rstudio/disco_tmp/data/scoring/acc_maf_ingroup/25/chr3/chr3_25_acc_10579938_10579963.maf	25	25	0	2	0	0.16	0.113137	0	0.16	0.113137	chr3:10579938-10579963	0.08	0.291214	0.179863	0.342281	TRUE	1	2	0	2	0	chr3	10579914	10580023	110	*	2	1	0.018182	0.009091
92089	chr3	11086728	11086753	/home/rstudio/disco_tmp/data/scoring/acc_maf_ingroup/25/chr3/chr3_25_acc_11086728_11086753.maf	25	25	0	1	0.04	0.08	0.028284	0.04	0.08	0.028284	chr3:11086728-11086753	0.04	0.066476	0.084566	0.107566	TRUE	1	1	0	1	0	chr3	11086654	11086819	166	*	1	1	0.006024	0.006024
92433	chr3	12489077	12489102	/home/rstudio/disco_tmp/data/scoring/acc_maf_ingroup/25/chr3/chr3_25_acc_12489077_12489102.maf	25	25	0	1	0.08	0.2	0.084853	0.08	0.2	0.084853	chr3:12489077-12489102	0.04	0.216301	0.084566	0.232245	TRUE	1	1	0	1	0	chr3	12488853	12489117	265	*	1	1	0.003774	0.003774
92706	chr3	14108388	14108438	/home/rstudio/disco_tmp/data/scoring/acc_maf_ingroup/50/chr3/chr3_50_acc_14108388_14108438.maf	50	50	0	1	0.04	0.06	0.014142	0.04	0.06	0.014142	chr3:14108388-14108438	0.02	0.02902	0.036917	0.046958	TRUE	1	1	0	1	0	chr3	14108200	14108462	263	*	1	1	0.003802	0.003802
92708	chr3	14109356	14109406	/home/rstudio/disco_tmp/data/scoring/acc_maf_ingroup/50/chr3/chr3_50_acc_14109356_14109406.maf	50	72	22	2	0	0.055556	0.039284	0	0.055556	0.039284	chr3:14109356-14109406	0.027778	0.095609	0.055447	0.110524	TRUE	2	2	22	2 2	22 0	chr3	14109351	14109529	179	*	2	1	0.011173	0.005587
92708	chr3	14109381	14109406	/home/rstudio/disco_tmp/data/scoring/acc_maf_ingroup/25/chr3/chr3_25_acc_14109381_14109406.maf	25	25	0	2	0	0.08	0.056569	0	0.08	0.056569	chr3:14109381-14109406	0.08	0.141389	0.179863	0.228783	TRUE	2	2	22	2 2	22 0	chr3	14109351	14109529	179	*	2	1	0.011173	0.005587
92813	chr3	15202879	15202929	/home/rstudio/disco_tmp/data/scoring/acc_maf_ingroup/50/chr3/chr3_50_acc_15202879_15202929.maf	50	65	15	1	0	0.123077	0.087029	0	0.123077	0.087029	chr3:15202879-15202929	0.015385	0.222064	0.025921	0.223571	TRUE	6	9	37	1 2 2 3 1 1	0 4 18 0 15 15	chr3	15201561	15203110	1550	*	4	2	0.002581	0.00129
92813	chr3	15202379	15202429	/home/rstudio/disco_tmp/data/scoring/acc_maf_ingroup/50/chr3/chr3_50_acc_15202379_15202429.maf	50	50	0	1	0	0.02	0.014142	0	0.02	0.014142	chr3:15202379-15202429	0.02	0.02902	0.036917	0.046958	TRUE	6	9	37	1 2 2 3 1 1	0 4 18 0 15 15	chr3	15201561	15203110	1550	*	4	2	0.002581	0.00129
92813	chr3	15202879	15202904	/home/rstudio/disco_tmp/data/scoring/acc_maf_ingroup/25/chr3/chr3_25_acc_15202879_15202904.maf	25	40	15	1	0	0.15	0.106066	0	0.15	0.106066	chr3:15202879-15202904	0.025	0.272485	0.048829	0.276826	TRUE	6	9	37	1 2 2 3 1 1	0 4 18 0 15 15	chr3	15201561	15203110	1550	*	4	2	0.002581	0.00129
92813	chr3	15202529	15202579	/home/rstudio/disco_tmp/data/scoring/acc_maf_ingroup/50/chr3/chr3_50_acc_15202529_15202579.maf	50	54	4	2	0	0.055556	0.039284	0	0.055556	0.039284	chr3:15202529-15202579	0.037037	0.095609	0.077507	0.123079	TRUE	6	9	37	1 2 2 3 1 1	0 4 18 0 15 15	chr3	15201561	15203110	1550	*	4	2	0.002581	0.00129
92813	chr3	15202779	15202829	/home/rstudio/disco_tmp/data/scoring/acc_maf_ingroup/50/chr3/chr3_50_acc_15202779_15202829.maf	50	50	0	3	0.04	0.06	0.014142	0.04	0.06	0.014142	chr3:15202779-15202829	0.06	0.02902	0.132215	0.135362	TRUE	6	9	37	1 2 2 3 1 1	0 4 18 0 15 15	chr3	15201561	15203110	1550	*	4	2	0.002581	0.00129
92813	chr3	15202729	15202779	/home/rstudio/disco_tmp/data/scoring/acc_maf_ingroup/50/chr3/chr3_50_acc_15202729_15202779.maf	50	68	18	2	0	0.117647	0.083189	0	0.117647	0.083189	chr3:15202729-15202779	0.029412	0.211895	0.05934	0.220047	TRUE	6	9	37	1 2 2 3 1 1	0 4 18 0 15 15	chr3	15201561	15203110	1550	*	4	2	0.002581	0.00129
92856	chr3	15442462	15442487	/home/rstudio/disco_tmp/data/scoring/acc_maf_ingroup/25/chr3/chr3_25_acc_15442462_15442487.maf	25	25	0	2	0	0.08	0.056569	0	0.08	0.056569	chr3:15442462-15442487	0.08	0.141389	0.179863	0.228783	TRUE	1	2	0	2	0	chr3	15442413	15442515	103	*	2	1	0.019417	0.009709
92951	chr3	16047874	16047924	/home/rstudio/disco_tmp/data/scoring/acc_maf_ingroup/50/chr3/chr3_50_acc_16047874_16047924.maf	50	50	0	2	0.04	0.08	0.028284	0.04	0.08	0.028284	chr3:16047874-16047924	0.04	0.066476	0.084566	0.107566	TRUE	1	2	0	2	0	chr3	16047701	16048263	563	*	2	1	0.003552	0.001776
93016	chr3	16480426	16480451	/home/rstudio/disco_tmp/data/scoring/acc_maf_ingroup/25/chr3/chr3_25_acc_16480426_16480451.maf	25	25	0	5	0	0.2	0.141421	0	0.2	0.141421	chr3:16480426-16480451	0.2	0.366126	0.465756	0.592433	TRUE	2	6	10	6 5	10 0	chr3	16480366	16480582	217	*	5	1	0.023041	0.004608
93016	chr3	16480401	16480451	/home/rstudio/disco_tmp/data/scoring/acc_maf_ingroup/50/chr3/chr3_50_acc_16480401_16480451.maf	50	60	10	6	0	0.116667	0.082496	0	0.116667	0.082496	chr3:16480401-16480451	0.1	0.210058	0.227512	0.309655	TRUE	2	6	10	6 5	10 0	chr3	16480366	16480582	217	*	5	1	0.023041	0.004608
93203	chr3	17228514	17228564	/home/rstudio/disco_tmp/data/scoring/acc_maf_ingroup/50/chr3/chr3_50_acc_17228514_17228564.maf	50	50	0	3	0.02	0.1	0.056569	0.02	0.1	0.056569	chr3:17228514-17228564	0.06	0.141389	0.132215	0.193576	TRUE	1	3	0	3	0	chr3	17228352	17228717	366	*	3	1	0.008197	0.002732
93206	chr3	17241704	17241754	/home/rstudio/disco_tmp/data/scoring/acc_maf_ingroup/50/chr3/chr3_50_acc_17241704_17241754.maf	50	89	39	4	0.033708	0.089888	0.039725	0.033708	0.089888	0.039725	chr3:17241704-17241754	0.044944	0.096778	0.096344	0.136558	TRUE	2	5	39	4 1	39 0	chr3	17241576	17241927	352	*	1	1	0.002841	0.002841
93206	chr3	17241875	17241900	/home/rstudio/disco_tmp/data/scoring/acc_maf_ingroup/25/chr3/chr3_25_acc_17241875_17241900.maf	25	25	0	1	0	0.04	0.028284	0	0.04	0.028284	chr3:17241875-17241900	0.04	0.066476	0.084566	0.107566	TRUE	2	5	39	4 1	39 0	chr3	17241576	17241927	352	*	1	1	0.002841	0.002841
93378	chr3	18122386	18122436	/home/rstudio/disco_tmp/data/scoring/acc_maf_ingroup/50/chr3/chr3_50_acc_18122386_18122436.maf	50	50	0	1	0	0.1	0.070711	0	0.1	0.070711	chr3:18122386-18122436	0.02	0.178845	0.036917	0.182615	TRUE	2	2	0	1 1	0 0	chr3	18122337	18122470	134	*	2	2	0.014925	0.014925
93378	chr3	18122436	18122461	/home/rstudio/disco_tmp/data/scoring/acc_maf_ingroup/25/chr3/chr3_25_acc_18122436_18122461.maf	25	25	0	1	0	0.08	0.056569	0	0.08	0.056569	chr3:18122436-18122461	0.04	0.141389	0.084566	0.164749	TRUE	2	2	0	1 1	0 0	chr3	18122337	18122470	134	*	2	2	0.014925	0.014925
93417	chr3	18444388	18444413	/home/rstudio/disco_tmp/data/scoring/acc_maf_ingroup/25/chr3/chr3_25_acc_18444388_18444413.maf	25	25	0	1	0	0.04	0.028284	0	0.04	0.028284	chr3:18444388-18444413	0.04	0.066476	0.084566	0.107566	TRUE	1	1	0	1	0	chr3	18444315	18444775	461	*	1	1	0.002169	0.002169
94010	chr3	20419665	20419715	/home/rstudio/disco_tmp/data/scoring/acc_maf_ingroup/50/chr3/chr3_50_acc_20419665_20419715.maf	50	50	0	1	0.02	0.04	0.014142	0.02	0.04	0.014142	chr3:20419665-20419715	0.02	0.02902	0.036917	0.046958	TRUE	1	1	0	1	0	chr3	20419666	20419964	299	*	1	1	0.003344	0.003344
94300	chr3	21408097	21408147	/home/rstudio/disco_tmp/data/scoring/acc_maf_ingroup/50/chr3/chr3_50_acc_21408097_21408147.maf	50	50	0	1	0.02	0.06	0.028284	0.02	0.06	0.028284	chr3:21408097-21408147	0.02	0.066476	0.036917	0.076039	TRUE	2	3	0	2 1	0 0	chr3	21407998	21408239	242	*	3	2	0.012397	0.008264
94300	chr3	21407997	21408047	/home/rstudio/disco_tmp/data/scoring/acc_maf_ingroup/50/chr3/chr3_50_acc_21407997_21408047.maf	50	50	0	2	0	0.06	0.042426	0	0.06	0.042426	chr3:21407997-21408047	0.04	0.103933	0.084566	0.13399	TRUE	2	3	0	2 1	0 0	chr3	21407998	21408239	242	*	3	2	0.012397	0.008264
94304	chr3	21413554	21413604	/home/rstudio/disco_tmp/data/scoring/acc_maf_ingroup/50/chr3/chr3_50_acc_21413554_21413604.maf	50	50	0	1	0	0.02	0.014142	0	0.02	0.014142	chr3:21413554-21413604	0.02	0.02902	0.036917	0.046958	TRUE	1	1	0	1	0	chr3	21413505	21413646	142	*	1	1	0.007042	0.007042
94312	chr3	21421259	21421309	/home/rstudio/disco_tmp/data/scoring/acc_maf_ingroup/50/chr3/chr3_50_acc_21421259_21421309.maf	50	51	1	3	0	0.078431	0.055459	0	0.078431	0.055459	chr3:21421259-21421309	0.058824	0.138451	0.129412	0.189515	TRUE	3	8	43	5 2 3	42 0 1	chr3	21420019	21422268	2250	*	2	1	0.000889	0.000444
94312	chr3	21420908	21420958	/home/rstudio/disco_tmp/data/scoring/acc_maf_ingroup/50/chr3/chr3_50_acc_21420908_21420958.maf	50	92	42	5	0.021739	0.054348	0.023058	0.021739	0.054348	0.023058	chr3:21420908-21420958	0.054348	0.052634	0.118749	0.129891	TRUE	3	8	43	5 2 3	42 0 1	chr3	21420019	21422268	2250	*	2	1	0.000889	0.000444
94312	chr3	21421259	21421284	/home/rstudio/disco_tmp/data/scoring/acc_maf_ingroup/25/chr3/chr3_25_acc_21421259_21421284.maf	25	25	0	2	0	0.08	0.056569	0	0.08	0.056569	chr3:21421259-21421284	0.08	0.141389	0.179863	0.228783	TRUE	3	8	43	5 2 3	42 0 1	chr3	21420019	21422268	2250	*	2	1	0.000889	0.000444
95	chr1	1494001	1494026	/home/rstudio/disco_tmp/data/scoring/acc_maf_ingroup/25/chr1/chr1_25_acc_1494001_1494026.maf	25	25	0	1	0	0.04	0.028284	0	0.04	0.028284	chr1:1494001-1494026	0.04	0.066476	0.084566	0.107566	TRUE	1	1	0	1	0	chr1	1493669	1494071	403	*	1	1	0.002481	0.002481
95046	chr3	25557234	25557284	/home/rstudio/disco_tmp/data/scoring/acc_maf_ingroup/50/chr3/chr3_50_acc_25557234_25557284.maf	50	50	0	1	0.02	0.04	0.014142	0.02	0.04	0.014142	chr3:25557234-25557284	0.02	0.02902	0.036917	0.046958	TRUE	2	3	6	2 1	6 0	chr3	25556416	25557298	883	*	1	1	0.001133	0.001133
95046	chr3	25557134	25557159	/home/rstudio/disco_tmp/data/scoring/acc_maf_ingroup/25/chr3/chr3_25_acc_25557134_25557159.maf	25	31	6	2	0.032258	0.064516	0.02281	0.032258	0.064516	0.02281	chr3:25557134-25557159	0.064516	0.051977	0.142974	0.152129	TRUE	2	3	6	2 1	6 0	chr3	25556416	25557298	883	*	1	1	0.001133	0.001133
95065	chr3	25608093	25608118	/home/rstudio/disco_tmp/data/scoring/acc_maf_ingroup/25/chr3/chr3_25_acc_25608093_25608118.maf	25	25	0	1	0	0.08	0.056569	0	0.08	0.056569	chr3:25608093-25608118	0.04	0.141389	0.084566	0.164749	TRUE	1	1	0	1	0	chr3	25607944	25608376	433	*	1	1	0.002309	0.002309
95160	chr3	25944074	25944124	/home/rstudio/disco_tmp/data/scoring/acc_maf_ingroup/50/chr3/chr3_50_acc_25944074_25944124.maf	50	50	0	3	0	0.1	0.070711	0	0.1	0.070711	chr3:25944074-25944124	0.06	0.178845	0.132215	0.22241	TRUE	1	3	0	3	0	chr3	25943675	25944163	489	*	3	1	0.006135	0.002045
95308	chr3	26852887	26852937	/home/rstudio/disco_tmp/data/scoring/acc_maf_ingroup/50/chr3/chr3_50_acc_26852887_26852937.maf	50	50	0	3	0.02	0.06	0.028284	0.02	0.06	0.028284	chr3:26852887-26852937	0.06	0.066476	0.132215	0.147986	TRUE	1	3	0	3	0	chr3	26852838	26853010	173	*	3	1	0.017341	0.00578
95317	chr3	26875263	26875313	/home/rstudio/disco_tmp/data/scoring/acc_maf_ingroup/50/chr3/chr3_50_acc_26875263_26875313.maf	50	50	0	3	0.04	0.1	0.042426	0.04	0.1	0.042426	chr3:26875263-26875313	0.06	0.103933	0.132215	0.168175	TRUE	1	3	0	3	0	chr3	26875214	26875324	111	*	3	1	0.027027	0.009009
95318	chr3	26953271	26953321	/home/rstudio/disco_tmp/data/scoring/acc_maf_ingroup/50/chr3/chr3_50_acc_26953271_26953321.maf	50	50	0	1	0.02	0.04	0.014142	0.02	0.04	0.014142	chr3:26953271-26953321	0.02	0.02902	0.036917	0.046958	TRUE	1	1	0	1	0	chr3	26953263	26953380	118	*	1	1	0.008475	0.008475
95363	chr3	27330594	27330644	/home/rstudio/disco_tmp/data/scoring/acc_maf_ingroup/50/chr3/chr3_50_acc_27330594_27330644.maf	50	50	0	2	0.08	0.16	0.056569	0.08	0.16	0.056569	chr3:27330594-27330644	0.04	0.141389	0.084566	0.164749	TRUE	1	2	0	2	0	chr3	27330545	27330686	142	*	2	1	0.014085	0.007042
95405	chr3	27667401	27667451	/home/rstudio/disco_tmp/data/scoring/acc_maf_ingroup/50/chr3/chr3_50_acc_27667401_27667451.maf	50	50	0	3	0.06	0.12	0.042426	0.06	0.12	0.042426	chr3:27667401-27667451	0.06	0.103933	0.132215	0.168175	TRUE	1	3	0	3	0	chr3	27667399	27667509	111	*	3	1	0.027027	0.009009
95608	chr3	29440635	29440685	/home/rstudio/disco_tmp/data/scoring/acc_maf_ingroup/50/chr3/chr3_50_acc_29440635_29440685.maf	50	50	0	1	0	0.1	0.070711	0	0.1	0.070711	chr3:29440635-29440685	0.02	0.178845	0.036917	0.182615	TRUE	1	1	0	1	0	chr3	29440636	29440752	117	*	1	1	0.008547	0.008547
95919	chr3	30779630	30779655	/home/rstudio/disco_tmp/data/scoring/acc_maf_ingroup/25/chr3/chr3_25_acc_30779630_30779655.maf	25	25	0	1	0	0.04	0.028284	0	0.04	0.028284	chr3:30779630-30779655	0.04	0.066476	0.084566	0.107566	TRUE	1	1	0	1	0	chr3	30779535	30779740	206	*	1	1	0.004854	0.004854
95920	chr3	30784583	30784608	/home/rstudio/disco_tmp/data/scoring/acc_maf_ingroup/25/chr3/chr3_25_acc_30784583_30784608.maf	25	25	0	1	0.04	0.24	0.141421	0.04	0.24	0.141421	chr3:30784583-30784608	0.04	0.366126	0.084566	0.375765	TRUE	1	1	0	1	0	chr3	30784559	30784764	206	*	1	1	0.004854	0.004854
95938	chr3	30906030	30906080	/home/rstudio/disco_tmp/data/scoring/acc_maf_ingroup/50/chr3/chr3_50_acc_30906030_30906080.maf	50	50	0	3	0.04	0.1	0.042426	0.04	0.1	0.042426	chr3:30906030-30906080	0.06	0.103933	0.132215	0.168175	TRUE	1	3	0	3	0	chr3	30905990	30906104	115	*	3	1	0.026087	0.008696
9595	chr1	66162367	66162417	/home/rstudio/disco_tmp/data/scoring/acc_maf_ingroup/50/chr1/chr1_50_acc_66162367_66162417.maf	50	50	0	3	0.02	0.08	0.042426	0.02	0.08	0.042426	chr1:66162367-66162417	0.06	0.103933	0.132215	0.168175	TRUE	1	3	0	3	0	chr1	66162368	66162485	118	*	3	1	0.025424	0.008475
9596	chr1	66163414	66163464	/home/rstudio/disco_tmp/data/scoring/acc_maf_ingroup/50/chr1/chr1_50_acc_66163414_66163464.maf	50	50	0	4	0.06	0.08	0.014142	0.06	0.08	0.014142	chr1:66163414-66163464	0.08	0.02902	0.179863	0.18219	TRUE	1	4	0	4	0	chr1	66163333	66163513	181	*	4	1	0.022099	0.005525
95977	chr3	31012702	31012727	/home/rstudio/disco_tmp/data/scoring/acc_maf_ingroup/25/chr3/chr3_25_acc_31012702_31012727.maf	25	25	0	1	0	0.04	0.028284	0	0.04	0.028284	chr3:31012702-31012727	0.04	0.066476	0.084566	0.107566	TRUE	1	1	0	1	0	chr3	31012653	31012773	121	*	1	1	0.008264	0.008264
96	chr1	1498687	1498737	/home/rstudio/disco_tmp/data/scoring/acc_maf_ingroup/50/chr1/chr1_50_acc_1498687_1498737.maf	50	50	0	2	0	0.06	0.042426	0	0.06	0.042426	chr1:1498687-1498737	0.04	0.103933	0.084566	0.13399	TRUE	3	2	0	1 2 1	0 0 0	chr1	1498688	1498827	140	*	4	3	0.028571	0.021429
96	chr1	1498687	1498712	/home/rstudio/disco_tmp/data/scoring/acc_maf_ingroup/25/chr1/chr1_25_acc_1498687_1498712.maf	25	25	0	1	0	0.04	0.028284	0	0.04	0.028284	chr1:1498687-1498712	0.04	0.066476	0.084566	0.107566	TRUE	3	2	0	1 2 1	0 0 0	chr1	1498688	1498827	140	*	4	3	0.028571	0.021429
96	chr1	1498712	1498737	/home/rstudio/disco_tmp/data/scoring/acc_maf_ingroup/25/chr1/chr1_25_acc_1498712_1498737.maf	25	25	0	1	0	0.08	0.056569	0	0.08	0.056569	chr1:1498712-1498737	0.04	0.141389	0.084566	0.164749	TRUE	3	2	0	1 2 1	0 0 0	chr1	1498688	1498827	140	*	4	3	0.028571	0.021429
96005	chr3	31044820	31044845	/home/rstudio/disco_tmp/data/scoring/acc_maf_ingroup/25/chr3/chr3_25_acc_31044820_31044845.maf	25	25	0	2	0.08	0.12	0.028284	0.08	0.12	0.028284	chr3:31044820-31044845	0.08	0.066476	0.179863	0.191755	TRUE	1	2	0	2	0	chr3	31044721	31044886	166	*	2	1	0.012048	0.006024
96117	chr3	31318425	31318450	/home/rstudio/disco_tmp/data/scoring/acc_maf_ingroup/25/chr3/chr3_25_acc_31318425_31318450.maf	25	25	0	1	0.04	0.08	0.028284	0.04	0.08	0.028284	chr3:31318425-31318450	0.04	0.066476	0.084566	0.107566	TRUE	1	1	0	1	0	chr3	31318376	31318508	133	*	1	1	0.007519	0.007519
96320	chr3	32286980	32287030	/home/rstudio/disco_tmp/data/scoring/acc_maf_ingroup/50/chr3/chr3_50_acc_32286980_32287030.maf	50	50	0	2	0.02	0.14	0.084853	0.02	0.14	0.084853	chr3:32286980-32287030	0.04	0.216301	0.084566	0.232245	TRUE	1	2	0	2	0	chr3	32286908	32287082	175	*	2	1	0.011429	0.005714
96341	chr3	32395012	32395037	/home/rstudio/disco_tmp/data/scoring/acc_maf_ingroup/25/chr3/chr3_25_acc_32395012_32395037.maf	25	25	0	1	0	0.04	0.028284	0	0.04	0.028284	chr3:32395012-32395037	0.04	0.066476	0.084566	0.107566	TRUE	2	2	0	1 2	0 0	chr3	32394963	32395173	211	*	3	2	0.014218	0.009479
96341	chr3	32395012	32395062	/home/rstudio/disco_tmp/data/scoring/acc_maf_ingroup/50/chr3/chr3_50_acc_32395012_32395062.maf	50	50	0	2	0	0.04	0.028284	0	0.04	0.028284	chr3:32395012-32395062	0.04	0.066476	0.084566	0.107566	TRUE	2	2	0	1 2	0 0	chr3	32394963	32395173	211	*	3	2	0.014218	0.009479
96455	chr3	33709904	33709929	/home/rstudio/disco_tmp/data/scoring/acc_maf_ingroup/25/chr3/chr3_25_acc_33709904_33709929.maf	25	25	0	1	0.04	0.12	0.056569	0.04	0.12	0.056569	chr3:33709904-33709929	0.04	0.141389	0.084566	0.164749	TRUE	1	1	0	1	0	chr3	33709456	33710022	567	*	1	1	0.001764	0.001764
96465	chr3	33753329	33753354	/home/rstudio/disco_tmp/data/scoring/acc_maf_ingroup/25/chr3/chr3_25_acc_33753329_33753354.maf	25	25	0	2	0	0.12	0.084853	0	0.12	0.084853	chr3:33753329-33753354	0.08	0.216301	0.179863	0.281313	TRUE	1	2	0	2	0	chr3	33753305	33753409	105	*	2	1	0.019048	0.009524
96468	chr3	33786093	33786143	/home/rstudio/disco_tmp/data/scoring/acc_maf_ingroup/50/chr3/chr3_50_acc_33786093_33786143.maf	50	50	0	1	0.04	0.06	0.014142	0.04	0.06	0.014142	chr3:33786093-33786143	0.02	0.02902	0.036917	0.046958	TRUE	2	3	0	2 1	0 0	chr3	33786039	33786161	123	*	3	2	0.02439	0.01626
96468	chr3	33786043	33786093	/home/rstudio/disco_tmp/data/scoring/acc_maf_ingroup/50/chr3/chr3_50_acc_33786043_33786093.maf	50	50	0	2	0.02	0.06	0.028284	0.02	0.06	0.028284	chr3:33786043-33786093	0.04	0.066476	0.084566	0.107566	TRUE	2	3	0	2 1	0 0	chr3	33786039	33786161	123	*	3	2	0.02439	0.01626
96470	chr3	33788055	33788105	/home/rstudio/disco_tmp/data/scoring/acc_maf_ingroup/50/chr3/chr3_50_acc_33788055_33788105.maf	50	62	12	1	0.032258	0.080645	0.034215	0.032258	0.080645	0.034215	chr3:33788055-33788105	0.016129	0.082184	0.027695	0.086725	TRUE	3	3	12	1 1 1	12 0 0	chr3	33788051	33788219	169	*	2	2	0.011834	0.011834
96470	chr3	33788105	33788155	/home/rstudio/disco_tmp/data/scoring/acc_maf_ingroup/50/chr3/chr3_50_acc_33788105_33788155.maf	50	50	0	1	0.02	0.04	0.014142	0.02	0.04	0.014142	chr3:33788105-33788155	0.02	0.02902	0.036917	0.046958	TRUE	3	3	12	1 1 1	12 0 0	chr3	33788051	33788219	169	*	2	2	0.011834	0.011834
96470	chr3	33788180	33788205	/home/rstudio/disco_tmp/data/scoring/acc_maf_ingroup/25/chr3/chr3_25_acc_33788180_33788205.maf	25	25	0	1	0.04	0.08	0.028284	0.04	0.08	0.028284	chr3:33788180-33788205	0.04	0.066476	0.084566	0.107566	TRUE	3	3	12	1 1 1	12 0 0	chr3	33788051	33788219	169	*	2	2	0.011834	0.011834
96471	chr3	33796208	33796258	/home/rstudio/disco_tmp/data/scoring/acc_maf_ingroup/50/chr3/chr3_50_acc_33796208_33796258.maf	50	50	0	1	0	0.02	0.014142	0	0.02	0.014142	chr3:33796208-33796258	0.02	0.02902	0.036917	0.046958	TRUE	1	1	0	1	0	chr3	33796136	33796277	142	*	1	1	0.007042	0.007042
96730	chr3	35637370	35637395	/home/rstudio/disco_tmp/data/scoring/acc_maf_ingroup/25/chr3/chr3_25_acc_35637370_35637395.maf	25	25	0	1	0	0.04	0.028284	0	0.04	0.028284	chr3:35637370-35637395	0.04	0.066476	0.084566	0.107566	TRUE	1	1	0	1	0	chr3	35637346	35637538	193	*	1	1	0.005181	0.005181
96769	chr3	36191665	36191715	/home/rstudio/disco_tmp/data/scoring/acc_maf_ingroup/50/chr3/chr3_50_acc_36191665_36191715.maf	50	50	0	5	0.06	0.18	0.084853	0.06	0.18	0.084853	chr3:36191665-36191715	0.1	0.216301	0.227512	0.313924	TRUE	1	5	0	5	0	chr3	36191616	36191747	132	*	5	1	0.037879	0.007576
96770	chr3	36199530	36199555	/home/rstudio/disco_tmp/data/scoring/acc_maf_ingroup/25/chr3/chr3_25_acc_36199530_36199555.maf	25	25	0	1	0	0.16	0.113137	0	0.16	0.113137	chr3:36199530-36199555	0.04	0.291214	0.084566	0.303244	TRUE	1	1	0	1	0	chr3	36199531	36199721	191	*	1	1	0.005236	0.005236
96929	chr3	37719004	37719029	/home/rstudio/disco_tmp/data/scoring/acc_maf_ingroup/25/chr3/chr3_25_acc_37719004_37719029.maf	25	25	0	1	0	0.08	0.056569	0	0.08	0.056569	chr3:37719004-37719029	0.04	0.141389	0.084566	0.164749	TRUE	1	1	0	1	0	chr3	37718905	37719078	174	*	1	1	0.005747	0.005747
96930	chr3	37720120	37720145	/home/rstudio/disco_tmp/data/scoring/acc_maf_ingroup/25/chr3/chr3_25_acc_37720120_37720145.maf	25	25	0	2	0	0.12	0.084853	0	0.12	0.084853	chr3:37720120-37720145	0.08	0.216301	0.179863	0.281313	TRUE	1	2	0	2	0	chr3	37719996	37720181	186	*	2	1	0.010753	0.005376
96933	chr3	37722008	37722058	/home/rstudio/disco_tmp/data/scoring/acc_maf_ingroup/50/chr3/chr3_50_acc_37722008_37722058.maf	50	50	0	2	0	0.06	0.042426	0	0.06	0.042426	chr3:37722008-37722058	0.04	0.103933	0.084566	0.13399	TRUE	1	2	0	2	0	chr3	37721959	37722108	150	*	2	1	0.013333	0.006667
96935	chr3	37727843	37727868	/home/rstudio/disco_tmp/data/scoring/acc_maf_ingroup/25/chr3/chr3_25_acc_37727843_37727868.maf	25	27	2	1	0	0.037037	0.026189	0	0.037037	0.026189	chr3:37727843-37727868	0.037037	0.060927	0.077507	0.098587	TRUE	3	3	2	1 1 2	2 0 0	chr3	37727712	37728013	302	*	3	2	0.009934	0.006623
96935	chr3	37727868	37727893	/home/rstudio/disco_tmp/data/scoring/acc_maf_ingroup/25/chr3/chr3_25_acc_37727868_37727893.maf	25	25	0	1	0	0.08	0.056569	0	0.08	0.056569	chr3:37727868-37727893	0.04	0.141389	0.084566	0.164749	TRUE	3	3	2	1 1 2	2 0 0	chr3	37727712	37728013	302	*	3	2	0.009934	0.006623
96935	chr3	37727868	37727918	/home/rstudio/disco_tmp/data/scoring/acc_maf_ingroup/50/chr3/chr3_50_acc_37727868_37727918.maf	50	50	0	2	0.02	0.12	0.070711	0.02	0.12	0.070711	chr3:37727868-37727918	0.04	0.178845	0.084566	0.19783	TRUE	3	3	2	1 1 2	2 0 0	chr3	37727712	37728013	302	*	3	2	0.009934	0.006623
96938	chr3	37732263	37732288	/home/rstudio/disco_tmp/data/scoring/acc_maf_ingroup/25/chr3/chr3_25_acc_37732263_37732288.maf	25	25	0	2	0	0.08	0.056569	0	0.08	0.056569	chr3:37732263-37732288	0.08	0.141389	0.179863	0.228783	TRUE	1	2	0	2	0	chr3	37732214	37732331	118	*	2	1	0.016949	0.008475
96941	chr3	37743706	37743756	/home/rstudio/disco_tmp/data/scoring/acc_maf_ingroup/50/chr3/chr3_50_acc_37743706_37743756.maf	50	50	0	3	0.02	0.12	0.070711	0.02	0.12	0.070711	chr3:37743706-37743756	0.06	0.178845	0.132215	0.22241	TRUE	1	3	0	3	0	chr3	37743704	37743805	102	*	3	1	0.029412	0.009804
96980	chr3	37841795	37841820	/home/rstudio/disco_tmp/data/scoring/acc_maf_ingroup/25/chr3/chr3_25_acc_37841795_37841820.maf	25	25	0	3	0	0.16	0.113137	0	0.16	0.113137	chr3:37841795-37841820	0.12	0.291214	0.275161	0.400648	TRUE	1	3	0	3	0	chr3	37841546	37841933	388	*	3	1	0.007732	0.002577
96993	chr3	37918488	37918538	/home/rstudio/disco_tmp/data/scoring/acc_maf_ingroup/50/chr3/chr3_50_acc_37918488_37918538.maf	50	50	0	1	0	0.06	0.042426	0	0.06	0.042426	chr3:37918488-37918538	0.02	0.103933	0.036917	0.110294	TRUE	1	1	0	1	0	chr3	37918289	37918876	588	*	1	1	0.001701	0.001701
97619	chr3	41459342	41459367	/home/rstudio/disco_tmp/data/scoring/acc_maf_ingroup/25/chr3/chr3_25_acc_41459342_41459367.maf	25	25	0	1	0	0.08	0.056569	0	0.08	0.056569	chr3:41459342-41459367	0.04	0.141389	0.084566	0.164749	TRUE	1	1	0	1	0	chr3	41459187	41459431	245	*	1	1	0.004082	0.004082
9765	chr1	67199974	67199999	/home/rstudio/disco_tmp/data/scoring/acc_maf_ingroup/25/chr1/chr1_25_acc_67199974_67199999.maf	25	25	0	2	0	0.08	0.056569	0	0.08	0.056569	chr1:67199974-67199999	0.08	0.141389	0.179863	0.228783	TRUE	1	2	0	2	0	chr1	67199925	67200095	171	*	2	1	0.011696	0.005848
97920	chr3	44210431	44210456	/home/rstudio/disco_tmp/data/scoring/acc_maf_ingroup/25/chr3/chr3_25_acc_44210431_44210456.maf	25	34	9	1	0	0.029412	0.020797	0	0.029412	0.020797	chr3:44210431-44210456	0.029412	0.046647	0.05934	0.075479	TRUE	4	3	43	1 1 1 1	0 19 9 24	chr3	44209224	44210588	1365	*	1	1	0.000733	0.000733
97920	chr3	44210456	44210506	/home/rstudio/disco_tmp/data/scoring/acc_maf_ingroup/50/chr3/chr3_50_acc_44210456_44210506.maf	50	74	24	1	0	0.013514	0.009555	0	0.013514	0.009555	chr3:44210456-44210506	0.013514	0.016872	0.021463	0.027301	TRUE	4	3	43	1 1 1 1	0 19 9 24	chr3	44209224	44210588	1365	*	1	1	0.000733	0.000733
97920	chr3	44210369	44210394	/home/rstudio/disco_tmp/data/scoring/acc_maf_ingroup/25/chr3/chr3_25_acc_44210369_44210394.maf	25	25	0	1	0	0.08	0.056569	0	0.08	0.056569	chr3:44210369-44210394	0.04	0.141389	0.084566	0.164749	TRUE	4	3	43	1 1 1 1	0 19 9 24	chr3	44209224	44210588	1365	*	1	1	0.000733	0.000733
97920	chr3	44210406	44210456	/home/rstudio/disco_tmp/data/scoring/acc_maf_ingroup/50/chr3/chr3_50_acc_44210406_44210456.maf	50	69	19	1	0	0.014493	0.010248	0	0.014493	0.010248	chr3:44210406-44210456	0.014493	0.018706	0.023796	0.030269	TRUE	4	3	43	1 1 1 1	0 19 9 24	chr3	44209224	44210588	1365	*	1	1	0.000733	0.000733
981	chr1	8039370	8039420	/home/rstudio/disco_tmp/data/scoring/acc_maf_ingroup/50/chr1/chr1_50_acc_8039370_8039420.maf	50	50	0	3	0.02	0.12	0.070711	0.02	0.12	0.070711	chr1:8039370-8039420	0.06	0.178845	0.132215	0.22241	TRUE	2	3	0	3 1	0 0	chr1	8039271	8039440	170	*	4	2	0.023529	0.011765
981	chr1	8039395	8039420	/home/rstudio/disco_tmp/data/scoring/acc_maf_ingroup/25/chr1/chr1_25_acc_8039395_8039420.maf	25	25	0	1	0	0.16	0.113137	0	0.16	0.113137	chr1:8039395-8039420	0.04	0.291214	0.084566	0.303244	TRUE	2	3	0	3 1	0 0	chr1	8039271	8039440	170	*	4	2	0.023529	0.011765
98287	chr3	46987029	46987079	/home/rstudio/disco_tmp/data/scoring/acc_maf_ingroup/50/chr3/chr3_50_acc_46987029_46987079.maf	50	51	1	6	0.039216	0.156863	0.083189	0.039216	0.156863	0.083189	chr3:46987029-46987079	0.117647	0.211895	0.269555	0.342869	TRUE	2	6	1	5 6	0 1	chr3	46986930	46987215	286	*	5	1	0.017483	0.003497
98287	chr3	46987029	46987054	/home/rstudio/disco_tmp/data/scoring/acc_maf_ingroup/25/chr3/chr3_25_acc_46987029_46987054.maf	25	25	0	5	0	0.24	0.169706	0	0.24	0.169706	chr3:46987029-46987054	0.2	0.441038	0.465756	0.641439	TRUE	2	6	1	5 6	0 1	chr3	46986930	46987215	286	*	5	1	0.017483	0.003497
98469	chr3	48345950	48345975	/home/rstudio/disco_tmp/data/scoring/acc_maf_ingroup/25/chr3/chr3_25_acc_48345950_48345975.maf	25	25	0	1	0.04	0.08	0.028284	0.04	0.08	0.028284	chr3:48345950-48345975	0.04	0.066476	0.084566	0.107566	TRUE	1	1	0	1	0	chr3	48345926	48346027	102	*	1	1	0.009804	0.009804
98577	chr3	49234419	49234469	/home/rstudio/disco_tmp/data/scoring/acc_maf_ingroup/50/chr3/chr3_50_acc_49234419_49234469.maf	50	50	0	1	0	0.06	0.042426	0	0.06	0.042426	chr3:49234419-49234469	0.02	0.103933	0.036917	0.110294	TRUE	1	1	0	1	0	chr3	49234420	49234562	143	*	1	1	0.006993	0.006993
986	chr1	8044371	8044421	/home/rstudio/disco_tmp/data/scoring/acc_maf_ingroup/50/chr1/chr1_50_acc_8044371_8044421.maf	50	50	0	2	0.06	0.14	0.056569	0.06	0.14	0.056569	chr1:8044371-8044421	0.04	0.141389	0.084566	0.164749	TRUE	1	2	0	2	0	chr1	8044313	8044490	178	*	2	1	0.011236	0.005618
990	chr1	8051167	8051192	/home/rstudio/disco_tmp/data/scoring/acc_maf_ingroup/25/chr1/chr1_25_acc_8051167_8051192.maf	25	25	0	1	0.08	0.12	0.028284	0.08	0.12	0.028284	chr1:8051167-8051192	0.04	0.066476	0.084566	0.107566	TRUE	1	1	0	1	0	chr1	8051168	8051292	125	*	1	1	0.008	0.008
9906	chr1	68281042	68281067	/home/rstudio/disco_tmp/data/scoring/acc_maf_ingroup/25/chr1/chr1_25_acc_68281042_68281067.maf	25	25	0	1	0.04	0.08	0.028284	0.04	0.08	0.028284	chr1:68281042-68281067	0.04	0.066476	0.084566	0.107566	TRUE	1	1	0	1	0	chr1	68281018	68281137	120	*	1	1	0.008333	0.008333
9938	chr1	68420029	68420054	/home/rstudio/disco_tmp/data/scoring/acc_maf_ingroup/25/chr1/chr1_25_acc_68420029_68420054.maf	25	25	0	1	0	0.08	0.056569	0	0.08	0.056569	chr1:68420029-68420054	0.04	0.141389	0.084566	0.164749	TRUE	3	3	0	1 1 2	0 0 0	chr1	68419930	68420173	244	*	4	3	0.016393	0.012295
9938	chr1	68419979	68420029	/home/rstudio/disco_tmp/data/scoring/acc_maf_ingroup/50/chr1/chr1_50_acc_68419979_68420029.maf	50	50	0	1	0	0.06	0.042426	0	0.06	0.042426	chr1:68419979-68420029	0.02	0.103933	0.036917	0.110294	TRUE	3	3	0	1 1 2	0 0 0	chr1	68419930	68420173	244	*	4	3	0.016393	0.012295
9938	chr1	68420029	68420079	/home/rstudio/disco_tmp/data/scoring/acc_maf_ingroup/50/chr1/chr1_50_acc_68420029_68420079.maf	50	50	0	2	0.02	0.08	0.042426	0.02	0.08	0.042426	chr1:68420029-68420079	0.04	0.103933	0.084566	0.13399	TRUE	3	3	0	1 1 2	0 0 0	chr1	68419930	68420173	244	*	4	3	0.016393	0.012295
99393	chr3	54061019	54061069	/home/rstudio/disco_tmp/data/scoring/acc_maf_ingroup/50/chr3/chr3_50_acc_54061019_54061069.maf	50	51	1	2	0.058824	0.078431	0.013865	0.058824	0.078431	0.013865	chr3:54061019-54061069	0.039216	0.028286	0.082697	0.087401	TRUE	3	7	2	4 2 1	1 1 0	chr3	54060920	54061177	258	*	1	1	0.003876	0.003876
99393	chr3	54060969	54061019	/home/rstudio/disco_tmp/data/scoring/acc_maf_ingroup/50/chr3/chr3_50_acc_54060969_54061019.maf	50	51	1	4	0.019608	0.078431	0.041595	0.019608	0.078431	0.041595	chr3:54060969-54061019	0.078431	0.101729	0.176126	0.203394	TRUE	3	7	2	4 2 1	1 1 0	chr3	54060920	54061177	258	*	1	1	0.003876	0.003876
99393	chr3	54061069	54061094	/home/rstudio/disco_tmp/data/scoring/acc_maf_ingroup/25/chr3/chr3_25_acc_54061069_54061094.maf	25	25	0	1	0	0.04	0.028284	0	0.04	0.028284	chr3:54061069-54061094	0.04	0.066476	0.084566	0.107566	TRUE	3	7	2	4 2 1	1 1 0	chr3	54060920	54061177	258	*	1	1	0.003876	0.003876
99403	chr3	54104305	54104330	/home/rstudio/disco_tmp/data/scoring/acc_maf_ingroup/25/chr3/chr3_25_acc_54104305_54104330.maf	25	25	0	2	0	0.12	0.084853	0	0.12	0.084853	chr3:54104305-54104330	0.08	0.216301	0.179863	0.281313	TRUE	1	2	0	2	0	chr3	54104269	54104397	129	*	2	1	0.015504	0.007752
99417	chr3	54236321	54236346	/home/rstudio/disco_tmp/data/scoring/acc_maf_ingroup/25/chr3/chr3_25_acc_54236321_54236346.maf	25	25	0	1	0	0.04	0.028284	0	0.04	0.028284	chr3:54236321-54236346	0.04	0.066476	0.084566	0.107566	TRUE	2	1	0	1 1	0 0	chr3	54236181	54236394	214	*	2	2	0.009346	0.009346
99417	chr3	54236296	54236346	/home/rstudio/disco_tmp/data/scoring/acc_maf_ingroup/50/chr3/chr3_50_acc_54236296_54236346.maf	50	50	0	1	0.02	0.06	0.028284	0.02	0.06	0.028284	chr3:54236296-54236346	0.02	0.066476	0.036917	0.076039	TRUE	2	1	0	1 1	0 0	chr3	54236181	54236394	214	*	2	2	0.009346	0.009346
99599	chr3	55223463	55223488	/home/rstudio/disco_tmp/data/scoring/acc_maf_ingroup/25/chr3/chr3_25_acc_55223463_55223488.maf	25	25	0	4	0	0.2	0.141421	0	0.2	0.141421	chr3:55223463-55223488	0.16	0.366126	0.370459	0.520853	TRUE	1	4	0	4	0	chr3	55223439	55223563	125	*	4	1	0.032	0.008
9961	chr1	68544418	68544468	/home/rstudio/disco_tmp/data/scoring/acc_maf_ingroup/50/chr1/chr1_50_acc_68544418_68544468.maf	50	50	0	2	0.08	0.12	0.028284	0.08	0.12	0.028284	chr1:68544418-68544468	0.04	0.066476	0.084566	0.107566	TRUE	1	2	0	2	0	chr1	68544319	68544487	169	*	2	1	0.011834	0.005917
99675	chr3	55789393	55789443	/home/rstudio/disco_tmp/data/scoring/acc_maf_ingroup/50/chr3/chr3_50_acc_55789393_55789443.maf	50	50	0	1	0	0.14	0.098995	0	0.14	0.098995	chr3:55789393-55789443	0.02	0.253757	0.036917	0.256429	TRUE	1	1	0	1	0	chr3	55789394	55789534	141	*	1	1	0.007092	0.007092
99676	chr3	55789654	55789704	/home/rstudio/disco_tmp/data/scoring/acc_maf_ingroup/50/chr3/chr3_50_acc_55789654_55789704.maf	50	50	0	5	0.02	0.14	0.084853	0.02	0.14	0.084853	chr3:55789654-55789704	0.1	0.216301	0.227512	0.313924	TRUE	1	5	0	5	0	chr3	55789605	55789726	122	*	5	1	0.040984	0.008197
99686	chr3	55797845	55797870	/home/rstudio/disco_tmp/data/scoring/acc_maf_ingroup/25/chr3/chr3_25_acc_55797845_55797870.maf	25	25	0	1	0	0.08	0.056569	0	0.08	0.056569	chr3:55797845-55797870	0.04	0.141389	0.084566	0.164749	TRUE	5	6	0	3 1 2 1 1	0 0 0 0 0	chr3	55797746	55797990	245	*	8	5	0.032653	0.020408
99686	chr3	55797845	55797895	/home/rstudio/disco_tmp/data/scoring/acc_maf_ingroup/50/chr3/chr3_50_acc_55797845_55797895.maf	50	50	0	2	0	0.08	0.056569	0	0.08	0.056569	chr3:55797845-55797895	0.04	0.141389	0.084566	0.164749	TRUE	5	6	0	3 1 2 1 1	0 0 0 0 0	chr3	55797746	55797990	245	*	8	5	0.032653	0.020408
99686	chr3	55797920	55797945	/home/rstudio/disco_tmp/data/scoring/acc_maf_ingroup/25/chr3/chr3_25_acc_55797920_55797945.maf	25	25	0	1	0	0.08	0.056569	0	0.08	0.056569	chr3:55797920-55797945	0.04	0.141389	0.084566	0.164749	TRUE	5	6	0	3 1 2 1 1	0 0 0 0 0	chr3	55797746	55797990	245	*	8	5	0.032653	0.020408
99686	chr3	55797870	55797895	/home/rstudio/disco_tmp/data/scoring/acc_maf_ingroup/25/chr3/chr3_25_acc_55797870_55797895.maf	25	25	0	1	0	0.08	0.056569	0	0.08	0.056569	chr3:55797870-55797895	0.04	0.141389	0.084566	0.164749	TRUE	5	6	0	3 1 2 1 1	0 0 0 0 0	chr3	55797746	55797990	245	*	8	5	0.032653	0.020408
99686	chr3	55797795	55797845	/home/rstudio/disco_tmp/data/scoring/acc_maf_ingroup/50/chr3/chr3_50_acc_55797795_55797845.maf	50	50	0	3	0.02	0.08	0.042426	0.02	0.08	0.042426	chr3:55797795-55797845	0.06	0.103933	0.132215	0.168175	TRUE	5	6	0	3 1 2 1 1	0 0 0 0 0	chr3	55797746	55797990	245	*	8	5	0.032653	0.020408
99749	chr3	56340419	56340469	/home/rstudio/disco_tmp/data/scoring/acc_maf_ingroup/50/chr3/chr3_50_acc_56340419_56340469.maf	50	50	0	3	0.02	0.1	0.056569	0.02	0.1	0.056569	chr3:56340419-56340469	0.06	0.141389	0.132215	0.193576	TRUE	1	3	0	3	0	chr3	56340420	56340532	113	*	3	1	0.026549	0.00885
99750	chr3	56340653	56340703	/home/rstudio/disco_tmp/data/scoring/acc_maf_ingroup/50/chr3/chr3_50_acc_56340653_56340703.maf	50	50	0	1	0	0.06	0.042426	0	0.06	0.042426	chr3:56340653-56340703	0.02	0.103933	0.036917	0.110294	TRUE	1	1	0	1	0	chr3	56340604	56340715	112	*	1	1	0.008929	0.008929
99792	chr3	56486883	56486933	/home/rstudio/disco_tmp/data/scoring/acc_maf_ingroup/50/chr3/chr3_50_acc_56486883_56486933.maf	50	50	0	2	0.04	0.12	0.056569	0.04	0.12	0.056569	chr3:56486883-56486933	0.04	0.141389	0.084566	0.164749	TRUE	1	2	0	2	0	chr3	56486834	56486959	126	*	2	1	0.015873	0.007937
99793	chr3	56488950	56488975	/home/rstudio/disco_tmp/data/scoring/acc_maf_ingroup/25/chr3/chr3_25_acc_56488950_56488975.maf	25	25	0	1	0	0.08	0.056569	0	0.08	0.056569	chr3:56488950-56488975	0.04	0.141389	0.084566	0.164749	TRUE	2	2	0	1 2	0 0	chr3	56488951	56489186	236	*	3	2	0.012712	0.008475
99793	chr3	56488950	56489000	/home/rstudio/disco_tmp/data/scoring/acc_maf_ingroup/50/chr3/chr3_50_acc_56488950_56489000.maf	50	50	0	2	0	0.06	0.042426	0	0.06	0.042426	chr3:56488950-56489000	0.04	0.103933	0.084566	0.13399	TRUE	2	2	0	1 2	0 0	chr3	56488951	56489186	236	*	3	2	0.012712	0.008475
